Name,Overall,Value,Role,Starter_Ref,Position,Meta_BackupName,Meta_Club,Meta_Value,Meta_Discount,Meta_Gap,Meta_Similarity,Attribute,Rating,Path_ID
L. Messi,94,110500000.0,Starter,L. Messi,RF,D. Mertens,Napoli,45000000.0,59.0,-7,4.7,SprintSpeed,86.0,0
D. Mertens,87,45000000.0,Backup,L. Messi,RF,D. Mertens,Napoli,45000000.0,59.0,-7,4.7,SprintSpeed,85.0,0
L. Messi,94,110500000.0,Starter,L. Messi,RF,D. Mertens,Napoli,45000000.0,59.0,-7,4.7,Finishing,95.0,1
D. Mertens,87,45000000.0,Backup,L. Messi,RF,D. Mertens,Napoli,45000000.0,59.0,-7,4.7,Finishing,86.0,1
L. Messi,94,110500000.0,Starter,L. Messi,RF,D. Mertens,Napoli,45000000.0,59.0,-7,4.7,ShortPassing,90.0,2
D. Mertens,87,45000000.0,Backup,L. Messi,RF,D. Mertens,Napoli,45000000.0,59.0,-7,4.7,ShortPassing,82.0,2
L. Messi,94,110500000.0,Starter,L. Messi,RF,D. Mertens,Napoli,45000000.0,59.0,-7,4.7,Dribbling,97.0,3
D. Mertens,87,45000000.0,Backup,L. Messi,RF,D. Mertens,Napoli,45000000.0,59.0,-7,4.7,Dribbling,91.0,3
L. Messi,94,110500000.0,Starter,L. Messi,RF,D. Mertens,Napoli,45000000.0,59.0,-7,4.7,StandingTackle,28.0,4
D. Mertens,87,45000000.0,Backup,L. Messi,RF,D. Mertens,Napoli,45000000.0,59.0,-7,4.7,StandingTackle,40.0,4
L. Messi,94,110500000.0,Starter,L. Messi,RF,D. Mertens,Napoli,45000000.0,59.0,-7,4.7,Strength,59.0,5
D. Mertens,87,45000000.0,Backup,L. Messi,RF,D. Mertens,Napoli,45000000.0,59.0,-7,4.7,Strength,42.0,5
L. Messi,94,110500000.0,Starter,L. Messi,RF,D. Mertens,Napoli,45000000.0,59.0,-7,4.7,SprintSpeed,86.0,6
D. Mertens,87,45000000.0,Backup,L. Messi,RF,D. Mertens,Napoli,45000000.0,59.0,-7,4.7,SprintSpeed,85.0,6
Cristiano Ronaldo,94,77000000.0,Starter,Cristiano Ronaldo,ST,C. Immobile,Lazio,52000000.0,32.0,-7,-2.5,SprintSpeed,91.0,0
C. Immobile,87,52000000.0,Backup,Cristiano Ronaldo,ST,C. Immobile,Lazio,52000000.0,32.0,-7,-2.5,SprintSpeed,85.0,0
Cristiano Ronaldo,94,77000000.0,Starter,Cristiano Ronaldo,ST,C. Immobile,Lazio,52000000.0,32.0,-7,-2.5,Finishing,94.0,1
C. Immobile,87,52000000.0,Backup,Cristiano Ronaldo,ST,C. Immobile,Lazio,52000000.0,32.0,-7,-2.5,Finishing,90.0,1
Cristiano Ronaldo,94,77000000.0,Starter,Cristiano Ronaldo,ST,C. Immobile,Lazio,52000000.0,32.0,-7,-2.5,ShortPassing,81.0,2
C. Immobile,87,52000000.0,Backup,Cristiano Ronaldo,ST,C. Immobile,Lazio,52000000.0,32.0,-7,-2.5,ShortPassing,74.0,2
Cristiano Ronaldo,94,77000000.0,Starter,Cristiano Ronaldo,ST,C. Immobile,Lazio,52000000.0,32.0,-7,-2.5,Dribbling,88.0,3
C. Immobile,87,52000000.0,Backup,Cristiano Ronaldo,ST,C. Immobile,Lazio,52000000.0,32.0,-7,-2.5,Dribbling,83.0,3
Cristiano Ronaldo,94,77000000.0,Starter,Cristiano Ronaldo,ST,C. Immobile,Lazio,52000000.0,32.0,-7,-2.5,StandingTackle,31.0,4
C. Immobile,87,52000000.0,Backup,Cristiano Ronaldo,ST,C. Immobile,Lazio,52000000.0,32.0,-7,-2.5,StandingTackle,33.0,4
Cristiano Ronaldo,94,77000000.0,Starter,Cristiano Ronaldo,ST,C. Immobile,Lazio,52000000.0,32.0,-7,-2.5,Strength,79.0,5
C. Immobile,87,52000000.0,Backup,Cristiano Ronaldo,ST,C. Immobile,Lazio,52000000.0,32.0,-7,-2.5,Strength,76.0,5
Cristiano Ronaldo,94,77000000.0,Starter,Cristiano Ronaldo,ST,C. Immobile,Lazio,52000000.0,32.0,-7,-2.5,SprintSpeed,91.0,6
C. Immobile,87,52000000.0,Backup,Cristiano Ronaldo,ST,C. Immobile,Lazio,52000000.0,32.0,-7,-2.5,SprintSpeed,85.0,6
Neymar Jr,92,118500000.0,Starter,Neymar Jr,LW,L. Sané,Manchester City,61000000.0,49.0,-6,28.0,SprintSpeed,90.0,0
L. Sané,86,61000000.0,Backup,Neymar Jr,LW,L. Sané,Manchester City,61000000.0,49.0,-6,28.0,SprintSpeed,96.0,0
Neymar Jr,92,118500000.0,Starter,Neymar Jr,LW,L. Sané,Manchester City,61000000.0,49.0,-6,28.0,Finishing,87.0,1
L. Sané,86,61000000.0,Backup,Neymar Jr,LW,L. Sané,Manchester City,61000000.0,49.0,-6,28.0,Finishing,81.0,1
Neymar Jr,92,118500000.0,Starter,Neymar Jr,LW,L. Sané,Manchester City,61000000.0,49.0,-6,28.0,ShortPassing,84.0,2
L. Sané,86,61000000.0,Backup,Neymar Jr,LW,L. Sané,Manchester City,61000000.0,49.0,-6,28.0,ShortPassing,79.0,2
Neymar Jr,92,118500000.0,Starter,Neymar Jr,LW,L. Sané,Manchester City,61000000.0,49.0,-6,28.0,Dribbling,96.0,3
L. Sané,86,61000000.0,Backup,Neymar Jr,LW,L. Sané,Manchester City,61000000.0,49.0,-6,28.0,Dribbling,88.0,3
Neymar Jr,92,118500000.0,Starter,Neymar Jr,LW,L. Sané,Manchester City,61000000.0,49.0,-6,28.0,StandingTackle,24.0,4
L. Sané,86,61000000.0,Backup,Neymar Jr,LW,L. Sané,Manchester City,61000000.0,49.0,-6,28.0,StandingTackle,32.0,4
Neymar Jr,92,118500000.0,Starter,Neymar Jr,LW,L. Sané,Manchester City,61000000.0,49.0,-6,28.0,Strength,49.0,5
L. Sané,86,61000000.0,Backup,Neymar Jr,LW,L. Sané,Manchester City,61000000.0,49.0,-6,28.0,Strength,70.0,5
Neymar Jr,92,118500000.0,Starter,Neymar Jr,LW,L. Sané,Manchester City,61000000.0,49.0,-6,28.0,SprintSpeed,90.0,6
L. Sané,86,61000000.0,Backup,Neymar Jr,LW,L. Sané,Manchester City,61000000.0,49.0,-6,28.0,SprintSpeed,96.0,6
De Gea,91,72000000.0,Starter,De Gea,GK,J. Pickford,Everton,25000000.0,65.0,-8,56.6,SprintSpeed,58.0,0
J. Pickford,83,25000000.0,Backup,De Gea,GK,J. Pickford,Everton,25000000.0,65.0,-8,56.6,SprintSpeed,44.0,0
De Gea,91,72000000.0,Starter,De Gea,GK,J. Pickford,Everton,25000000.0,65.0,-8,56.6,Finishing,13.0,1
J. Pickford,83,25000000.0,Backup,De Gea,GK,J. Pickford,Everton,25000000.0,65.0,-8,56.6,Finishing,19.0,1
De Gea,91,72000000.0,Starter,De Gea,GK,J. Pickford,Everton,25000000.0,65.0,-8,56.6,ShortPassing,50.0,2
J. Pickford,83,25000000.0,Backup,De Gea,GK,J. Pickford,Everton,25000000.0,65.0,-8,56.6,ShortPassing,55.0,2
De Gea,91,72000000.0,Starter,De Gea,GK,J. Pickford,Everton,25000000.0,65.0,-8,56.6,Dribbling,18.0,3
J. Pickford,83,25000000.0,Backup,De Gea,GK,J. Pickford,Everton,25000000.0,65.0,-8,56.6,Dribbling,14.0,3
De Gea,91,72000000.0,Starter,De Gea,GK,J. Pickford,Everton,25000000.0,65.0,-8,56.6,StandingTackle,21.0,4
J. Pickford,83,25000000.0,Backup,De Gea,GK,J. Pickford,Everton,25000000.0,65.0,-8,56.6,StandingTackle,20.0,4
De Gea,91,72000000.0,Starter,De Gea,GK,J. Pickford,Everton,25000000.0,65.0,-8,56.6,Strength,64.0,5
J. Pickford,83,25000000.0,Backup,De Gea,GK,J. Pickford,Everton,25000000.0,65.0,-8,56.6,Strength,70.0,5
De Gea,91,72000000.0,Starter,De Gea,GK,J. Pickford,Everton,25000000.0,65.0,-8,56.6,SprintSpeed,58.0,6
J. Pickford,83,25000000.0,Backup,De Gea,GK,J. Pickford,Everton,25000000.0,65.0,-8,56.6,SprintSpeed,44.0,6
K. De Bruyne,91,102000000.0,Starter,K. De Bruyne,RCM,I. Rakitić,FC Barcelona,46500000.0,54.0,-4,20.8,SprintSpeed,76.0,0
I. Rakitić,87,46500000.0,Backup,K. De Bruyne,RCM,I. Rakitić,FC Barcelona,46500000.0,54.0,-4,20.8,SprintSpeed,59.0,0
K. De Bruyne,91,102000000.0,Starter,K. De Bruyne,RCM,I. Rakitić,FC Barcelona,46500000.0,54.0,-4,20.8,Finishing,82.0,1
I. Rakitić,87,46500000.0,Backup,K. De Bruyne,RCM,I. Rakitić,FC Barcelona,46500000.0,54.0,-4,20.8,Finishing,83.0,1
K. De Bruyne,91,102000000.0,Starter,K. De Bruyne,RCM,I. Rakitić,FC Barcelona,46500000.0,54.0,-4,20.8,ShortPassing,92.0,2
I. Rakitić,87,46500000.0,Backup,K. De Bruyne,RCM,I. Rakitić,FC Barcelona,46500000.0,54.0,-4,20.8,ShortPassing,87.0,2
K. De Bruyne,91,102000000.0,Starter,K. De Bruyne,RCM,I. Rakitić,FC Barcelona,46500000.0,54.0,-4,20.8,Dribbling,86.0,3
I. Rakitić,87,46500000.0,Backup,K. De Bruyne,RCM,I. Rakitić,FC Barcelona,46500000.0,54.0,-4,20.8,Dribbling,84.0,3
K. De Bruyne,91,102000000.0,Starter,K. De Bruyne,RCM,I. Rakitić,FC Barcelona,46500000.0,54.0,-4,20.8,StandingTackle,58.0,4
I. Rakitić,87,46500000.0,Backup,K. De Bruyne,RCM,I. Rakitić,FC Barcelona,46500000.0,54.0,-4,20.8,StandingTackle,74.0,4
K. De Bruyne,91,102000000.0,Starter,K. De Bruyne,RCM,I. Rakitić,FC Barcelona,46500000.0,54.0,-4,20.8,Strength,75.0,5
I. Rakitić,87,46500000.0,Backup,K. De Bruyne,RCM,I. Rakitić,FC Barcelona,46500000.0,54.0,-4,20.8,Strength,66.0,5
K. De Bruyne,91,102000000.0,Starter,K. De Bruyne,RCM,I. Rakitić,FC Barcelona,46500000.0,54.0,-4,20.8,SprintSpeed,76.0,6
I. Rakitić,87,46500000.0,Backup,K. De Bruyne,RCM,I. Rakitić,FC Barcelona,46500000.0,54.0,-4,20.8,SprintSpeed,59.0,6
L. Modrić,91,67000000.0,Starter,L. Modrić,RCM,I. Rakitić,FC Barcelona,46500000.0,31.0,-4,12.8,SprintSpeed,72.0,0
I. Rakitić,87,46500000.0,Backup,L. Modrić,RCM,I. Rakitić,FC Barcelona,46500000.0,31.0,-4,12.8,SprintSpeed,59.0,0
L. Modrić,91,67000000.0,Starter,L. Modrić,RCM,I. Rakitić,FC Barcelona,46500000.0,31.0,-4,12.8,Finishing,72.0,1
I. Rakitić,87,46500000.0,Backup,L. Modrić,RCM,I. Rakitić,FC Barcelona,46500000.0,31.0,-4,12.8,Finishing,83.0,1
L. Modrić,91,67000000.0,Starter,L. Modrić,RCM,I. Rakitić,FC Barcelona,46500000.0,31.0,-4,12.8,ShortPassing,93.0,2
I. Rakitić,87,46500000.0,Backup,L. Modrić,RCM,I. Rakitić,FC Barcelona,46500000.0,31.0,-4,12.8,ShortPassing,87.0,2
L. Modrić,91,67000000.0,Starter,L. Modrić,RCM,I. Rakitić,FC Barcelona,46500000.0,31.0,-4,12.8,Dribbling,90.0,3
I. Rakitić,87,46500000.0,Backup,L. Modrić,RCM,I. Rakitić,FC Barcelona,46500000.0,31.0,-4,12.8,Dribbling,84.0,3
L. Modrić,91,67000000.0,Starter,L. Modrić,RCM,I. Rakitić,FC Barcelona,46500000.0,31.0,-4,12.8,StandingTackle,76.0,4
I. Rakitić,87,46500000.0,Backup,L. Modrić,RCM,I. Rakitić,FC Barcelona,46500000.0,31.0,-4,12.8,StandingTackle,74.0,4
L. Modrić,91,67000000.0,Starter,L. Modrić,RCM,I. Rakitić,FC Barcelona,46500000.0,31.0,-4,12.8,Strength,58.0,5
I. Rakitić,87,46500000.0,Backup,L. Modrić,RCM,I. Rakitić,FC Barcelona,46500000.0,31.0,-4,12.8,Strength,66.0,5
L. Modrić,91,67000000.0,Starter,L. Modrić,RCM,I. Rakitić,FC Barcelona,46500000.0,31.0,-4,12.8,SprintSpeed,72.0,6
I. Rakitić,87,46500000.0,Backup,L. Modrić,RCM,I. Rakitić,FC Barcelona,46500000.0,31.0,-4,12.8,SprintSpeed,59.0,6
L. Suárez,91,80000000.0,Starter,L. Suárez,RS,Falcao,AS Monaco,25000000.0,69.0,-7,5.4,SprintSpeed,75.0,0
Falcao,84,25000000.0,Backup,L. Suárez,RS,Falcao,AS Monaco,25000000.0,69.0,-7,5.4,SprintSpeed,66.0,0
L. Suárez,91,80000000.0,Starter,L. Suárez,RS,Falcao,AS Monaco,25000000.0,69.0,-7,5.4,Finishing,93.0,1
Falcao,84,25000000.0,Backup,L. Suárez,RS,Falcao,AS Monaco,25000000.0,69.0,-7,5.4,Finishing,86.0,1
L. Suárez,91,80000000.0,Starter,L. Suárez,RS,Falcao,AS Monaco,25000000.0,69.0,-7,5.4,ShortPassing,82.0,2
Falcao,84,25000000.0,Backup,L. Suárez,RS,Falcao,AS Monaco,25000000.0,69.0,-7,5.4,ShortPassing,79.0,2
L. Suárez,91,80000000.0,Starter,L. Suárez,RS,Falcao,AS Monaco,25000000.0,69.0,-7,5.4,Dribbling,87.0,3
Falcao,84,25000000.0,Backup,L. Suárez,RS,Falcao,AS Monaco,25000000.0,69.0,-7,5.4,Dribbling,75.0,3
L. Suárez,91,80000000.0,Starter,L. Suárez,RS,Falcao,AS Monaco,25000000.0,69.0,-7,5.4,StandingTackle,45.0,4
Falcao,84,25000000.0,Backup,L. Suárez,RS,Falcao,AS Monaco,25000000.0,69.0,-7,5.4,StandingTackle,42.0,4
L. Suárez,91,80000000.0,Starter,L. Suárez,RS,Falcao,AS Monaco,25000000.0,69.0,-7,5.4,Strength,83.0,5
Falcao,84,25000000.0,Backup,L. Suárez,RS,Falcao,AS Monaco,25000000.0,69.0,-7,5.4,Strength,75.0,5
L. Suárez,91,80000000.0,Starter,L. Suárez,RS,Falcao,AS Monaco,25000000.0,69.0,-7,5.4,SprintSpeed,75.0,6
Falcao,84,25000000.0,Backup,L. Suárez,RS,Falcao,AS Monaco,25000000.0,69.0,-7,5.4,SprintSpeed,66.0,6
Sergio Ramos,91,51000000.0,Starter,Sergio Ramos,RCB,Thiago Silva,Paris Saint-Germain,24000000.0,53.0,-3,36.3,SprintSpeed,75.0,0
Thiago Silva,88,24000000.0,Backup,Sergio Ramos,RCB,Thiago Silva,Paris Saint-Germain,24000000.0,53.0,-3,36.3,SprintSpeed,72.0,0
Sergio Ramos,91,51000000.0,Starter,Sergio Ramos,RCB,Thiago Silva,Paris Saint-Germain,24000000.0,53.0,-3,36.3,Finishing,60.0,1
Thiago Silva,88,24000000.0,Backup,Sergio Ramos,RCB,Thiago Silva,Paris Saint-Germain,24000000.0,53.0,-3,36.3,Finishing,38.0,1
Sergio Ramos,91,51000000.0,Starter,Sergio Ramos,RCB,Thiago Silva,Paris Saint-Germain,24000000.0,53.0,-3,36.3,ShortPassing,78.0,2
Thiago Silva,88,24000000.0,Backup,Sergio Ramos,RCB,Thiago Silva,Paris Saint-Germain,24000000.0,53.0,-3,36.3,ShortPassing,80.0,2
Sergio Ramos,91,51000000.0,Starter,Sergio Ramos,RCB,Thiago Silva,Paris Saint-Germain,24000000.0,53.0,-3,36.3,Dribbling,63.0,3
Thiago Silva,88,24000000.0,Backup,Sergio Ramos,RCB,Thiago Silva,Paris Saint-Germain,24000000.0,53.0,-3,36.3,Dribbling,62.0,3
Sergio Ramos,91,51000000.0,Starter,Sergio Ramos,RCB,Thiago Silva,Paris Saint-Germain,24000000.0,53.0,-3,36.3,StandingTackle,92.0,4
Thiago Silva,88,24000000.0,Backup,Sergio Ramos,RCB,Thiago Silva,Paris Saint-Germain,24000000.0,53.0,-3,36.3,StandingTackle,89.0,4
Sergio Ramos,91,51000000.0,Starter,Sergio Ramos,RCB,Thiago Silva,Paris Saint-Germain,24000000.0,53.0,-3,36.3,Strength,83.0,5
Thiago Silva,88,24000000.0,Backup,Sergio Ramos,RCB,Thiago Silva,Paris Saint-Germain,24000000.0,53.0,-3,36.3,Strength,82.0,5
Sergio Ramos,91,51000000.0,Starter,Sergio Ramos,RCB,Thiago Silva,Paris Saint-Germain,24000000.0,53.0,-3,36.3,SprintSpeed,75.0,6
Thiago Silva,88,24000000.0,Backup,Sergio Ramos,RCB,Thiago Silva,Paris Saint-Germain,24000000.0,53.0,-3,36.3,SprintSpeed,72.0,6
J. Oblak,90,68000000.0,Starter,J. Oblak,GK,K. Navas,Real Madrid,30500000.0,55.0,-3,56.6,SprintSpeed,60.0,0
K. Navas,87,30500000.0,Backup,J. Oblak,GK,K. Navas,Real Madrid,30500000.0,55.0,-3,56.6,SprintSpeed,53.0,0
J. Oblak,90,68000000.0,Starter,J. Oblak,GK,K. Navas,Real Madrid,30500000.0,55.0,-3,56.6,Finishing,11.0,1
K. Navas,87,30500000.0,Backup,J. Oblak,GK,K. Navas,Real Madrid,30500000.0,55.0,-3,56.6,Finishing,15.0,1
J. Oblak,90,68000000.0,Starter,J. Oblak,GK,K. Navas,Real Madrid,30500000.0,55.0,-3,56.6,ShortPassing,29.0,2
K. Navas,87,30500000.0,Backup,J. Oblak,GK,K. Navas,Real Madrid,30500000.0,55.0,-3,56.6,ShortPassing,30.0,2
J. Oblak,90,68000000.0,Starter,J. Oblak,GK,K. Navas,Real Madrid,30500000.0,55.0,-3,56.6,Dribbling,12.0,3
K. Navas,87,30500000.0,Backup,J. Oblak,GK,K. Navas,Real Madrid,30500000.0,55.0,-3,56.6,Dribbling,16.0,3
J. Oblak,90,68000000.0,Starter,J. Oblak,GK,K. Navas,Real Madrid,30500000.0,55.0,-3,56.6,StandingTackle,12.0,4
K. Navas,87,30500000.0,Backup,J. Oblak,GK,K. Navas,Real Madrid,30500000.0,55.0,-3,56.6,StandingTackle,14.0,4
J. Oblak,90,68000000.0,Starter,J. Oblak,GK,K. Navas,Real Madrid,30500000.0,55.0,-3,56.6,Strength,78.0,5
K. Navas,87,30500000.0,Backup,J. Oblak,GK,K. Navas,Real Madrid,30500000.0,55.0,-3,56.6,Strength,75.0,5
J. Oblak,90,68000000.0,Starter,J. Oblak,GK,K. Navas,Real Madrid,30500000.0,55.0,-3,56.6,SprintSpeed,60.0,6
K. Navas,87,30500000.0,Backup,J. Oblak,GK,K. Navas,Real Madrid,30500000.0,55.0,-3,56.6,SprintSpeed,53.0,6
R. Lewandowski,90,77000000.0,Starter,R. Lewandowski,ST,A. Lacazette,Arsenal,45000000.0,42.0,-5,45.9,SprintSpeed,78.0,0
A. Lacazette,85,45000000.0,Backup,R. Lewandowski,ST,A. Lacazette,Arsenal,45000000.0,42.0,-5,45.9,SprintSpeed,84.0,0
R. Lewandowski,90,77000000.0,Starter,R. Lewandowski,ST,A. Lacazette,Arsenal,45000000.0,42.0,-5,45.9,Finishing,91.0,1
A. Lacazette,85,45000000.0,Backup,R. Lewandowski,ST,A. Lacazette,Arsenal,45000000.0,42.0,-5,45.9,Finishing,88.0,1
R. Lewandowski,90,77000000.0,Starter,R. Lewandowski,ST,A. Lacazette,Arsenal,45000000.0,42.0,-5,45.9,ShortPassing,83.0,2
A. Lacazette,85,45000000.0,Backup,R. Lewandowski,ST,A. Lacazette,Arsenal,45000000.0,42.0,-5,45.9,ShortPassing,80.0,2
R. Lewandowski,90,77000000.0,Starter,R. Lewandowski,ST,A. Lacazette,Arsenal,45000000.0,42.0,-5,45.9,Dribbling,85.0,3
A. Lacazette,85,45000000.0,Backup,R. Lewandowski,ST,A. Lacazette,Arsenal,45000000.0,42.0,-5,45.9,Dribbling,85.0,3
R. Lewandowski,90,77000000.0,Starter,R. Lewandowski,ST,A. Lacazette,Arsenal,45000000.0,42.0,-5,45.9,StandingTackle,42.0,4
A. Lacazette,85,45000000.0,Backup,R. Lewandowski,ST,A. Lacazette,Arsenal,45000000.0,42.0,-5,45.9,StandingTackle,42.0,4
R. Lewandowski,90,77000000.0,Starter,R. Lewandowski,ST,A. Lacazette,Arsenal,45000000.0,42.0,-5,45.9,Strength,84.0,5
A. Lacazette,85,45000000.0,Backup,R. Lewandowski,ST,A. Lacazette,Arsenal,45000000.0,42.0,-5,45.9,Strength,73.0,5
R. Lewandowski,90,77000000.0,Starter,R. Lewandowski,ST,A. Lacazette,Arsenal,45000000.0,42.0,-5,45.9,SprintSpeed,78.0,6
A. Lacazette,85,45000000.0,Backup,R. Lewandowski,ST,A. Lacazette,Arsenal,45000000.0,42.0,-5,45.9,SprintSpeed,84.0,6
T. Kroos,90,76500000.0,Starter,T. Kroos,LCM,M. Hamšík,Napoli,46500000.0,39.0,-3,15.5,SprintSpeed,62.0,0
M. Hamšík,87,46500000.0,Backup,T. Kroos,LCM,M. Hamšík,Napoli,46500000.0,39.0,-3,15.5,SprintSpeed,68.0,0
T. Kroos,90,76500000.0,Starter,T. Kroos,LCM,M. Hamšík,Napoli,46500000.0,39.0,-3,15.5,Finishing,76.0,1
M. Hamšík,87,46500000.0,Backup,T. Kroos,LCM,M. Hamšík,Napoli,46500000.0,39.0,-3,15.5,Finishing,79.0,1
T. Kroos,90,76500000.0,Starter,T. Kroos,LCM,M. Hamšík,Napoli,46500000.0,39.0,-3,15.5,ShortPassing,92.0,2
M. Hamšík,87,46500000.0,Backup,T. Kroos,LCM,M. Hamšík,Napoli,46500000.0,39.0,-3,15.5,ShortPassing,88.0,2
T. Kroos,90,76500000.0,Starter,T. Kroos,LCM,M. Hamšík,Napoli,46500000.0,39.0,-3,15.5,Dribbling,81.0,3
M. Hamšík,87,46500000.0,Backup,T. Kroos,LCM,M. Hamšík,Napoli,46500000.0,39.0,-3,15.5,Dribbling,86.0,3
T. Kroos,90,76500000.0,Starter,T. Kroos,LCM,M. Hamšík,Napoli,46500000.0,39.0,-3,15.5,StandingTackle,79.0,4
M. Hamšík,87,46500000.0,Backup,T. Kroos,LCM,M. Hamšík,Napoli,46500000.0,39.0,-3,15.5,StandingTackle,73.0,4
T. Kroos,90,76500000.0,Starter,T. Kroos,LCM,M. Hamšík,Napoli,46500000.0,39.0,-3,15.5,Strength,73.0,5
M. Hamšík,87,46500000.0,Backup,T. Kroos,LCM,M. Hamšík,Napoli,46500000.0,39.0,-3,15.5,Strength,67.0,5
T. Kroos,90,76500000.0,Starter,T. Kroos,LCM,M. Hamšík,Napoli,46500000.0,39.0,-3,15.5,SprintSpeed,62.0,6
M. Hamšík,87,46500000.0,Backup,T. Kroos,LCM,M. Hamšík,Napoli,46500000.0,39.0,-3,15.5,SprintSpeed,68.0,6
D. Godín,90,44000000.0,Starter,D. Godín,CB,N. Otamendi,Manchester City,28500000.0,35.0,-5,48.0,SprintSpeed,68.0,0
N. Otamendi,85,28500000.0,Backup,D. Godín,CB,N. Otamendi,Manchester City,28500000.0,35.0,-5,48.0,SprintSpeed,61.0,0
D. Godín,90,44000000.0,Starter,D. Godín,CB,N. Otamendi,Manchester City,28500000.0,35.0,-5,48.0,Finishing,42.0,1
N. Otamendi,85,28500000.0,Backup,D. Godín,CB,N. Otamendi,Manchester City,28500000.0,35.0,-5,48.0,Finishing,54.0,1
D. Godín,90,44000000.0,Starter,D. Godín,CB,N. Otamendi,Manchester City,28500000.0,35.0,-5,48.0,ShortPassing,79.0,2
N. Otamendi,85,28500000.0,Backup,D. Godín,CB,N. Otamendi,Manchester City,28500000.0,35.0,-5,48.0,ShortPassing,75.0,2
D. Godín,90,44000000.0,Starter,D. Godín,CB,N. Otamendi,Manchester City,28500000.0,35.0,-5,48.0,Dribbling,53.0,3
N. Otamendi,85,28500000.0,Backup,D. Godín,CB,N. Otamendi,Manchester City,28500000.0,35.0,-5,48.0,Dribbling,51.0,3
D. Godín,90,44000000.0,Starter,D. Godín,CB,N. Otamendi,Manchester City,28500000.0,35.0,-5,48.0,StandingTackle,89.0,4
N. Otamendi,85,28500000.0,Backup,D. Godín,CB,N. Otamendi,Manchester City,28500000.0,35.0,-5,48.0,StandingTackle,85.0,4
D. Godín,90,44000000.0,Starter,D. Godín,CB,N. Otamendi,Manchester City,28500000.0,35.0,-5,48.0,Strength,88.0,5
N. Otamendi,85,28500000.0,Backup,D. Godín,CB,N. Otamendi,Manchester City,28500000.0,35.0,-5,48.0,Strength,80.0,5
D. Godín,90,44000000.0,Starter,D. Godín,CB,N. Otamendi,Manchester City,28500000.0,35.0,-5,48.0,SprintSpeed,68.0,6
N. Otamendi,85,28500000.0,Backup,D. Godín,CB,N. Otamendi,Manchester City,28500000.0,35.0,-5,48.0,SprintSpeed,61.0,6
David Silva,90,60000000.0,Starter,David Silva,LCM,Oscar,Shanghai SIPG FC,30500000.0,49.0,-7,24.9,SprintSpeed,64.0,0
Oscar,83,30500000.0,Backup,David Silva,LCM,Oscar,Shanghai SIPG FC,30500000.0,49.0,-7,24.9,SprintSpeed,72.0,0
David Silva,90,60000000.0,Starter,David Silva,LCM,Oscar,Shanghai SIPG FC,30500000.0,49.0,-7,24.9,Finishing,76.0,1
Oscar,83,30500000.0,Backup,David Silva,LCM,Oscar,Shanghai SIPG FC,30500000.0,49.0,-7,24.9,Finishing,76.0,1
David Silva,90,60000000.0,Starter,David Silva,LCM,Oscar,Shanghai SIPG FC,30500000.0,49.0,-7,24.9,ShortPassing,93.0,2
Oscar,83,30500000.0,Backup,David Silva,LCM,Oscar,Shanghai SIPG FC,30500000.0,49.0,-7,24.9,ShortPassing,86.0,2
David Silva,90,60000000.0,Starter,David Silva,LCM,Oscar,Shanghai SIPG FC,30500000.0,49.0,-7,24.9,Dribbling,89.0,3
Oscar,83,30500000.0,Backup,David Silva,LCM,Oscar,Shanghai SIPG FC,30500000.0,49.0,-7,24.9,Dribbling,78.0,3
David Silva,90,60000000.0,Starter,David Silva,LCM,Oscar,Shanghai SIPG FC,30500000.0,49.0,-7,24.9,StandingTackle,53.0,4
Oscar,83,30500000.0,Backup,David Silva,LCM,Oscar,Shanghai SIPG FC,30500000.0,49.0,-7,24.9,StandingTackle,52.0,4
David Silva,90,60000000.0,Starter,David Silva,LCM,Oscar,Shanghai SIPG FC,30500000.0,49.0,-7,24.9,Strength,52.0,5
Oscar,83,30500000.0,Backup,David Silva,LCM,Oscar,Shanghai SIPG FC,30500000.0,49.0,-7,24.9,Strength,38.0,5
David Silva,90,60000000.0,Starter,David Silva,LCM,Oscar,Shanghai SIPG FC,30500000.0,49.0,-7,24.9,SprintSpeed,64.0,6
Oscar,83,30500000.0,Backup,David Silva,LCM,Oscar,Shanghai SIPG FC,30500000.0,49.0,-7,24.9,SprintSpeed,72.0,6
N. Kanté,89,63000000.0,Starter,N. Kanté,LDM,Lucas Leiva,Lazio,17500000.0,72.0,-6,25.7,SprintSpeed,78.0,0
Lucas Leiva,83,17500000.0,Backup,N. Kanté,LDM,Lucas Leiva,Lazio,17500000.0,72.0,-6,25.7,SprintSpeed,67.0,0
N. Kanté,89,63000000.0,Starter,N. Kanté,LDM,Lucas Leiva,Lazio,17500000.0,72.0,-6,25.7,Finishing,65.0,1
Lucas Leiva,83,17500000.0,Backup,N. Kanté,LDM,Lucas Leiva,Lazio,17500000.0,72.0,-6,25.7,Finishing,62.0,1
N. Kanté,89,63000000.0,Starter,N. Kanté,LDM,Lucas Leiva,Lazio,17500000.0,72.0,-6,25.7,ShortPassing,86.0,2
Lucas Leiva,83,17500000.0,Backup,N. Kanté,LDM,Lucas Leiva,Lazio,17500000.0,72.0,-6,25.7,ShortPassing,82.0,2
N. Kanté,89,63000000.0,Starter,N. Kanté,LDM,Lucas Leiva,Lazio,17500000.0,72.0,-6,25.7,Dribbling,79.0,3
Lucas Leiva,83,17500000.0,Backup,N. Kanté,LDM,Lucas Leiva,Lazio,17500000.0,72.0,-6,25.7,Dribbling,77.0,3
N. Kanté,89,63000000.0,Starter,N. Kanté,LDM,Lucas Leiva,Lazio,17500000.0,72.0,-6,25.7,StandingTackle,91.0,4
Lucas Leiva,83,17500000.0,Backup,N. Kanté,LDM,Lucas Leiva,Lazio,17500000.0,72.0,-6,25.7,StandingTackle,82.0,4
N. Kanté,89,63000000.0,Starter,N. Kanté,LDM,Lucas Leiva,Lazio,17500000.0,72.0,-6,25.7,Strength,76.0,5
Lucas Leiva,83,17500000.0,Backup,N. Kanté,LDM,Lucas Leiva,Lazio,17500000.0,72.0,-6,25.7,Strength,67.0,5
N. Kanté,89,63000000.0,Starter,N. Kanté,LDM,Lucas Leiva,Lazio,17500000.0,72.0,-6,25.7,SprintSpeed,78.0,6
Lucas Leiva,83,17500000.0,Backup,N. Kanté,LDM,Lucas Leiva,Lazio,17500000.0,72.0,-6,25.7,SprintSpeed,67.0,6
H. Kane,89,83500000.0,Starter,H. Kane,ST,M. Kruse,SV Werder Bremen,21500000.0,74.0,-7,36.1,SprintSpeed,72.0,0
M. Kruse,82,21500000.0,Backup,H. Kane,ST,M. Kruse,SV Werder Bremen,21500000.0,74.0,-7,36.1,SprintSpeed,67.0,0
H. Kane,89,83500000.0,Starter,H. Kane,ST,M. Kruse,SV Werder Bremen,21500000.0,74.0,-7,36.1,Finishing,94.0,1
M. Kruse,82,21500000.0,Backup,H. Kane,ST,M. Kruse,SV Werder Bremen,21500000.0,74.0,-7,36.1,Finishing,83.0,1
H. Kane,89,83500000.0,Starter,H. Kane,ST,M. Kruse,SV Werder Bremen,21500000.0,74.0,-7,36.1,ShortPassing,80.0,2
M. Kruse,82,21500000.0,Backup,H. Kane,ST,M. Kruse,SV Werder Bremen,21500000.0,74.0,-7,36.1,ShortPassing,84.0,2
H. Kane,89,83500000.0,Starter,H. Kane,ST,M. Kruse,SV Werder Bremen,21500000.0,74.0,-7,36.1,Dribbling,80.0,3
M. Kruse,82,21500000.0,Backup,H. Kane,ST,M. Kruse,SV Werder Bremen,21500000.0,74.0,-7,36.1,Dribbling,82.0,3
H. Kane,89,83500000.0,Starter,H. Kane,ST,M. Kruse,SV Werder Bremen,21500000.0,74.0,-7,36.1,StandingTackle,36.0,4
M. Kruse,82,21500000.0,Backup,H. Kane,ST,M. Kruse,SV Werder Bremen,21500000.0,74.0,-7,36.1,StandingTackle,38.0,4
H. Kane,89,83500000.0,Starter,H. Kane,ST,M. Kruse,SV Werder Bremen,21500000.0,74.0,-7,36.1,Strength,84.0,5
M. Kruse,82,21500000.0,Backup,H. Kane,ST,M. Kruse,SV Werder Bremen,21500000.0,74.0,-7,36.1,Strength,72.0,5
H. Kane,89,83500000.0,Starter,H. Kane,ST,M. Kruse,SV Werder Bremen,21500000.0,74.0,-7,36.1,SprintSpeed,72.0,6
M. Kruse,82,21500000.0,Backup,H. Kane,ST,M. Kruse,SV Werder Bremen,21500000.0,74.0,-7,36.1,SprintSpeed,67.0,6
A. Griezmann,89,78000000.0,Starter,A. Griezmann,CAM,Roberto Firmino,Liverpool,53000000.0,32.0,-3,34.2,SprintSpeed,85.0,0
Roberto Firmino,86,53000000.0,Backup,A. Griezmann,CAM,Roberto Firmino,Liverpool,53000000.0,32.0,-3,34.2,SprintSpeed,77.0,0
A. Griezmann,89,78000000.0,Starter,A. Griezmann,CAM,Roberto Firmino,Liverpool,53000000.0,32.0,-3,34.2,Finishing,90.0,1
Roberto Firmino,86,53000000.0,Backup,A. Griezmann,CAM,Roberto Firmino,Liverpool,53000000.0,32.0,-3,34.2,Finishing,87.0,1
A. Griezmann,89,78000000.0,Starter,A. Griezmann,CAM,Roberto Firmino,Liverpool,53000000.0,32.0,-3,34.2,ShortPassing,83.0,2
Roberto Firmino,86,53000000.0,Backup,A. Griezmann,CAM,Roberto Firmino,Liverpool,53000000.0,32.0,-3,34.2,ShortPassing,86.0,2
A. Griezmann,89,78000000.0,Starter,A. Griezmann,CAM,Roberto Firmino,Liverpool,53000000.0,32.0,-3,34.2,Dribbling,88.0,3
Roberto Firmino,86,53000000.0,Backup,A. Griezmann,CAM,Roberto Firmino,Liverpool,53000000.0,32.0,-3,34.2,Dribbling,87.0,3
A. Griezmann,89,78000000.0,Starter,A. Griezmann,CAM,Roberto Firmino,Liverpool,53000000.0,32.0,-3,34.2,StandingTackle,47.0,4
Roberto Firmino,86,53000000.0,Backup,A. Griezmann,CAM,Roberto Firmino,Liverpool,53000000.0,32.0,-3,34.2,StandingTackle,64.0,4
A. Griezmann,89,78000000.0,Starter,A. Griezmann,CAM,Roberto Firmino,Liverpool,53000000.0,32.0,-3,34.2,Strength,62.0,5
Roberto Firmino,86,53000000.0,Backup,A. Griezmann,CAM,Roberto Firmino,Liverpool,53000000.0,32.0,-3,34.2,Strength,74.0,5
A. Griezmann,89,78000000.0,Starter,A. Griezmann,CAM,Roberto Firmino,Liverpool,53000000.0,32.0,-3,34.2,SprintSpeed,85.0,6
Roberto Firmino,86,53000000.0,Backup,A. Griezmann,CAM,Roberto Firmino,Liverpool,53000000.0,32.0,-3,34.2,SprintSpeed,77.0,6
M. ter Stegen,89,58000000.0,Starter,M. ter Stegen,GK,S. Ruffier,AS Saint-Étienne,19000000.0,67.0,-5,45.0,SprintSpeed,50.0,0
S. Ruffier,84,19000000.0,Backup,M. ter Stegen,GK,S. Ruffier,AS Saint-Étienne,19000000.0,67.0,-5,45.0,SprintSpeed,50.0,0
M. ter Stegen,89,58000000.0,Starter,M. ter Stegen,GK,S. Ruffier,AS Saint-Étienne,19000000.0,67.0,-5,45.0,Finishing,14.0,1
S. Ruffier,84,19000000.0,Backup,M. ter Stegen,GK,S. Ruffier,AS Saint-Étienne,19000000.0,67.0,-5,45.0,Finishing,11.0,1
M. ter Stegen,89,58000000.0,Starter,M. ter Stegen,GK,S. Ruffier,AS Saint-Étienne,19000000.0,67.0,-5,45.0,ShortPassing,36.0,2
S. Ruffier,84,19000000.0,Backup,M. ter Stegen,GK,S. Ruffier,AS Saint-Étienne,19000000.0,67.0,-5,45.0,ShortPassing,33.0,2
M. ter Stegen,89,58000000.0,Starter,M. ter Stegen,GK,S. Ruffier,AS Saint-Étienne,19000000.0,67.0,-5,45.0,Dribbling,17.0,3
S. Ruffier,84,19000000.0,Backup,M. ter Stegen,GK,S. Ruffier,AS Saint-Étienne,19000000.0,67.0,-5,45.0,Dribbling,12.0,3
M. ter Stegen,89,58000000.0,Starter,M. ter Stegen,GK,S. Ruffier,AS Saint-Étienne,19000000.0,67.0,-5,45.0,StandingTackle,13.0,4
S. Ruffier,84,19000000.0,Backup,M. ter Stegen,GK,S. Ruffier,AS Saint-Étienne,19000000.0,67.0,-5,45.0,StandingTackle,12.0,4
M. ter Stegen,89,58000000.0,Starter,M. ter Stegen,GK,S. Ruffier,AS Saint-Étienne,19000000.0,67.0,-5,45.0,Strength,79.0,5
S. Ruffier,84,19000000.0,Backup,M. ter Stegen,GK,S. Ruffier,AS Saint-Étienne,19000000.0,67.0,-5,45.0,Strength,76.0,5
M. ter Stegen,89,58000000.0,Starter,M. ter Stegen,GK,S. Ruffier,AS Saint-Étienne,19000000.0,67.0,-5,45.0,SprintSpeed,50.0,6
S. Ruffier,84,19000000.0,Backup,M. ter Stegen,GK,S. Ruffier,AS Saint-Étienne,19000000.0,67.0,-5,45.0,SprintSpeed,50.0,6
T. Courtois,89,53500000.0,Starter,T. Courtois,GK,Neto,Valencia CF,21000000.0,61.0,-6,54.7,SprintSpeed,52.0,0
Neto,83,21000000.0,Backup,T. Courtois,GK,Neto,Valencia CF,21000000.0,61.0,-6,54.7,SprintSpeed,49.0,0
T. Courtois,89,53500000.0,Starter,T. Courtois,GK,Neto,Valencia CF,21000000.0,61.0,-6,54.7,Finishing,14.0,1
Neto,83,21000000.0,Backup,T. Courtois,GK,Neto,Valencia CF,21000000.0,61.0,-6,54.7,Finishing,15.0,1
T. Courtois,89,53500000.0,Starter,T. Courtois,GK,Neto,Valencia CF,21000000.0,61.0,-6,54.7,ShortPassing,33.0,2
Neto,83,21000000.0,Backup,T. Courtois,GK,Neto,Valencia CF,21000000.0,61.0,-6,54.7,ShortPassing,36.0,2
T. Courtois,89,53500000.0,Starter,T. Courtois,GK,Neto,Valencia CF,21000000.0,61.0,-6,54.7,Dribbling,13.0,3
Neto,83,21000000.0,Backup,T. Courtois,GK,Neto,Valencia CF,21000000.0,61.0,-6,54.7,Dribbling,19.0,3
T. Courtois,89,53500000.0,Starter,T. Courtois,GK,Neto,Valencia CF,21000000.0,61.0,-6,54.7,StandingTackle,18.0,4
Neto,83,21000000.0,Backup,T. Courtois,GK,Neto,Valencia CF,21000000.0,61.0,-6,54.7,StandingTackle,14.0,4
T. Courtois,89,53500000.0,Starter,T. Courtois,GK,Neto,Valencia CF,21000000.0,61.0,-6,54.7,Strength,70.0,5
Neto,83,21000000.0,Backup,T. Courtois,GK,Neto,Valencia CF,21000000.0,61.0,-6,54.7,Strength,63.0,5
T. Courtois,89,53500000.0,Starter,T. Courtois,GK,Neto,Valencia CF,21000000.0,61.0,-6,54.7,SprintSpeed,52.0,6
Neto,83,21000000.0,Backup,T. Courtois,GK,Neto,Valencia CF,21000000.0,61.0,-6,54.7,SprintSpeed,49.0,6
Sergio Busquets,89,51500000.0,Starter,Sergio Busquets,CDM,William Carvalho,Real Betis,31500000.0,39.0,-5,33.4,SprintSpeed,52.0,0
William Carvalho,84,31500000.0,Backup,Sergio Busquets,CDM,William Carvalho,Real Betis,31500000.0,39.0,-5,33.4,SprintSpeed,53.0,0
Sergio Busquets,89,51500000.0,Starter,Sergio Busquets,CDM,William Carvalho,Real Betis,31500000.0,39.0,-5,33.4,Finishing,67.0,1
William Carvalho,84,31500000.0,Backup,Sergio Busquets,CDM,William Carvalho,Real Betis,31500000.0,39.0,-5,33.4,Finishing,52.0,1
Sergio Busquets,89,51500000.0,Starter,Sergio Busquets,CDM,William Carvalho,Real Betis,31500000.0,39.0,-5,33.4,ShortPassing,89.0,2
William Carvalho,84,31500000.0,Backup,Sergio Busquets,CDM,William Carvalho,Real Betis,31500000.0,39.0,-5,33.4,ShortPassing,84.0,2
Sergio Busquets,89,51500000.0,Starter,Sergio Busquets,CDM,William Carvalho,Real Betis,31500000.0,39.0,-5,33.4,Dribbling,80.0,3
William Carvalho,84,31500000.0,Backup,Sergio Busquets,CDM,William Carvalho,Real Betis,31500000.0,39.0,-5,33.4,Dribbling,80.0,3
Sergio Busquets,89,51500000.0,Starter,Sergio Busquets,CDM,William Carvalho,Real Betis,31500000.0,39.0,-5,33.4,StandingTackle,86.0,4
William Carvalho,84,31500000.0,Backup,Sergio Busquets,CDM,William Carvalho,Real Betis,31500000.0,39.0,-5,33.4,StandingTackle,85.0,4
Sergio Busquets,89,51500000.0,Starter,Sergio Busquets,CDM,William Carvalho,Real Betis,31500000.0,39.0,-5,33.4,Strength,77.0,5
William Carvalho,84,31500000.0,Backup,Sergio Busquets,CDM,William Carvalho,Real Betis,31500000.0,39.0,-5,33.4,Strength,90.0,5
Sergio Busquets,89,51500000.0,Starter,Sergio Busquets,CDM,William Carvalho,Real Betis,31500000.0,39.0,-5,33.4,SprintSpeed,52.0,6
William Carvalho,84,31500000.0,Backup,Sergio Busquets,CDM,William Carvalho,Real Betis,31500000.0,39.0,-5,33.4,SprintSpeed,53.0,6
E. Cavani,89,60000000.0,Starter,E. Cavani,LS,M. Arnautović,West Ham United,22000000.0,63.0,-7,26.6,SprintSpeed,76.0,0
M. Arnautović,82,22000000.0,Backup,E. Cavani,LS,M. Arnautović,West Ham United,22000000.0,63.0,-7,26.6,SprintSpeed,83.0,0
E. Cavani,89,60000000.0,Starter,E. Cavani,LS,M. Arnautović,West Ham United,22000000.0,63.0,-7,26.6,Finishing,89.0,1
M. Arnautović,82,22000000.0,Backup,E. Cavani,LS,M. Arnautović,West Ham United,22000000.0,63.0,-7,26.6,Finishing,78.0,1
E. Cavani,89,60000000.0,Starter,E. Cavani,LS,M. Arnautović,West Ham United,22000000.0,63.0,-7,26.6,ShortPassing,78.0,2
M. Arnautović,82,22000000.0,Backup,E. Cavani,LS,M. Arnautović,West Ham United,22000000.0,63.0,-7,26.6,ShortPassing,78.0,2
E. Cavani,89,60000000.0,Starter,E. Cavani,LS,M. Arnautović,West Ham United,22000000.0,63.0,-7,26.6,Dribbling,80.0,3
M. Arnautović,82,22000000.0,Backup,E. Cavani,LS,M. Arnautović,West Ham United,22000000.0,63.0,-7,26.6,Dribbling,84.0,3
E. Cavani,89,60000000.0,Starter,E. Cavani,LS,M. Arnautović,West Ham United,22000000.0,63.0,-7,26.6,StandingTackle,45.0,4
M. Arnautović,82,22000000.0,Backup,E. Cavani,LS,M. Arnautović,West Ham United,22000000.0,63.0,-7,26.6,StandingTackle,48.0,4
E. Cavani,89,60000000.0,Starter,E. Cavani,LS,M. Arnautović,West Ham United,22000000.0,63.0,-7,26.6,Strength,78.0,5
M. Arnautović,82,22000000.0,Backup,E. Cavani,LS,M. Arnautović,West Ham United,22000000.0,63.0,-7,26.6,Strength,84.0,5
E. Cavani,89,60000000.0,Starter,E. Cavani,LS,M. Arnautović,West Ham United,22000000.0,63.0,-7,26.6,SprintSpeed,76.0,6
M. Arnautović,82,22000000.0,Backup,E. Cavani,LS,M. Arnautović,West Ham United,22000000.0,63.0,-7,26.6,SprintSpeed,83.0,6
M. Neuer,89,38000000.0,Starter,M. Neuer,GK,J. Pickford,Everton,25000000.0,34.0,-6,38.8,SprintSpeed,60.0,0
J. Pickford,83,25000000.0,Backup,M. Neuer,GK,J. Pickford,Everton,25000000.0,34.0,-6,38.8,SprintSpeed,44.0,0
M. Neuer,89,38000000.0,Starter,M. Neuer,GK,J. Pickford,Everton,25000000.0,34.0,-6,38.8,Finishing,13.0,1
J. Pickford,83,25000000.0,Backup,M. Neuer,GK,J. Pickford,Everton,25000000.0,34.0,-6,38.8,Finishing,19.0,1
M. Neuer,89,38000000.0,Starter,M. Neuer,GK,J. Pickford,Everton,25000000.0,34.0,-6,38.8,ShortPassing,55.0,2
J. Pickford,83,25000000.0,Backup,M. Neuer,GK,J. Pickford,Everton,25000000.0,34.0,-6,38.8,ShortPassing,55.0,2
M. Neuer,89,38000000.0,Starter,M. Neuer,GK,J. Pickford,Everton,25000000.0,34.0,-6,38.8,Dribbling,30.0,3
J. Pickford,83,25000000.0,Backup,M. Neuer,GK,J. Pickford,Everton,25000000.0,34.0,-6,38.8,Dribbling,14.0,3
M. Neuer,89,38000000.0,Starter,M. Neuer,GK,J. Pickford,Everton,25000000.0,34.0,-6,38.8,StandingTackle,10.0,4
J. Pickford,83,25000000.0,Backup,M. Neuer,GK,J. Pickford,Everton,25000000.0,34.0,-6,38.8,StandingTackle,20.0,4
M. Neuer,89,38000000.0,Starter,M. Neuer,GK,J. Pickford,Everton,25000000.0,34.0,-6,38.8,Strength,80.0,5
J. Pickford,83,25000000.0,Backup,M. Neuer,GK,J. Pickford,Everton,25000000.0,34.0,-6,38.8,Strength,70.0,5
M. Neuer,89,38000000.0,Starter,M. Neuer,GK,J. Pickford,Everton,25000000.0,34.0,-6,38.8,SprintSpeed,60.0,6
J. Pickford,83,25000000.0,Backup,M. Neuer,GK,J. Pickford,Everton,25000000.0,34.0,-6,38.8,SprintSpeed,44.0,6
S. Agüero,89,64500000.0,Starter,S. Agüero,ST,Iago Aspas,RC Celta,30000000.0,53.0,-5,44.0,SprintSpeed,80.0,0
Iago Aspas,84,30000000.0,Backup,S. Agüero,ST,Iago Aspas,RC Celta,30000000.0,53.0,-5,44.0,SprintSpeed,78.0,0
S. Agüero,89,64500000.0,Starter,S. Agüero,ST,Iago Aspas,RC Celta,30000000.0,53.0,-5,44.0,Finishing,93.0,1
Iago Aspas,84,30000000.0,Backup,S. Agüero,ST,Iago Aspas,RC Celta,30000000.0,53.0,-5,44.0,Finishing,88.0,1
S. Agüero,89,64500000.0,Starter,S. Agüero,ST,Iago Aspas,RC Celta,30000000.0,53.0,-5,44.0,ShortPassing,81.0,2
Iago Aspas,84,30000000.0,Backup,S. Agüero,ST,Iago Aspas,RC Celta,30000000.0,53.0,-5,44.0,ShortPassing,79.0,2
S. Agüero,89,64500000.0,Starter,S. Agüero,ST,Iago Aspas,RC Celta,30000000.0,53.0,-5,44.0,Dribbling,89.0,3
Iago Aspas,84,30000000.0,Backup,S. Agüero,ST,Iago Aspas,RC Celta,30000000.0,53.0,-5,44.0,Dribbling,86.0,3
S. Agüero,89,64500000.0,Starter,S. Agüero,ST,Iago Aspas,RC Celta,30000000.0,53.0,-5,44.0,StandingTackle,20.0,4
Iago Aspas,84,30000000.0,Backup,S. Agüero,ST,Iago Aspas,RC Celta,30000000.0,53.0,-5,44.0,StandingTackle,21.0,4
S. Agüero,89,64500000.0,Starter,S. Agüero,ST,Iago Aspas,RC Celta,30000000.0,53.0,-5,44.0,Strength,73.0,5
Iago Aspas,84,30000000.0,Backup,S. Agüero,ST,Iago Aspas,RC Celta,30000000.0,53.0,-5,44.0,Strength,60.0,5
S. Agüero,89,64500000.0,Starter,S. Agüero,ST,Iago Aspas,RC Celta,30000000.0,53.0,-5,44.0,SprintSpeed,80.0,6
Iago Aspas,84,30000000.0,Backup,S. Agüero,ST,Iago Aspas,RC Celta,30000000.0,53.0,-5,44.0,SprintSpeed,78.0,6
G. Chiellini,89,27000000.0,Starter,G. Chiellini,LCB,Víctor Ruiz,Villarreal CF,19500000.0,28.0,-7,22.9,SprintSpeed,75.0,0
Víctor Ruiz,82,19500000.0,Backup,G. Chiellini,LCB,Víctor Ruiz,Villarreal CF,19500000.0,28.0,-7,22.9,SprintSpeed,59.0,0
G. Chiellini,89,27000000.0,Starter,G. Chiellini,LCB,Víctor Ruiz,Villarreal CF,19500000.0,28.0,-7,22.9,Finishing,33.0,1
Víctor Ruiz,82,19500000.0,Backup,G. Chiellini,LCB,Víctor Ruiz,Villarreal CF,19500000.0,28.0,-7,22.9,Finishing,37.0,1
G. Chiellini,89,27000000.0,Starter,G. Chiellini,LCB,Víctor Ruiz,Villarreal CF,19500000.0,28.0,-7,22.9,ShortPassing,59.0,2
Víctor Ruiz,82,19500000.0,Backup,G. Chiellini,LCB,Víctor Ruiz,Villarreal CF,19500000.0,28.0,-7,22.9,ShortPassing,74.0,2
G. Chiellini,89,27000000.0,Starter,G. Chiellini,LCB,Víctor Ruiz,Villarreal CF,19500000.0,28.0,-7,22.9,Dribbling,58.0,3
Víctor Ruiz,82,19500000.0,Backup,G. Chiellini,LCB,Víctor Ruiz,Villarreal CF,19500000.0,28.0,-7,22.9,Dribbling,53.0,3
G. Chiellini,89,27000000.0,Starter,G. Chiellini,LCB,Víctor Ruiz,Villarreal CF,19500000.0,28.0,-7,22.9,StandingTackle,93.0,4
Víctor Ruiz,82,19500000.0,Backup,G. Chiellini,LCB,Víctor Ruiz,Villarreal CF,19500000.0,28.0,-7,22.9,StandingTackle,84.0,4
G. Chiellini,89,27000000.0,Starter,G. Chiellini,LCB,Víctor Ruiz,Villarreal CF,19500000.0,28.0,-7,22.9,Strength,89.0,5
Víctor Ruiz,82,19500000.0,Backup,G. Chiellini,LCB,Víctor Ruiz,Villarreal CF,19500000.0,28.0,-7,22.9,Strength,87.0,5
G. Chiellini,89,27000000.0,Starter,G. Chiellini,LCB,Víctor Ruiz,Villarreal CF,19500000.0,28.0,-7,22.9,SprintSpeed,75.0,6
Víctor Ruiz,82,19500000.0,Backup,G. Chiellini,LCB,Víctor Ruiz,Villarreal CF,19500000.0,28.0,-7,22.9,SprintSpeed,59.0,6
K. Mbappé,88,81000000.0,Starter,K. Mbappé,RM,F. Thauvin,Olympique de Marseille,39000000.0,52.0,-4,48.0,SprintSpeed,96.0,0
F. Thauvin,84,39000000.0,Backup,K. Mbappé,RM,F. Thauvin,Olympique de Marseille,39000000.0,52.0,-4,48.0,SprintSpeed,80.0,0
K. Mbappé,88,81000000.0,Starter,K. Mbappé,RM,F. Thauvin,Olympique de Marseille,39000000.0,52.0,-4,48.0,Finishing,88.0,1
F. Thauvin,84,39000000.0,Backup,K. Mbappé,RM,F. Thauvin,Olympique de Marseille,39000000.0,52.0,-4,48.0,Finishing,81.0,1
K. Mbappé,88,81000000.0,Starter,K. Mbappé,RM,F. Thauvin,Olympique de Marseille,39000000.0,52.0,-4,48.0,ShortPassing,82.0,2
F. Thauvin,84,39000000.0,Backup,K. Mbappé,RM,F. Thauvin,Olympique de Marseille,39000000.0,52.0,-4,48.0,ShortPassing,83.0,2
K. Mbappé,88,81000000.0,Starter,K. Mbappé,RM,F. Thauvin,Olympique de Marseille,39000000.0,52.0,-4,48.0,Dribbling,90.0,3
F. Thauvin,84,39000000.0,Backup,K. Mbappé,RM,F. Thauvin,Olympique de Marseille,39000000.0,52.0,-4,48.0,Dribbling,85.0,3
K. Mbappé,88,81000000.0,Starter,K. Mbappé,RM,F. Thauvin,Olympique de Marseille,39000000.0,52.0,-4,48.0,StandingTackle,34.0,4
F. Thauvin,84,39000000.0,Backup,K. Mbappé,RM,F. Thauvin,Olympique de Marseille,39000000.0,52.0,-4,48.0,StandingTackle,29.0,4
K. Mbappé,88,81000000.0,Starter,K. Mbappé,RM,F. Thauvin,Olympique de Marseille,39000000.0,52.0,-4,48.0,Strength,71.0,5
F. Thauvin,84,39000000.0,Backup,K. Mbappé,RM,F. Thauvin,Olympique de Marseille,39000000.0,52.0,-4,48.0,Strength,66.0,5
K. Mbappé,88,81000000.0,Starter,K. Mbappé,RM,F. Thauvin,Olympique de Marseille,39000000.0,52.0,-4,48.0,SprintSpeed,96.0,6
F. Thauvin,84,39000000.0,Backup,K. Mbappé,RM,F. Thauvin,Olympique de Marseille,39000000.0,52.0,-4,48.0,SprintSpeed,80.0,6
M. Salah,88,69500000.0,Starter,M. Salah,RM,Marlos,Shakhtar Donetsk,21000000.0,70.0,-6,41.1,SprintSpeed,91.0,0
Marlos,82,21000000.0,Backup,M. Salah,RM,Marlos,Shakhtar Donetsk,21000000.0,70.0,-6,41.1,SprintSpeed,82.0,0
M. Salah,88,69500000.0,Starter,M. Salah,RM,Marlos,Shakhtar Donetsk,21000000.0,70.0,-6,41.1,Finishing,90.0,1
Marlos,82,21000000.0,Backup,M. Salah,RM,Marlos,Shakhtar Donetsk,21000000.0,70.0,-6,41.1,Finishing,79.0,1
M. Salah,88,69500000.0,Starter,M. Salah,RM,Marlos,Shakhtar Donetsk,21000000.0,70.0,-6,41.1,ShortPassing,82.0,2
Marlos,82,21000000.0,Backup,M. Salah,RM,Marlos,Shakhtar Donetsk,21000000.0,70.0,-6,41.1,ShortPassing,81.0,2
M. Salah,88,69500000.0,Starter,M. Salah,RM,Marlos,Shakhtar Donetsk,21000000.0,70.0,-6,41.1,Dribbling,89.0,3
Marlos,82,21000000.0,Backup,M. Salah,RM,Marlos,Shakhtar Donetsk,21000000.0,70.0,-6,41.1,Dribbling,87.0,3
M. Salah,88,69500000.0,Starter,M. Salah,RM,Marlos,Shakhtar Donetsk,21000000.0,70.0,-6,41.1,StandingTackle,43.0,4
Marlos,82,21000000.0,Backup,M. Salah,RM,Marlos,Shakhtar Donetsk,21000000.0,70.0,-6,41.1,StandingTackle,49.0,4
M. Salah,88,69500000.0,Starter,M. Salah,RM,Marlos,Shakhtar Donetsk,21000000.0,70.0,-6,41.1,Strength,70.0,5
Marlos,82,21000000.0,Backup,M. Salah,RM,Marlos,Shakhtar Donetsk,21000000.0,70.0,-6,41.1,Strength,62.0,5
M. Salah,88,69500000.0,Starter,M. Salah,RM,Marlos,Shakhtar Donetsk,21000000.0,70.0,-6,41.1,SprintSpeed,91.0,6
Marlos,82,21000000.0,Backup,M. Salah,RM,Marlos,Shakhtar Donetsk,21000000.0,70.0,-6,41.1,SprintSpeed,82.0,6
Casemiro,88,59500000.0,Starter,Casemiro,CDM,V. Wanyama,Tottenham Hotspur,14500000.0,76.0,-8,35.0,SprintSpeed,65.0,0
V. Wanyama,80,14500000.0,Backup,Casemiro,CDM,V. Wanyama,Tottenham Hotspur,14500000.0,76.0,-8,35.0,SprintSpeed,61.0,0
Casemiro,88,59500000.0,Starter,Casemiro,CDM,V. Wanyama,Tottenham Hotspur,14500000.0,76.0,-8,35.0,Finishing,59.0,1
V. Wanyama,80,14500000.0,Backup,Casemiro,CDM,V. Wanyama,Tottenham Hotspur,14500000.0,76.0,-8,35.0,Finishing,61.0,1
Casemiro,88,59500000.0,Starter,Casemiro,CDM,V. Wanyama,Tottenham Hotspur,14500000.0,76.0,-8,35.0,ShortPassing,85.0,2
V. Wanyama,80,14500000.0,Backup,Casemiro,CDM,V. Wanyama,Tottenham Hotspur,14500000.0,76.0,-8,35.0,ShortPassing,77.0,2
Casemiro,88,59500000.0,Starter,Casemiro,CDM,V. Wanyama,Tottenham Hotspur,14500000.0,76.0,-8,35.0,Dribbling,69.0,3
V. Wanyama,80,14500000.0,Backup,Casemiro,CDM,V. Wanyama,Tottenham Hotspur,14500000.0,76.0,-8,35.0,Dribbling,68.0,3
Casemiro,88,59500000.0,Starter,Casemiro,CDM,V. Wanyama,Tottenham Hotspur,14500000.0,76.0,-8,35.0,StandingTackle,90.0,4
V. Wanyama,80,14500000.0,Backup,Casemiro,CDM,V. Wanyama,Tottenham Hotspur,14500000.0,76.0,-8,35.0,StandingTackle,85.0,4
Casemiro,88,59500000.0,Starter,Casemiro,CDM,V. Wanyama,Tottenham Hotspur,14500000.0,76.0,-8,35.0,Strength,89.0,5
V. Wanyama,80,14500000.0,Backup,Casemiro,CDM,V. Wanyama,Tottenham Hotspur,14500000.0,76.0,-8,35.0,Strength,92.0,5
Casemiro,88,59500000.0,Starter,Casemiro,CDM,V. Wanyama,Tottenham Hotspur,14500000.0,76.0,-8,35.0,SprintSpeed,65.0,6
V. Wanyama,80,14500000.0,Backup,Casemiro,CDM,V. Wanyama,Tottenham Hotspur,14500000.0,76.0,-8,35.0,SprintSpeed,61.0,6
J. Rodríguez,88,69500000.0,Starter,J. Rodríguez,LAM,D. Tadić,Ajax,17500000.0,75.0,-7,16.1,SprintSpeed,67.0,0
D. Tadić,81,17500000.0,Backup,J. Rodríguez,LAM,D. Tadić,Ajax,17500000.0,75.0,-7,16.1,SprintSpeed,68.0,0
J. Rodríguez,88,69500000.0,Starter,J. Rodríguez,LAM,D. Tadić,Ajax,17500000.0,75.0,-7,16.1,Finishing,83.0,1
D. Tadić,81,17500000.0,Backup,J. Rodríguez,LAM,D. Tadić,Ajax,17500000.0,75.0,-7,16.1,Finishing,74.0,1
J. Rodríguez,88,69500000.0,Starter,J. Rodríguez,LAM,D. Tadić,Ajax,17500000.0,75.0,-7,16.1,ShortPassing,89.0,2
D. Tadić,81,17500000.0,Backup,J. Rodríguez,LAM,D. Tadić,Ajax,17500000.0,75.0,-7,16.1,ShortPassing,81.0,2
J. Rodríguez,88,69500000.0,Starter,J. Rodríguez,LAM,D. Tadić,Ajax,17500000.0,75.0,-7,16.1,Dribbling,85.0,3
D. Tadić,81,17500000.0,Backup,J. Rodríguez,LAM,D. Tadić,Ajax,17500000.0,75.0,-7,16.1,Dribbling,85.0,3
J. Rodríguez,88,69500000.0,Starter,J. Rodríguez,LAM,D. Tadić,Ajax,17500000.0,75.0,-7,16.1,StandingTackle,41.0,4
D. Tadić,81,17500000.0,Backup,J. Rodríguez,LAM,D. Tadić,Ajax,17500000.0,75.0,-7,16.1,StandingTackle,34.0,4
J. Rodríguez,88,69500000.0,Starter,J. Rodríguez,LAM,D. Tadić,Ajax,17500000.0,75.0,-7,16.1,Strength,68.0,5
D. Tadić,81,17500000.0,Backup,J. Rodríguez,LAM,D. Tadić,Ajax,17500000.0,75.0,-7,16.1,Strength,62.0,5
J. Rodríguez,88,69500000.0,Starter,J. Rodríguez,LAM,D. Tadić,Ajax,17500000.0,75.0,-7,16.1,SprintSpeed,67.0,6
D. Tadić,81,17500000.0,Backup,J. Rodríguez,LAM,D. Tadić,Ajax,17500000.0,75.0,-7,16.1,SprintSpeed,68.0,6
L. Insigne,88,62000000.0,Starter,L. Insigne,LW,D. Perotti,Roma,17500000.0,72.0,-7,13.5,SprintSpeed,86.0,0
D. Perotti,81,17500000.0,Backup,L. Insigne,LW,D. Perotti,Roma,17500000.0,72.0,-7,13.5,SprintSpeed,76.0,0
L. Insigne,88,62000000.0,Starter,L. Insigne,LW,D. Perotti,Roma,17500000.0,72.0,-7,13.5,Finishing,77.0,1
D. Perotti,81,17500000.0,Backup,L. Insigne,LW,D. Perotti,Roma,17500000.0,72.0,-7,13.5,Finishing,66.0,1
L. Insigne,88,62000000.0,Starter,L. Insigne,LW,D. Perotti,Roma,17500000.0,72.0,-7,13.5,ShortPassing,85.0,2
D. Perotti,81,17500000.0,Backup,L. Insigne,LW,D. Perotti,Roma,17500000.0,72.0,-7,13.5,ShortPassing,81.0,2
L. Insigne,88,62000000.0,Starter,L. Insigne,LW,D. Perotti,Roma,17500000.0,72.0,-7,13.5,Dribbling,90.0,3
D. Perotti,81,17500000.0,Backup,L. Insigne,LW,D. Perotti,Roma,17500000.0,72.0,-7,13.5,Dribbling,88.0,3
L. Insigne,88,62000000.0,Starter,L. Insigne,LW,D. Perotti,Roma,17500000.0,72.0,-7,13.5,StandingTackle,24.0,4
D. Perotti,81,17500000.0,Backup,L. Insigne,LW,D. Perotti,Roma,17500000.0,72.0,-7,13.5,StandingTackle,31.0,4
L. Insigne,88,62000000.0,Starter,L. Insigne,LW,D. Perotti,Roma,17500000.0,72.0,-7,13.5,Strength,44.0,5
D. Perotti,81,17500000.0,Backup,L. Insigne,LW,D. Perotti,Roma,17500000.0,72.0,-7,13.5,Strength,60.0,5
L. Insigne,88,62000000.0,Starter,L. Insigne,LW,D. Perotti,Roma,17500000.0,72.0,-7,13.5,SprintSpeed,86.0,6
D. Perotti,81,17500000.0,Backup,L. Insigne,LW,D. Perotti,Roma,17500000.0,72.0,-7,13.5,SprintSpeed,76.0,6
Isco,88,73500000.0,Starter,Isco,LW,I. Piatti,Montreal Impact,9000000.0,88.0,-8,-1.6,SprintSpeed,69.0,0
I. Piatti,80,9000000.0,Backup,Isco,LW,I. Piatti,Montreal Impact,9000000.0,88.0,-8,-1.6,SprintSpeed,76.0,0
Isco,88,73500000.0,Starter,Isco,LW,I. Piatti,Montreal Impact,9000000.0,88.0,-8,-1.6,Finishing,79.0,1
I. Piatti,80,9000000.0,Backup,Isco,LW,I. Piatti,Montreal Impact,9000000.0,88.0,-8,-1.6,Finishing,81.0,1
Isco,88,73500000.0,Starter,Isco,LW,I. Piatti,Montreal Impact,9000000.0,88.0,-8,-1.6,ShortPassing,89.0,2
I. Piatti,80,9000000.0,Backup,Isco,LW,I. Piatti,Montreal Impact,9000000.0,88.0,-8,-1.6,ShortPassing,78.0,2
Isco,88,73500000.0,Starter,Isco,LW,I. Piatti,Montreal Impact,9000000.0,88.0,-8,-1.6,Dribbling,94.0,3
I. Piatti,80,9000000.0,Backup,Isco,LW,I. Piatti,Montreal Impact,9000000.0,88.0,-8,-1.6,Dribbling,86.0,3
Isco,88,73500000.0,Starter,Isco,LW,I. Piatti,Montreal Impact,9000000.0,88.0,-8,-1.6,StandingTackle,64.0,4
I. Piatti,80,9000000.0,Backup,Isco,LW,I. Piatti,Montreal Impact,9000000.0,88.0,-8,-1.6,StandingTackle,62.0,4
Isco,88,73500000.0,Starter,Isco,LW,I. Piatti,Montreal Impact,9000000.0,88.0,-8,-1.6,Strength,59.0,5
I. Piatti,80,9000000.0,Backup,Isco,LW,I. Piatti,Montreal Impact,9000000.0,88.0,-8,-1.6,Strength,73.0,5
Isco,88,73500000.0,Starter,Isco,LW,I. Piatti,Montreal Impact,9000000.0,88.0,-8,-1.6,SprintSpeed,69.0,6
I. Piatti,80,9000000.0,Backup,Isco,LW,I. Piatti,Montreal Impact,9000000.0,88.0,-8,-1.6,SprintSpeed,76.0,6
C. Eriksen,88,73500000.0,Starter,C. Eriksen,CAM,H. Çalhanoğlu,Milan,19500000.0,73.0,-8,24.7,SprintSpeed,73.0,0
H. Çalhanoğlu,80,19500000.0,Backup,C. Eriksen,CAM,H. Çalhanoğlu,Milan,19500000.0,73.0,-8,24.7,SprintSpeed,69.0,0
C. Eriksen,88,73500000.0,Starter,C. Eriksen,CAM,H. Çalhanoğlu,Milan,19500000.0,73.0,-8,24.7,Finishing,80.0,1
H. Çalhanoğlu,80,19500000.0,Backup,C. Eriksen,CAM,H. Çalhanoğlu,Milan,19500000.0,73.0,-8,24.7,Finishing,65.0,1
C. Eriksen,88,73500000.0,Starter,C. Eriksen,CAM,H. Çalhanoğlu,Milan,19500000.0,73.0,-8,24.7,ShortPassing,91.0,2
H. Çalhanoğlu,80,19500000.0,Backup,C. Eriksen,CAM,H. Çalhanoğlu,Milan,19500000.0,73.0,-8,24.7,ShortPassing,83.0,2
C. Eriksen,88,73500000.0,Starter,C. Eriksen,CAM,H. Çalhanoğlu,Milan,19500000.0,73.0,-8,24.7,Dribbling,84.0,3
H. Çalhanoğlu,80,19500000.0,Backup,C. Eriksen,CAM,H. Çalhanoğlu,Milan,19500000.0,73.0,-8,24.7,Dribbling,85.0,3
C. Eriksen,88,73500000.0,Starter,C. Eriksen,CAM,H. Çalhanoğlu,Milan,19500000.0,73.0,-8,24.7,StandingTackle,57.0,4
H. Çalhanoğlu,80,19500000.0,Backup,C. Eriksen,CAM,H. Çalhanoğlu,Milan,19500000.0,73.0,-8,24.7,StandingTackle,56.0,4
C. Eriksen,88,73500000.0,Starter,C. Eriksen,CAM,H. Çalhanoğlu,Milan,19500000.0,73.0,-8,24.7,Strength,58.0,5
H. Çalhanoğlu,80,19500000.0,Backup,C. Eriksen,CAM,H. Çalhanoğlu,Milan,19500000.0,73.0,-8,24.7,Strength,54.0,5
C. Eriksen,88,73500000.0,Starter,C. Eriksen,CAM,H. Çalhanoğlu,Milan,19500000.0,73.0,-8,24.7,SprintSpeed,73.0,6
H. Çalhanoğlu,80,19500000.0,Backup,C. Eriksen,CAM,H. Çalhanoğlu,Milan,19500000.0,73.0,-8,24.7,SprintSpeed,69.0,6
Coutinho,88,69500000.0,Starter,Coutinho,LW,M. Rashford,Manchester United,27000000.0,61.0,-7,4.0,SprintSpeed,75.0,0
M. Rashford,81,27000000.0,Backup,Coutinho,LW,M. Rashford,Manchester United,27000000.0,61.0,-7,4.0,SprintSpeed,93.0,0
Coutinho,88,69500000.0,Starter,Coutinho,LW,M. Rashford,Manchester United,27000000.0,61.0,-7,4.0,Finishing,79.0,1
M. Rashford,81,27000000.0,Backup,Coutinho,LW,M. Rashford,Manchester United,27000000.0,61.0,-7,4.0,Finishing,78.0,1
Coutinho,88,69500000.0,Starter,Coutinho,LW,M. Rashford,Manchester United,27000000.0,61.0,-7,4.0,ShortPassing,88.0,2
M. Rashford,81,27000000.0,Backup,Coutinho,LW,M. Rashford,Manchester United,27000000.0,61.0,-7,4.0,ShortPassing,75.0,2
Coutinho,88,69500000.0,Starter,Coutinho,LW,M. Rashford,Manchester United,27000000.0,61.0,-7,4.0,Dribbling,91.0,3
M. Rashford,81,27000000.0,Backup,Coutinho,LW,M. Rashford,Manchester United,27000000.0,61.0,-7,4.0,Dribbling,83.0,3
Coutinho,88,69500000.0,Starter,Coutinho,LW,M. Rashford,Manchester United,27000000.0,61.0,-7,4.0,StandingTackle,54.0,4
M. Rashford,81,27000000.0,Backup,Coutinho,LW,M. Rashford,Manchester United,27000000.0,61.0,-7,4.0,StandingTackle,40.0,4
Coutinho,88,69500000.0,Starter,Coutinho,LW,M. Rashford,Manchester United,27000000.0,61.0,-7,4.0,Strength,61.0,5
M. Rashford,81,27000000.0,Backup,Coutinho,LW,M. Rashford,Manchester United,27000000.0,61.0,-7,4.0,Strength,71.0,5
Coutinho,88,69500000.0,Starter,Coutinho,LW,M. Rashford,Manchester United,27000000.0,61.0,-7,4.0,SprintSpeed,75.0,6
M. Rashford,81,27000000.0,Backup,Coutinho,LW,M. Rashford,Manchester United,27000000.0,61.0,-7,4.0,SprintSpeed,93.0,6
P. Aubameyang,88,59000000.0,Starter,P. Aubameyang,LM,H. Son,Tottenham Hotspur,37000000.0,37.0,-4,31.0,SprintSpeed,95.0,0
H. Son,84,37000000.0,Backup,P. Aubameyang,LM,H. Son,Tottenham Hotspur,37000000.0,37.0,-4,31.0,SprintSpeed,87.0,0
P. Aubameyang,88,59000000.0,Starter,P. Aubameyang,LM,H. Son,Tottenham Hotspur,37000000.0,37.0,-4,31.0,Finishing,88.0,1
H. Son,84,37000000.0,Backup,P. Aubameyang,LM,H. Son,Tottenham Hotspur,37000000.0,37.0,-4,31.0,Finishing,85.0,1
P. Aubameyang,88,59000000.0,Starter,P. Aubameyang,LM,H. Son,Tottenham Hotspur,37000000.0,37.0,-4,31.0,ShortPassing,77.0,2
H. Son,84,37000000.0,Backup,P. Aubameyang,LM,H. Son,Tottenham Hotspur,37000000.0,37.0,-4,31.0,ShortPassing,79.0,2
P. Aubameyang,88,59000000.0,Starter,P. Aubameyang,LM,H. Son,Tottenham Hotspur,37000000.0,37.0,-4,31.0,Dribbling,79.0,3
H. Son,84,37000000.0,Backup,P. Aubameyang,LM,H. Son,Tottenham Hotspur,37000000.0,37.0,-4,31.0,Dribbling,88.0,3
P. Aubameyang,88,59000000.0,Starter,P. Aubameyang,LM,H. Son,Tottenham Hotspur,37000000.0,37.0,-4,31.0,StandingTackle,25.0,4
H. Son,84,37000000.0,Backup,P. Aubameyang,LM,H. Son,Tottenham Hotspur,37000000.0,37.0,-4,31.0,StandingTackle,34.0,4
P. Aubameyang,88,59000000.0,Starter,P. Aubameyang,LM,H. Son,Tottenham Hotspur,37000000.0,37.0,-4,31.0,Strength,76.0,5
H. Son,84,37000000.0,Backup,P. Aubameyang,LM,H. Son,Tottenham Hotspur,37000000.0,37.0,-4,31.0,Strength,63.0,5
P. Aubameyang,88,59000000.0,Starter,P. Aubameyang,LM,H. Son,Tottenham Hotspur,37000000.0,37.0,-4,31.0,SprintSpeed,95.0,6
H. Son,84,37000000.0,Backup,P. Aubameyang,LM,H. Son,Tottenham Hotspur,37000000.0,37.0,-4,31.0,SprintSpeed,87.0,6
M. Hummels,88,46000000.0,Starter,M. Hummels,LCB,J. Vertonghen,Tottenham Hotspur,34000000.0,26.0,-1,33.4,SprintSpeed,64.0,0
J. Vertonghen,87,34000000.0,Backup,M. Hummels,LCB,J. Vertonghen,Tottenham Hotspur,34000000.0,26.0,-1,33.4,SprintSpeed,65.0,0
M. Hummels,88,46000000.0,Starter,M. Hummels,LCB,J. Vertonghen,Tottenham Hotspur,34000000.0,26.0,-1,33.4,Finishing,55.0,1
J. Vertonghen,87,34000000.0,Backup,M. Hummels,LCB,J. Vertonghen,Tottenham Hotspur,34000000.0,26.0,-1,33.4,Finishing,56.0,1
M. Hummels,88,46000000.0,Starter,M. Hummels,LCB,J. Vertonghen,Tottenham Hotspur,34000000.0,26.0,-1,33.4,ShortPassing,81.0,2
J. Vertonghen,87,34000000.0,Backup,M. Hummels,LCB,J. Vertonghen,Tottenham Hotspur,34000000.0,26.0,-1,33.4,ShortPassing,79.0,2
M. Hummels,88,46000000.0,Starter,M. Hummels,LCB,J. Vertonghen,Tottenham Hotspur,34000000.0,26.0,-1,33.4,Dribbling,68.0,3
J. Vertonghen,87,34000000.0,Backup,M. Hummels,LCB,J. Vertonghen,Tottenham Hotspur,34000000.0,26.0,-1,33.4,Dribbling,71.0,3
M. Hummels,88,46000000.0,Starter,M. Hummels,LCB,J. Vertonghen,Tottenham Hotspur,34000000.0,26.0,-1,33.4,StandingTackle,90.0,4
J. Vertonghen,87,34000000.0,Backup,M. Hummels,LCB,J. Vertonghen,Tottenham Hotspur,34000000.0,26.0,-1,33.4,StandingTackle,87.0,4
M. Hummels,88,46000000.0,Starter,M. Hummels,LCB,J. Vertonghen,Tottenham Hotspur,34000000.0,26.0,-1,33.4,Strength,84.0,5
J. Vertonghen,87,34000000.0,Backup,M. Hummels,LCB,J. Vertonghen,Tottenham Hotspur,34000000.0,26.0,-1,33.4,Strength,79.0,5
M. Hummels,88,46000000.0,Starter,M. Hummels,LCB,J. Vertonghen,Tottenham Hotspur,34000000.0,26.0,-1,33.4,SprintSpeed,64.0,6
J. Vertonghen,87,34000000.0,Backup,M. Hummels,LCB,J. Vertonghen,Tottenham Hotspur,34000000.0,26.0,-1,33.4,SprintSpeed,65.0,6
Marcelo,88,43000000.0,Starter,Marcelo,LB,Alex Telles,FC Porto,32000000.0,26.0,-4,38.2,SprintSpeed,82.0,0
Alex Telles,84,32000000.0,Backup,Marcelo,LB,Alex Telles,FC Porto,32000000.0,26.0,-4,38.2,SprintSpeed,85.0,0
Marcelo,88,43000000.0,Starter,Marcelo,LB,Alex Telles,FC Porto,32000000.0,26.0,-4,38.2,Finishing,70.0,1
Alex Telles,84,32000000.0,Backup,Marcelo,LB,Alex Telles,FC Porto,32000000.0,26.0,-4,38.2,Finishing,65.0,1
Marcelo,88,43000000.0,Starter,Marcelo,LB,Alex Telles,FC Porto,32000000.0,26.0,-4,38.2,ShortPassing,84.0,2
Alex Telles,84,32000000.0,Backup,Marcelo,LB,Alex Telles,FC Porto,32000000.0,26.0,-4,38.2,ShortPassing,83.0,2
Marcelo,88,43000000.0,Starter,Marcelo,LB,Alex Telles,FC Porto,32000000.0,26.0,-4,38.2,Dribbling,90.0,3
Alex Telles,84,32000000.0,Backup,Marcelo,LB,Alex Telles,FC Porto,32000000.0,26.0,-4,38.2,Dribbling,82.0,3
Marcelo,88,43000000.0,Starter,Marcelo,LB,Alex Telles,FC Porto,32000000.0,26.0,-4,38.2,StandingTackle,85.0,4
Alex Telles,84,32000000.0,Backup,Marcelo,LB,Alex Telles,FC Porto,32000000.0,26.0,-4,38.2,StandingTackle,81.0,4
Marcelo,88,43000000.0,Starter,Marcelo,LB,Alex Telles,FC Porto,32000000.0,26.0,-4,38.2,Strength,78.0,5
Alex Telles,84,32000000.0,Backup,Marcelo,LB,Alex Telles,FC Porto,32000000.0,26.0,-4,38.2,Strength,68.0,5
Marcelo,88,43000000.0,Starter,Marcelo,LB,Alex Telles,FC Porto,32000000.0,26.0,-4,38.2,SprintSpeed,82.0,6
Alex Telles,84,32000000.0,Backup,Marcelo,LB,Alex Telles,FC Porto,32000000.0,26.0,-4,38.2,SprintSpeed,85.0,6
G. Bale,88,60000000.0,Starter,G. Bale,ST,Rodrigo,Valencia CF,30500000.0,49.0,-5,12.2,SprintSpeed,95.0,0
Rodrigo,83,30500000.0,Backup,G. Bale,ST,Rodrigo,Valencia CF,30500000.0,49.0,-5,12.2,SprintSpeed,91.0,0
G. Bale,88,60000000.0,Starter,G. Bale,ST,Rodrigo,Valencia CF,30500000.0,49.0,-5,12.2,Finishing,86.0,1
Rodrigo,83,30500000.0,Backup,G. Bale,ST,Rodrigo,Valencia CF,30500000.0,49.0,-5,12.2,Finishing,78.0,1
G. Bale,88,60000000.0,Starter,G. Bale,ST,Rodrigo,Valencia CF,30500000.0,49.0,-5,12.2,ShortPassing,85.0,2
Rodrigo,83,30500000.0,Backup,G. Bale,ST,Rodrigo,Valencia CF,30500000.0,49.0,-5,12.2,ShortPassing,78.0,2
G. Bale,88,60000000.0,Starter,G. Bale,ST,Rodrigo,Valencia CF,30500000.0,49.0,-5,12.2,Dribbling,87.0,3
Rodrigo,83,30500000.0,Backup,G. Bale,ST,Rodrigo,Valencia CF,30500000.0,49.0,-5,12.2,Dribbling,82.0,3
G. Bale,88,60000000.0,Starter,G. Bale,ST,Rodrigo,Valencia CF,30500000.0,49.0,-5,12.2,StandingTackle,55.0,4
Rodrigo,83,30500000.0,Backup,G. Bale,ST,Rodrigo,Valencia CF,30500000.0,49.0,-5,12.2,StandingTackle,41.0,4
G. Bale,88,60000000.0,Starter,G. Bale,ST,Rodrigo,Valencia CF,30500000.0,49.0,-5,12.2,Strength,80.0,5
Rodrigo,83,30500000.0,Backup,G. Bale,ST,Rodrigo,Valencia CF,30500000.0,49.0,-5,12.2,Strength,72.0,5
G. Bale,88,60000000.0,Starter,G. Bale,ST,Rodrigo,Valencia CF,30500000.0,49.0,-5,12.2,SprintSpeed,95.0,6
Rodrigo,83,30500000.0,Backup,G. Bale,ST,Rodrigo,Valencia CF,30500000.0,49.0,-5,12.2,SprintSpeed,91.0,6
H. Lloris,88,36000000.0,Starter,H. Lloris,GK,Neto,Valencia CF,21000000.0,42.0,-5,28.5,SprintSpeed,62.0,0
Neto,83,21000000.0,Backup,H. Lloris,GK,Neto,Valencia CF,21000000.0,42.0,-5,28.5,SprintSpeed,49.0,0
H. Lloris,88,36000000.0,Starter,H. Lloris,GK,Neto,Valencia CF,21000000.0,42.0,-5,28.5,Finishing,10.0,1
Neto,83,21000000.0,Backup,H. Lloris,GK,Neto,Valencia CF,21000000.0,42.0,-5,28.5,Finishing,15.0,1
H. Lloris,88,36000000.0,Starter,H. Lloris,GK,Neto,Valencia CF,21000000.0,42.0,-5,28.5,ShortPassing,50.0,2
Neto,83,21000000.0,Backup,H. Lloris,GK,Neto,Valencia CF,21000000.0,42.0,-5,28.5,ShortPassing,36.0,2
H. Lloris,88,36000000.0,Starter,H. Lloris,GK,Neto,Valencia CF,21000000.0,42.0,-5,28.5,Dribbling,10.0,3
Neto,83,21000000.0,Backup,H. Lloris,GK,Neto,Valencia CF,21000000.0,42.0,-5,28.5,Dribbling,19.0,3
H. Lloris,88,36000000.0,Starter,H. Lloris,GK,Neto,Valencia CF,21000000.0,42.0,-5,28.5,StandingTackle,10.0,4
Neto,83,21000000.0,Backup,H. Lloris,GK,Neto,Valencia CF,21000000.0,42.0,-5,28.5,StandingTackle,14.0,4
H. Lloris,88,36000000.0,Starter,H. Lloris,GK,Neto,Valencia CF,21000000.0,42.0,-5,28.5,Strength,43.0,5
Neto,83,21000000.0,Backup,H. Lloris,GK,Neto,Valencia CF,21000000.0,42.0,-5,28.5,Strength,63.0,5
H. Lloris,88,36000000.0,Starter,H. Lloris,GK,Neto,Valencia CF,21000000.0,42.0,-5,28.5,SprintSpeed,62.0,6
Neto,83,21000000.0,Backup,H. Lloris,GK,Neto,Valencia CF,21000000.0,42.0,-5,28.5,SprintSpeed,49.0,6
G. Higuaín,88,57000000.0,Starter,G. Higuaín,LS,C. Bacca,Villarreal CF,16000000.0,72.0,-7,38.3,SprintSpeed,73.0,0
C. Bacca,81,16000000.0,Backup,G. Higuaín,LS,C. Bacca,Villarreal CF,16000000.0,72.0,-7,38.3,SprintSpeed,75.0,0
G. Higuaín,88,57000000.0,Starter,G. Higuaín,LS,C. Bacca,Villarreal CF,16000000.0,72.0,-7,38.3,Finishing,92.0,1
C. Bacca,81,16000000.0,Backup,G. Higuaín,LS,C. Bacca,Villarreal CF,16000000.0,72.0,-7,38.3,Finishing,84.0,1
G. Higuaín,88,57000000.0,Starter,G. Higuaín,LS,C. Bacca,Villarreal CF,16000000.0,72.0,-7,38.3,ShortPassing,75.0,2
C. Bacca,81,16000000.0,Backup,G. Higuaín,LS,C. Bacca,Villarreal CF,16000000.0,72.0,-7,38.3,ShortPassing,68.0,2
G. Higuaín,88,57000000.0,Starter,G. Higuaín,LS,C. Bacca,Villarreal CF,16000000.0,72.0,-7,38.3,Dribbling,84.0,3
C. Bacca,81,16000000.0,Backup,G. Higuaín,LS,C. Bacca,Villarreal CF,16000000.0,72.0,-7,38.3,Dribbling,80.0,3
G. Higuaín,88,57000000.0,Starter,G. Higuaín,LS,C. Bacca,Villarreal CF,16000000.0,72.0,-7,38.3,StandingTackle,22.0,4
C. Bacca,81,16000000.0,Backup,G. Higuaín,LS,C. Bacca,Villarreal CF,16000000.0,72.0,-7,38.3,StandingTackle,16.0,4
G. Higuaín,88,57000000.0,Starter,G. Higuaín,LS,C. Bacca,Villarreal CF,16000000.0,72.0,-7,38.3,Strength,85.0,5
C. Bacca,81,16000000.0,Backup,G. Higuaín,LS,C. Bacca,Villarreal CF,16000000.0,72.0,-7,38.3,Strength,74.0,5
G. Higuaín,88,57000000.0,Starter,G. Higuaín,LS,C. Bacca,Villarreal CF,16000000.0,72.0,-7,38.3,SprintSpeed,73.0,6
C. Bacca,81,16000000.0,Backup,G. Higuaín,LS,C. Bacca,Villarreal CF,16000000.0,72.0,-7,38.3,SprintSpeed,75.0,6
Thiago Silva,88,24000000.0,Starter,Thiago Silva,RCB,L. Perrin,AS Saint-Étienne,8500000.0,65.0,-8,38.4,SprintSpeed,72.0,0
L. Perrin,80,8500000.0,Backup,Thiago Silva,RCB,L. Perrin,AS Saint-Étienne,8500000.0,65.0,-8,38.4,SprintSpeed,63.0,0
Thiago Silva,88,24000000.0,Starter,Thiago Silva,RCB,L. Perrin,AS Saint-Étienne,8500000.0,65.0,-8,38.4,Finishing,38.0,1
L. Perrin,80,8500000.0,Backup,Thiago Silva,RCB,L. Perrin,AS Saint-Étienne,8500000.0,65.0,-8,38.4,Finishing,55.0,1
Thiago Silva,88,24000000.0,Starter,Thiago Silva,RCB,L. Perrin,AS Saint-Étienne,8500000.0,65.0,-8,38.4,ShortPassing,80.0,2
L. Perrin,80,8500000.0,Backup,Thiago Silva,RCB,L. Perrin,AS Saint-Étienne,8500000.0,65.0,-8,38.4,ShortPassing,74.0,2
Thiago Silva,88,24000000.0,Starter,Thiago Silva,RCB,L. Perrin,AS Saint-Étienne,8500000.0,65.0,-8,38.4,Dribbling,62.0,3
L. Perrin,80,8500000.0,Backup,Thiago Silva,RCB,L. Perrin,AS Saint-Étienne,8500000.0,65.0,-8,38.4,Dribbling,62.0,3
Thiago Silva,88,24000000.0,Starter,Thiago Silva,RCB,L. Perrin,AS Saint-Étienne,8500000.0,65.0,-8,38.4,StandingTackle,89.0,4
L. Perrin,80,8500000.0,Backup,Thiago Silva,RCB,L. Perrin,AS Saint-Étienne,8500000.0,65.0,-8,38.4,StandingTackle,84.0,4
Thiago Silva,88,24000000.0,Starter,Thiago Silva,RCB,L. Perrin,AS Saint-Étienne,8500000.0,65.0,-8,38.4,Strength,82.0,5
L. Perrin,80,8500000.0,Backup,Thiago Silva,RCB,L. Perrin,AS Saint-Étienne,8500000.0,65.0,-8,38.4,Strength,78.0,5
Thiago Silva,88,24000000.0,Starter,Thiago Silva,RCB,L. Perrin,AS Saint-Étienne,8500000.0,65.0,-8,38.4,SprintSpeed,72.0,6
L. Perrin,80,8500000.0,Backup,Thiago Silva,RCB,L. Perrin,AS Saint-Étienne,8500000.0,65.0,-8,38.4,SprintSpeed,63.0,6
S. Handanovič,88,30000000.0,Starter,S. Handanovič,GK,O. Baumann,TSG 1899 Hoffenheim,21000000.0,30.0,-5,55.4,SprintSpeed,55.0,0
O. Baumann,83,21000000.0,Backup,S. Handanovič,GK,O. Baumann,TSG 1899 Hoffenheim,21000000.0,30.0,-5,55.4,SprintSpeed,51.0,0
S. Handanovič,88,30000000.0,Starter,S. Handanovič,GK,O. Baumann,TSG 1899 Hoffenheim,21000000.0,30.0,-5,55.4,Finishing,10.0,1
O. Baumann,83,21000000.0,Backup,S. Handanovič,GK,O. Baumann,TSG 1899 Hoffenheim,21000000.0,30.0,-5,55.4,Finishing,11.0,1
S. Handanovič,88,30000000.0,Starter,S. Handanovič,GK,O. Baumann,TSG 1899 Hoffenheim,21000000.0,30.0,-5,55.4,ShortPassing,36.0,2
O. Baumann,83,21000000.0,Backup,S. Handanovič,GK,O. Baumann,TSG 1899 Hoffenheim,21000000.0,30.0,-5,55.4,ShortPassing,30.0,2
S. Handanovič,88,30000000.0,Starter,S. Handanovič,GK,O. Baumann,TSG 1899 Hoffenheim,21000000.0,30.0,-5,55.4,Dribbling,12.0,3
O. Baumann,83,21000000.0,Backup,S. Handanovič,GK,O. Baumann,TSG 1899 Hoffenheim,21000000.0,30.0,-5,55.4,Dribbling,19.0,3
S. Handanovič,88,30000000.0,Starter,S. Handanovič,GK,O. Baumann,TSG 1899 Hoffenheim,21000000.0,30.0,-5,55.4,StandingTackle,10.0,4
O. Baumann,83,21000000.0,Backup,S. Handanovič,GK,O. Baumann,TSG 1899 Hoffenheim,21000000.0,30.0,-5,55.4,StandingTackle,18.0,4
S. Handanovič,88,30000000.0,Starter,S. Handanovič,GK,O. Baumann,TSG 1899 Hoffenheim,21000000.0,30.0,-5,55.4,Strength,71.0,5
O. Baumann,83,21000000.0,Backup,S. Handanovič,GK,O. Baumann,TSG 1899 Hoffenheim,21000000.0,30.0,-5,55.4,Strength,69.0,5
S. Handanovič,88,30000000.0,Starter,S. Handanovič,GK,O. Baumann,TSG 1899 Hoffenheim,21000000.0,30.0,-5,55.4,SprintSpeed,55.0,6
O. Baumann,83,21000000.0,Backup,S. Handanovič,GK,O. Baumann,TSG 1899 Hoffenheim,21000000.0,30.0,-5,55.4,SprintSpeed,51.0,6
G. Buffon,88,4000000.0,Starter,G. Buffon,GK,Diego López,RCD Espanyol,2000000.0,50.0,-8,40.5,SprintSpeed,43.0,0
Diego López,80,2000000.0,Backup,G. Buffon,GK,Diego López,RCD Espanyol,2000000.0,50.0,-8,40.5,SprintSpeed,52.0,0
G. Buffon,88,4000000.0,Starter,G. Buffon,GK,Diego López,RCD Espanyol,2000000.0,50.0,-8,40.5,Finishing,15.0,1
Diego López,80,2000000.0,Backup,G. Buffon,GK,Diego López,RCD Espanyol,2000000.0,50.0,-8,40.5,Finishing,12.0,1
G. Buffon,88,4000000.0,Starter,G. Buffon,GK,Diego López,RCD Espanyol,2000000.0,50.0,-8,40.5,ShortPassing,37.0,2
Diego López,80,2000000.0,Backup,G. Buffon,GK,Diego López,RCD Espanyol,2000000.0,50.0,-8,40.5,ShortPassing,28.0,2
G. Buffon,88,4000000.0,Starter,G. Buffon,GK,Diego López,RCD Espanyol,2000000.0,50.0,-8,40.5,Dribbling,26.0,3
Diego López,80,2000000.0,Backup,G. Buffon,GK,Diego López,RCD Espanyol,2000000.0,50.0,-8,40.5,Dribbling,11.0,3
G. Buffon,88,4000000.0,Starter,G. Buffon,GK,Diego López,RCD Espanyol,2000000.0,50.0,-8,40.5,StandingTackle,11.0,4
Diego López,80,2000000.0,Backup,G. Buffon,GK,Diego López,RCD Espanyol,2000000.0,50.0,-8,40.5,StandingTackle,13.0,4
G. Buffon,88,4000000.0,Starter,G. Buffon,GK,Diego López,RCD Espanyol,2000000.0,50.0,-8,40.5,Strength,69.0,5
Diego López,80,2000000.0,Backup,G. Buffon,GK,Diego López,RCD Espanyol,2000000.0,50.0,-8,40.5,Strength,66.0,5
G. Buffon,88,4000000.0,Starter,G. Buffon,GK,Diego López,RCD Espanyol,2000000.0,50.0,-8,40.5,SprintSpeed,43.0,6
Diego López,80,2000000.0,Backup,G. Buffon,GK,Diego López,RCD Espanyol,2000000.0,50.0,-8,40.5,SprintSpeed,52.0,6
S. Umtiti,87,57000000.0,Starter,S. Umtiti,CB,M. Rojo,Manchester United,10000000.0,82.0,-8,36.1,SprintSpeed,73.0,0
M. Rojo,79,10000000.0,Backup,S. Umtiti,CB,M. Rojo,Manchester United,10000000.0,82.0,-8,36.1,SprintSpeed,69.0,0
S. Umtiti,87,57000000.0,Starter,S. Umtiti,CB,M. Rojo,Manchester United,10000000.0,82.0,-8,36.1,Finishing,51.0,1
M. Rojo,79,10000000.0,Backup,S. Umtiti,CB,M. Rojo,Manchester United,10000000.0,82.0,-8,36.1,Finishing,50.0,1
S. Umtiti,87,57000000.0,Starter,S. Umtiti,CB,M. Rojo,Manchester United,10000000.0,82.0,-8,36.1,ShortPassing,81.0,2
M. Rojo,79,10000000.0,Backup,S. Umtiti,CB,M. Rojo,Manchester United,10000000.0,82.0,-8,36.1,ShortPassing,72.0,2
S. Umtiti,87,57000000.0,Starter,S. Umtiti,CB,M. Rojo,Manchester United,10000000.0,82.0,-8,36.1,Dribbling,69.0,3
M. Rojo,79,10000000.0,Backup,S. Umtiti,CB,M. Rojo,Manchester United,10000000.0,82.0,-8,36.1,Dribbling,64.0,3
S. Umtiti,87,57000000.0,Starter,S. Umtiti,CB,M. Rojo,Manchester United,10000000.0,82.0,-8,36.1,StandingTackle,89.0,4
M. Rojo,79,10000000.0,Backup,S. Umtiti,CB,M. Rojo,Manchester United,10000000.0,82.0,-8,36.1,StandingTackle,81.0,4
S. Umtiti,87,57000000.0,Starter,S. Umtiti,CB,M. Rojo,Manchester United,10000000.0,82.0,-8,36.1,Strength,84.0,5
M. Rojo,79,10000000.0,Backup,S. Umtiti,CB,M. Rojo,Manchester United,10000000.0,82.0,-8,36.1,Strength,77.0,5
S. Umtiti,87,57000000.0,Starter,S. Umtiti,CB,M. Rojo,Manchester United,10000000.0,82.0,-8,36.1,SprintSpeed,73.0,6
M. Rojo,79,10000000.0,Backup,S. Umtiti,CB,M. Rojo,Manchester United,10000000.0,82.0,-8,36.1,SprintSpeed,69.0,6
M. Icardi,87,64500000.0,Starter,M. Icardi,ST,L. Alario,Bayer 04 Leverkusen,16000000.0,75.0,-8,33.8,SprintSpeed,78.0,0
L. Alario,79,16000000.0,Backup,M. Icardi,ST,L. Alario,Bayer 04 Leverkusen,16000000.0,75.0,-8,33.8,SprintSpeed,73.0,0
M. Icardi,87,64500000.0,Starter,M. Icardi,ST,L. Alario,Bayer 04 Leverkusen,16000000.0,75.0,-8,33.8,Finishing,91.0,1
L. Alario,79,16000000.0,Backup,M. Icardi,ST,L. Alario,Bayer 04 Leverkusen,16000000.0,75.0,-8,33.8,Finishing,84.0,1
M. Icardi,87,64500000.0,Starter,M. Icardi,ST,L. Alario,Bayer 04 Leverkusen,16000000.0,75.0,-8,33.8,ShortPassing,73.0,2
L. Alario,79,16000000.0,Backup,M. Icardi,ST,L. Alario,Bayer 04 Leverkusen,16000000.0,75.0,-8,33.8,ShortPassing,69.0,2
M. Icardi,87,64500000.0,Starter,M. Icardi,ST,L. Alario,Bayer 04 Leverkusen,16000000.0,75.0,-8,33.8,Dribbling,77.0,3
L. Alario,79,16000000.0,Backup,M. Icardi,ST,L. Alario,Bayer 04 Leverkusen,16000000.0,75.0,-8,33.8,Dribbling,75.0,3
M. Icardi,87,64500000.0,Starter,M. Icardi,ST,L. Alario,Bayer 04 Leverkusen,16000000.0,75.0,-8,33.8,StandingTackle,24.0,4
L. Alario,79,16000000.0,Backup,M. Icardi,ST,L. Alario,Bayer 04 Leverkusen,16000000.0,75.0,-8,33.8,StandingTackle,27.0,4
M. Icardi,87,64500000.0,Starter,M. Icardi,ST,L. Alario,Bayer 04 Leverkusen,16000000.0,75.0,-8,33.8,Strength,76.0,5
L. Alario,79,16000000.0,Backup,M. Icardi,ST,L. Alario,Bayer 04 Leverkusen,16000000.0,75.0,-8,33.8,Strength,78.0,5
M. Icardi,87,64500000.0,Starter,M. Icardi,ST,L. Alario,Bayer 04 Leverkusen,16000000.0,75.0,-8,33.8,SprintSpeed,78.0,6
L. Alario,79,16000000.0,Backup,M. Icardi,ST,L. Alario,Bayer 04 Leverkusen,16000000.0,75.0,-8,33.8,SprintSpeed,73.0,6
K. Koulibaly,87,51000000.0,Starter,K. Koulibaly,LCB,A. Romagnoli,Milan,26500000.0,48.0,-5,26.2,SprintSpeed,75.0,0
A. Romagnoli,82,26500000.0,Backup,K. Koulibaly,LCB,A. Romagnoli,Milan,26500000.0,48.0,-5,26.2,SprintSpeed,69.0,0
K. Koulibaly,87,51000000.0,Starter,K. Koulibaly,LCB,A. Romagnoli,Milan,26500000.0,48.0,-5,26.2,Finishing,19.0,1
A. Romagnoli,82,26500000.0,Backup,K. Koulibaly,LCB,A. Romagnoli,Milan,26500000.0,48.0,-5,26.2,Finishing,30.0,1
K. Koulibaly,87,51000000.0,Starter,K. Koulibaly,LCB,A. Romagnoli,Milan,26500000.0,48.0,-5,26.2,ShortPassing,66.0,2
A. Romagnoli,82,26500000.0,Backup,K. Koulibaly,LCB,A. Romagnoli,Milan,26500000.0,48.0,-5,26.2,ShortPassing,70.0,2
K. Koulibaly,87,51000000.0,Starter,K. Koulibaly,LCB,A. Romagnoli,Milan,26500000.0,48.0,-5,26.2,Dribbling,66.0,3
A. Romagnoli,82,26500000.0,Backup,K. Koulibaly,LCB,A. Romagnoli,Milan,26500000.0,48.0,-5,26.2,Dribbling,65.0,3
K. Koulibaly,87,51000000.0,Starter,K. Koulibaly,LCB,A. Romagnoli,Milan,26500000.0,48.0,-5,26.2,StandingTackle,88.0,4
A. Romagnoli,82,26500000.0,Backup,K. Koulibaly,LCB,A. Romagnoli,Milan,26500000.0,48.0,-5,26.2,StandingTackle,85.0,4
K. Koulibaly,87,51000000.0,Starter,K. Koulibaly,LCB,A. Romagnoli,Milan,26500000.0,48.0,-5,26.2,Strength,94.0,5
A. Romagnoli,82,26500000.0,Backup,K. Koulibaly,LCB,A. Romagnoli,Milan,26500000.0,48.0,-5,26.2,Strength,81.0,5
K. Koulibaly,87,51000000.0,Starter,K. Koulibaly,LCB,A. Romagnoli,Milan,26500000.0,48.0,-5,26.2,SprintSpeed,75.0,6
A. Romagnoli,82,26500000.0,Backup,K. Koulibaly,LCB,A. Romagnoli,Milan,26500000.0,48.0,-5,26.2,SprintSpeed,69.0,6
P. Pogba,87,64000000.0,Starter,P. Pogba,RDM,M. Sanson,Olympique de Marseille,19500000.0,70.0,-7,33.2,SprintSpeed,79.0,0
M. Sanson,80,19500000.0,Backup,P. Pogba,RDM,M. Sanson,Olympique de Marseille,19500000.0,70.0,-7,33.2,SprintSpeed,74.0,0
P. Pogba,87,64000000.0,Starter,P. Pogba,RDM,M. Sanson,Olympique de Marseille,19500000.0,70.0,-7,33.2,Finishing,73.0,1
M. Sanson,80,19500000.0,Backup,P. Pogba,RDM,M. Sanson,Olympique de Marseille,19500000.0,70.0,-7,33.2,Finishing,74.0,1
P. Pogba,87,64000000.0,Starter,P. Pogba,RDM,M. Sanson,Olympique de Marseille,19500000.0,70.0,-7,33.2,ShortPassing,86.0,2
M. Sanson,80,19500000.0,Backup,P. Pogba,RDM,M. Sanson,Olympique de Marseille,19500000.0,70.0,-7,33.2,ShortPassing,80.0,2
P. Pogba,87,64000000.0,Starter,P. Pogba,RDM,M. Sanson,Olympique de Marseille,19500000.0,70.0,-7,33.2,Dribbling,87.0,3
M. Sanson,80,19500000.0,Backup,P. Pogba,RDM,M. Sanson,Olympique de Marseille,19500000.0,70.0,-7,33.2,Dribbling,77.0,3
P. Pogba,87,64000000.0,Starter,P. Pogba,RDM,M. Sanson,Olympique de Marseille,19500000.0,70.0,-7,33.2,StandingTackle,70.0,4
M. Sanson,80,19500000.0,Backup,P. Pogba,RDM,M. Sanson,Olympique de Marseille,19500000.0,70.0,-7,33.2,StandingTackle,73.0,4
P. Pogba,87,64000000.0,Starter,P. Pogba,RDM,M. Sanson,Olympique de Marseille,19500000.0,70.0,-7,33.2,Strength,89.0,5
M. Sanson,80,19500000.0,Backup,P. Pogba,RDM,M. Sanson,Olympique de Marseille,19500000.0,70.0,-7,33.2,Strength,76.0,5
P. Pogba,87,64000000.0,Starter,P. Pogba,RDM,M. Sanson,Olympique de Marseille,19500000.0,70.0,-7,33.2,SprintSpeed,79.0,6
M. Sanson,80,19500000.0,Backup,P. Pogba,RDM,M. Sanson,Olympique de Marseille,19500000.0,70.0,-7,33.2,SprintSpeed,74.0,6
K. Navas,87,30500000.0,Starter,K. Navas,GK,Rui Patrício,Wolverhampton Wanderers,16500000.0,46.0,-4,54.9,SprintSpeed,53.0,0
Rui Patrício,83,16500000.0,Backup,K. Navas,GK,Rui Patrício,Wolverhampton Wanderers,16500000.0,46.0,-4,54.9,SprintSpeed,57.0,0
K. Navas,87,30500000.0,Starter,K. Navas,GK,Rui Patrício,Wolverhampton Wanderers,16500000.0,46.0,-4,54.9,Finishing,15.0,1
Rui Patrício,83,16500000.0,Backup,K. Navas,GK,Rui Patrício,Wolverhampton Wanderers,16500000.0,46.0,-4,54.9,Finishing,12.0,1
K. Navas,87,30500000.0,Starter,K. Navas,GK,Rui Patrício,Wolverhampton Wanderers,16500000.0,46.0,-4,54.9,ShortPassing,30.0,2
Rui Patrício,83,16500000.0,Backup,K. Navas,GK,Rui Patrício,Wolverhampton Wanderers,16500000.0,46.0,-4,54.9,ShortPassing,31.0,2
K. Navas,87,30500000.0,Starter,K. Navas,GK,Rui Patrício,Wolverhampton Wanderers,16500000.0,46.0,-4,54.9,Dribbling,16.0,3
Rui Patrício,83,16500000.0,Backup,K. Navas,GK,Rui Patrício,Wolverhampton Wanderers,16500000.0,46.0,-4,54.9,Dribbling,20.0,3
K. Navas,87,30500000.0,Starter,K. Navas,GK,Rui Patrício,Wolverhampton Wanderers,16500000.0,46.0,-4,54.9,StandingTackle,14.0,4
Rui Patrício,83,16500000.0,Backup,K. Navas,GK,Rui Patrício,Wolverhampton Wanderers,16500000.0,46.0,-4,54.9,StandingTackle,13.0,4
K. Navas,87,30500000.0,Starter,K. Navas,GK,Rui Patrício,Wolverhampton Wanderers,16500000.0,46.0,-4,54.9,Strength,75.0,5
Rui Patrício,83,16500000.0,Backup,K. Navas,GK,Rui Patrício,Wolverhampton Wanderers,16500000.0,46.0,-4,54.9,Strength,77.0,5
K. Navas,87,30500000.0,Starter,K. Navas,GK,Rui Patrício,Wolverhampton Wanderers,16500000.0,46.0,-4,54.9,SprintSpeed,53.0,6
Rui Patrício,83,16500000.0,Backup,K. Navas,GK,Rui Patrício,Wolverhampton Wanderers,16500000.0,46.0,-4,54.9,SprintSpeed,57.0,6
R. Lukaku,87,62500000.0,Starter,R. Lukaku,ST,V. Aboubakar,FC Porto,18000000.0,71.0,-7,33.3,SprintSpeed,90.0,0
V. Aboubakar,80,18000000.0,Backup,R. Lukaku,ST,V. Aboubakar,FC Porto,18000000.0,71.0,-7,33.3,SprintSpeed,83.0,0
R. Lukaku,87,62500000.0,Starter,R. Lukaku,ST,V. Aboubakar,FC Porto,18000000.0,71.0,-7,33.3,Finishing,87.0,1
V. Aboubakar,80,18000000.0,Backup,R. Lukaku,ST,V. Aboubakar,FC Porto,18000000.0,71.0,-7,33.3,Finishing,80.0,1
R. Lukaku,87,62500000.0,Starter,R. Lukaku,ST,V. Aboubakar,FC Porto,18000000.0,71.0,-7,33.3,ShortPassing,77.0,2
V. Aboubakar,80,18000000.0,Backup,R. Lukaku,ST,V. Aboubakar,FC Porto,18000000.0,71.0,-7,33.3,ShortPassing,75.0,2
R. Lukaku,87,62500000.0,Starter,R. Lukaku,ST,V. Aboubakar,FC Porto,18000000.0,71.0,-7,33.3,Dribbling,80.0,3
V. Aboubakar,80,18000000.0,Backup,R. Lukaku,ST,V. Aboubakar,FC Porto,18000000.0,71.0,-7,33.3,Dribbling,81.0,3
R. Lukaku,87,62500000.0,Starter,R. Lukaku,ST,V. Aboubakar,FC Porto,18000000.0,71.0,-7,33.3,StandingTackle,30.0,4
V. Aboubakar,80,18000000.0,Backup,R. Lukaku,ST,V. Aboubakar,FC Porto,18000000.0,71.0,-7,33.3,StandingTackle,23.0,4
R. Lukaku,87,62500000.0,Starter,R. Lukaku,ST,V. Aboubakar,FC Porto,18000000.0,71.0,-7,33.3,Strength,94.0,5
V. Aboubakar,80,18000000.0,Backup,R. Lukaku,ST,V. Aboubakar,FC Porto,18000000.0,71.0,-7,33.3,Strength,85.0,5
R. Lukaku,87,62500000.0,Starter,R. Lukaku,ST,V. Aboubakar,FC Porto,18000000.0,71.0,-7,33.3,SprintSpeed,90.0,6
V. Aboubakar,80,18000000.0,Backup,R. Lukaku,ST,V. Aboubakar,FC Porto,18000000.0,71.0,-7,33.3,SprintSpeed,83.0,6
C. Immobile,87,52000000.0,Starter,C. Immobile,ST,C. Bakambu,Beijing Sinobo Guoan FC,26000000.0,50.0,-5,41.0,SprintSpeed,85.0,0
C. Bakambu,82,26000000.0,Backup,C. Immobile,ST,C. Bakambu,Beijing Sinobo Guoan FC,26000000.0,50.0,-5,41.0,SprintSpeed,88.0,0
C. Immobile,87,52000000.0,Starter,C. Immobile,ST,C. Bakambu,Beijing Sinobo Guoan FC,26000000.0,50.0,-5,41.0,Finishing,90.0,1
C. Bakambu,82,26000000.0,Backup,C. Immobile,ST,C. Bakambu,Beijing Sinobo Guoan FC,26000000.0,50.0,-5,41.0,Finishing,84.0,1
C. Immobile,87,52000000.0,Starter,C. Immobile,ST,C. Bakambu,Beijing Sinobo Guoan FC,26000000.0,50.0,-5,41.0,ShortPassing,74.0,2
C. Bakambu,82,26000000.0,Backup,C. Immobile,ST,C. Bakambu,Beijing Sinobo Guoan FC,26000000.0,50.0,-5,41.0,ShortPassing,75.0,2
C. Immobile,87,52000000.0,Starter,C. Immobile,ST,C. Bakambu,Beijing Sinobo Guoan FC,26000000.0,50.0,-5,41.0,Dribbling,83.0,3
C. Bakambu,82,26000000.0,Backup,C. Immobile,ST,C. Bakambu,Beijing Sinobo Guoan FC,26000000.0,50.0,-5,41.0,Dribbling,80.0,3
C. Immobile,87,52000000.0,Starter,C. Immobile,ST,C. Bakambu,Beijing Sinobo Guoan FC,26000000.0,50.0,-5,41.0,StandingTackle,33.0,4
C. Bakambu,82,26000000.0,Backup,C. Immobile,ST,C. Bakambu,Beijing Sinobo Guoan FC,26000000.0,50.0,-5,41.0,StandingTackle,29.0,4
C. Immobile,87,52000000.0,Starter,C. Immobile,ST,C. Bakambu,Beijing Sinobo Guoan FC,26000000.0,50.0,-5,41.0,Strength,76.0,5
C. Bakambu,82,26000000.0,Backup,C. Immobile,ST,C. Bakambu,Beijing Sinobo Guoan FC,26000000.0,50.0,-5,41.0,Strength,76.0,5
C. Immobile,87,52000000.0,Starter,C. Immobile,ST,C. Bakambu,Beijing Sinobo Guoan FC,26000000.0,50.0,-5,41.0,SprintSpeed,85.0,6
C. Bakambu,82,26000000.0,Backup,C. Immobile,ST,C. Bakambu,Beijing Sinobo Guoan FC,26000000.0,50.0,-5,41.0,SprintSpeed,88.0,6
Jordi Alba,87,38000000.0,Starter,Jordi Alba,LB,J. Roussillon,VfL Wolfsburg,14000000.0,63.0,-8,39.6,SprintSpeed,93.0,0
J. Roussillon,79,14000000.0,Backup,Jordi Alba,LB,J. Roussillon,VfL Wolfsburg,14000000.0,63.0,-8,39.6,SprintSpeed,85.0,0
Jordi Alba,87,38000000.0,Starter,Jordi Alba,LB,J. Roussillon,VfL Wolfsburg,14000000.0,63.0,-8,39.6,Finishing,73.0,1
J. Roussillon,79,14000000.0,Backup,Jordi Alba,LB,J. Roussillon,VfL Wolfsburg,14000000.0,63.0,-8,39.6,Finishing,64.0,1
Jordi Alba,87,38000000.0,Starter,Jordi Alba,LB,J. Roussillon,VfL Wolfsburg,14000000.0,63.0,-8,39.6,ShortPassing,84.0,2
J. Roussillon,79,14000000.0,Backup,Jordi Alba,LB,J. Roussillon,VfL Wolfsburg,14000000.0,63.0,-8,39.6,ShortPassing,74.0,2
Jordi Alba,87,38000000.0,Starter,Jordi Alba,LB,J. Roussillon,VfL Wolfsburg,14000000.0,63.0,-8,39.6,Dribbling,80.0,3
J. Roussillon,79,14000000.0,Backup,Jordi Alba,LB,J. Roussillon,VfL Wolfsburg,14000000.0,63.0,-8,39.6,Dribbling,77.0,3
Jordi Alba,87,38000000.0,Starter,Jordi Alba,LB,J. Roussillon,VfL Wolfsburg,14000000.0,63.0,-8,39.6,StandingTackle,84.0,4
J. Roussillon,79,14000000.0,Backup,Jordi Alba,LB,J. Roussillon,VfL Wolfsburg,14000000.0,63.0,-8,39.6,StandingTackle,80.0,4
Jordi Alba,87,38000000.0,Starter,Jordi Alba,LB,J. Roussillon,VfL Wolfsburg,14000000.0,63.0,-8,39.6,Strength,61.0,5
J. Roussillon,79,14000000.0,Backup,Jordi Alba,LB,J. Roussillon,VfL Wolfsburg,14000000.0,63.0,-8,39.6,Strength,77.0,5
Jordi Alba,87,38000000.0,Starter,Jordi Alba,LB,J. Roussillon,VfL Wolfsburg,14000000.0,63.0,-8,39.6,SprintSpeed,93.0,6
J. Roussillon,79,14000000.0,Backup,Jordi Alba,LB,J. Roussillon,VfL Wolfsburg,14000000.0,63.0,-8,39.6,SprintSpeed,85.0,6
D. Mertens,87,45000000.0,Starter,D. Mertens,RF,D. Valeri,Portland Timbers,11500000.0,74.0,-7,-5.5,SprintSpeed,85.0,0
D. Valeri,80,11500000.0,Backup,D. Mertens,RF,D. Valeri,Portland Timbers,11500000.0,74.0,-7,-5.5,SprintSpeed,60.0,0
D. Mertens,87,45000000.0,Starter,D. Mertens,RF,D. Valeri,Portland Timbers,11500000.0,74.0,-7,-5.5,Finishing,86.0,1
D. Valeri,80,11500000.0,Backup,D. Mertens,RF,D. Valeri,Portland Timbers,11500000.0,74.0,-7,-5.5,Finishing,80.0,1
D. Mertens,87,45000000.0,Starter,D. Mertens,RF,D. Valeri,Portland Timbers,11500000.0,74.0,-7,-5.5,ShortPassing,82.0,2
D. Valeri,80,11500000.0,Backup,D. Mertens,RF,D. Valeri,Portland Timbers,11500000.0,74.0,-7,-5.5,ShortPassing,79.0,2
D. Mertens,87,45000000.0,Starter,D. Mertens,RF,D. Valeri,Portland Timbers,11500000.0,74.0,-7,-5.5,Dribbling,91.0,3
D. Valeri,80,11500000.0,Backup,D. Mertens,RF,D. Valeri,Portland Timbers,11500000.0,74.0,-7,-5.5,Dribbling,78.0,3
D. Mertens,87,45000000.0,Starter,D. Mertens,RF,D. Valeri,Portland Timbers,11500000.0,74.0,-7,-5.5,StandingTackle,40.0,4
D. Valeri,80,11500000.0,Backup,D. Mertens,RF,D. Valeri,Portland Timbers,11500000.0,74.0,-7,-5.5,StandingTackle,40.0,4
D. Mertens,87,45000000.0,Starter,D. Mertens,RF,D. Valeri,Portland Timbers,11500000.0,74.0,-7,-5.5,Strength,42.0,5
D. Valeri,80,11500000.0,Backup,D. Mertens,RF,D. Valeri,Portland Timbers,11500000.0,74.0,-7,-5.5,Strength,63.0,5
D. Mertens,87,45000000.0,Starter,D. Mertens,RF,D. Valeri,Portland Timbers,11500000.0,74.0,-7,-5.5,SprintSpeed,85.0,6
D. Valeri,80,11500000.0,Backup,D. Mertens,RF,D. Valeri,Portland Timbers,11500000.0,74.0,-7,-5.5,SprintSpeed,60.0,6
J. Vertonghen,87,34000000.0,Starter,J. Vertonghen,LCB,David Luiz,Chelsea,17500000.0,49.0,-4,52.1,SprintSpeed,65.0,0
David Luiz,83,17500000.0,Backup,J. Vertonghen,LCB,David Luiz,Chelsea,17500000.0,49.0,-4,52.1,SprintSpeed,62.0,0
J. Vertonghen,87,34000000.0,Starter,J. Vertonghen,LCB,David Luiz,Chelsea,17500000.0,49.0,-4,52.1,Finishing,56.0,1
David Luiz,83,17500000.0,Backup,J. Vertonghen,LCB,David Luiz,Chelsea,17500000.0,49.0,-4,52.1,Finishing,55.0,1
J. Vertonghen,87,34000000.0,Starter,J. Vertonghen,LCB,David Luiz,Chelsea,17500000.0,49.0,-4,52.1,ShortPassing,79.0,2
David Luiz,83,17500000.0,Backup,J. Vertonghen,LCB,David Luiz,Chelsea,17500000.0,49.0,-4,52.1,ShortPassing,77.0,2
J. Vertonghen,87,34000000.0,Starter,J. Vertonghen,LCB,David Luiz,Chelsea,17500000.0,49.0,-4,52.1,Dribbling,71.0,3
David Luiz,83,17500000.0,Backup,J. Vertonghen,LCB,David Luiz,Chelsea,17500000.0,49.0,-4,52.1,Dribbling,66.0,3
J. Vertonghen,87,34000000.0,Starter,J. Vertonghen,LCB,David Luiz,Chelsea,17500000.0,49.0,-4,52.1,StandingTackle,87.0,4
David Luiz,83,17500000.0,Backup,J. Vertonghen,LCB,David Luiz,Chelsea,17500000.0,49.0,-4,52.1,StandingTackle,83.0,4
J. Vertonghen,87,34000000.0,Starter,J. Vertonghen,LCB,David Luiz,Chelsea,17500000.0,49.0,-4,52.1,Strength,79.0,5
David Luiz,83,17500000.0,Backup,J. Vertonghen,LCB,David Luiz,Chelsea,17500000.0,49.0,-4,52.1,Strength,79.0,5
J. Vertonghen,87,34000000.0,Starter,J. Vertonghen,LCB,David Luiz,Chelsea,17500000.0,49.0,-4,52.1,SprintSpeed,65.0,6
David Luiz,83,17500000.0,Backup,J. Vertonghen,LCB,David Luiz,Chelsea,17500000.0,49.0,-4,52.1,SprintSpeed,62.0,6
M. Hamšík,87,46500000.0,Starter,M. Hamšík,LCM,Renato Augusto,Beijing Sinobo Guoan FC,16500000.0,65.0,-6,36.1,SprintSpeed,68.0,0
Renato Augusto,81,16500000.0,Backup,M. Hamšík,LCM,Renato Augusto,Beijing Sinobo Guoan FC,16500000.0,65.0,-6,36.1,SprintSpeed,67.0,0
M. Hamšík,87,46500000.0,Starter,M. Hamšík,LCM,Renato Augusto,Beijing Sinobo Guoan FC,16500000.0,65.0,-6,36.1,Finishing,79.0,1
Renato Augusto,81,16500000.0,Backup,M. Hamšík,LCM,Renato Augusto,Beijing Sinobo Guoan FC,16500000.0,65.0,-6,36.1,Finishing,65.0,1
M. Hamšík,87,46500000.0,Starter,M. Hamšík,LCM,Renato Augusto,Beijing Sinobo Guoan FC,16500000.0,65.0,-6,36.1,ShortPassing,88.0,2
Renato Augusto,81,16500000.0,Backup,M. Hamšík,LCM,Renato Augusto,Beijing Sinobo Guoan FC,16500000.0,65.0,-6,36.1,ShortPassing,81.0,2
M. Hamšík,87,46500000.0,Starter,M. Hamšík,LCM,Renato Augusto,Beijing Sinobo Guoan FC,16500000.0,65.0,-6,36.1,Dribbling,86.0,3
Renato Augusto,81,16500000.0,Backup,M. Hamšík,LCM,Renato Augusto,Beijing Sinobo Guoan FC,16500000.0,65.0,-6,36.1,Dribbling,82.0,3
M. Hamšík,87,46500000.0,Starter,M. Hamšík,LCM,Renato Augusto,Beijing Sinobo Guoan FC,16500000.0,65.0,-6,36.1,StandingTackle,73.0,4
Renato Augusto,81,16500000.0,Backup,M. Hamšík,LCM,Renato Augusto,Beijing Sinobo Guoan FC,16500000.0,65.0,-6,36.1,StandingTackle,73.0,4
M. Hamšík,87,46500000.0,Starter,M. Hamšík,LCM,Renato Augusto,Beijing Sinobo Guoan FC,16500000.0,65.0,-6,36.1,Strength,67.0,5
Renato Augusto,81,16500000.0,Backup,M. Hamšík,LCM,Renato Augusto,Beijing Sinobo Guoan FC,16500000.0,65.0,-6,36.1,Strength,76.0,5
M. Hamšík,87,46500000.0,Starter,M. Hamšík,LCM,Renato Augusto,Beijing Sinobo Guoan FC,16500000.0,65.0,-6,36.1,SprintSpeed,68.0,6
Renato Augusto,81,16500000.0,Backup,M. Hamšík,LCM,Renato Augusto,Beijing Sinobo Guoan FC,16500000.0,65.0,-6,36.1,SprintSpeed,67.0,6
I. Rakitić,87,46500000.0,Starter,I. Rakitić,RCM,João Moutinho,Wolverhampton Wanderers,15000000.0,68.0,-6,20.5,SprintSpeed,59.0,0
João Moutinho,81,15000000.0,Backup,I. Rakitić,RCM,João Moutinho,Wolverhampton Wanderers,15000000.0,68.0,-6,20.5,SprintSpeed,59.0,0
I. Rakitić,87,46500000.0,Starter,I. Rakitić,RCM,João Moutinho,Wolverhampton Wanderers,15000000.0,68.0,-6,20.5,Finishing,83.0,1
João Moutinho,81,15000000.0,Backup,I. Rakitić,RCM,João Moutinho,Wolverhampton Wanderers,15000000.0,68.0,-6,20.5,Finishing,74.0,1
I. Rakitić,87,46500000.0,Starter,I. Rakitić,RCM,João Moutinho,Wolverhampton Wanderers,15000000.0,68.0,-6,20.5,ShortPassing,87.0,2
João Moutinho,81,15000000.0,Backup,I. Rakitić,RCM,João Moutinho,Wolverhampton Wanderers,15000000.0,68.0,-6,20.5,ShortPassing,83.0,2
I. Rakitić,87,46500000.0,Starter,I. Rakitić,RCM,João Moutinho,Wolverhampton Wanderers,15000000.0,68.0,-6,20.5,Dribbling,84.0,3
João Moutinho,81,15000000.0,Backup,I. Rakitić,RCM,João Moutinho,Wolverhampton Wanderers,15000000.0,68.0,-6,20.5,Dribbling,79.0,3
I. Rakitić,87,46500000.0,Starter,I. Rakitić,RCM,João Moutinho,Wolverhampton Wanderers,15000000.0,68.0,-6,20.5,StandingTackle,74.0,4
João Moutinho,81,15000000.0,Backup,I. Rakitić,RCM,João Moutinho,Wolverhampton Wanderers,15000000.0,68.0,-6,20.5,StandingTackle,72.0,4
I. Rakitić,87,46500000.0,Starter,I. Rakitić,RCM,João Moutinho,Wolverhampton Wanderers,15000000.0,68.0,-6,20.5,Strength,66.0,5
João Moutinho,81,15000000.0,Backup,I. Rakitić,RCM,João Moutinho,Wolverhampton Wanderers,15000000.0,68.0,-6,20.5,Strength,63.0,5
I. Rakitić,87,46500000.0,Starter,I. Rakitić,RCM,João Moutinho,Wolverhampton Wanderers,15000000.0,68.0,-6,20.5,SprintSpeed,59.0,6
João Moutinho,81,15000000.0,Backup,I. Rakitić,RCM,João Moutinho,Wolverhampton Wanderers,15000000.0,68.0,-6,20.5,SprintSpeed,59.0,6
Piqué,87,34000000.0,Starter,Piqué,RCB,S. Mustafi,Arsenal,22500000.0,34.0,-5,27.0,SprintSpeed,60.0,0
S. Mustafi,82,22500000.0,Backup,Piqué,RCB,S. Mustafi,Arsenal,22500000.0,34.0,-5,27.0,SprintSpeed,65.0,0
Piqué,87,34000000.0,Starter,Piqué,RCB,S. Mustafi,Arsenal,22500000.0,34.0,-5,27.0,Finishing,64.0,1
S. Mustafi,82,22500000.0,Backup,Piqué,RCB,S. Mustafi,Arsenal,22500000.0,34.0,-5,27.0,Finishing,58.0,1
Piqué,87,34000000.0,Starter,Piqué,RCB,S. Mustafi,Arsenal,22500000.0,34.0,-5,27.0,ShortPassing,81.0,2
S. Mustafi,82,22500000.0,Backup,Piqué,RCB,S. Mustafi,Arsenal,22500000.0,34.0,-5,27.0,ShortPassing,77.0,2
Piqué,87,34000000.0,Starter,Piqué,RCB,S. Mustafi,Arsenal,22500000.0,34.0,-5,27.0,Dribbling,59.0,3
S. Mustafi,82,22500000.0,Backup,Piqué,RCB,S. Mustafi,Arsenal,22500000.0,34.0,-5,27.0,Dribbling,53.0,3
Piqué,87,34000000.0,Starter,Piqué,RCB,S. Mustafi,Arsenal,22500000.0,34.0,-5,27.0,StandingTackle,86.0,4
S. Mustafi,82,22500000.0,Backup,Piqué,RCB,S. Mustafi,Arsenal,22500000.0,34.0,-5,27.0,StandingTackle,82.0,4
Piqué,87,34000000.0,Starter,Piqué,RCB,S. Mustafi,Arsenal,22500000.0,34.0,-5,27.0,Strength,83.0,5
S. Mustafi,82,22500000.0,Backup,Piqué,RCB,S. Mustafi,Arsenal,22500000.0,34.0,-5,27.0,Strength,78.0,5
Piqué,87,34000000.0,Starter,Piqué,RCB,S. Mustafi,Arsenal,22500000.0,34.0,-5,27.0,SprintSpeed,60.0,6
S. Mustafi,82,22500000.0,Backup,Piqué,RCB,S. Mustafi,Arsenal,22500000.0,34.0,-5,27.0,SprintSpeed,65.0,6
L. Sané,86,61000000.0,Starter,L. Sané,LW,M. Rashford,Manchester United,27000000.0,56.0,-5,56.8,SprintSpeed,96.0,0
M. Rashford,81,27000000.0,Backup,L. Sané,LW,M. Rashford,Manchester United,27000000.0,56.0,-5,56.8,SprintSpeed,93.0,0
L. Sané,86,61000000.0,Starter,L. Sané,LW,M. Rashford,Manchester United,27000000.0,56.0,-5,56.8,Finishing,81.0,1
M. Rashford,81,27000000.0,Backup,L. Sané,LW,M. Rashford,Manchester United,27000000.0,56.0,-5,56.8,Finishing,78.0,1
L. Sané,86,61000000.0,Starter,L. Sané,LW,M. Rashford,Manchester United,27000000.0,56.0,-5,56.8,ShortPassing,79.0,2
M. Rashford,81,27000000.0,Backup,L. Sané,LW,M. Rashford,Manchester United,27000000.0,56.0,-5,56.8,ShortPassing,75.0,2
L. Sané,86,61000000.0,Starter,L. Sané,LW,M. Rashford,Manchester United,27000000.0,56.0,-5,56.8,Dribbling,88.0,3
M. Rashford,81,27000000.0,Backup,L. Sané,LW,M. Rashford,Manchester United,27000000.0,56.0,-5,56.8,Dribbling,83.0,3
L. Sané,86,61000000.0,Starter,L. Sané,LW,M. Rashford,Manchester United,27000000.0,56.0,-5,56.8,StandingTackle,32.0,4
M. Rashford,81,27000000.0,Backup,L. Sané,LW,M. Rashford,Manchester United,27000000.0,56.0,-5,56.8,StandingTackle,40.0,4
L. Sané,86,61000000.0,Starter,L. Sané,LW,M. Rashford,Manchester United,27000000.0,56.0,-5,56.8,Strength,70.0,5
M. Rashford,81,27000000.0,Backup,L. Sané,LW,M. Rashford,Manchester United,27000000.0,56.0,-5,56.8,Strength,71.0,5
L. Sané,86,61000000.0,Starter,L. Sané,LW,M. Rashford,Manchester United,27000000.0,56.0,-5,56.8,SprintSpeed,96.0,6
M. Rashford,81,27000000.0,Backup,L. Sané,LW,M. Rashford,Manchester United,27000000.0,56.0,-5,56.8,SprintSpeed,93.0,6
Bernardo Silva,86,59500000.0,Starter,Bernardo Silva,RW,Pedro,Chelsea,21000000.0,65.0,-4,46.9,SprintSpeed,74.0,0
Pedro,82,21000000.0,Backup,Bernardo Silva,RW,Pedro,Chelsea,21000000.0,65.0,-4,46.9,SprintSpeed,74.0,0
Bernardo Silva,86,59500000.0,Starter,Bernardo Silva,RW,Pedro,Chelsea,21000000.0,65.0,-4,46.9,Finishing,75.0,1
Pedro,82,21000000.0,Backup,Bernardo Silva,RW,Pedro,Chelsea,21000000.0,65.0,-4,46.9,Finishing,78.0,1
Bernardo Silva,86,59500000.0,Starter,Bernardo Silva,RW,Pedro,Chelsea,21000000.0,65.0,-4,46.9,ShortPassing,85.0,2
Pedro,82,21000000.0,Backup,Bernardo Silva,RW,Pedro,Chelsea,21000000.0,65.0,-4,46.9,ShortPassing,80.0,2
Bernardo Silva,86,59500000.0,Starter,Bernardo Silva,RW,Pedro,Chelsea,21000000.0,65.0,-4,46.9,Dribbling,92.0,3
Pedro,82,21000000.0,Backup,Bernardo Silva,RW,Pedro,Chelsea,21000000.0,65.0,-4,46.9,Dribbling,84.0,3
Bernardo Silva,86,59500000.0,Starter,Bernardo Silva,RW,Pedro,Chelsea,21000000.0,65.0,-4,46.9,StandingTackle,44.0,4
Pedro,82,21000000.0,Backup,Bernardo Silva,RW,Pedro,Chelsea,21000000.0,65.0,-4,46.9,StandingTackle,32.0,4
Bernardo Silva,86,59500000.0,Starter,Bernardo Silva,RW,Pedro,Chelsea,21000000.0,65.0,-4,46.9,Strength,48.0,5
Pedro,82,21000000.0,Backup,Bernardo Silva,RW,Pedro,Chelsea,21000000.0,65.0,-4,46.9,Strength,47.0,5
Bernardo Silva,86,59500000.0,Starter,Bernardo Silva,RW,Pedro,Chelsea,21000000.0,65.0,-4,46.9,SprintSpeed,74.0,6
Pedro,82,21000000.0,Backup,Bernardo Silva,RW,Pedro,Chelsea,21000000.0,65.0,-4,46.9,SprintSpeed,74.0,6
Ederson,86,41500000.0,Starter,Ederson,GK,K. Schmeichel,Leicester City,19000000.0,54.0,-2,50.2,SprintSpeed,63.0,0
K. Schmeichel,84,19000000.0,Backup,Ederson,GK,K. Schmeichel,Leicester City,19000000.0,54.0,-2,50.2,SprintSpeed,60.0,0
Ederson,86,41500000.0,Starter,Ederson,GK,K. Schmeichel,Leicester City,19000000.0,54.0,-2,50.2,Finishing,14.0,1
K. Schmeichel,84,19000000.0,Backup,Ederson,GK,K. Schmeichel,Leicester City,19000000.0,54.0,-2,50.2,Finishing,12.0,1
Ederson,86,41500000.0,Starter,Ederson,GK,K. Schmeichel,Leicester City,19000000.0,54.0,-2,50.2,ShortPassing,56.0,2
K. Schmeichel,84,19000000.0,Backup,Ederson,GK,K. Schmeichel,Leicester City,19000000.0,54.0,-2,50.2,ShortPassing,44.0,2
Ederson,86,41500000.0,Starter,Ederson,GK,K. Schmeichel,Leicester City,19000000.0,54.0,-2,50.2,Dribbling,23.0,3
K. Schmeichel,84,19000000.0,Backup,Ederson,GK,K. Schmeichel,Leicester City,19000000.0,54.0,-2,50.2,Dribbling,12.0,3
Ederson,86,41500000.0,Starter,Ederson,GK,K. Schmeichel,Leicester City,19000000.0,54.0,-2,50.2,StandingTackle,15.0,4
K. Schmeichel,84,19000000.0,Backup,Ederson,GK,K. Schmeichel,Leicester City,19000000.0,54.0,-2,50.2,StandingTackle,14.0,4
Ederson,86,41500000.0,Starter,Ederson,GK,K. Schmeichel,Leicester City,19000000.0,54.0,-2,50.2,Strength,68.0,5
K. Schmeichel,84,19000000.0,Backup,Ederson,GK,K. Schmeichel,Leicester City,19000000.0,54.0,-2,50.2,Strength,64.0,5
Ederson,86,41500000.0,Starter,Ederson,GK,K. Schmeichel,Leicester City,19000000.0,54.0,-2,50.2,SprintSpeed,63.0,6
K. Schmeichel,84,19000000.0,Backup,Ederson,GK,K. Schmeichel,Leicester City,19000000.0,54.0,-2,50.2,SprintSpeed,60.0,6
S. Mané,86,52000000.0,Starter,S. Mané,LM,H. Son,Tottenham Hotspur,37000000.0,29.0,-2,48.0,SprintSpeed,93.0,0
H. Son,84,37000000.0,Backup,S. Mané,LM,H. Son,Tottenham Hotspur,37000000.0,29.0,-2,48.0,SprintSpeed,87.0,0
S. Mané,86,52000000.0,Starter,S. Mané,LM,H. Son,Tottenham Hotspur,37000000.0,29.0,-2,48.0,Finishing,84.0,1
H. Son,84,37000000.0,Backup,S. Mané,LM,H. Son,Tottenham Hotspur,37000000.0,29.0,-2,48.0,Finishing,85.0,1
S. Mané,86,52000000.0,Starter,S. Mané,LM,H. Son,Tottenham Hotspur,37000000.0,29.0,-2,48.0,ShortPassing,79.0,2
H. Son,84,37000000.0,Backup,S. Mané,LM,H. Son,Tottenham Hotspur,37000000.0,29.0,-2,48.0,ShortPassing,79.0,2
S. Mané,86,52000000.0,Starter,S. Mané,LM,H. Son,Tottenham Hotspur,37000000.0,29.0,-2,48.0,Dribbling,87.0,3
H. Son,84,37000000.0,Backup,S. Mané,LM,H. Son,Tottenham Hotspur,37000000.0,29.0,-2,48.0,Dribbling,88.0,3
S. Mané,86,52000000.0,Starter,S. Mané,LM,H. Son,Tottenham Hotspur,37000000.0,29.0,-2,48.0,StandingTackle,42.0,4
H. Son,84,37000000.0,Backup,S. Mané,LM,H. Son,Tottenham Hotspur,37000000.0,29.0,-2,48.0,StandingTackle,34.0,4
S. Mané,86,52000000.0,Starter,S. Mané,LM,H. Son,Tottenham Hotspur,37000000.0,29.0,-2,48.0,Strength,67.0,5
H. Son,84,37000000.0,Backup,S. Mané,LM,H. Son,Tottenham Hotspur,37000000.0,29.0,-2,48.0,Strength,63.0,5
S. Mané,86,52000000.0,Starter,S. Mané,LM,H. Son,Tottenham Hotspur,37000000.0,29.0,-2,48.0,SprintSpeed,93.0,6
H. Son,84,37000000.0,Backup,S. Mané,LM,H. Son,Tottenham Hotspur,37000000.0,29.0,-2,48.0,SprintSpeed,87.0,6
V. van Dijk,86,44500000.0,Starter,V. van Dijk,LCB,Luiz Gustavo,Olympique de Marseille,19000000.0,57.0,-3,32.0,SprintSpeed,77.0,0
Luiz Gustavo,83,19000000.0,Backup,V. van Dijk,LCB,Luiz Gustavo,Olympique de Marseille,19000000.0,57.0,-3,32.0,SprintSpeed,64.0,0
V. van Dijk,86,44500000.0,Starter,V. van Dijk,LCB,Luiz Gustavo,Olympique de Marseille,19000000.0,57.0,-3,32.0,Finishing,52.0,1
Luiz Gustavo,83,19000000.0,Backup,V. van Dijk,LCB,Luiz Gustavo,Olympique de Marseille,19000000.0,57.0,-3,32.0,Finishing,48.0,1
V. van Dijk,86,44500000.0,Starter,V. van Dijk,LCB,Luiz Gustavo,Olympique de Marseille,19000000.0,57.0,-3,32.0,ShortPassing,76.0,2
Luiz Gustavo,83,19000000.0,Backup,V. van Dijk,LCB,Luiz Gustavo,Olympique de Marseille,19000000.0,57.0,-3,32.0,ShortPassing,79.0,2
V. van Dijk,86,44500000.0,Starter,V. van Dijk,LCB,Luiz Gustavo,Olympique de Marseille,19000000.0,57.0,-3,32.0,Dribbling,70.0,3
Luiz Gustavo,83,19000000.0,Backup,V. van Dijk,LCB,Luiz Gustavo,Olympique de Marseille,19000000.0,57.0,-3,32.0,Dribbling,68.0,3
V. van Dijk,86,44500000.0,Starter,V. van Dijk,LCB,Luiz Gustavo,Olympique de Marseille,19000000.0,57.0,-3,32.0,StandingTackle,89.0,4
Luiz Gustavo,83,19000000.0,Backup,V. van Dijk,LCB,Luiz Gustavo,Olympique de Marseille,19000000.0,57.0,-3,32.0,StandingTackle,84.0,4
V. van Dijk,86,44500000.0,Starter,V. van Dijk,LCB,Luiz Gustavo,Olympique de Marseille,19000000.0,57.0,-3,32.0,Strength,92.0,5
Luiz Gustavo,83,19000000.0,Backup,V. van Dijk,LCB,Luiz Gustavo,Olympique de Marseille,19000000.0,57.0,-3,32.0,Strength,81.0,5
V. van Dijk,86,44500000.0,Starter,V. van Dijk,LCB,Luiz Gustavo,Olympique de Marseille,19000000.0,57.0,-3,32.0,SprintSpeed,77.0,6
Luiz Gustavo,83,19000000.0,Backup,V. van Dijk,LCB,Luiz Gustavo,Olympique de Marseille,19000000.0,57.0,-3,32.0,SprintSpeed,64.0,6
R. Sterling,86,56500000.0,Starter,R. Sterling,RW,S. Verdi,Napoli,19500000.0,65.0,-5,38.2,SprintSpeed,92.0,0
S. Verdi,81,19500000.0,Backup,R. Sterling,RW,S. Verdi,Napoli,19500000.0,65.0,-5,38.2,SprintSpeed,86.0,0
R. Sterling,86,56500000.0,Starter,R. Sterling,RW,S. Verdi,Napoli,19500000.0,65.0,-5,38.2,Finishing,77.0,1
S. Verdi,81,19500000.0,Backup,R. Sterling,RW,S. Verdi,Napoli,19500000.0,65.0,-5,38.2,Finishing,67.0,1
R. Sterling,86,56500000.0,Starter,R. Sterling,RW,S. Verdi,Napoli,19500000.0,65.0,-5,38.2,ShortPassing,84.0,2
S. Verdi,81,19500000.0,Backup,R. Sterling,RW,S. Verdi,Napoli,19500000.0,65.0,-5,38.2,ShortPassing,82.0,2
R. Sterling,86,56500000.0,Starter,R. Sterling,RW,S. Verdi,Napoli,19500000.0,65.0,-5,38.2,Dribbling,88.0,3
S. Verdi,81,19500000.0,Backup,R. Sterling,RW,S. Verdi,Napoli,19500000.0,65.0,-5,38.2,Dribbling,84.0,3
R. Sterling,86,56500000.0,Starter,R. Sterling,RW,S. Verdi,Napoli,19500000.0,65.0,-5,38.2,StandingTackle,58.0,4
S. Verdi,81,19500000.0,Backup,R. Sterling,RW,S. Verdi,Napoli,19500000.0,65.0,-5,38.2,StandingTackle,48.0,4
R. Sterling,86,56500000.0,Starter,R. Sterling,RW,S. Verdi,Napoli,19500000.0,65.0,-5,38.2,Strength,52.0,5
S. Verdi,81,19500000.0,Backup,R. Sterling,RW,S. Verdi,Napoli,19500000.0,65.0,-5,38.2,Strength,48.0,5
R. Sterling,86,56500000.0,Starter,R. Sterling,RW,S. Verdi,Napoli,19500000.0,65.0,-5,38.2,SprintSpeed,92.0,6
S. Verdi,81,19500000.0,Backup,R. Sterling,RW,S. Verdi,Napoli,19500000.0,65.0,-5,38.2,SprintSpeed,86.0,6
Roberto Firmino,86,53000000.0,Starter,Roberto Firmino,CAM,J. Lingard,Manchester United,26500000.0,50.0,-4,36.3,SprintSpeed,77.0,0
J. Lingard,82,26500000.0,Backup,Roberto Firmino,CAM,J. Lingard,Manchester United,26500000.0,50.0,-4,36.3,SprintSpeed,82.0,0
Roberto Firmino,86,53000000.0,Starter,Roberto Firmino,CAM,J. Lingard,Manchester United,26500000.0,50.0,-4,36.3,Finishing,87.0,1
J. Lingard,82,26500000.0,Backup,Roberto Firmino,CAM,J. Lingard,Manchester United,26500000.0,50.0,-4,36.3,Finishing,78.0,1
Roberto Firmino,86,53000000.0,Starter,Roberto Firmino,CAM,J. Lingard,Manchester United,26500000.0,50.0,-4,36.3,ShortPassing,86.0,2
J. Lingard,82,26500000.0,Backup,Roberto Firmino,CAM,J. Lingard,Manchester United,26500000.0,50.0,-4,36.3,ShortPassing,78.0,2
Roberto Firmino,86,53000000.0,Starter,Roberto Firmino,CAM,J. Lingard,Manchester United,26500000.0,50.0,-4,36.3,Dribbling,87.0,3
J. Lingard,82,26500000.0,Backup,Roberto Firmino,CAM,J. Lingard,Manchester United,26500000.0,50.0,-4,36.3,Dribbling,83.0,3
Roberto Firmino,86,53000000.0,Starter,Roberto Firmino,CAM,J. Lingard,Manchester United,26500000.0,50.0,-4,36.3,StandingTackle,64.0,4
J. Lingard,82,26500000.0,Backup,Roberto Firmino,CAM,J. Lingard,Manchester United,26500000.0,50.0,-4,36.3,StandingTackle,50.0,4
Roberto Firmino,86,53000000.0,Starter,Roberto Firmino,CAM,J. Lingard,Manchester United,26500000.0,50.0,-4,36.3,Strength,74.0,5
J. Lingard,82,26500000.0,Backup,Roberto Firmino,CAM,J. Lingard,Manchester United,26500000.0,50.0,-4,36.3,Strength,53.0,5
Roberto Firmino,86,53000000.0,Starter,Roberto Firmino,CAM,J. Lingard,Manchester United,26500000.0,50.0,-4,36.3,SprintSpeed,77.0,6
J. Lingard,82,26500000.0,Backup,Roberto Firmino,CAM,J. Lingard,Manchester United,26500000.0,50.0,-4,36.3,SprintSpeed,82.0,6
R. Varane,86,50000000.0,Starter,R. Varane,RCB,D. Sánchez,Tottenham Hotspur,34000000.0,32.0,-2,27.0,SprintSpeed,85.0,0
D. Sánchez,84,34000000.0,Backup,R. Varane,RCB,D. Sánchez,Tottenham Hotspur,34000000.0,32.0,-2,27.0,SprintSpeed,79.0,0
R. Varane,86,50000000.0,Starter,R. Varane,RCB,D. Sánchez,Tottenham Hotspur,34000000.0,32.0,-2,27.0,Finishing,40.0,1
D. Sánchez,84,34000000.0,Backup,R. Varane,RCB,D. Sánchez,Tottenham Hotspur,34000000.0,32.0,-2,27.0,Finishing,40.0,1
R. Varane,86,50000000.0,Starter,R. Varane,RCB,D. Sánchez,Tottenham Hotspur,34000000.0,32.0,-2,27.0,ShortPassing,75.0,2
D. Sánchez,84,34000000.0,Backup,R. Varane,RCB,D. Sánchez,Tottenham Hotspur,34000000.0,32.0,-2,27.0,ShortPassing,77.0,2
R. Varane,86,50000000.0,Starter,R. Varane,RCB,D. Sánchez,Tottenham Hotspur,34000000.0,32.0,-2,27.0,Dribbling,57.0,3
D. Sánchez,84,34000000.0,Backup,R. Varane,RCB,D. Sánchez,Tottenham Hotspur,34000000.0,32.0,-2,27.0,Dribbling,63.0,3
R. Varane,86,50000000.0,Starter,R. Varane,RCB,D. Sánchez,Tottenham Hotspur,34000000.0,32.0,-2,27.0,StandingTackle,88.0,4
D. Sánchez,84,34000000.0,Backup,R. Varane,RCB,D. Sánchez,Tottenham Hotspur,34000000.0,32.0,-2,27.0,StandingTackle,85.0,4
R. Varane,86,50000000.0,Starter,R. Varane,RCB,D. Sánchez,Tottenham Hotspur,34000000.0,32.0,-2,27.0,Strength,84.0,5
D. Sánchez,84,34000000.0,Backup,R. Varane,RCB,D. Sánchez,Tottenham Hotspur,34000000.0,32.0,-2,27.0,Strength,83.0,5
R. Varane,86,50000000.0,Starter,R. Varane,RCB,D. Sánchez,Tottenham Hotspur,34000000.0,32.0,-2,27.0,SprintSpeed,85.0,6
D. Sánchez,84,34000000.0,Backup,R. Varane,RCB,D. Sánchez,Tottenham Hotspur,34000000.0,32.0,-2,27.0,SprintSpeed,79.0,6
M. Verratti,86,55000000.0,Starter,M. Verratti,LCM,Dani Ceballos,Real Madrid,25000000.0,55.0,-5,31.1,SprintSpeed,62.0,0
Dani Ceballos,81,25000000.0,Backup,M. Verratti,LCM,Dani Ceballos,Real Madrid,25000000.0,55.0,-5,31.1,SprintSpeed,67.0,0
M. Verratti,86,55000000.0,Starter,M. Verratti,LCM,Dani Ceballos,Real Madrid,25000000.0,55.0,-5,31.1,Finishing,60.0,1
Dani Ceballos,81,25000000.0,Backup,M. Verratti,LCM,Dani Ceballos,Real Madrid,25000000.0,55.0,-5,31.1,Finishing,68.0,1
M. Verratti,86,55000000.0,Starter,M. Verratti,LCM,Dani Ceballos,Real Madrid,25000000.0,55.0,-5,31.1,ShortPassing,90.0,2
Dani Ceballos,81,25000000.0,Backup,M. Verratti,LCM,Dani Ceballos,Real Madrid,25000000.0,55.0,-5,31.1,ShortPassing,83.0,2
M. Verratti,86,55000000.0,Starter,M. Verratti,LCM,Dani Ceballos,Real Madrid,25000000.0,55.0,-5,31.1,Dribbling,90.0,3
Dani Ceballos,81,25000000.0,Backup,M. Verratti,LCM,Dani Ceballos,Real Madrid,25000000.0,55.0,-5,31.1,Dribbling,85.0,3
M. Verratti,86,55000000.0,Starter,M. Verratti,LCM,Dani Ceballos,Real Madrid,25000000.0,55.0,-5,31.1,StandingTackle,83.0,4
Dani Ceballos,81,25000000.0,Backup,M. Verratti,LCM,Dani Ceballos,Real Madrid,25000000.0,55.0,-5,31.1,StandingTackle,75.0,4
M. Verratti,86,55000000.0,Starter,M. Verratti,LCM,Dani Ceballos,Real Madrid,25000000.0,55.0,-5,31.1,Strength,52.0,5
Dani Ceballos,81,25000000.0,Backup,M. Verratti,LCM,Dani Ceballos,Real Madrid,25000000.0,55.0,-5,31.1,Strength,62.0,5
M. Verratti,86,55000000.0,Starter,M. Verratti,LCM,Dani Ceballos,Real Madrid,25000000.0,55.0,-5,31.1,SprintSpeed,62.0,6
Dani Ceballos,81,25000000.0,Backup,M. Verratti,LCM,Dani Ceballos,Real Madrid,25000000.0,55.0,-5,31.1,SprintSpeed,67.0,6
Alex Sandro,86,36500000.0,Starter,Alex Sandro,LB,K. Asamoah,Inter,9500000.0,74.0,-7,50.0,SprintSpeed,86.0,0
K. Asamoah,79,9500000.0,Backup,Alex Sandro,LB,K. Asamoah,Inter,9500000.0,74.0,-7,50.0,SprintSpeed,77.0,0
Alex Sandro,86,36500000.0,Starter,Alex Sandro,LB,K. Asamoah,Inter,9500000.0,74.0,-7,50.0,Finishing,55.0,1
K. Asamoah,79,9500000.0,Backup,Alex Sandro,LB,K. Asamoah,Inter,9500000.0,74.0,-7,50.0,Finishing,55.0,1
Alex Sandro,86,36500000.0,Starter,Alex Sandro,LB,K. Asamoah,Inter,9500000.0,74.0,-7,50.0,ShortPassing,81.0,2
K. Asamoah,79,9500000.0,Backup,Alex Sandro,LB,K. Asamoah,Inter,9500000.0,74.0,-7,50.0,ShortPassing,81.0,2
Alex Sandro,86,36500000.0,Starter,Alex Sandro,LB,K. Asamoah,Inter,9500000.0,74.0,-7,50.0,Dribbling,80.0,3
K. Asamoah,79,9500000.0,Backup,Alex Sandro,LB,K. Asamoah,Inter,9500000.0,74.0,-7,50.0,Dribbling,82.0,3
Alex Sandro,86,36500000.0,Starter,Alex Sandro,LB,K. Asamoah,Inter,9500000.0,74.0,-7,50.0,StandingTackle,84.0,4
K. Asamoah,79,9500000.0,Backup,Alex Sandro,LB,K. Asamoah,Inter,9500000.0,74.0,-7,50.0,StandingTackle,78.0,4
Alex Sandro,86,36500000.0,Starter,Alex Sandro,LB,K. Asamoah,Inter,9500000.0,74.0,-7,50.0,Strength,79.0,5
K. Asamoah,79,9500000.0,Backup,Alex Sandro,LB,K. Asamoah,Inter,9500000.0,74.0,-7,50.0,Strength,75.0,5
Alex Sandro,86,36500000.0,Starter,Alex Sandro,LB,K. Asamoah,Inter,9500000.0,74.0,-7,50.0,SprintSpeed,86.0,6
K. Asamoah,79,9500000.0,Backup,Alex Sandro,LB,K. Asamoah,Inter,9500000.0,74.0,-7,50.0,SprintSpeed,77.0,6
Douglas Costa,86,46500000.0,Starter,Douglas Costa,LM,Gonçalo Guedes,Valencia CF,29000000.0,38.0,-4,38.2,SprintSpeed,93.0,0
Gonçalo Guedes,82,29000000.0,Backup,Douglas Costa,LM,Gonçalo Guedes,Valencia CF,29000000.0,38.0,-4,38.2,SprintSpeed,90.0,0
Douglas Costa,86,46500000.0,Starter,Douglas Costa,LM,Gonçalo Guedes,Valencia CF,29000000.0,38.0,-4,38.2,Finishing,67.0,1
Gonçalo Guedes,82,29000000.0,Backup,Douglas Costa,LM,Gonçalo Guedes,Valencia CF,29000000.0,38.0,-4,38.2,Finishing,75.0,1
Douglas Costa,86,46500000.0,Starter,Douglas Costa,LM,Gonçalo Guedes,Valencia CF,29000000.0,38.0,-4,38.2,ShortPassing,84.0,2
Gonçalo Guedes,82,29000000.0,Backup,Douglas Costa,LM,Gonçalo Guedes,Valencia CF,29000000.0,38.0,-4,38.2,ShortPassing,77.0,2
Douglas Costa,86,46500000.0,Starter,Douglas Costa,LM,Gonçalo Guedes,Valencia CF,29000000.0,38.0,-4,38.2,Dribbling,92.0,3
Gonçalo Guedes,82,29000000.0,Backup,Douglas Costa,LM,Gonçalo Guedes,Valencia CF,29000000.0,38.0,-4,38.2,Dribbling,86.0,3
Douglas Costa,86,46500000.0,Starter,Douglas Costa,LM,Gonçalo Guedes,Valencia CF,29000000.0,38.0,-4,38.2,StandingTackle,38.0,4
Gonçalo Guedes,82,29000000.0,Backup,Douglas Costa,LM,Gonçalo Guedes,Valencia CF,29000000.0,38.0,-4,38.2,StandingTackle,34.0,4
Douglas Costa,86,46500000.0,Starter,Douglas Costa,LM,Gonçalo Guedes,Valencia CF,29000000.0,38.0,-4,38.2,Strength,63.0,5
Gonçalo Guedes,82,29000000.0,Backup,Douglas Costa,LM,Gonçalo Guedes,Valencia CF,29000000.0,38.0,-4,38.2,Strength,62.0,5
Douglas Costa,86,46500000.0,Starter,Douglas Costa,LM,Gonçalo Guedes,Valencia CF,29000000.0,38.0,-4,38.2,SprintSpeed,93.0,6
Gonçalo Guedes,82,29000000.0,Backup,Douglas Costa,LM,Gonçalo Guedes,Valencia CF,29000000.0,38.0,-4,38.2,SprintSpeed,90.0,6
T. Müller,86,45000000.0,Starter,T. Müller,CAM,J. Lingard,Manchester United,26500000.0,41.0,-4,21.4,SprintSpeed,75.0,0
J. Lingard,82,26500000.0,Backup,T. Müller,CAM,J. Lingard,Manchester United,26500000.0,41.0,-4,21.4,SprintSpeed,82.0,0
T. Müller,86,45000000.0,Starter,T. Müller,CAM,J. Lingard,Manchester United,26500000.0,41.0,-4,21.4,Finishing,87.0,1
J. Lingard,82,26500000.0,Backup,T. Müller,CAM,J. Lingard,Manchester United,26500000.0,41.0,-4,21.4,Finishing,78.0,1
T. Müller,86,45000000.0,Starter,T. Müller,CAM,J. Lingard,Manchester United,26500000.0,41.0,-4,21.4,ShortPassing,83.0,2
J. Lingard,82,26500000.0,Backup,T. Müller,CAM,J. Lingard,Manchester United,26500000.0,41.0,-4,21.4,ShortPassing,78.0,2
T. Müller,86,45000000.0,Starter,T. Müller,CAM,J. Lingard,Manchester United,26500000.0,41.0,-4,21.4,Dribbling,75.0,3
J. Lingard,82,26500000.0,Backup,T. Müller,CAM,J. Lingard,Manchester United,26500000.0,41.0,-4,21.4,Dribbling,83.0,3
T. Müller,86,45000000.0,Starter,T. Müller,CAM,J. Lingard,Manchester United,26500000.0,41.0,-4,21.4,StandingTackle,41.0,4
J. Lingard,82,26500000.0,Backup,T. Müller,CAM,J. Lingard,Manchester United,26500000.0,41.0,-4,21.4,StandingTackle,50.0,4
T. Müller,86,45000000.0,Starter,T. Müller,CAM,J. Lingard,Manchester United,26500000.0,41.0,-4,21.4,Strength,68.0,5
J. Lingard,82,26500000.0,Backup,T. Müller,CAM,J. Lingard,Manchester United,26500000.0,41.0,-4,21.4,Strength,53.0,5
T. Müller,86,45000000.0,Starter,T. Müller,CAM,J. Lingard,Manchester United,26500000.0,41.0,-4,21.4,SprintSpeed,75.0,6
J. Lingard,82,26500000.0,Backup,T. Müller,CAM,J. Lingard,Manchester United,26500000.0,41.0,-4,21.4,SprintSpeed,82.0,6
Thiago,86,45500000.0,Starter,Thiago,CM,M. Götze,Borussia Dortmund,27000000.0,41.0,-4,47.7,SprintSpeed,69.0,0
M. Götze,82,27000000.0,Backup,Thiago,CM,M. Götze,Borussia Dortmund,27000000.0,41.0,-4,47.7,SprintSpeed,64.0,0
Thiago,86,45500000.0,Starter,Thiago,CM,M. Götze,Borussia Dortmund,27000000.0,41.0,-4,47.7,Finishing,69.0,1
M. Götze,82,27000000.0,Backup,Thiago,CM,M. Götze,Borussia Dortmund,27000000.0,41.0,-4,47.7,Finishing,75.0,1
Thiago,86,45500000.0,Starter,Thiago,CM,M. Götze,Borussia Dortmund,27000000.0,41.0,-4,47.7,ShortPassing,90.0,2
M. Götze,82,27000000.0,Backup,Thiago,CM,M. Götze,Borussia Dortmund,27000000.0,41.0,-4,47.7,ShortPassing,87.0,2
Thiago,86,45500000.0,Starter,Thiago,CM,M. Götze,Borussia Dortmund,27000000.0,41.0,-4,47.7,Dribbling,90.0,3
M. Götze,82,27000000.0,Backup,Thiago,CM,M. Götze,Borussia Dortmund,27000000.0,41.0,-4,47.7,Dribbling,84.0,3
Thiago,86,45500000.0,Starter,Thiago,CM,M. Götze,Borussia Dortmund,27000000.0,41.0,-4,47.7,StandingTackle,63.0,4
M. Götze,82,27000000.0,Backup,Thiago,CM,M. Götze,Borussia Dortmund,27000000.0,41.0,-4,47.7,StandingTackle,53.0,4
Thiago,86,45500000.0,Starter,Thiago,CM,M. Götze,Borussia Dortmund,27000000.0,41.0,-4,47.7,Strength,59.0,5
M. Götze,82,27000000.0,Backup,Thiago,CM,M. Götze,Borussia Dortmund,27000000.0,41.0,-4,47.7,Strength,68.0,5
Thiago,86,45500000.0,Starter,Thiago,CM,M. Götze,Borussia Dortmund,27000000.0,41.0,-4,47.7,SprintSpeed,69.0,6
M. Götze,82,27000000.0,Backup,Thiago,CM,M. Götze,Borussia Dortmund,27000000.0,41.0,-4,47.7,SprintSpeed,64.0,6
M. Reus,86,43500000.0,Starter,M. Reus,LM,Nolito,Sevilla FC,11000000.0,75.0,-7,18.5,SprintSpeed,85.0,0
Nolito,79,11000000.0,Backup,M. Reus,LM,Nolito,Sevilla FC,11000000.0,75.0,-7,18.5,SprintSpeed,70.0,0
M. Reus,86,43500000.0,Starter,M. Reus,LM,Nolito,Sevilla FC,11000000.0,75.0,-7,18.5,Finishing,87.0,1
Nolito,79,11000000.0,Backup,M. Reus,LM,Nolito,Sevilla FC,11000000.0,75.0,-7,18.5,Finishing,79.0,1
M. Reus,86,43500000.0,Starter,M. Reus,LM,Nolito,Sevilla FC,11000000.0,75.0,-7,18.5,ShortPassing,86.0,2
Nolito,79,11000000.0,Backup,M. Reus,LM,Nolito,Sevilla FC,11000000.0,75.0,-7,18.5,ShortPassing,76.0,2
M. Reus,86,43500000.0,Starter,M. Reus,LM,Nolito,Sevilla FC,11000000.0,75.0,-7,18.5,Dribbling,87.0,3
Nolito,79,11000000.0,Backup,M. Reus,LM,Nolito,Sevilla FC,11000000.0,75.0,-7,18.5,Dribbling,80.0,3
M. Reus,86,43500000.0,Starter,M. Reus,LM,Nolito,Sevilla FC,11000000.0,75.0,-7,18.5,StandingTackle,36.0,4
Nolito,79,11000000.0,Backup,M. Reus,LM,Nolito,Sevilla FC,11000000.0,75.0,-7,18.5,StandingTackle,39.0,4
M. Reus,86,43500000.0,Starter,M. Reus,LM,Nolito,Sevilla FC,11000000.0,75.0,-7,18.5,Strength,67.0,5
Nolito,79,11000000.0,Backup,M. Reus,LM,Nolito,Sevilla FC,11000000.0,75.0,-7,18.5,Strength,63.0,5
M. Reus,86,43500000.0,Starter,M. Reus,LM,Nolito,Sevilla FC,11000000.0,75.0,-7,18.5,SprintSpeed,85.0,6
Nolito,79,11000000.0,Backup,M. Reus,LM,Nolito,Sevilla FC,11000000.0,75.0,-7,18.5,SprintSpeed,70.0,6
Azpilicueta,86,35000000.0,Starter,Azpilicueta,RB,S. Vrsaljko,Inter,18000000.0,49.0,-5,45.9,SprintSpeed,76.0,0
S. Vrsaljko,81,18000000.0,Backup,Azpilicueta,RB,S. Vrsaljko,Inter,18000000.0,49.0,-5,45.9,SprintSpeed,79.0,0
Azpilicueta,86,35000000.0,Starter,Azpilicueta,RB,S. Vrsaljko,Inter,18000000.0,49.0,-5,45.9,Finishing,46.0,1
S. Vrsaljko,81,18000000.0,Backup,Azpilicueta,RB,S. Vrsaljko,Inter,18000000.0,49.0,-5,45.9,Finishing,44.0,1
Azpilicueta,86,35000000.0,Starter,Azpilicueta,RB,S. Vrsaljko,Inter,18000000.0,49.0,-5,45.9,ShortPassing,81.0,2
S. Vrsaljko,81,18000000.0,Backup,Azpilicueta,RB,S. Vrsaljko,Inter,18000000.0,49.0,-5,45.9,ShortPassing,77.0,2
Azpilicueta,86,35000000.0,Starter,Azpilicueta,RB,S. Vrsaljko,Inter,18000000.0,49.0,-5,45.9,Dribbling,69.0,3
S. Vrsaljko,81,18000000.0,Backup,Azpilicueta,RB,S. Vrsaljko,Inter,18000000.0,49.0,-5,45.9,Dribbling,74.0,3
Azpilicueta,86,35000000.0,Starter,Azpilicueta,RB,S. Vrsaljko,Inter,18000000.0,49.0,-5,45.9,StandingTackle,90.0,4
S. Vrsaljko,81,18000000.0,Backup,Azpilicueta,RB,S. Vrsaljko,Inter,18000000.0,49.0,-5,45.9,StandingTackle,81.0,4
Azpilicueta,86,35000000.0,Starter,Azpilicueta,RB,S. Vrsaljko,Inter,18000000.0,49.0,-5,45.9,Strength,71.0,5
S. Vrsaljko,81,18000000.0,Backup,Azpilicueta,RB,S. Vrsaljko,Inter,18000000.0,49.0,-5,45.9,Strength,73.0,5
Azpilicueta,86,35000000.0,Starter,Azpilicueta,RB,S. Vrsaljko,Inter,18000000.0,49.0,-5,45.9,SprintSpeed,76.0,6
S. Vrsaljko,81,18000000.0,Backup,Azpilicueta,RB,S. Vrsaljko,Inter,18000000.0,49.0,-5,45.9,SprintSpeed,79.0,6
L. Bonucci,86,30000000.0,Starter,L. Bonucci,RCB,L. Perrin,AS Saint-Étienne,8500000.0,72.0,-6,26.5,SprintSpeed,65.0,0
L. Perrin,80,8500000.0,Backup,L. Bonucci,RCB,L. Perrin,AS Saint-Étienne,8500000.0,72.0,-6,26.5,SprintSpeed,63.0,0
L. Bonucci,86,30000000.0,Starter,L. Bonucci,RCB,L. Perrin,AS Saint-Étienne,8500000.0,72.0,-6,26.5,Finishing,48.0,1
L. Perrin,80,8500000.0,Backup,L. Bonucci,RCB,L. Perrin,AS Saint-Étienne,8500000.0,72.0,-6,26.5,Finishing,55.0,1
L. Bonucci,86,30000000.0,Starter,L. Bonucci,RCB,L. Perrin,AS Saint-Étienne,8500000.0,72.0,-6,26.5,ShortPassing,77.0,2
L. Perrin,80,8500000.0,Backup,L. Bonucci,RCB,L. Perrin,AS Saint-Étienne,8500000.0,72.0,-6,26.5,ShortPassing,74.0,2
L. Bonucci,86,30000000.0,Starter,L. Bonucci,RCB,L. Perrin,AS Saint-Étienne,8500000.0,72.0,-6,26.5,Dribbling,69.0,3
L. Perrin,80,8500000.0,Backup,L. Bonucci,RCB,L. Perrin,AS Saint-Étienne,8500000.0,72.0,-6,26.5,Dribbling,62.0,3
L. Bonucci,86,30000000.0,Starter,L. Bonucci,RCB,L. Perrin,AS Saint-Étienne,8500000.0,72.0,-6,26.5,StandingTackle,86.0,4
L. Perrin,80,8500000.0,Backup,L. Bonucci,RCB,L. Perrin,AS Saint-Étienne,8500000.0,72.0,-6,26.5,StandingTackle,84.0,4
L. Bonucci,86,30000000.0,Starter,L. Bonucci,RCB,L. Perrin,AS Saint-Étienne,8500000.0,72.0,-6,26.5,Strength,83.0,5
L. Perrin,80,8500000.0,Backup,L. Bonucci,RCB,L. Perrin,AS Saint-Étienne,8500000.0,72.0,-6,26.5,Strength,78.0,5
L. Bonucci,86,30000000.0,Starter,L. Bonucci,RCB,L. Perrin,AS Saint-Étienne,8500000.0,72.0,-6,26.5,SprintSpeed,65.0,6
L. Perrin,80,8500000.0,Backup,L. Bonucci,RCB,L. Perrin,AS Saint-Étienne,8500000.0,72.0,-6,26.5,SprintSpeed,63.0,6
T. Alderweireld,86,39000000.0,Starter,T. Alderweireld,RCB,L. Perrin,AS Saint-Étienne,8500000.0,78.0,-6,37.4,SprintSpeed,66.0,0
L. Perrin,80,8500000.0,Backup,T. Alderweireld,RCB,L. Perrin,AS Saint-Étienne,8500000.0,78.0,-6,37.4,SprintSpeed,63.0,0
T. Alderweireld,86,39000000.0,Starter,T. Alderweireld,RCB,L. Perrin,AS Saint-Étienne,8500000.0,78.0,-6,37.4,Finishing,45.0,1
L. Perrin,80,8500000.0,Backup,T. Alderweireld,RCB,L. Perrin,AS Saint-Étienne,8500000.0,78.0,-6,37.4,Finishing,55.0,1
T. Alderweireld,86,39000000.0,Starter,T. Alderweireld,RCB,L. Perrin,AS Saint-Étienne,8500000.0,78.0,-6,37.4,ShortPassing,79.0,2
L. Perrin,80,8500000.0,Backup,T. Alderweireld,RCB,L. Perrin,AS Saint-Étienne,8500000.0,78.0,-6,37.4,ShortPassing,74.0,2
T. Alderweireld,86,39000000.0,Starter,T. Alderweireld,RCB,L. Perrin,AS Saint-Étienne,8500000.0,78.0,-6,37.4,Dribbling,62.0,3
L. Perrin,80,8500000.0,Backup,T. Alderweireld,RCB,L. Perrin,AS Saint-Étienne,8500000.0,78.0,-6,37.4,Dribbling,62.0,3
T. Alderweireld,86,39000000.0,Starter,T. Alderweireld,RCB,L. Perrin,AS Saint-Étienne,8500000.0,78.0,-6,37.4,StandingTackle,91.0,4
L. Perrin,80,8500000.0,Backup,T. Alderweireld,RCB,L. Perrin,AS Saint-Étienne,8500000.0,78.0,-6,37.4,StandingTackle,84.0,4
T. Alderweireld,86,39000000.0,Starter,T. Alderweireld,RCB,L. Perrin,AS Saint-Étienne,8500000.0,78.0,-6,37.4,Strength,79.0,5
L. Perrin,80,8500000.0,Backup,T. Alderweireld,RCB,L. Perrin,AS Saint-Étienne,8500000.0,78.0,-6,37.4,Strength,78.0,5
T. Alderweireld,86,39000000.0,Starter,T. Alderweireld,RCB,L. Perrin,AS Saint-Étienne,8500000.0,78.0,-6,37.4,SprintSpeed,66.0,6
L. Perrin,80,8500000.0,Backup,T. Alderweireld,RCB,L. Perrin,AS Saint-Étienne,8500000.0,78.0,-6,37.4,SprintSpeed,63.0,6
M. Pjanić,86,44000000.0,Starter,M. Pjanić,CDM,E. Banega,Sevilla FC,29000000.0,34.0,-2,62.3,SprintSpeed,66.0,0
E. Banega,84,29000000.0,Backup,M. Pjanić,CDM,E. Banega,Sevilla FC,29000000.0,34.0,-2,62.3,SprintSpeed,64.0,0
M. Pjanić,86,44000000.0,Starter,M. Pjanić,CDM,E. Banega,Sevilla FC,29000000.0,34.0,-2,62.3,Finishing,60.0,1
E. Banega,84,29000000.0,Backup,M. Pjanić,CDM,E. Banega,Sevilla FC,29000000.0,34.0,-2,62.3,Finishing,66.0,1
M. Pjanić,86,44000000.0,Starter,M. Pjanić,CDM,E. Banega,Sevilla FC,29000000.0,34.0,-2,62.3,ShortPassing,89.0,2
E. Banega,84,29000000.0,Backup,M. Pjanić,CDM,E. Banega,Sevilla FC,29000000.0,34.0,-2,62.3,ShortPassing,88.0,2
M. Pjanić,86,44000000.0,Starter,M. Pjanić,CDM,E. Banega,Sevilla FC,29000000.0,34.0,-2,62.3,Dribbling,86.0,3
E. Banega,84,29000000.0,Backup,M. Pjanić,CDM,E. Banega,Sevilla FC,29000000.0,34.0,-2,62.3,Dribbling,84.0,3
M. Pjanić,86,44000000.0,Starter,M. Pjanić,CDM,E. Banega,Sevilla FC,29000000.0,34.0,-2,62.3,StandingTackle,74.0,4
E. Banega,84,29000000.0,Backup,M. Pjanić,CDM,E. Banega,Sevilla FC,29000000.0,34.0,-2,62.3,StandingTackle,69.0,4
M. Pjanić,86,44000000.0,Starter,M. Pjanić,CDM,E. Banega,Sevilla FC,29000000.0,34.0,-2,62.3,Strength,66.0,5
E. Banega,84,29000000.0,Backup,M. Pjanić,CDM,E. Banega,Sevilla FC,29000000.0,34.0,-2,62.3,Strength,67.0,5
M. Pjanić,86,44000000.0,Starter,M. Pjanić,CDM,E. Banega,Sevilla FC,29000000.0,34.0,-2,62.3,SprintSpeed,66.0,6
E. Banega,84,29000000.0,Backup,M. Pjanić,CDM,E. Banega,Sevilla FC,29000000.0,34.0,-2,62.3,SprintSpeed,64.0,6
M. Benatia,86,30000000.0,Starter,M. Benatia,CB,Miranda,Inter,15500000.0,48.0,-1,49.7,SprintSpeed,75.0,0
Miranda,85,15500000.0,Backup,M. Benatia,CB,Miranda,Inter,15500000.0,48.0,-1,49.7,SprintSpeed,69.0,0
M. Benatia,86,30000000.0,Starter,M. Benatia,CB,Miranda,Inter,15500000.0,48.0,-1,49.7,Finishing,47.0,1
Miranda,85,15500000.0,Backup,M. Benatia,CB,Miranda,Inter,15500000.0,48.0,-1,49.7,Finishing,43.0,1
M. Benatia,86,30000000.0,Starter,M. Benatia,CB,Miranda,Inter,15500000.0,48.0,-1,49.7,ShortPassing,65.0,2
Miranda,85,15500000.0,Backup,M. Benatia,CB,Miranda,Inter,15500000.0,48.0,-1,49.7,ShortPassing,70.0,2
M. Benatia,86,30000000.0,Starter,M. Benatia,CB,Miranda,Inter,15500000.0,48.0,-1,49.7,Dribbling,64.0,3
Miranda,85,15500000.0,Backup,M. Benatia,CB,Miranda,Inter,15500000.0,48.0,-1,49.7,Dribbling,67.0,3
M. Benatia,86,30000000.0,Starter,M. Benatia,CB,Miranda,Inter,15500000.0,48.0,-1,49.7,StandingTackle,87.0,4
Miranda,85,15500000.0,Backup,M. Benatia,CB,Miranda,Inter,15500000.0,48.0,-1,49.7,StandingTackle,90.0,4
M. Benatia,86,30000000.0,Starter,M. Benatia,CB,Miranda,Inter,15500000.0,48.0,-1,49.7,Strength,91.0,5
Miranda,85,15500000.0,Backup,M. Benatia,CB,Miranda,Inter,15500000.0,48.0,-1,49.7,Strength,79.0,5
M. Benatia,86,30000000.0,Starter,M. Benatia,CB,Miranda,Inter,15500000.0,48.0,-1,49.7,SprintSpeed,75.0,6
Miranda,85,15500000.0,Backup,M. Benatia,CB,Miranda,Inter,15500000.0,48.0,-1,49.7,SprintSpeed,69.0,6
M. Özil,86,43500000.0,Starter,M. Özil,CAM,Claudio Coíntra,Internacional,5000000.0,89.0,-8,34.9,SprintSpeed,69.0,0
Claudio Coíntra,78,5000000.0,Backup,M. Özil,CAM,Claudio Coíntra,Internacional,5000000.0,89.0,-8,34.9,SprintSpeed,74.0,0
M. Özil,86,43500000.0,Starter,M. Özil,CAM,Claudio Coíntra,Internacional,5000000.0,89.0,-8,34.9,Finishing,73.0,1
Claudio Coíntra,78,5000000.0,Backup,M. Özil,CAM,Claudio Coíntra,Internacional,5000000.0,89.0,-8,34.9,Finishing,73.0,1
M. Özil,86,43500000.0,Starter,M. Özil,CAM,Claudio Coíntra,Internacional,5000000.0,89.0,-8,34.9,ShortPassing,89.0,2
Claudio Coíntra,78,5000000.0,Backup,M. Özil,CAM,Claudio Coíntra,Internacional,5000000.0,89.0,-8,34.9,ShortPassing,75.0,2
M. Özil,86,43500000.0,Starter,M. Özil,CAM,Claudio Coíntra,Internacional,5000000.0,89.0,-8,34.9,Dribbling,84.0,3
Claudio Coíntra,78,5000000.0,Backup,M. Özil,CAM,Claudio Coíntra,Internacional,5000000.0,89.0,-8,34.9,Dribbling,75.0,3
M. Özil,86,43500000.0,Starter,M. Özil,CAM,Claudio Coíntra,Internacional,5000000.0,89.0,-8,34.9,StandingTackle,16.0,4
Claudio Coíntra,78,5000000.0,Backup,M. Özil,CAM,Claudio Coíntra,Internacional,5000000.0,89.0,-8,34.9,StandingTackle,28.0,4
M. Özil,86,43500000.0,Starter,M. Özil,CAM,Claudio Coíntra,Internacional,5000000.0,89.0,-8,34.9,Strength,57.0,5
Claudio Coíntra,78,5000000.0,Backup,M. Özil,CAM,Claudio Coíntra,Internacional,5000000.0,89.0,-8,34.9,Strength,57.0,5
M. Özil,86,43500000.0,Starter,M. Özil,CAM,Claudio Coíntra,Internacional,5000000.0,89.0,-8,34.9,SprintSpeed,69.0,6
Claudio Coíntra,78,5000000.0,Backup,M. Özil,CAM,Claudio Coíntra,Internacional,5000000.0,89.0,-8,34.9,SprintSpeed,74.0,6
Fernandinho,86,18000000.0,Starter,Fernandinho,CDM,L. Biglia,Milan,12500000.0,31.0,-4,38.6,SprintSpeed,67.0,0
L. Biglia,82,12500000.0,Backup,Fernandinho,CDM,L. Biglia,Milan,12500000.0,31.0,-4,38.6,SprintSpeed,65.0,0
Fernandinho,86,18000000.0,Starter,Fernandinho,CDM,L. Biglia,Milan,12500000.0,31.0,-4,38.6,Finishing,69.0,1
L. Biglia,82,12500000.0,Backup,Fernandinho,CDM,L. Biglia,Milan,12500000.0,31.0,-4,38.6,Finishing,50.0,1
Fernandinho,86,18000000.0,Starter,Fernandinho,CDM,L. Biglia,Milan,12500000.0,31.0,-4,38.6,ShortPassing,85.0,2
L. Biglia,82,12500000.0,Backup,Fernandinho,CDM,L. Biglia,Milan,12500000.0,31.0,-4,38.6,ShortPassing,86.0,2
Fernandinho,86,18000000.0,Starter,Fernandinho,CDM,L. Biglia,Milan,12500000.0,31.0,-4,38.6,Dribbling,77.0,3
L. Biglia,82,12500000.0,Backup,Fernandinho,CDM,L. Biglia,Milan,12500000.0,31.0,-4,38.6,Dribbling,80.0,3
Fernandinho,86,18000000.0,Starter,Fernandinho,CDM,L. Biglia,Milan,12500000.0,31.0,-4,38.6,StandingTackle,85.0,4
L. Biglia,82,12500000.0,Backup,Fernandinho,CDM,L. Biglia,Milan,12500000.0,31.0,-4,38.6,StandingTackle,78.0,4
Fernandinho,86,18000000.0,Starter,Fernandinho,CDM,L. Biglia,Milan,12500000.0,31.0,-4,38.6,Strength,76.0,5
L. Biglia,82,12500000.0,Backup,Fernandinho,CDM,L. Biglia,Milan,12500000.0,31.0,-4,38.6,Strength,65.0,5
Fernandinho,86,18000000.0,Starter,Fernandinho,CDM,L. Biglia,Milan,12500000.0,31.0,-4,38.6,SprintSpeed,67.0,6
L. Biglia,82,12500000.0,Backup,Fernandinho,CDM,L. Biglia,Milan,12500000.0,31.0,-4,38.6,SprintSpeed,65.0,6
M. Škriniar,85,46500000.0,Starter,M. Škriniar,LCB,J. Brooks,VfL Wolfsburg,14000000.0,70.0,-6,45.2,SprintSpeed,73.0,0
J. Brooks,79,14000000.0,Backup,M. Škriniar,LCB,J. Brooks,VfL Wolfsburg,14000000.0,70.0,-6,45.2,SprintSpeed,76.0,0
M. Škriniar,85,46500000.0,Starter,M. Škriniar,LCB,J. Brooks,VfL Wolfsburg,14000000.0,70.0,-6,45.2,Finishing,42.0,1
J. Brooks,79,14000000.0,Backup,M. Škriniar,LCB,J. Brooks,VfL Wolfsburg,14000000.0,70.0,-6,45.2,Finishing,39.0,1
M. Škriniar,85,46500000.0,Starter,M. Škriniar,LCB,J. Brooks,VfL Wolfsburg,14000000.0,70.0,-6,45.2,ShortPassing,70.0,2
J. Brooks,79,14000000.0,Backup,M. Škriniar,LCB,J. Brooks,VfL Wolfsburg,14000000.0,70.0,-6,45.2,ShortPassing,73.0,2
M. Škriniar,85,46500000.0,Starter,M. Škriniar,LCB,J. Brooks,VfL Wolfsburg,14000000.0,70.0,-6,45.2,Dribbling,59.0,3
J. Brooks,79,14000000.0,Backup,M. Škriniar,LCB,J. Brooks,VfL Wolfsburg,14000000.0,70.0,-6,45.2,Dribbling,65.0,3
M. Škriniar,85,46500000.0,Starter,M. Škriniar,LCB,J. Brooks,VfL Wolfsburg,14000000.0,70.0,-6,45.2,StandingTackle,88.0,4
J. Brooks,79,14000000.0,Backup,M. Škriniar,LCB,J. Brooks,VfL Wolfsburg,14000000.0,70.0,-6,45.2,StandingTackle,81.0,4
M. Škriniar,85,46500000.0,Starter,M. Škriniar,LCB,J. Brooks,VfL Wolfsburg,14000000.0,70.0,-6,45.2,Strength,83.0,5
J. Brooks,79,14000000.0,Backup,M. Škriniar,LCB,J. Brooks,VfL Wolfsburg,14000000.0,70.0,-6,45.2,Strength,84.0,5
M. Škriniar,85,46500000.0,Starter,M. Škriniar,LCB,J. Brooks,VfL Wolfsburg,14000000.0,70.0,-6,45.2,SprintSpeed,73.0,6
J. Brooks,79,14000000.0,Backup,M. Škriniar,LCB,J. Brooks,VfL Wolfsburg,14000000.0,70.0,-6,45.2,SprintSpeed,76.0,6
S. Milinković-Savić,85,50500000.0,Starter,S. Milinković-Savić,CM,C. Tolisso,FC Bayern München,34000000.0,33.0,-2,44.9,SprintSpeed,70.0,0
C. Tolisso,83,34000000.0,Backup,S. Milinković-Savić,CM,C. Tolisso,FC Bayern München,34000000.0,33.0,-2,44.9,SprintSpeed,66.0,0
S. Milinković-Savić,85,50500000.0,Starter,S. Milinković-Savić,CM,C. Tolisso,FC Bayern München,34000000.0,33.0,-2,44.9,Finishing,80.0,1
C. Tolisso,83,34000000.0,Backup,S. Milinković-Savić,CM,C. Tolisso,FC Bayern München,34000000.0,33.0,-2,44.9,Finishing,75.0,1
S. Milinković-Savić,85,50500000.0,Starter,S. Milinković-Savić,CM,C. Tolisso,FC Bayern München,34000000.0,33.0,-2,44.9,ShortPassing,85.0,2
C. Tolisso,83,34000000.0,Backup,S. Milinković-Savić,CM,C. Tolisso,FC Bayern München,34000000.0,33.0,-2,44.9,ShortPassing,84.0,2
S. Milinković-Savić,85,50500000.0,Starter,S. Milinković-Savić,CM,C. Tolisso,FC Bayern München,34000000.0,33.0,-2,44.9,Dribbling,86.0,3
C. Tolisso,83,34000000.0,Backup,S. Milinković-Savić,CM,C. Tolisso,FC Bayern München,34000000.0,33.0,-2,44.9,Dribbling,77.0,3
S. Milinković-Savić,85,50500000.0,Starter,S. Milinković-Savić,CM,C. Tolisso,FC Bayern München,34000000.0,33.0,-2,44.9,StandingTackle,77.0,4
C. Tolisso,83,34000000.0,Backup,S. Milinković-Savić,CM,C. Tolisso,FC Bayern München,34000000.0,33.0,-2,44.9,StandingTackle,78.0,4
S. Milinković-Savić,85,50500000.0,Starter,S. Milinković-Savić,CM,C. Tolisso,FC Bayern München,34000000.0,33.0,-2,44.9,Strength,88.0,5
C. Tolisso,83,34000000.0,Backup,S. Milinković-Savić,CM,C. Tolisso,FC Bayern München,34000000.0,33.0,-2,44.9,Strength,77.0,5
S. Milinković-Savić,85,50500000.0,Starter,S. Milinković-Savić,CM,C. Tolisso,FC Bayern München,34000000.0,33.0,-2,44.9,SprintSpeed,70.0,6
C. Tolisso,83,34000000.0,Backup,S. Milinković-Savić,CM,C. Tolisso,FC Bayern München,34000000.0,33.0,-2,44.9,SprintSpeed,66.0,6
Marco Asensio,85,54000000.0,Starter,Marco Asensio,RW,S. Berghuis,Feyenoord,15000000.0,72.0,-6,46.5,SprintSpeed,82.0,0
S. Berghuis,79,15000000.0,Backup,Marco Asensio,RW,S. Berghuis,Feyenoord,15000000.0,72.0,-6,46.5,SprintSpeed,75.0,0
Marco Asensio,85,54000000.0,Starter,Marco Asensio,RW,S. Berghuis,Feyenoord,15000000.0,72.0,-6,46.5,Finishing,82.0,1
S. Berghuis,79,15000000.0,Backup,Marco Asensio,RW,S. Berghuis,Feyenoord,15000000.0,72.0,-6,46.5,Finishing,75.0,1
Marco Asensio,85,54000000.0,Starter,Marco Asensio,RW,S. Berghuis,Feyenoord,15000000.0,72.0,-6,46.5,ShortPassing,83.0,2
S. Berghuis,79,15000000.0,Backup,Marco Asensio,RW,S. Berghuis,Feyenoord,15000000.0,72.0,-6,46.5,ShortPassing,76.0,2
Marco Asensio,85,54000000.0,Starter,Marco Asensio,RW,S. Berghuis,Feyenoord,15000000.0,72.0,-6,46.5,Dribbling,86.0,3
S. Berghuis,79,15000000.0,Backup,Marco Asensio,RW,S. Berghuis,Feyenoord,15000000.0,72.0,-6,46.5,Dribbling,82.0,3
Marco Asensio,85,54000000.0,Starter,Marco Asensio,RW,S. Berghuis,Feyenoord,15000000.0,72.0,-6,46.5,StandingTackle,42.0,4
S. Berghuis,79,15000000.0,Backup,Marco Asensio,RW,S. Berghuis,Feyenoord,15000000.0,72.0,-6,46.5,StandingTackle,36.0,4
Marco Asensio,85,54000000.0,Starter,Marco Asensio,RW,S. Berghuis,Feyenoord,15000000.0,72.0,-6,46.5,Strength,61.0,5
S. Berghuis,79,15000000.0,Backup,Marco Asensio,RW,S. Berghuis,Feyenoord,15000000.0,72.0,-6,46.5,Strength,58.0,5
Marco Asensio,85,54000000.0,Starter,Marco Asensio,RW,S. Berghuis,Feyenoord,15000000.0,72.0,-6,46.5,SprintSpeed,82.0,6
S. Berghuis,79,15000000.0,Backup,Marco Asensio,RW,S. Berghuis,Feyenoord,15000000.0,72.0,-6,46.5,SprintSpeed,75.0,6
N. Fekir,85,50000000.0,Starter,N. Fekir,CAM,E. Lavezzi,Hebei China Fortune FC,8000000.0,84.0,-6,43.8,SprintSpeed,79.0,0
E. Lavezzi,79,8000000.0,Backup,N. Fekir,CAM,E. Lavezzi,Hebei China Fortune FC,8000000.0,84.0,-6,43.8,SprintSpeed,83.0,0
N. Fekir,85,50000000.0,Starter,N. Fekir,CAM,E. Lavezzi,Hebei China Fortune FC,8000000.0,84.0,-6,43.8,Finishing,82.0,1
E. Lavezzi,79,8000000.0,Backup,N. Fekir,CAM,E. Lavezzi,Hebei China Fortune FC,8000000.0,84.0,-6,43.8,Finishing,80.0,1
N. Fekir,85,50000000.0,Starter,N. Fekir,CAM,E. Lavezzi,Hebei China Fortune FC,8000000.0,84.0,-6,43.8,ShortPassing,83.0,2
E. Lavezzi,79,8000000.0,Backup,N. Fekir,CAM,E. Lavezzi,Hebei China Fortune FC,8000000.0,84.0,-6,43.8,ShortPassing,80.0,2
N. Fekir,85,50000000.0,Starter,N. Fekir,CAM,E. Lavezzi,Hebei China Fortune FC,8000000.0,84.0,-6,43.8,Dribbling,90.0,3
E. Lavezzi,79,8000000.0,Backup,N. Fekir,CAM,E. Lavezzi,Hebei China Fortune FC,8000000.0,84.0,-6,43.8,Dribbling,82.0,3
N. Fekir,85,50000000.0,Starter,N. Fekir,CAM,E. Lavezzi,Hebei China Fortune FC,8000000.0,84.0,-6,43.8,StandingTackle,37.0,4
E. Lavezzi,79,8000000.0,Backup,N. Fekir,CAM,E. Lavezzi,Hebei China Fortune FC,8000000.0,84.0,-6,43.8,StandingTackle,40.0,4
N. Fekir,85,50000000.0,Starter,N. Fekir,CAM,E. Lavezzi,Hebei China Fortune FC,8000000.0,84.0,-6,43.8,Strength,82.0,5
E. Lavezzi,79,8000000.0,Backup,N. Fekir,CAM,E. Lavezzi,Hebei China Fortune FC,8000000.0,84.0,-6,43.8,Strength,71.0,5
N. Fekir,85,50000000.0,Starter,N. Fekir,CAM,E. Lavezzi,Hebei China Fortune FC,8000000.0,84.0,-6,43.8,SprintSpeed,79.0,6
E. Lavezzi,79,8000000.0,Backup,N. Fekir,CAM,E. Lavezzi,Hebei China Fortune FC,8000000.0,84.0,-6,43.8,SprintSpeed,83.0,6
Alisson,85,36500000.0,Starter,Alisson,GK,J. Zoet,PSV,12500000.0,66.0,-5,46.7,SprintSpeed,45.0,0
J. Zoet,80,12500000.0,Backup,Alisson,GK,J. Zoet,PSV,12500000.0,66.0,-5,46.7,SprintSpeed,45.0,0
Alisson,85,36500000.0,Starter,Alisson,GK,J. Zoet,PSV,12500000.0,66.0,-5,46.7,Finishing,13.0,1
J. Zoet,80,12500000.0,Backup,Alisson,GK,J. Zoet,PSV,12500000.0,66.0,-5,46.7,Finishing,12.0,1
Alisson,85,36500000.0,Starter,Alisson,GK,J. Zoet,PSV,12500000.0,66.0,-5,46.7,ShortPassing,45.0,2
J. Zoet,80,12500000.0,Backup,Alisson,GK,J. Zoet,PSV,12500000.0,66.0,-5,46.7,ShortPassing,37.0,2
Alisson,85,36500000.0,Starter,Alisson,GK,J. Zoet,PSV,12500000.0,66.0,-5,46.7,Dribbling,27.0,3
J. Zoet,80,12500000.0,Backup,Alisson,GK,J. Zoet,PSV,12500000.0,66.0,-5,46.7,Dribbling,15.0,3
Alisson,85,36500000.0,Starter,Alisson,GK,J. Zoet,PSV,12500000.0,66.0,-5,46.7,StandingTackle,19.0,4
J. Zoet,80,12500000.0,Backup,Alisson,GK,J. Zoet,PSV,12500000.0,66.0,-5,46.7,StandingTackle,18.0,4
Alisson,85,36500000.0,Starter,Alisson,GK,J. Zoet,PSV,12500000.0,66.0,-5,46.7,Strength,78.0,5
J. Zoet,80,12500000.0,Backup,Alisson,GK,J. Zoet,PSV,12500000.0,66.0,-5,46.7,Strength,65.0,5
Alisson,85,36500000.0,Starter,Alisson,GK,J. Zoet,PSV,12500000.0,66.0,-5,46.7,SprintSpeed,45.0,6
J. Zoet,80,12500000.0,Backup,Alisson,GK,J. Zoet,PSV,12500000.0,66.0,-5,46.7,SprintSpeed,45.0,6
J. Kimmich,85,40500000.0,Starter,J. Kimmich,RCM,J. Henderson,Liverpool,18000000.0,56.0,-3,39.3,SprintSpeed,68.0,0
J. Henderson,82,18000000.0,Backup,J. Kimmich,RCM,J. Henderson,Liverpool,18000000.0,56.0,-3,39.3,SprintSpeed,66.0,0
J. Kimmich,85,40500000.0,Starter,J. Kimmich,RCM,J. Henderson,Liverpool,18000000.0,56.0,-3,39.3,Finishing,66.0,1
J. Henderson,82,18000000.0,Backup,J. Kimmich,RCM,J. Henderson,Liverpool,18000000.0,56.0,-3,39.3,Finishing,67.0,1
J. Kimmich,85,40500000.0,Starter,J. Kimmich,RCM,J. Henderson,Liverpool,18000000.0,56.0,-3,39.3,ShortPassing,85.0,2
J. Henderson,82,18000000.0,Backup,J. Kimmich,RCM,J. Henderson,Liverpool,18000000.0,56.0,-3,39.3,ShortPassing,84.0,2
J. Kimmich,85,40500000.0,Starter,J. Kimmich,RCM,J. Henderson,Liverpool,18000000.0,56.0,-3,39.3,Dribbling,80.0,3
J. Henderson,82,18000000.0,Backup,J. Kimmich,RCM,J. Henderson,Liverpool,18000000.0,56.0,-3,39.3,Dribbling,73.0,3
J. Kimmich,85,40500000.0,Starter,J. Kimmich,RCM,J. Henderson,Liverpool,18000000.0,56.0,-3,39.3,StandingTackle,81.0,4
J. Henderson,82,18000000.0,Backup,J. Kimmich,RCM,J. Henderson,Liverpool,18000000.0,56.0,-3,39.3,StandingTackle,79.0,4
J. Kimmich,85,40500000.0,Starter,J. Kimmich,RCM,J. Henderson,Liverpool,18000000.0,56.0,-3,39.3,Strength,65.0,5
J. Henderson,82,18000000.0,Backup,J. Kimmich,RCM,J. Henderson,Liverpool,18000000.0,56.0,-3,39.3,Strength,72.0,5
J. Kimmich,85,40500000.0,Starter,J. Kimmich,RCM,J. Henderson,Liverpool,18000000.0,56.0,-3,39.3,SprintSpeed,68.0,6
J. Henderson,82,18000000.0,Backup,J. Kimmich,RCM,J. Henderson,Liverpool,18000000.0,56.0,-3,39.3,SprintSpeed,66.0,6
Saúl,85,50500000.0,Starter,Saúl,RCM,M. Benassi,Fiorentina,11500000.0,77.0,-8,45.1,SprintSpeed,73.0,0
M. Benassi,77,11500000.0,Backup,Saúl,RCM,M. Benassi,Fiorentina,11500000.0,77.0,-8,45.1,SprintSpeed,68.0,0
Saúl,85,50500000.0,Starter,Saúl,RCM,M. Benassi,Fiorentina,11500000.0,77.0,-8,45.1,Finishing,78.0,1
M. Benassi,77,11500000.0,Backup,Saúl,RCM,M. Benassi,Fiorentina,11500000.0,77.0,-8,45.1,Finishing,66.0,1
Saúl,85,50500000.0,Starter,Saúl,RCM,M. Benassi,Fiorentina,11500000.0,77.0,-8,45.1,ShortPassing,85.0,2
M. Benassi,77,11500000.0,Backup,Saúl,RCM,M. Benassi,Fiorentina,11500000.0,77.0,-8,45.1,ShortPassing,80.0,2
Saúl,85,50500000.0,Starter,Saúl,RCM,M. Benassi,Fiorentina,11500000.0,77.0,-8,45.1,Dribbling,83.0,3
M. Benassi,77,11500000.0,Backup,Saúl,RCM,M. Benassi,Fiorentina,11500000.0,77.0,-8,45.1,Dribbling,78.0,3
Saúl,85,50500000.0,Starter,Saúl,RCM,M. Benassi,Fiorentina,11500000.0,77.0,-8,45.1,StandingTackle,79.0,4
M. Benassi,77,11500000.0,Backup,Saúl,RCM,M. Benassi,Fiorentina,11500000.0,77.0,-8,45.1,StandingTackle,74.0,4
Saúl,85,50500000.0,Starter,Saúl,RCM,M. Benassi,Fiorentina,11500000.0,77.0,-8,45.1,Strength,77.0,5
M. Benassi,77,11500000.0,Backup,Saúl,RCM,M. Benassi,Fiorentina,11500000.0,77.0,-8,45.1,Strength,75.0,5
Saúl,85,50500000.0,Starter,Saúl,RCM,M. Benassi,Fiorentina,11500000.0,77.0,-8,45.1,SprintSpeed,73.0,6
M. Benassi,77,11500000.0,Backup,Saúl,RCM,M. Benassi,Fiorentina,11500000.0,77.0,-8,45.1,SprintSpeed,68.0,6
R. Mahrez,85,40500000.0,Starter,R. Mahrez,RW,Pedro,Chelsea,21000000.0,48.0,-3,40.0,SprintSpeed,83.0,0
Pedro,82,21000000.0,Backup,R. Mahrez,RW,Pedro,Chelsea,21000000.0,48.0,-3,40.0,SprintSpeed,74.0,0
R. Mahrez,85,40500000.0,Starter,R. Mahrez,RW,Pedro,Chelsea,21000000.0,48.0,-3,40.0,Finishing,80.0,1
Pedro,82,21000000.0,Backup,R. Mahrez,RW,Pedro,Chelsea,21000000.0,48.0,-3,40.0,Finishing,78.0,1
R. Mahrez,85,40500000.0,Starter,R. Mahrez,RW,Pedro,Chelsea,21000000.0,48.0,-3,40.0,ShortPassing,82.0,2
Pedro,82,21000000.0,Backup,R. Mahrez,RW,Pedro,Chelsea,21000000.0,48.0,-3,40.0,ShortPassing,80.0,2
R. Mahrez,85,40500000.0,Starter,R. Mahrez,RW,Pedro,Chelsea,21000000.0,48.0,-3,40.0,Dribbling,91.0,3
Pedro,82,21000000.0,Backup,R. Mahrez,RW,Pedro,Chelsea,21000000.0,48.0,-3,40.0,Dribbling,84.0,3
R. Mahrez,85,40500000.0,Starter,R. Mahrez,RW,Pedro,Chelsea,21000000.0,48.0,-3,40.0,StandingTackle,31.0,4
Pedro,82,21000000.0,Backup,R. Mahrez,RW,Pedro,Chelsea,21000000.0,48.0,-3,40.0,StandingTackle,32.0,4
R. Mahrez,85,40500000.0,Starter,R. Mahrez,RW,Pedro,Chelsea,21000000.0,48.0,-3,40.0,Strength,54.0,5
Pedro,82,21000000.0,Backup,R. Mahrez,RW,Pedro,Chelsea,21000000.0,48.0,-3,40.0,Strength,47.0,5
R. Mahrez,85,40500000.0,Starter,R. Mahrez,RW,Pedro,Chelsea,21000000.0,48.0,-3,40.0,SprintSpeed,83.0,6
Pedro,82,21000000.0,Backup,R. Mahrez,RW,Pedro,Chelsea,21000000.0,48.0,-3,40.0,SprintSpeed,74.0,6
D. Alaba,85,38000000.0,Starter,D. Alaba,LB,R. Rodríguez,Milan,15500000.0,59.0,-5,52.2,SprintSpeed,86.0,0
R. Rodríguez,80,15500000.0,Backup,D. Alaba,LB,R. Rodríguez,Milan,15500000.0,59.0,-5,52.2,SprintSpeed,73.0,0
D. Alaba,85,38000000.0,Starter,D. Alaba,LB,R. Rodríguez,Milan,15500000.0,59.0,-5,52.2,Finishing,63.0,1
R. Rodríguez,80,15500000.0,Backup,D. Alaba,LB,R. Rodríguez,Milan,15500000.0,59.0,-5,52.2,Finishing,59.0,1
D. Alaba,85,38000000.0,Starter,D. Alaba,LB,R. Rodríguez,Milan,15500000.0,59.0,-5,52.2,ShortPassing,82.0,2
R. Rodríguez,80,15500000.0,Backup,D. Alaba,LB,R. Rodríguez,Milan,15500000.0,59.0,-5,52.2,ShortPassing,78.0,2
D. Alaba,85,38000000.0,Starter,D. Alaba,LB,R. Rodríguez,Milan,15500000.0,59.0,-5,52.2,Dribbling,79.0,3
R. Rodríguez,80,15500000.0,Backup,D. Alaba,LB,R. Rodríguez,Milan,15500000.0,59.0,-5,52.2,Dribbling,76.0,3
D. Alaba,85,38000000.0,Starter,D. Alaba,LB,R. Rodríguez,Milan,15500000.0,59.0,-5,52.2,StandingTackle,82.0,4
R. Rodríguez,80,15500000.0,Backup,D. Alaba,LB,R. Rodríguez,Milan,15500000.0,59.0,-5,52.2,StandingTackle,78.0,4
D. Alaba,85,38000000.0,Starter,D. Alaba,LB,R. Rodríguez,Milan,15500000.0,59.0,-5,52.2,Strength,71.0,5
R. Rodríguez,80,15500000.0,Backup,D. Alaba,LB,R. Rodríguez,Milan,15500000.0,59.0,-5,52.2,Strength,75.0,5
D. Alaba,85,38000000.0,Starter,D. Alaba,LB,R. Rodríguez,Milan,15500000.0,59.0,-5,52.2,SprintSpeed,86.0,6
R. Rodríguez,80,15500000.0,Backup,D. Alaba,LB,R. Rodríguez,Milan,15500000.0,59.0,-5,52.2,SprintSpeed,73.0,6
Koke,85,45000000.0,Starter,Koke,LM,Manuel Fernandes,Lokomotiv Moscow,14000000.0,69.0,-4,29.0,SprintSpeed,68.0,0
Manuel Fernandes,81,14000000.0,Backup,Koke,LM,Manuel Fernandes,Lokomotiv Moscow,14000000.0,69.0,-4,29.0,SprintSpeed,76.0,0
Koke,85,45000000.0,Starter,Koke,LM,Manuel Fernandes,Lokomotiv Moscow,14000000.0,69.0,-4,29.0,Finishing,72.0,1
Manuel Fernandes,81,14000000.0,Backup,Koke,LM,Manuel Fernandes,Lokomotiv Moscow,14000000.0,69.0,-4,29.0,Finishing,70.0,1
Koke,85,45000000.0,Starter,Koke,LM,Manuel Fernandes,Lokomotiv Moscow,14000000.0,69.0,-4,29.0,ShortPassing,90.0,2
Manuel Fernandes,81,14000000.0,Backup,Koke,LM,Manuel Fernandes,Lokomotiv Moscow,14000000.0,69.0,-4,29.0,ShortPassing,80.0,2
Koke,85,45000000.0,Starter,Koke,LM,Manuel Fernandes,Lokomotiv Moscow,14000000.0,69.0,-4,29.0,Dribbling,82.0,3
Manuel Fernandes,81,14000000.0,Backup,Koke,LM,Manuel Fernandes,Lokomotiv Moscow,14000000.0,69.0,-4,29.0,Dribbling,86.0,3
Koke,85,45000000.0,Starter,Koke,LM,Manuel Fernandes,Lokomotiv Moscow,14000000.0,69.0,-4,29.0,StandingTackle,69.0,4
Manuel Fernandes,81,14000000.0,Backup,Koke,LM,Manuel Fernandes,Lokomotiv Moscow,14000000.0,69.0,-4,29.0,StandingTackle,69.0,4
Koke,85,45000000.0,Starter,Koke,LM,Manuel Fernandes,Lokomotiv Moscow,14000000.0,69.0,-4,29.0,Strength,79.0,5
Manuel Fernandes,81,14000000.0,Backup,Koke,LM,Manuel Fernandes,Lokomotiv Moscow,14000000.0,69.0,-4,29.0,Strength,71.0,5
Koke,85,45000000.0,Starter,Koke,LM,Manuel Fernandes,Lokomotiv Moscow,14000000.0,69.0,-4,29.0,SprintSpeed,68.0,6
Manuel Fernandes,81,14000000.0,Backup,Koke,LM,Manuel Fernandes,Lokomotiv Moscow,14000000.0,69.0,-4,29.0,SprintSpeed,76.0,6
A. Lacazette,85,45000000.0,Starter,A. Lacazette,ST,Rodrigo,Valencia CF,30500000.0,32.0,-2,47.8,SprintSpeed,84.0,0
Rodrigo,83,30500000.0,Backup,A. Lacazette,ST,Rodrigo,Valencia CF,30500000.0,32.0,-2,47.8,SprintSpeed,91.0,0
A. Lacazette,85,45000000.0,Starter,A. Lacazette,ST,Rodrigo,Valencia CF,30500000.0,32.0,-2,47.8,Finishing,88.0,1
Rodrigo,83,30500000.0,Backup,A. Lacazette,ST,Rodrigo,Valencia CF,30500000.0,32.0,-2,47.8,Finishing,78.0,1
A. Lacazette,85,45000000.0,Starter,A. Lacazette,ST,Rodrigo,Valencia CF,30500000.0,32.0,-2,47.8,ShortPassing,80.0,2
Rodrigo,83,30500000.0,Backup,A. Lacazette,ST,Rodrigo,Valencia CF,30500000.0,32.0,-2,47.8,ShortPassing,78.0,2
A. Lacazette,85,45000000.0,Starter,A. Lacazette,ST,Rodrigo,Valencia CF,30500000.0,32.0,-2,47.8,Dribbling,85.0,3
Rodrigo,83,30500000.0,Backup,A. Lacazette,ST,Rodrigo,Valencia CF,30500000.0,32.0,-2,47.8,Dribbling,82.0,3
A. Lacazette,85,45000000.0,Starter,A. Lacazette,ST,Rodrigo,Valencia CF,30500000.0,32.0,-2,47.8,StandingTackle,42.0,4
Rodrigo,83,30500000.0,Backup,A. Lacazette,ST,Rodrigo,Valencia CF,30500000.0,32.0,-2,47.8,StandingTackle,41.0,4
A. Lacazette,85,45000000.0,Starter,A. Lacazette,ST,Rodrigo,Valencia CF,30500000.0,32.0,-2,47.8,Strength,73.0,5
Rodrigo,83,30500000.0,Backup,A. Lacazette,ST,Rodrigo,Valencia CF,30500000.0,32.0,-2,47.8,Strength,72.0,5
A. Lacazette,85,45000000.0,Starter,A. Lacazette,ST,Rodrigo,Valencia CF,30500000.0,32.0,-2,47.8,SprintSpeed,84.0,6
Rodrigo,83,30500000.0,Backup,A. Lacazette,ST,Rodrigo,Valencia CF,30500000.0,32.0,-2,47.8,SprintSpeed,91.0,6
K. Manolas,85,37500000.0,Starter,K. Manolas,LCB,A. Romagnoli,Milan,26500000.0,29.0,-3,3.1,SprintSpeed,85.0,0
A. Romagnoli,82,26500000.0,Backup,K. Manolas,LCB,A. Romagnoli,Milan,26500000.0,29.0,-3,3.1,SprintSpeed,69.0,0
K. Manolas,85,37500000.0,Starter,K. Manolas,LCB,A. Romagnoli,Milan,26500000.0,29.0,-3,3.1,Finishing,10.0,1
A. Romagnoli,82,26500000.0,Backup,K. Manolas,LCB,A. Romagnoli,Milan,26500000.0,29.0,-3,3.1,Finishing,30.0,1
K. Manolas,85,37500000.0,Starter,K. Manolas,LCB,A. Romagnoli,Milan,26500000.0,29.0,-3,3.1,ShortPassing,60.0,2
A. Romagnoli,82,26500000.0,Backup,K. Manolas,LCB,A. Romagnoli,Milan,26500000.0,29.0,-3,3.1,ShortPassing,70.0,2
K. Manolas,85,37500000.0,Starter,K. Manolas,LCB,A. Romagnoli,Milan,26500000.0,29.0,-3,3.1,Dribbling,54.0,3
A. Romagnoli,82,26500000.0,Backup,K. Manolas,LCB,A. Romagnoli,Milan,26500000.0,29.0,-3,3.1,Dribbling,65.0,3
K. Manolas,85,37500000.0,Starter,K. Manolas,LCB,A. Romagnoli,Milan,26500000.0,29.0,-3,3.1,StandingTackle,87.0,4
A. Romagnoli,82,26500000.0,Backup,K. Manolas,LCB,A. Romagnoli,Milan,26500000.0,29.0,-3,3.1,StandingTackle,85.0,4
K. Manolas,85,37500000.0,Starter,K. Manolas,LCB,A. Romagnoli,Milan,26500000.0,29.0,-3,3.1,Strength,82.0,5
A. Romagnoli,82,26500000.0,Backup,K. Manolas,LCB,A. Romagnoli,Milan,26500000.0,29.0,-3,3.1,Strength,81.0,5
K. Manolas,85,37500000.0,Starter,K. Manolas,LCB,A. Romagnoli,Milan,26500000.0,29.0,-3,3.1,SprintSpeed,85.0,6
A. Romagnoli,82,26500000.0,Backup,K. Manolas,LCB,A. Romagnoli,Milan,26500000.0,29.0,-3,3.1,SprintSpeed,69.0,6
N. Otamendi,85,28500000.0,Starter,N. Otamendi,CB,Raúl,SC Braga,12000000.0,58.0,-5,49.0,SprintSpeed,61.0,0
Raúl,80,12000000.0,Backup,N. Otamendi,CB,Raúl,SC Braga,12000000.0,58.0,-5,49.0,SprintSpeed,51.0,0
N. Otamendi,85,28500000.0,Starter,N. Otamendi,CB,Raúl,SC Braga,12000000.0,58.0,-5,49.0,Finishing,54.0,1
Raúl,80,12000000.0,Backup,N. Otamendi,CB,Raúl,SC Braga,12000000.0,58.0,-5,49.0,Finishing,50.0,1
N. Otamendi,85,28500000.0,Starter,N. Otamendi,CB,Raúl,SC Braga,12000000.0,58.0,-5,49.0,ShortPassing,75.0,2
Raúl,80,12000000.0,Backup,N. Otamendi,CB,Raúl,SC Braga,12000000.0,58.0,-5,49.0,ShortPassing,68.0,2
N. Otamendi,85,28500000.0,Starter,N. Otamendi,CB,Raúl,SC Braga,12000000.0,58.0,-5,49.0,Dribbling,51.0,3
Raúl,80,12000000.0,Backup,N. Otamendi,CB,Raúl,SC Braga,12000000.0,58.0,-5,49.0,Dribbling,56.0,3
N. Otamendi,85,28500000.0,Starter,N. Otamendi,CB,Raúl,SC Braga,12000000.0,58.0,-5,49.0,StandingTackle,85.0,4
Raúl,80,12000000.0,Backup,N. Otamendi,CB,Raúl,SC Braga,12000000.0,58.0,-5,49.0,StandingTackle,82.0,4
N. Otamendi,85,28500000.0,Starter,N. Otamendi,CB,Raúl,SC Braga,12000000.0,58.0,-5,49.0,Strength,80.0,5
Raúl,80,12000000.0,Backup,N. Otamendi,CB,Raúl,SC Braga,12000000.0,58.0,-5,49.0,Strength,85.0,5
N. Otamendi,85,28500000.0,Starter,N. Otamendi,CB,Raúl,SC Braga,12000000.0,58.0,-5,49.0,SprintSpeed,61.0,6
Raúl,80,12000000.0,Backup,N. Otamendi,CB,Raúl,SC Braga,12000000.0,58.0,-5,49.0,SprintSpeed,51.0,6
Parejo,85,37000000.0,Starter,Parejo,RCM,João Moutinho,Wolverhampton Wanderers,15000000.0,59.0,-4,22.6,SprintSpeed,43.0,0
João Moutinho,81,15000000.0,Backup,Parejo,RCM,João Moutinho,Wolverhampton Wanderers,15000000.0,59.0,-4,22.6,SprintSpeed,59.0,0
Parejo,85,37000000.0,Starter,Parejo,RCM,João Moutinho,Wolverhampton Wanderers,15000000.0,59.0,-4,22.6,Finishing,79.0,1
João Moutinho,81,15000000.0,Backup,Parejo,RCM,João Moutinho,Wolverhampton Wanderers,15000000.0,59.0,-4,22.6,Finishing,74.0,1
Parejo,85,37000000.0,Starter,Parejo,RCM,João Moutinho,Wolverhampton Wanderers,15000000.0,59.0,-4,22.6,ShortPassing,90.0,2
João Moutinho,81,15000000.0,Backup,Parejo,RCM,João Moutinho,Wolverhampton Wanderers,15000000.0,59.0,-4,22.6,ShortPassing,83.0,2
Parejo,85,37000000.0,Starter,Parejo,RCM,João Moutinho,Wolverhampton Wanderers,15000000.0,59.0,-4,22.6,Dribbling,78.0,3
João Moutinho,81,15000000.0,Backup,Parejo,RCM,João Moutinho,Wolverhampton Wanderers,15000000.0,59.0,-4,22.6,Dribbling,79.0,3
Parejo,85,37000000.0,Starter,Parejo,RCM,João Moutinho,Wolverhampton Wanderers,15000000.0,59.0,-4,22.6,StandingTackle,68.0,4
João Moutinho,81,15000000.0,Backup,Parejo,RCM,João Moutinho,Wolverhampton Wanderers,15000000.0,59.0,-4,22.6,StandingTackle,72.0,4
Parejo,85,37000000.0,Starter,Parejo,RCM,João Moutinho,Wolverhampton Wanderers,15000000.0,59.0,-4,22.6,Strength,72.0,5
João Moutinho,81,15000000.0,Backup,Parejo,RCM,João Moutinho,Wolverhampton Wanderers,15000000.0,59.0,-4,22.6,Strength,63.0,5
Parejo,85,37000000.0,Starter,Parejo,RCM,João Moutinho,Wolverhampton Wanderers,15000000.0,59.0,-4,22.6,SprintSpeed,43.0,6
João Moutinho,81,15000000.0,Backup,Parejo,RCM,João Moutinho,Wolverhampton Wanderers,15000000.0,59.0,-4,22.6,SprintSpeed,59.0,6
Paulinho,85,37000000.0,Starter,Paulinho,LDM,O. Yokuşlu,RC Celta,10500000.0,72.0,-8,35.0,SprintSpeed,73.0,0
O. Yokuşlu,77,10500000.0,Backup,Paulinho,LDM,O. Yokuşlu,RC Celta,10500000.0,72.0,-8,35.0,SprintSpeed,74.0,0
Paulinho,85,37000000.0,Starter,Paulinho,LDM,O. Yokuşlu,RC Celta,10500000.0,72.0,-8,35.0,Finishing,81.0,1
O. Yokuşlu,77,10500000.0,Backup,Paulinho,LDM,O. Yokuşlu,RC Celta,10500000.0,72.0,-8,35.0,Finishing,65.0,1
Paulinho,85,37000000.0,Starter,Paulinho,LDM,O. Yokuşlu,RC Celta,10500000.0,72.0,-8,35.0,ShortPassing,84.0,2
O. Yokuşlu,77,10500000.0,Backup,Paulinho,LDM,O. Yokuşlu,RC Celta,10500000.0,72.0,-8,35.0,ShortPassing,77.0,2
Paulinho,85,37000000.0,Starter,Paulinho,LDM,O. Yokuşlu,RC Celta,10500000.0,72.0,-8,35.0,Dribbling,82.0,3
O. Yokuşlu,77,10500000.0,Backup,Paulinho,LDM,O. Yokuşlu,RC Celta,10500000.0,72.0,-8,35.0,Dribbling,74.0,3
Paulinho,85,37000000.0,Starter,Paulinho,LDM,O. Yokuşlu,RC Celta,10500000.0,72.0,-8,35.0,StandingTackle,81.0,4
O. Yokuşlu,77,10500000.0,Backup,Paulinho,LDM,O. Yokuşlu,RC Celta,10500000.0,72.0,-8,35.0,StandingTackle,76.0,4
Paulinho,85,37000000.0,Starter,Paulinho,LDM,O. Yokuşlu,RC Celta,10500000.0,72.0,-8,35.0,Strength,81.0,5
O. Yokuşlu,77,10500000.0,Backup,Paulinho,LDM,O. Yokuşlu,RC Celta,10500000.0,72.0,-8,35.0,Strength,83.0,5
Paulinho,85,37000000.0,Starter,Paulinho,LDM,O. Yokuşlu,RC Celta,10500000.0,72.0,-8,35.0,SprintSpeed,73.0,6
O. Yokuşlu,77,10500000.0,Backup,Paulinho,LDM,O. Yokuşlu,RC Celta,10500000.0,72.0,-8,35.0,SprintSpeed,74.0,6
W. Szczęsny,85,32000000.0,Starter,W. Szczęsny,GK,T. Heaton,Burnley,7000000.0,78.0,-6,64.9,SprintSpeed,47.0,0
T. Heaton,79,7000000.0,Backup,W. Szczęsny,GK,T. Heaton,Burnley,7000000.0,78.0,-6,64.9,SprintSpeed,55.0,0
W. Szczęsny,85,32000000.0,Starter,W. Szczęsny,GK,T. Heaton,Burnley,7000000.0,78.0,-6,64.9,Finishing,12.0,1
T. Heaton,79,7000000.0,Backup,W. Szczęsny,GK,T. Heaton,Burnley,7000000.0,78.0,-6,64.9,Finishing,12.0,1
W. Szczęsny,85,32000000.0,Starter,W. Szczęsny,GK,T. Heaton,Burnley,7000000.0,78.0,-6,64.9,ShortPassing,32.0,2
T. Heaton,79,7000000.0,Backup,W. Szczęsny,GK,T. Heaton,Burnley,7000000.0,78.0,-6,64.9,ShortPassing,32.0,2
W. Szczęsny,85,32000000.0,Starter,W. Szczęsny,GK,T. Heaton,Burnley,7000000.0,78.0,-6,64.9,Dribbling,11.0,3
T. Heaton,79,7000000.0,Backup,W. Szczęsny,GK,T. Heaton,Burnley,7000000.0,78.0,-6,64.9,Dribbling,17.0,3
W. Szczęsny,85,32000000.0,Starter,W. Szczęsny,GK,T. Heaton,Burnley,7000000.0,78.0,-6,64.9,StandingTackle,13.0,4
T. Heaton,79,7000000.0,Backup,W. Szczęsny,GK,T. Heaton,Burnley,7000000.0,78.0,-6,64.9,StandingTackle,15.0,4
W. Szczęsny,85,32000000.0,Starter,W. Szczęsny,GK,T. Heaton,Burnley,7000000.0,78.0,-6,64.9,Strength,65.0,5
T. Heaton,79,7000000.0,Backup,W. Szczęsny,GK,T. Heaton,Burnley,7000000.0,78.0,-6,64.9,Strength,66.0,5
W. Szczęsny,85,32000000.0,Starter,W. Szczęsny,GK,T. Heaton,Burnley,7000000.0,78.0,-6,64.9,SprintSpeed,47.0,6
T. Heaton,79,7000000.0,Backup,W. Szczęsny,GK,T. Heaton,Burnley,7000000.0,78.0,-6,64.9,SprintSpeed,55.0,6
A. Sánchez,85,37500000.0,Starter,A. Sánchez,RW,Ronaldo Cabrais,Grêmio,28000000.0,25.0,-2,37.4,SprintSpeed,79.0,0
Ronaldo Cabrais,83,28000000.0,Backup,A. Sánchez,RW,Ronaldo Cabrais,Grêmio,28000000.0,25.0,-2,37.4,SprintSpeed,87.0,0
A. Sánchez,85,37500000.0,Starter,A. Sánchez,RW,Ronaldo Cabrais,Grêmio,28000000.0,25.0,-2,37.4,Finishing,80.0,1
Ronaldo Cabrais,83,28000000.0,Backup,A. Sánchez,RW,Ronaldo Cabrais,Grêmio,28000000.0,25.0,-2,37.4,Finishing,74.0,1
A. Sánchez,85,37500000.0,Starter,A. Sánchez,RW,Ronaldo Cabrais,Grêmio,28000000.0,25.0,-2,37.4,ShortPassing,77.0,2
Ronaldo Cabrais,83,28000000.0,Backup,A. Sánchez,RW,Ronaldo Cabrais,Grêmio,28000000.0,25.0,-2,37.4,ShortPassing,83.0,2
A. Sánchez,85,37500000.0,Starter,A. Sánchez,RW,Ronaldo Cabrais,Grêmio,28000000.0,25.0,-2,37.4,Dribbling,87.0,3
Ronaldo Cabrais,83,28000000.0,Backup,A. Sánchez,RW,Ronaldo Cabrais,Grêmio,28000000.0,25.0,-2,37.4,Dribbling,85.0,3
A. Sánchez,85,37500000.0,Starter,A. Sánchez,RW,Ronaldo Cabrais,Grêmio,28000000.0,25.0,-2,37.4,StandingTackle,44.0,4
Ronaldo Cabrais,83,28000000.0,Backup,A. Sánchez,RW,Ronaldo Cabrais,Grêmio,28000000.0,25.0,-2,37.4,StandingTackle,35.0,4
A. Sánchez,85,37500000.0,Starter,A. Sánchez,RW,Ronaldo Cabrais,Grêmio,28000000.0,25.0,-2,37.4,Strength,72.0,5
Ronaldo Cabrais,83,28000000.0,Backup,A. Sánchez,RW,Ronaldo Cabrais,Grêmio,28000000.0,25.0,-2,37.4,Strength,70.0,5
A. Sánchez,85,37500000.0,Starter,A. Sánchez,RW,Ronaldo Cabrais,Grêmio,28000000.0,25.0,-2,37.4,SprintSpeed,79.0,6
Ronaldo Cabrais,83,28000000.0,Backup,A. Sánchez,RW,Ronaldo Cabrais,Grêmio,28000000.0,25.0,-2,37.4,SprintSpeed,87.0,6
Y. Brahimi,85,39000000.0,Starter,Y. Brahimi,LM,T. Inui,Real Betis,14000000.0,64.0,-5,37.3,SprintSpeed,75.0,0
T. Inui,80,14000000.0,Backup,Y. Brahimi,LM,T. Inui,Real Betis,14000000.0,64.0,-5,37.3,SprintSpeed,77.0,0
Y. Brahimi,85,39000000.0,Starter,Y. Brahimi,LM,T. Inui,Real Betis,14000000.0,64.0,-5,37.3,Finishing,76.0,1
T. Inui,80,14000000.0,Backup,Y. Brahimi,LM,T. Inui,Real Betis,14000000.0,64.0,-5,37.3,Finishing,70.0,1
Y. Brahimi,85,39000000.0,Starter,Y. Brahimi,LM,T. Inui,Real Betis,14000000.0,64.0,-5,37.3,ShortPassing,79.0,2
T. Inui,80,14000000.0,Backup,Y. Brahimi,LM,T. Inui,Real Betis,14000000.0,64.0,-5,37.3,ShortPassing,76.0,2
Y. Brahimi,85,39000000.0,Starter,Y. Brahimi,LM,T. Inui,Real Betis,14000000.0,64.0,-5,37.3,Dribbling,93.0,3
T. Inui,80,14000000.0,Backup,Y. Brahimi,LM,T. Inui,Real Betis,14000000.0,64.0,-5,37.3,Dribbling,88.0,3
Y. Brahimi,85,39000000.0,Starter,Y. Brahimi,LM,T. Inui,Real Betis,14000000.0,64.0,-5,37.3,StandingTackle,36.0,4
T. Inui,80,14000000.0,Backup,Y. Brahimi,LM,T. Inui,Real Betis,14000000.0,64.0,-5,37.3,StandingTackle,39.0,4
Y. Brahimi,85,39000000.0,Starter,Y. Brahimi,LM,T. Inui,Real Betis,14000000.0,64.0,-5,37.3,Strength,49.0,5
T. Inui,80,14000000.0,Backup,Y. Brahimi,LM,T. Inui,Real Betis,14000000.0,64.0,-5,37.3,Strength,51.0,5
Y. Brahimi,85,39000000.0,Starter,Y. Brahimi,LM,T. Inui,Real Betis,14000000.0,64.0,-5,37.3,SprintSpeed,75.0,6
T. Inui,80,14000000.0,Backup,Y. Brahimi,LM,T. Inui,Real Betis,14000000.0,64.0,-5,37.3,SprintSpeed,77.0,6
J. Boateng,85,30000000.0,Starter,J. Boateng,RCB,J. Gouweleeuw,FC Augsburg,12000000.0,60.0,-6,35.2,SprintSpeed,72.0,0
J. Gouweleeuw,79,12000000.0,Backup,J. Boateng,RCB,J. Gouweleeuw,FC Augsburg,12000000.0,60.0,-6,35.2,SprintSpeed,69.0,0
J. Boateng,85,30000000.0,Starter,J. Boateng,RCB,J. Gouweleeuw,FC Augsburg,12000000.0,60.0,-6,35.2,Finishing,34.0,1
J. Gouweleeuw,79,12000000.0,Backup,J. Boateng,RCB,J. Gouweleeuw,FC Augsburg,12000000.0,60.0,-6,35.2,Finishing,46.0,1
J. Boateng,85,30000000.0,Starter,J. Boateng,RCB,J. Gouweleeuw,FC Augsburg,12000000.0,60.0,-6,35.2,ShortPassing,75.0,2
J. Gouweleeuw,79,12000000.0,Backup,J. Boateng,RCB,J. Gouweleeuw,FC Augsburg,12000000.0,60.0,-6,35.2,ShortPassing,68.0,2
J. Boateng,85,30000000.0,Starter,J. Boateng,RCB,J. Gouweleeuw,FC Augsburg,12000000.0,60.0,-6,35.2,Dribbling,64.0,3
J. Gouweleeuw,79,12000000.0,Backup,J. Boateng,RCB,J. Gouweleeuw,FC Augsburg,12000000.0,60.0,-6,35.2,Dribbling,60.0,3
J. Boateng,85,30000000.0,Starter,J. Boateng,RCB,J. Gouweleeuw,FC Augsburg,12000000.0,60.0,-6,35.2,StandingTackle,87.0,4
J. Gouweleeuw,79,12000000.0,Backup,J. Boateng,RCB,J. Gouweleeuw,FC Augsburg,12000000.0,60.0,-6,35.2,StandingTackle,82.0,4
J. Boateng,85,30000000.0,Starter,J. Boateng,RCB,J. Gouweleeuw,FC Augsburg,12000000.0,60.0,-6,35.2,Strength,91.0,5
J. Gouweleeuw,79,12000000.0,Backup,J. Boateng,RCB,J. Gouweleeuw,FC Augsburg,12000000.0,60.0,-6,35.2,Strength,78.0,5
J. Boateng,85,30000000.0,Starter,J. Boateng,RCB,J. Gouweleeuw,FC Augsburg,12000000.0,60.0,-6,35.2,SprintSpeed,72.0,6
J. Gouweleeuw,79,12000000.0,Backup,J. Boateng,RCB,J. Gouweleeuw,FC Augsburg,12000000.0,60.0,-6,35.2,SprintSpeed,69.0,6
A. Vidal,85,26000000.0,Starter,A. Vidal,CAM,Raúl García,Athletic Club de Bilbao,13000000.0,50.0,-5,26.1,SprintSpeed,55.0,0
Raúl García,80,13000000.0,Backup,A. Vidal,CAM,Raúl García,Athletic Club de Bilbao,13000000.0,50.0,-5,26.1,SprintSpeed,57.0,0
A. Vidal,85,26000000.0,Starter,A. Vidal,CAM,Raúl García,Athletic Club de Bilbao,13000000.0,50.0,-5,26.1,Finishing,75.0,1
Raúl García,80,13000000.0,Backup,A. Vidal,CAM,Raúl García,Athletic Club de Bilbao,13000000.0,50.0,-5,26.1,Finishing,79.0,1
A. Vidal,85,26000000.0,Starter,A. Vidal,CAM,Raúl García,Athletic Club de Bilbao,13000000.0,50.0,-5,26.1,ShortPassing,83.0,2
Raúl García,80,13000000.0,Backup,A. Vidal,CAM,Raúl García,Athletic Club de Bilbao,13000000.0,50.0,-5,26.1,ShortPassing,79.0,2
A. Vidal,85,26000000.0,Starter,A. Vidal,CAM,Raúl García,Athletic Club de Bilbao,13000000.0,50.0,-5,26.1,Dribbling,76.0,3
Raúl García,80,13000000.0,Backup,A. Vidal,CAM,Raúl García,Athletic Club de Bilbao,13000000.0,50.0,-5,26.1,Dribbling,78.0,3
A. Vidal,85,26000000.0,Starter,A. Vidal,CAM,Raúl García,Athletic Club de Bilbao,13000000.0,50.0,-5,26.1,StandingTackle,87.0,4
Raúl García,80,13000000.0,Backup,A. Vidal,CAM,Raúl García,Athletic Club de Bilbao,13000000.0,50.0,-5,26.1,StandingTackle,74.0,4
A. Vidal,85,26000000.0,Starter,A. Vidal,CAM,Raúl García,Athletic Club de Bilbao,13000000.0,50.0,-5,26.1,Strength,79.0,5
Raúl García,80,13000000.0,Backup,A. Vidal,CAM,Raúl García,Athletic Club de Bilbao,13000000.0,50.0,-5,26.1,Strength,82.0,5
A. Vidal,85,26000000.0,Starter,A. Vidal,CAM,Raúl García,Athletic Club de Bilbao,13000000.0,50.0,-5,26.1,SprintSpeed,55.0,6
Raúl García,80,13000000.0,Backup,A. Vidal,CAM,Raúl García,Athletic Club de Bilbao,13000000.0,50.0,-5,26.1,SprintSpeed,57.0,6
I. Perišić,85,37500000.0,Starter,I. Perišić,LM,L. Ocampos,Olympique de Marseille,12000000.0,68.0,-8,38.3,SprintSpeed,88.0,0
L. Ocampos,77,12000000.0,Backup,I. Perišić,LM,L. Ocampos,Olympique de Marseille,12000000.0,68.0,-8,38.3,SprintSpeed,79.0,0
I. Perišić,85,37500000.0,Starter,I. Perišić,LM,L. Ocampos,Olympique de Marseille,12000000.0,68.0,-8,38.3,Finishing,79.0,1
L. Ocampos,77,12000000.0,Backup,I. Perišić,LM,L. Ocampos,Olympique de Marseille,12000000.0,68.0,-8,38.3,Finishing,75.0,1
I. Perišić,85,37500000.0,Starter,I. Perišić,LM,L. Ocampos,Olympique de Marseille,12000000.0,68.0,-8,38.3,ShortPassing,81.0,2
L. Ocampos,77,12000000.0,Backup,I. Perišić,LM,L. Ocampos,Olympique de Marseille,12000000.0,68.0,-8,38.3,ShortPassing,75.0,2
I. Perišić,85,37500000.0,Starter,I. Perišić,LM,L. Ocampos,Olympique de Marseille,12000000.0,68.0,-8,38.3,Dribbling,84.0,3
L. Ocampos,77,12000000.0,Backup,I. Perišić,LM,L. Ocampos,Olympique de Marseille,12000000.0,68.0,-8,38.3,Dribbling,74.0,3
I. Perišić,85,37500000.0,Starter,I. Perišić,LM,L. Ocampos,Olympique de Marseille,12000000.0,68.0,-8,38.3,StandingTackle,52.0,4
L. Ocampos,77,12000000.0,Backup,I. Perišić,LM,L. Ocampos,Olympique de Marseille,12000000.0,68.0,-8,38.3,StandingTackle,52.0,4
I. Perišić,85,37500000.0,Starter,I. Perišić,LM,L. Ocampos,Olympique de Marseille,12000000.0,68.0,-8,38.3,Strength,78.0,5
L. Ocampos,77,12000000.0,Backup,I. Perišić,LM,L. Ocampos,Olympique de Marseille,12000000.0,68.0,-8,38.3,Strength,78.0,5
I. Perišić,85,37500000.0,Starter,I. Perišić,LM,L. Ocampos,Olympique de Marseille,12000000.0,68.0,-8,38.3,SprintSpeed,88.0,6
L. Ocampos,77,12000000.0,Backup,I. Perišić,LM,L. Ocampos,Olympique de Marseille,12000000.0,68.0,-8,38.3,SprintSpeed,79.0,6
E. Džeko,85,30500000.0,Starter,E. Džeko,ST,N. Jørgensen,Feyenoord,10500000.0,66.0,-8,26.3,SprintSpeed,66.0,0
N. Jørgensen,77,10500000.0,Backup,E. Džeko,ST,N. Jørgensen,Feyenoord,10500000.0,66.0,-8,26.3,SprintSpeed,73.0,0
E. Džeko,85,30500000.0,Starter,E. Džeko,ST,N. Jørgensen,Feyenoord,10500000.0,66.0,-8,26.3,Finishing,89.0,1
N. Jørgensen,77,10500000.0,Backup,E. Džeko,ST,N. Jørgensen,Feyenoord,10500000.0,66.0,-8,26.3,Finishing,79.0,1
E. Džeko,85,30500000.0,Starter,E. Džeko,ST,N. Jørgensen,Feyenoord,10500000.0,66.0,-8,26.3,ShortPassing,77.0,2
N. Jørgensen,77,10500000.0,Backup,E. Džeko,ST,N. Jørgensen,Feyenoord,10500000.0,66.0,-8,26.3,ShortPassing,72.0,2
E. Džeko,85,30500000.0,Starter,E. Džeko,ST,N. Jørgensen,Feyenoord,10500000.0,66.0,-8,26.3,Dribbling,76.0,3
N. Jørgensen,77,10500000.0,Backup,E. Džeko,ST,N. Jørgensen,Feyenoord,10500000.0,66.0,-8,26.3,Dribbling,74.0,3
E. Džeko,85,30500000.0,Starter,E. Džeko,ST,N. Jørgensen,Feyenoord,10500000.0,66.0,-8,26.3,StandingTackle,28.0,4
N. Jørgensen,77,10500000.0,Backup,E. Džeko,ST,N. Jørgensen,Feyenoord,10500000.0,66.0,-8,26.3,StandingTackle,36.0,4
E. Džeko,85,30500000.0,Starter,E. Džeko,ST,N. Jørgensen,Feyenoord,10500000.0,66.0,-8,26.3,Strength,80.0,5
N. Jørgensen,77,10500000.0,Backup,E. Džeko,ST,N. Jørgensen,Feyenoord,10500000.0,66.0,-8,26.3,Strength,84.0,5
E. Džeko,85,30500000.0,Starter,E. Džeko,ST,N. Jørgensen,Feyenoord,10500000.0,66.0,-8,26.3,SprintSpeed,66.0,6
N. Jørgensen,77,10500000.0,Backup,E. Džeko,ST,N. Jørgensen,Feyenoord,10500000.0,66.0,-8,26.3,SprintSpeed,73.0,6
S. Khedira,85,33000000.0,Starter,S. Khedira,RCM,R. Vormer,Club Brugge KV,9500000.0,71.0,-7,33.0,SprintSpeed,60.0,0
R. Vormer,78,9500000.0,Backup,S. Khedira,RCM,R. Vormer,Club Brugge KV,9500000.0,71.0,-7,33.0,SprintSpeed,60.0,0
S. Khedira,85,33000000.0,Starter,S. Khedira,RCM,R. Vormer,Club Brugge KV,9500000.0,71.0,-7,33.0,Finishing,72.0,1
R. Vormer,78,9500000.0,Backup,S. Khedira,RCM,R. Vormer,Club Brugge KV,9500000.0,71.0,-7,33.0,Finishing,71.0,1
S. Khedira,85,33000000.0,Starter,S. Khedira,RCM,R. Vormer,Club Brugge KV,9500000.0,71.0,-7,33.0,ShortPassing,85.0,2
R. Vormer,78,9500000.0,Backup,S. Khedira,RCM,R. Vormer,Club Brugge KV,9500000.0,71.0,-7,33.0,ShortPassing,81.0,2
S. Khedira,85,33000000.0,Starter,S. Khedira,RCM,R. Vormer,Club Brugge KV,9500000.0,71.0,-7,33.0,Dribbling,81.0,3
R. Vormer,78,9500000.0,Backup,S. Khedira,RCM,R. Vormer,Club Brugge KV,9500000.0,71.0,-7,33.0,Dribbling,67.0,3
S. Khedira,85,33000000.0,Starter,S. Khedira,RCM,R. Vormer,Club Brugge KV,9500000.0,71.0,-7,33.0,StandingTackle,83.0,4
R. Vormer,78,9500000.0,Backup,S. Khedira,RCM,R. Vormer,Club Brugge KV,9500000.0,71.0,-7,33.0,StandingTackle,74.0,4
S. Khedira,85,33000000.0,Starter,S. Khedira,RCM,R. Vormer,Club Brugge KV,9500000.0,71.0,-7,33.0,Strength,87.0,5
R. Vormer,78,9500000.0,Backup,S. Khedira,RCM,R. Vormer,Club Brugge KV,9500000.0,71.0,-7,33.0,Strength,75.0,5
S. Khedira,85,33000000.0,Starter,S. Khedira,RCM,R. Vormer,Club Brugge KV,9500000.0,71.0,-7,33.0,SprintSpeed,60.0,6
R. Vormer,78,9500000.0,Backup,S. Khedira,RCM,R. Vormer,Club Brugge KV,9500000.0,71.0,-7,33.0,SprintSpeed,60.0,6
Diego Costa,85,38500000.0,Starter,Diego Costa,LS,L. Pratto,River Plate,10000000.0,74.0,-7,33.6,SprintSpeed,76.0,0
L. Pratto,78,10000000.0,Backup,Diego Costa,LS,L. Pratto,River Plate,10000000.0,74.0,-7,33.6,SprintSpeed,72.0,0
Diego Costa,85,38500000.0,Starter,Diego Costa,LS,L. Pratto,River Plate,10000000.0,74.0,-7,33.6,Finishing,87.0,1
L. Pratto,78,10000000.0,Backup,Diego Costa,LS,L. Pratto,River Plate,10000000.0,74.0,-7,33.6,Finishing,76.0,1
Diego Costa,85,38500000.0,Starter,Diego Costa,LS,L. Pratto,River Plate,10000000.0,74.0,-7,33.6,ShortPassing,65.0,2
L. Pratto,78,10000000.0,Backup,Diego Costa,LS,L. Pratto,River Plate,10000000.0,74.0,-7,33.6,ShortPassing,72.0,2
Diego Costa,85,38500000.0,Starter,Diego Costa,LS,L. Pratto,River Plate,10000000.0,74.0,-7,33.6,Dribbling,77.0,3
L. Pratto,78,10000000.0,Backup,Diego Costa,LS,L. Pratto,River Plate,10000000.0,74.0,-7,33.6,Dribbling,72.0,3
Diego Costa,85,38500000.0,Starter,Diego Costa,LS,L. Pratto,River Plate,10000000.0,74.0,-7,33.6,StandingTackle,39.0,4
L. Pratto,78,10000000.0,Backup,Diego Costa,LS,L. Pratto,River Plate,10000000.0,74.0,-7,33.6,StandingTackle,36.0,4
Diego Costa,85,38500000.0,Starter,Diego Costa,LS,L. Pratto,River Plate,10000000.0,74.0,-7,33.6,Strength,92.0,5
L. Pratto,78,10000000.0,Backup,Diego Costa,LS,L. Pratto,River Plate,10000000.0,74.0,-7,33.6,Strength,91.0,5
Diego Costa,85,38500000.0,Starter,Diego Costa,LS,L. Pratto,River Plate,10000000.0,74.0,-7,33.6,SprintSpeed,76.0,6
L. Pratto,78,10000000.0,Backup,Diego Costa,LS,L. Pratto,River Plate,10000000.0,74.0,-7,33.6,SprintSpeed,72.0,6
R. Nainggolan,85,35500000.0,Starter,R. Nainggolan,CAM,G. Wijnaldum,Liverpool,23000000.0,35.0,-3,26.3,SprintSpeed,73.0,0
G. Wijnaldum,82,23000000.0,Backup,R. Nainggolan,CAM,G. Wijnaldum,Liverpool,23000000.0,35.0,-3,26.3,SprintSpeed,76.0,0
R. Nainggolan,85,35500000.0,Starter,R. Nainggolan,CAM,G. Wijnaldum,Liverpool,23000000.0,35.0,-3,26.3,Finishing,75.0,1
G. Wijnaldum,82,23000000.0,Backup,R. Nainggolan,CAM,G. Wijnaldum,Liverpool,23000000.0,35.0,-3,26.3,Finishing,70.0,1
R. Nainggolan,85,35500000.0,Starter,R. Nainggolan,CAM,G. Wijnaldum,Liverpool,23000000.0,35.0,-3,26.3,ShortPassing,84.0,2
G. Wijnaldum,82,23000000.0,Backup,R. Nainggolan,CAM,G. Wijnaldum,Liverpool,23000000.0,35.0,-3,26.3,ShortPassing,84.0,2
R. Nainggolan,85,35500000.0,Starter,R. Nainggolan,CAM,G. Wijnaldum,Liverpool,23000000.0,35.0,-3,26.3,Dribbling,80.0,3
G. Wijnaldum,82,23000000.0,Backup,R. Nainggolan,CAM,G. Wijnaldum,Liverpool,23000000.0,35.0,-3,26.3,Dribbling,84.0,3
R. Nainggolan,85,35500000.0,Starter,R. Nainggolan,CAM,G. Wijnaldum,Liverpool,23000000.0,35.0,-3,26.3,StandingTackle,86.0,4
G. Wijnaldum,82,23000000.0,Backup,R. Nainggolan,CAM,G. Wijnaldum,Liverpool,23000000.0,35.0,-3,26.3,StandingTackle,75.0,4
R. Nainggolan,85,35500000.0,Starter,R. Nainggolan,CAM,G. Wijnaldum,Liverpool,23000000.0,35.0,-3,26.3,Strength,77.0,5
G. Wijnaldum,82,23000000.0,Backup,R. Nainggolan,CAM,G. Wijnaldum,Liverpool,23000000.0,35.0,-3,26.3,Strength,72.0,5
R. Nainggolan,85,35500000.0,Starter,R. Nainggolan,CAM,G. Wijnaldum,Liverpool,23000000.0,35.0,-3,26.3,SprintSpeed,73.0,6
G. Wijnaldum,82,23000000.0,Backup,R. Nainggolan,CAM,G. Wijnaldum,Liverpool,23000000.0,35.0,-3,26.3,SprintSpeed,76.0,6
Naldo,85,9000000.0,Starter,Naldo,CB,T. Vermaelen,FC Barcelona,5000000.0,44.0,-8,-6.9,SprintSpeed,65.0,0
T. Vermaelen,77,5000000.0,Backup,Naldo,CB,T. Vermaelen,FC Barcelona,5000000.0,44.0,-8,-6.9,SprintSpeed,64.0,0
Naldo,85,9000000.0,Starter,Naldo,CB,T. Vermaelen,FC Barcelona,5000000.0,44.0,-8,-6.9,Finishing,57.0,1
T. Vermaelen,77,5000000.0,Backup,Naldo,CB,T. Vermaelen,FC Barcelona,5000000.0,44.0,-8,-6.9,Finishing,52.0,1
Naldo,85,9000000.0,Starter,Naldo,CB,T. Vermaelen,FC Barcelona,5000000.0,44.0,-8,-6.9,ShortPassing,76.0,2
T. Vermaelen,77,5000000.0,Backup,Naldo,CB,T. Vermaelen,FC Barcelona,5000000.0,44.0,-8,-6.9,ShortPassing,80.0,2
Naldo,85,9000000.0,Starter,Naldo,CB,T. Vermaelen,FC Barcelona,5000000.0,44.0,-8,-6.9,Dribbling,60.0,3
T. Vermaelen,77,5000000.0,Backup,Naldo,CB,T. Vermaelen,FC Barcelona,5000000.0,44.0,-8,-6.9,Dribbling,55.0,3
Naldo,85,9000000.0,Starter,Naldo,CB,T. Vermaelen,FC Barcelona,5000000.0,44.0,-8,-6.9,StandingTackle,88.0,4
T. Vermaelen,77,5000000.0,Backup,Naldo,CB,T. Vermaelen,FC Barcelona,5000000.0,44.0,-8,-6.9,StandingTackle,79.0,4
Naldo,85,9000000.0,Starter,Naldo,CB,T. Vermaelen,FC Barcelona,5000000.0,44.0,-8,-6.9,Strength,83.0,5
T. Vermaelen,77,5000000.0,Backup,Naldo,CB,T. Vermaelen,FC Barcelona,5000000.0,44.0,-8,-6.9,Strength,79.0,5
Naldo,85,9000000.0,Starter,Naldo,CB,T. Vermaelen,FC Barcelona,5000000.0,44.0,-8,-6.9,SprintSpeed,65.0,6
T. Vermaelen,77,5000000.0,Backup,Naldo,CB,T. Vermaelen,FC Barcelona,5000000.0,44.0,-8,-6.9,SprintSpeed,64.0,6
B. Matuidi,85,26000000.0,Starter,B. Matuidi,LM,L. Spinazzola,Juventus,11000000.0,58.0,-8,31.5,SprintSpeed,77.0,0
L. Spinazzola,77,11000000.0,Backup,B. Matuidi,LM,L. Spinazzola,Juventus,11000000.0,58.0,-8,31.5,SprintSpeed,83.0,0
B. Matuidi,85,26000000.0,Starter,B. Matuidi,LM,L. Spinazzola,Juventus,11000000.0,58.0,-8,31.5,Finishing,64.0,1
L. Spinazzola,77,11000000.0,Backup,B. Matuidi,LM,L. Spinazzola,Juventus,11000000.0,58.0,-8,31.5,Finishing,60.0,1
B. Matuidi,85,26000000.0,Starter,B. Matuidi,LM,L. Spinazzola,Juventus,11000000.0,58.0,-8,31.5,ShortPassing,83.0,2
L. Spinazzola,77,11000000.0,Backup,B. Matuidi,LM,L. Spinazzola,Juventus,11000000.0,58.0,-8,31.5,ShortPassing,74.0,2
B. Matuidi,85,26000000.0,Starter,B. Matuidi,LM,L. Spinazzola,Juventus,11000000.0,58.0,-8,31.5,Dribbling,78.0,3
L. Spinazzola,77,11000000.0,Backup,B. Matuidi,LM,L. Spinazzola,Juventus,11000000.0,58.0,-8,31.5,Dribbling,81.0,3
B. Matuidi,85,26000000.0,Starter,B. Matuidi,LM,L. Spinazzola,Juventus,11000000.0,58.0,-8,31.5,StandingTackle,84.0,4
L. Spinazzola,77,11000000.0,Backup,B. Matuidi,LM,L. Spinazzola,Juventus,11000000.0,58.0,-8,31.5,StandingTackle,76.0,4
B. Matuidi,85,26000000.0,Starter,B. Matuidi,LM,L. Spinazzola,Juventus,11000000.0,58.0,-8,31.5,Strength,76.0,5
L. Spinazzola,77,11000000.0,Backup,B. Matuidi,LM,L. Spinazzola,Juventus,11000000.0,58.0,-8,31.5,Strength,72.0,5
B. Matuidi,85,26000000.0,Starter,B. Matuidi,LM,L. Spinazzola,Juventus,11000000.0,58.0,-8,31.5,SprintSpeed,77.0,6
L. Spinazzola,77,11000000.0,Backup,B. Matuidi,LM,L. Spinazzola,Juventus,11000000.0,58.0,-8,31.5,SprintSpeed,83.0,6
Miranda,85,15500000.0,Starter,Miranda,CB,L. López,Genoa,7000000.0,55.0,-8,37.3,SprintSpeed,69.0,0
L. López,77,7000000.0,Backup,Miranda,CB,L. López,Genoa,7000000.0,55.0,-8,37.3,SprintSpeed,66.0,0
Miranda,85,15500000.0,Starter,Miranda,CB,L. López,Genoa,7000000.0,55.0,-8,37.3,Finishing,43.0,1
L. López,77,7000000.0,Backup,Miranda,CB,L. López,Genoa,7000000.0,55.0,-8,37.3,Finishing,48.0,1
Miranda,85,15500000.0,Starter,Miranda,CB,L. López,Genoa,7000000.0,55.0,-8,37.3,ShortPassing,70.0,2
L. López,77,7000000.0,Backup,Miranda,CB,L. López,Genoa,7000000.0,55.0,-8,37.3,ShortPassing,66.0,2
Miranda,85,15500000.0,Starter,Miranda,CB,L. López,Genoa,7000000.0,55.0,-8,37.3,Dribbling,67.0,3
L. López,77,7000000.0,Backup,Miranda,CB,L. López,Genoa,7000000.0,55.0,-8,37.3,Dribbling,61.0,3
Miranda,85,15500000.0,Starter,Miranda,CB,L. López,Genoa,7000000.0,55.0,-8,37.3,StandingTackle,90.0,4
L. López,77,7000000.0,Backup,Miranda,CB,L. López,Genoa,7000000.0,55.0,-8,37.3,StandingTackle,76.0,4
Miranda,85,15500000.0,Starter,Miranda,CB,L. López,Genoa,7000000.0,55.0,-8,37.3,Strength,79.0,5
L. López,77,7000000.0,Backup,Miranda,CB,L. López,Genoa,7000000.0,55.0,-8,37.3,Strength,79.0,5
Miranda,85,15500000.0,Starter,Miranda,CB,L. López,Genoa,7000000.0,55.0,-8,37.3,SprintSpeed,69.0,6
L. López,77,7000000.0,Backup,Miranda,CB,L. López,Genoa,7000000.0,55.0,-8,37.3,SprintSpeed,66.0,6
K. Benzema,85,37000000.0,Starter,K. Benzema,ST,V. Aboubakar,FC Porto,18000000.0,51.0,-5,46.8,SprintSpeed,76.0,0
V. Aboubakar,80,18000000.0,Backup,K. Benzema,ST,V. Aboubakar,FC Porto,18000000.0,51.0,-5,46.8,SprintSpeed,83.0,0
K. Benzema,85,37000000.0,Starter,K. Benzema,ST,V. Aboubakar,FC Porto,18000000.0,51.0,-5,46.8,Finishing,81.0,1
V. Aboubakar,80,18000000.0,Backup,K. Benzema,ST,V. Aboubakar,FC Porto,18000000.0,51.0,-5,46.8,Finishing,80.0,1
K. Benzema,85,37000000.0,Starter,K. Benzema,ST,V. Aboubakar,FC Porto,18000000.0,51.0,-5,46.8,ShortPassing,83.0,2
V. Aboubakar,80,18000000.0,Backup,K. Benzema,ST,V. Aboubakar,FC Porto,18000000.0,51.0,-5,46.8,ShortPassing,75.0,2
K. Benzema,85,37000000.0,Starter,K. Benzema,ST,V. Aboubakar,FC Porto,18000000.0,51.0,-5,46.8,Dribbling,83.0,3
V. Aboubakar,80,18000000.0,Backup,K. Benzema,ST,V. Aboubakar,FC Porto,18000000.0,51.0,-5,46.8,Dribbling,81.0,3
K. Benzema,85,37000000.0,Starter,K. Benzema,ST,V. Aboubakar,FC Porto,18000000.0,51.0,-5,46.8,StandingTackle,15.0,4
V. Aboubakar,80,18000000.0,Backup,K. Benzema,ST,V. Aboubakar,FC Porto,18000000.0,51.0,-5,46.8,StandingTackle,23.0,4
K. Benzema,85,37000000.0,Starter,K. Benzema,ST,V. Aboubakar,FC Porto,18000000.0,51.0,-5,46.8,Strength,80.0,5
V. Aboubakar,80,18000000.0,Backup,K. Benzema,ST,V. Aboubakar,FC Porto,18000000.0,51.0,-5,46.8,Strength,85.0,5
K. Benzema,85,37000000.0,Starter,K. Benzema,ST,V. Aboubakar,FC Porto,18000000.0,51.0,-5,46.8,SprintSpeed,76.0,6
V. Aboubakar,80,18000000.0,Backup,K. Benzema,ST,V. Aboubakar,FC Porto,18000000.0,51.0,-5,46.8,SprintSpeed,83.0,6
Filipe Luís,85,21500000.0,Starter,Filipe Luís,LB,L. Digne,Everton,16000000.0,26.0,-5,45.3,SprintSpeed,75.0,0
L. Digne,80,16000000.0,Backup,Filipe Luís,LB,L. Digne,Everton,16000000.0,26.0,-5,45.3,SprintSpeed,75.0,0
Filipe Luís,85,21500000.0,Starter,Filipe Luís,LB,L. Digne,Everton,16000000.0,26.0,-5,45.3,Finishing,59.0,1
L. Digne,80,16000000.0,Backup,Filipe Luís,LB,L. Digne,Everton,16000000.0,26.0,-5,45.3,Finishing,52.0,1
Filipe Luís,85,21500000.0,Starter,Filipe Luís,LB,L. Digne,Everton,16000000.0,26.0,-5,45.3,ShortPassing,80.0,2
L. Digne,80,16000000.0,Backup,Filipe Luís,LB,L. Digne,Everton,16000000.0,26.0,-5,45.3,ShortPassing,81.0,2
Filipe Luís,85,21500000.0,Starter,Filipe Luís,LB,L. Digne,Everton,16000000.0,26.0,-5,45.3,Dribbling,77.0,3
L. Digne,80,16000000.0,Backup,Filipe Luís,LB,L. Digne,Everton,16000000.0,26.0,-5,45.3,Dribbling,76.0,3
Filipe Luís,85,21500000.0,Starter,Filipe Luís,LB,L. Digne,Everton,16000000.0,26.0,-5,45.3,StandingTackle,84.0,4
L. Digne,80,16000000.0,Backup,Filipe Luís,LB,L. Digne,Everton,16000000.0,26.0,-5,45.3,StandingTackle,77.0,4
Filipe Luís,85,21500000.0,Starter,Filipe Luís,LB,L. Digne,Everton,16000000.0,26.0,-5,45.3,Strength,74.0,5
L. Digne,80,16000000.0,Backup,Filipe Luís,LB,L. Digne,Everton,16000000.0,26.0,-5,45.3,Strength,69.0,5
Filipe Luís,85,21500000.0,Starter,Filipe Luís,LB,L. Digne,Everton,16000000.0,26.0,-5,45.3,SprintSpeed,75.0,6
L. Digne,80,16000000.0,Backup,Filipe Luís,LB,L. Digne,Everton,16000000.0,26.0,-5,45.3,SprintSpeed,75.0,6
V. Kompany,85,22000000.0,Starter,V. Kompany,CB,Raúl,SC Braga,12000000.0,45.0,-5,34.4,SprintSpeed,59.0,0
Raúl,80,12000000.0,Backup,V. Kompany,CB,Raúl,SC Braga,12000000.0,45.0,-5,34.4,SprintSpeed,51.0,0
V. Kompany,85,22000000.0,Starter,V. Kompany,CB,Raúl,SC Braga,12000000.0,45.0,-5,34.4,Finishing,45.0,1
Raúl,80,12000000.0,Backup,V. Kompany,CB,Raúl,SC Braga,12000000.0,45.0,-5,34.4,Finishing,50.0,1
V. Kompany,85,22000000.0,Starter,V. Kompany,CB,Raúl,SC Braga,12000000.0,45.0,-5,34.4,ShortPassing,73.0,2
Raúl,80,12000000.0,Backup,V. Kompany,CB,Raúl,SC Braga,12000000.0,45.0,-5,34.4,ShortPassing,68.0,2
V. Kompany,85,22000000.0,Starter,V. Kompany,CB,Raúl,SC Braga,12000000.0,45.0,-5,34.4,Dribbling,63.0,3
Raúl,80,12000000.0,Backup,V. Kompany,CB,Raúl,SC Braga,12000000.0,45.0,-5,34.4,Dribbling,56.0,3
V. Kompany,85,22000000.0,Starter,V. Kompany,CB,Raúl,SC Braga,12000000.0,45.0,-5,34.4,StandingTackle,85.0,4
Raúl,80,12000000.0,Backup,V. Kompany,CB,Raúl,SC Braga,12000000.0,45.0,-5,34.4,StandingTackle,82.0,4
V. Kompany,85,22000000.0,Starter,V. Kompany,CB,Raúl,SC Braga,12000000.0,45.0,-5,34.4,Strength,87.0,5
Raúl,80,12000000.0,Backup,V. Kompany,CB,Raúl,SC Braga,12000000.0,45.0,-5,34.4,Strength,85.0,5
V. Kompany,85,22000000.0,Starter,V. Kompany,CB,Raúl,SC Braga,12000000.0,45.0,-5,34.4,SprintSpeed,59.0,6
Raúl,80,12000000.0,Backup,V. Kompany,CB,Raúl,SC Braga,12000000.0,45.0,-5,34.4,SprintSpeed,51.0,6
Pepe,85,9000000.0,Starter,Pepe,RCB,G. González,Bologna,6500000.0,28.0,-8,19.8,SprintSpeed,70.0,0
G. González,77,6500000.0,Backup,Pepe,RCB,G. González,Bologna,6500000.0,28.0,-8,19.8,SprintSpeed,68.0,0
Pepe,85,9000000.0,Starter,Pepe,RCB,G. González,Bologna,6500000.0,28.0,-8,19.8,Finishing,46.0,1
G. González,77,6500000.0,Backup,Pepe,RCB,G. González,Bologna,6500000.0,28.0,-8,19.8,Finishing,40.0,1
Pepe,85,9000000.0,Starter,Pepe,RCB,G. González,Bologna,6500000.0,28.0,-8,19.8,ShortPassing,70.0,2
G. González,77,6500000.0,Backup,Pepe,RCB,G. González,Bologna,6500000.0,28.0,-8,19.8,ShortPassing,60.0,2
Pepe,85,9000000.0,Starter,Pepe,RCB,G. González,Bologna,6500000.0,28.0,-8,19.8,Dribbling,58.0,3
G. González,77,6500000.0,Backup,Pepe,RCB,G. González,Bologna,6500000.0,28.0,-8,19.8,Dribbling,59.0,3
Pepe,85,9000000.0,Starter,Pepe,RCB,G. González,Bologna,6500000.0,28.0,-8,19.8,StandingTackle,85.0,4
G. González,77,6500000.0,Backup,Pepe,RCB,G. González,Bologna,6500000.0,28.0,-8,19.8,StandingTackle,80.0,4
Pepe,85,9000000.0,Starter,Pepe,RCB,G. González,Bologna,6500000.0,28.0,-8,19.8,Strength,86.0,5
G. González,77,6500000.0,Backup,Pepe,RCB,G. González,Bologna,6500000.0,28.0,-8,19.8,Strength,77.0,5
Pepe,85,9000000.0,Starter,Pepe,RCB,G. González,Bologna,6500000.0,28.0,-8,19.8,SprintSpeed,70.0,6
G. González,77,6500000.0,Backup,Pepe,RCB,G. González,Bologna,6500000.0,28.0,-8,19.8,SprintSpeed,68.0,6
Z. Ibrahimović,85,14000000.0,Starter,Z. Ibrahimović,RS,Wilson Eduardo,SC Braga,9500000.0,32.0,-8,5.8,SprintSpeed,59.0,0
Wilson Eduardo,77,9500000.0,Backup,Z. Ibrahimović,RS,Wilson Eduardo,SC Braga,9500000.0,32.0,-8,5.8,SprintSpeed,81.0,0
Z. Ibrahimović,85,14000000.0,Starter,Z. Ibrahimović,RS,Wilson Eduardo,SC Braga,9500000.0,32.0,-8,5.8,Finishing,86.0,1
Wilson Eduardo,77,9500000.0,Backup,Z. Ibrahimović,RS,Wilson Eduardo,SC Braga,9500000.0,32.0,-8,5.8,Finishing,76.0,1
Z. Ibrahimović,85,14000000.0,Starter,Z. Ibrahimović,RS,Wilson Eduardo,SC Braga,9500000.0,32.0,-8,5.8,ShortPassing,79.0,2
Wilson Eduardo,77,9500000.0,Backup,Z. Ibrahimović,RS,Wilson Eduardo,SC Braga,9500000.0,32.0,-8,5.8,ShortPassing,73.0,2
Z. Ibrahimović,85,14000000.0,Starter,Z. Ibrahimović,RS,Wilson Eduardo,SC Braga,9500000.0,32.0,-8,5.8,Dribbling,79.0,3
Wilson Eduardo,77,9500000.0,Backup,Z. Ibrahimović,RS,Wilson Eduardo,SC Braga,9500000.0,32.0,-8,5.8,Dribbling,78.0,3
Z. Ibrahimović,85,14000000.0,Starter,Z. Ibrahimović,RS,Wilson Eduardo,SC Braga,9500000.0,32.0,-8,5.8,StandingTackle,37.0,4
Wilson Eduardo,77,9500000.0,Backup,Z. Ibrahimović,RS,Wilson Eduardo,SC Braga,9500000.0,32.0,-8,5.8,StandingTackle,33.0,4
Z. Ibrahimović,85,14000000.0,Starter,Z. Ibrahimović,RS,Wilson Eduardo,SC Braga,9500000.0,32.0,-8,5.8,Strength,86.0,5
Wilson Eduardo,77,9500000.0,Backup,Z. Ibrahimović,RS,Wilson Eduardo,SC Braga,9500000.0,32.0,-8,5.8,Strength,68.0,5
Z. Ibrahimović,85,14000000.0,Starter,Z. Ibrahimović,RS,Wilson Eduardo,SC Braga,9500000.0,32.0,-8,5.8,SprintSpeed,59.0,6
Wilson Eduardo,77,9500000.0,Backup,Z. Ibrahimović,RS,Wilson Eduardo,SC Braga,9500000.0,32.0,-8,5.8,SprintSpeed,81.0,6
D. Sánchez,84,34000000.0,Starter,D. Sánchez,RCB,Felipe,FC Porto,20000000.0,41.0,-1,37.9,SprintSpeed,79.0,0
Felipe,83,20000000.0,Backup,D. Sánchez,RCB,Felipe,FC Porto,20000000.0,41.0,-1,37.9,SprintSpeed,67.0,0
D. Sánchez,84,34000000.0,Starter,D. Sánchez,RCB,Felipe,FC Porto,20000000.0,41.0,-1,37.9,Finishing,40.0,1
Felipe,83,20000000.0,Backup,D. Sánchez,RCB,Felipe,FC Porto,20000000.0,41.0,-1,37.9,Finishing,39.0,1
D. Sánchez,84,34000000.0,Starter,D. Sánchez,RCB,Felipe,FC Porto,20000000.0,41.0,-1,37.9,ShortPassing,77.0,2
Felipe,83,20000000.0,Backup,D. Sánchez,RCB,Felipe,FC Porto,20000000.0,41.0,-1,37.9,ShortPassing,74.0,2
D. Sánchez,84,34000000.0,Starter,D. Sánchez,RCB,Felipe,FC Porto,20000000.0,41.0,-1,37.9,Dribbling,63.0,3
Felipe,83,20000000.0,Backup,D. Sánchez,RCB,Felipe,FC Porto,20000000.0,41.0,-1,37.9,Dribbling,57.0,3
D. Sánchez,84,34000000.0,Starter,D. Sánchez,RCB,Felipe,FC Porto,20000000.0,41.0,-1,37.9,StandingTackle,85.0,4
Felipe,83,20000000.0,Backup,D. Sánchez,RCB,Felipe,FC Porto,20000000.0,41.0,-1,37.9,StandingTackle,85.0,4
D. Sánchez,84,34000000.0,Starter,D. Sánchez,RCB,Felipe,FC Porto,20000000.0,41.0,-1,37.9,Strength,83.0,5
Felipe,83,20000000.0,Backup,D. Sánchez,RCB,Felipe,FC Porto,20000000.0,41.0,-1,37.9,Strength,86.0,5
D. Sánchez,84,34000000.0,Starter,D. Sánchez,RCB,Felipe,FC Porto,20000000.0,41.0,-1,37.9,SprintSpeed,79.0,6
Felipe,83,20000000.0,Backup,D. Sánchez,RCB,Felipe,FC Porto,20000000.0,41.0,-1,37.9,SprintSpeed,67.0,6
J. Giménez,84,34000000.0,Starter,J. Giménez,RCB,F. Balbuena,West Ham United,15500000.0,54.0,-4,30.8,SprintSpeed,70.0,0
F. Balbuena,80,15500000.0,Backup,J. Giménez,RCB,F. Balbuena,West Ham United,15500000.0,54.0,-4,30.8,SprintSpeed,65.0,0
J. Giménez,84,34000000.0,Starter,J. Giménez,RCB,F. Balbuena,West Ham United,15500000.0,54.0,-4,30.8,Finishing,37.0,1
F. Balbuena,80,15500000.0,Backup,J. Giménez,RCB,F. Balbuena,West Ham United,15500000.0,54.0,-4,30.8,Finishing,31.0,1
J. Giménez,84,34000000.0,Starter,J. Giménez,RCB,F. Balbuena,West Ham United,15500000.0,54.0,-4,30.8,ShortPassing,68.0,2
F. Balbuena,80,15500000.0,Backup,J. Giménez,RCB,F. Balbuena,West Ham United,15500000.0,54.0,-4,30.8,ShortPassing,71.0,2
J. Giménez,84,34000000.0,Starter,J. Giménez,RCB,F. Balbuena,West Ham United,15500000.0,54.0,-4,30.8,Dribbling,47.0,3
F. Balbuena,80,15500000.0,Backup,J. Giménez,RCB,F. Balbuena,West Ham United,15500000.0,54.0,-4,30.8,Dribbling,47.0,3
J. Giménez,84,34000000.0,Starter,J. Giménez,RCB,F. Balbuena,West Ham United,15500000.0,54.0,-4,30.8,StandingTackle,86.0,4
F. Balbuena,80,15500000.0,Backup,J. Giménez,RCB,F. Balbuena,West Ham United,15500000.0,54.0,-4,30.8,StandingTackle,82.0,4
J. Giménez,84,34000000.0,Starter,J. Giménez,RCB,F. Balbuena,West Ham United,15500000.0,54.0,-4,30.8,Strength,85.0,5
F. Balbuena,80,15500000.0,Backup,J. Giménez,RCB,F. Balbuena,West Ham United,15500000.0,54.0,-4,30.8,Strength,84.0,5
J. Giménez,84,34000000.0,Starter,J. Giménez,RCB,F. Balbuena,West Ham United,15500000.0,54.0,-4,30.8,SprintSpeed,70.0,6
F. Balbuena,80,15500000.0,Backup,J. Giménez,RCB,F. Balbuena,West Ham United,15500000.0,54.0,-4,30.8,SprintSpeed,65.0,6
Alex Telles,84,32000000.0,Starter,Alex Telles,LB,Marcos Alonso,Chelsea,24000000.0,25.0,-1,49.2,SprintSpeed,85.0,0
Marcos Alonso,83,24000000.0,Backup,Alex Telles,LB,Marcos Alonso,Chelsea,24000000.0,25.0,-1,49.2,SprintSpeed,76.0,0
Alex Telles,84,32000000.0,Starter,Alex Telles,LB,Marcos Alonso,Chelsea,24000000.0,25.0,-1,49.2,Finishing,65.0,1
Marcos Alonso,83,24000000.0,Backup,Alex Telles,LB,Marcos Alonso,Chelsea,24000000.0,25.0,-1,49.2,Finishing,68.0,1
Alex Telles,84,32000000.0,Starter,Alex Telles,LB,Marcos Alonso,Chelsea,24000000.0,25.0,-1,49.2,ShortPassing,83.0,2
Marcos Alonso,83,24000000.0,Backup,Alex Telles,LB,Marcos Alonso,Chelsea,24000000.0,25.0,-1,49.2,ShortPassing,84.0,2
Alex Telles,84,32000000.0,Starter,Alex Telles,LB,Marcos Alonso,Chelsea,24000000.0,25.0,-1,49.2,Dribbling,82.0,3
Marcos Alonso,83,24000000.0,Backup,Alex Telles,LB,Marcos Alonso,Chelsea,24000000.0,25.0,-1,49.2,Dribbling,79.0,3
Alex Telles,84,32000000.0,Starter,Alex Telles,LB,Marcos Alonso,Chelsea,24000000.0,25.0,-1,49.2,StandingTackle,81.0,4
Marcos Alonso,83,24000000.0,Backup,Alex Telles,LB,Marcos Alonso,Chelsea,24000000.0,25.0,-1,49.2,StandingTackle,82.0,4
Alex Telles,84,32000000.0,Starter,Alex Telles,LB,Marcos Alonso,Chelsea,24000000.0,25.0,-1,49.2,Strength,68.0,5
Marcos Alonso,83,24000000.0,Backup,Alex Telles,LB,Marcos Alonso,Chelsea,24000000.0,25.0,-1,49.2,Strength,76.0,5
Alex Telles,84,32000000.0,Starter,Alex Telles,LB,Marcos Alonso,Chelsea,24000000.0,25.0,-1,49.2,SprintSpeed,85.0,6
Marcos Alonso,83,24000000.0,Backup,Alex Telles,LB,Marcos Alonso,Chelsea,24000000.0,25.0,-1,49.2,SprintSpeed,76.0,6
A. Laporte,84,34000000.0,Starter,A. Laporte,LCB,V. Ćorluka,Lokomotiv Moscow,12500000.0,63.0,-2,45.4,SprintSpeed,66.0,0
V. Ćorluka,82,12500000.0,Backup,A. Laporte,LCB,V. Ćorluka,Lokomotiv Moscow,12500000.0,63.0,-2,45.4,SprintSpeed,65.0,0
A. Laporte,84,34000000.0,Starter,A. Laporte,LCB,V. Ćorluka,Lokomotiv Moscow,12500000.0,63.0,-2,45.4,Finishing,45.0,1
V. Ćorluka,82,12500000.0,Backup,A. Laporte,LCB,V. Ćorluka,Lokomotiv Moscow,12500000.0,63.0,-2,45.4,Finishing,44.0,1
A. Laporte,84,34000000.0,Starter,A. Laporte,LCB,V. Ćorluka,Lokomotiv Moscow,12500000.0,63.0,-2,45.4,ShortPassing,76.0,2
V. Ćorluka,82,12500000.0,Backup,A. Laporte,LCB,V. Ćorluka,Lokomotiv Moscow,12500000.0,63.0,-2,45.4,ShortPassing,70.0,2
A. Laporte,84,34000000.0,Starter,A. Laporte,LCB,V. Ćorluka,Lokomotiv Moscow,12500000.0,63.0,-2,45.4,Dribbling,59.0,3
V. Ćorluka,82,12500000.0,Backup,A. Laporte,LCB,V. Ćorluka,Lokomotiv Moscow,12500000.0,63.0,-2,45.4,Dribbling,65.0,3
A. Laporte,84,34000000.0,Starter,A. Laporte,LCB,V. Ćorluka,Lokomotiv Moscow,12500000.0,63.0,-2,45.4,StandingTackle,86.0,4
V. Ćorluka,82,12500000.0,Backup,A. Laporte,LCB,V. Ćorluka,Lokomotiv Moscow,12500000.0,63.0,-2,45.4,StandingTackle,83.0,4
A. Laporte,84,34000000.0,Starter,A. Laporte,LCB,V. Ćorluka,Lokomotiv Moscow,12500000.0,63.0,-2,45.4,Strength,82.0,5
V. Ćorluka,82,12500000.0,Backup,A. Laporte,LCB,V. Ćorluka,Lokomotiv Moscow,12500000.0,63.0,-2,45.4,Strength,86.0,5
A. Laporte,84,34000000.0,Starter,A. Laporte,LCB,V. Ćorluka,Lokomotiv Moscow,12500000.0,63.0,-2,45.4,SprintSpeed,66.0,6
V. Ćorluka,82,12500000.0,Backup,A. Laporte,LCB,V. Ćorluka,Lokomotiv Moscow,12500000.0,63.0,-2,45.4,SprintSpeed,65.0,6
Bruno Fernandes,84,40500000.0,Starter,Bruno Fernandes,LCM,Pizzi,SL Benfica,25500000.0,37.0,-1,58.9,SprintSpeed,76.0,0
Pizzi,83,25500000.0,Backup,Bruno Fernandes,LCM,Pizzi,SL Benfica,25500000.0,37.0,-1,58.9,SprintSpeed,73.0,0
Bruno Fernandes,84,40500000.0,Starter,Bruno Fernandes,LCM,Pizzi,SL Benfica,25500000.0,37.0,-1,58.9,Finishing,73.0,1
Pizzi,83,25500000.0,Backup,Bruno Fernandes,LCM,Pizzi,SL Benfica,25500000.0,37.0,-1,58.9,Finishing,76.0,1
Bruno Fernandes,84,40500000.0,Starter,Bruno Fernandes,LCM,Pizzi,SL Benfica,25500000.0,37.0,-1,58.9,ShortPassing,85.0,2
Pizzi,83,25500000.0,Backup,Bruno Fernandes,LCM,Pizzi,SL Benfica,25500000.0,37.0,-1,58.9,ShortPassing,83.0,2
Bruno Fernandes,84,40500000.0,Starter,Bruno Fernandes,LCM,Pizzi,SL Benfica,25500000.0,37.0,-1,58.9,Dribbling,83.0,3
Pizzi,83,25500000.0,Backup,Bruno Fernandes,LCM,Pizzi,SL Benfica,25500000.0,37.0,-1,58.9,Dribbling,80.0,3
Bruno Fernandes,84,40500000.0,Starter,Bruno Fernandes,LCM,Pizzi,SL Benfica,25500000.0,37.0,-1,58.9,StandingTackle,66.0,4
Pizzi,83,25500000.0,Backup,Bruno Fernandes,LCM,Pizzi,SL Benfica,25500000.0,37.0,-1,58.9,StandingTackle,66.0,4
Bruno Fernandes,84,40500000.0,Starter,Bruno Fernandes,LCM,Pizzi,SL Benfica,25500000.0,37.0,-1,58.9,Strength,67.0,5
Pizzi,83,25500000.0,Backup,Bruno Fernandes,LCM,Pizzi,SL Benfica,25500000.0,37.0,-1,58.9,Strength,59.0,5
Bruno Fernandes,84,40500000.0,Starter,Bruno Fernandes,LCM,Pizzi,SL Benfica,25500000.0,37.0,-1,58.9,SprintSpeed,76.0,6
Pizzi,83,25500000.0,Backup,Bruno Fernandes,LCM,Pizzi,SL Benfica,25500000.0,37.0,-1,58.9,SprintSpeed,73.0,6
N. Süle,84,36500000.0,Starter,N. Süle,CB,I. Ordets,Shakhtar Donetsk,8500000.0,77.0,-8,4.8,SprintSpeed,84.0,0
I. Ordets,76,8500000.0,Backup,N. Süle,CB,I. Ordets,Shakhtar Donetsk,8500000.0,77.0,-8,4.8,SprintSpeed,69.0,0
N. Süle,84,36500000.0,Starter,N. Süle,CB,I. Ordets,Shakhtar Donetsk,8500000.0,77.0,-8,4.8,Finishing,20.0,1
I. Ordets,76,8500000.0,Backup,N. Süle,CB,I. Ordets,Shakhtar Donetsk,8500000.0,77.0,-8,4.8,Finishing,46.0,1
N. Süle,84,36500000.0,Starter,N. Süle,CB,I. Ordets,Shakhtar Donetsk,8500000.0,77.0,-8,4.8,ShortPassing,78.0,2
I. Ordets,76,8500000.0,Backup,N. Süle,CB,I. Ordets,Shakhtar Donetsk,8500000.0,77.0,-8,4.8,ShortPassing,66.0,2
N. Süle,84,36500000.0,Starter,N. Süle,CB,I. Ordets,Shakhtar Donetsk,8500000.0,77.0,-8,4.8,Dribbling,42.0,3
I. Ordets,76,8500000.0,Backup,N. Süle,CB,I. Ordets,Shakhtar Donetsk,8500000.0,77.0,-8,4.8,Dribbling,38.0,3
N. Süle,84,36500000.0,Starter,N. Süle,CB,I. Ordets,Shakhtar Donetsk,8500000.0,77.0,-8,4.8,StandingTackle,85.0,4
I. Ordets,76,8500000.0,Backup,N. Süle,CB,I. Ordets,Shakhtar Donetsk,8500000.0,77.0,-8,4.8,StandingTackle,77.0,4
N. Süle,84,36500000.0,Starter,N. Süle,CB,I. Ordets,Shakhtar Donetsk,8500000.0,77.0,-8,4.8,Strength,94.0,5
I. Ordets,76,8500000.0,Backup,N. Süle,CB,I. Ordets,Shakhtar Donetsk,8500000.0,77.0,-8,4.8,Strength,88.0,5
N. Süle,84,36500000.0,Starter,N. Süle,CB,I. Ordets,Shakhtar Donetsk,8500000.0,77.0,-8,4.8,SprintSpeed,84.0,6
I. Ordets,76,8500000.0,Backup,N. Süle,CB,I. Ordets,Shakhtar Donetsk,8500000.0,77.0,-8,4.8,SprintSpeed,69.0,6
A. Martial,84,42500000.0,Starter,A. Martial,LW,M. Rashford,Manchester United,27000000.0,36.0,-3,48.8,SprintSpeed,89.0,0
M. Rashford,81,27000000.0,Backup,A. Martial,LW,M. Rashford,Manchester United,27000000.0,36.0,-3,48.8,SprintSpeed,93.0,0
A. Martial,84,42500000.0,Starter,A. Martial,LW,M. Rashford,Manchester United,27000000.0,36.0,-3,48.8,Finishing,84.0,1
M. Rashford,81,27000000.0,Backup,A. Martial,LW,M. Rashford,Manchester United,27000000.0,36.0,-3,48.8,Finishing,78.0,1
A. Martial,84,42500000.0,Starter,A. Martial,LW,M. Rashford,Manchester United,27000000.0,36.0,-3,48.8,ShortPassing,77.0,2
M. Rashford,81,27000000.0,Backup,A. Martial,LW,M. Rashford,Manchester United,27000000.0,36.0,-3,48.8,ShortPassing,75.0,2
A. Martial,84,42500000.0,Starter,A. Martial,LW,M. Rashford,Manchester United,27000000.0,36.0,-3,48.8,Dribbling,87.0,3
M. Rashford,81,27000000.0,Backup,A. Martial,LW,M. Rashford,Manchester United,27000000.0,36.0,-3,48.8,Dribbling,83.0,3
A. Martial,84,42500000.0,Starter,A. Martial,LW,M. Rashford,Manchester United,27000000.0,36.0,-3,48.8,StandingTackle,39.0,4
M. Rashford,81,27000000.0,Backup,A. Martial,LW,M. Rashford,Manchester United,27000000.0,36.0,-3,48.8,StandingTackle,40.0,4
A. Martial,84,42500000.0,Starter,A. Martial,LW,M. Rashford,Manchester United,27000000.0,36.0,-3,48.8,Strength,75.0,5
M. Rashford,81,27000000.0,Backup,A. Martial,LW,M. Rashford,Manchester United,27000000.0,36.0,-3,48.8,Strength,71.0,5
A. Martial,84,42500000.0,Starter,A. Martial,LW,M. Rashford,Manchester United,27000000.0,36.0,-3,48.8,SprintSpeed,89.0,6
M. Rashford,81,27000000.0,Backup,A. Martial,LW,M. Rashford,Manchester United,27000000.0,36.0,-3,48.8,SprintSpeed,93.0,6
D. Alli,84,42500000.0,Starter,D. Alli,LCM,D. Klaassen,SV Werder Bremen,15000000.0,65.0,-5,39.2,SprintSpeed,76.0,0
D. Klaassen,79,15000000.0,Backup,D. Alli,LCM,D. Klaassen,SV Werder Bremen,15000000.0,65.0,-5,39.2,SprintSpeed,64.0,0
D. Alli,84,42500000.0,Starter,D. Alli,LCM,D. Klaassen,SV Werder Bremen,15000000.0,65.0,-5,39.2,Finishing,83.0,1
D. Klaassen,79,15000000.0,Backup,D. Alli,LCM,D. Klaassen,SV Werder Bremen,15000000.0,65.0,-5,39.2,Finishing,77.0,1
D. Alli,84,42500000.0,Starter,D. Alli,LCM,D. Klaassen,SV Werder Bremen,15000000.0,65.0,-5,39.2,ShortPassing,85.0,2
D. Klaassen,79,15000000.0,Backup,D. Alli,LCM,D. Klaassen,SV Werder Bremen,15000000.0,65.0,-5,39.2,ShortPassing,81.0,2
D. Alli,84,42500000.0,Starter,D. Alli,LCM,D. Klaassen,SV Werder Bremen,15000000.0,65.0,-5,39.2,Dribbling,83.0,3
D. Klaassen,79,15000000.0,Backup,D. Alli,LCM,D. Klaassen,SV Werder Bremen,15000000.0,65.0,-5,39.2,Dribbling,72.0,3
D. Alli,84,42500000.0,Starter,D. Alli,LCM,D. Klaassen,SV Werder Bremen,15000000.0,65.0,-5,39.2,StandingTackle,70.0,4
D. Klaassen,79,15000000.0,Backup,D. Alli,LCM,D. Klaassen,SV Werder Bremen,15000000.0,65.0,-5,39.2,StandingTackle,72.0,4
D. Alli,84,42500000.0,Starter,D. Alli,LCM,D. Klaassen,SV Werder Bremen,15000000.0,65.0,-5,39.2,Strength,71.0,5
D. Klaassen,79,15000000.0,Backup,D. Alli,LCM,D. Klaassen,SV Werder Bremen,15000000.0,65.0,-5,39.2,Strength,69.0,5
D. Alli,84,42500000.0,Starter,D. Alli,LCM,D. Klaassen,SV Werder Bremen,15000000.0,65.0,-5,39.2,SprintSpeed,76.0,6
D. Klaassen,79,15000000.0,Backup,D. Alli,LCM,D. Klaassen,SV Werder Bremen,15000000.0,65.0,-5,39.2,SprintSpeed,64.0,6
Fabinho,84,34000000.0,Starter,Fabinho,CDM,Souza,Al Ahli,10000000.0,71.0,-5,34.9,SprintSpeed,72.0,0
Souza,79,10000000.0,Backup,Fabinho,CDM,Souza,Al Ahli,10000000.0,71.0,-5,34.9,SprintSpeed,71.0,0
Fabinho,84,34000000.0,Starter,Fabinho,CDM,Souza,Al Ahli,10000000.0,71.0,-5,34.9,Finishing,66.0,1
Souza,79,10000000.0,Backup,Fabinho,CDM,Souza,Al Ahli,10000000.0,71.0,-5,34.9,Finishing,55.0,1
Fabinho,84,34000000.0,Starter,Fabinho,CDM,Souza,Al Ahli,10000000.0,71.0,-5,34.9,ShortPassing,83.0,2
Souza,79,10000000.0,Backup,Fabinho,CDM,Souza,Al Ahli,10000000.0,71.0,-5,34.9,ShortPassing,76.0,2
Fabinho,84,34000000.0,Starter,Fabinho,CDM,Souza,Al Ahli,10000000.0,71.0,-5,34.9,Dribbling,76.0,3
Souza,79,10000000.0,Backup,Fabinho,CDM,Souza,Al Ahli,10000000.0,71.0,-5,34.9,Dribbling,71.0,3
Fabinho,84,34000000.0,Starter,Fabinho,CDM,Souza,Al Ahli,10000000.0,71.0,-5,34.9,StandingTackle,86.0,4
Souza,79,10000000.0,Backup,Fabinho,CDM,Souza,Al Ahli,10000000.0,71.0,-5,34.9,StandingTackle,81.0,4
Fabinho,84,34000000.0,Starter,Fabinho,CDM,Souza,Al Ahli,10000000.0,71.0,-5,34.9,Strength,79.0,5
Souza,79,10000000.0,Backup,Fabinho,CDM,Souza,Al Ahli,10000000.0,71.0,-5,34.9,Strength,83.0,5
Fabinho,84,34000000.0,Starter,Fabinho,CDM,Souza,Al Ahli,10000000.0,71.0,-5,34.9,SprintSpeed,72.0,6
Souza,79,10000000.0,Backup,Fabinho,CDM,Souza,Al Ahli,10000000.0,71.0,-5,34.9,SprintSpeed,71.0,6
Marquinhos,84,35500000.0,Starter,Marquinhos,LDM,J. Mascherano,Hebei China Fortune FC,4500000.0,87.0,-4,5.9,SprintSpeed,76.0,0
J. Mascherano,80,4500000.0,Backup,Marquinhos,LDM,J. Mascherano,Hebei China Fortune FC,4500000.0,87.0,-4,5.9,SprintSpeed,62.0,0
Marquinhos,84,35500000.0,Starter,Marquinhos,LDM,J. Mascherano,Hebei China Fortune FC,4500000.0,87.0,-4,5.9,Finishing,33.0,1
J. Mascherano,80,4500000.0,Backup,Marquinhos,LDM,J. Mascherano,Hebei China Fortune FC,4500000.0,87.0,-4,5.9,Finishing,42.0,1
Marquinhos,84,35500000.0,Starter,Marquinhos,LDM,J. Mascherano,Hebei China Fortune FC,4500000.0,87.0,-4,5.9,ShortPassing,81.0,2
J. Mascherano,80,4500000.0,Backup,Marquinhos,LDM,J. Mascherano,Hebei China Fortune FC,4500000.0,87.0,-4,5.9,ShortPassing,79.0,2
Marquinhos,84,35500000.0,Starter,Marquinhos,LDM,J. Mascherano,Hebei China Fortune FC,4500000.0,87.0,-4,5.9,Dribbling,59.0,3
J. Mascherano,80,4500000.0,Backup,Marquinhos,LDM,J. Mascherano,Hebei China Fortune FC,4500000.0,87.0,-4,5.9,Dribbling,58.0,3
Marquinhos,84,35500000.0,Starter,Marquinhos,LDM,J. Mascherano,Hebei China Fortune FC,4500000.0,87.0,-4,5.9,StandingTackle,87.0,4
J. Mascherano,80,4500000.0,Backup,Marquinhos,LDM,J. Mascherano,Hebei China Fortune FC,4500000.0,87.0,-4,5.9,StandingTackle,81.0,4
Marquinhos,84,35500000.0,Starter,Marquinhos,LDM,J. Mascherano,Hebei China Fortune FC,4500000.0,87.0,-4,5.9,Strength,74.0,5
J. Mascherano,80,4500000.0,Backup,Marquinhos,LDM,J. Mascherano,Hebei China Fortune FC,4500000.0,87.0,-4,5.9,Strength,72.0,5
Marquinhos,84,35500000.0,Starter,Marquinhos,LDM,J. Mascherano,Hebei China Fortune FC,4500000.0,87.0,-4,5.9,SprintSpeed,76.0,6
J. Mascherano,80,4500000.0,Backup,Marquinhos,LDM,J. Mascherano,Hebei China Fortune FC,4500000.0,87.0,-4,5.9,SprintSpeed,62.0,6
William Carvalho,84,31500000.0,Starter,William Carvalho,CDM,S. Nzonzi,Roma,17000000.0,46.0,-2,30.4,SprintSpeed,53.0,0
S. Nzonzi,82,17000000.0,Backup,William Carvalho,CDM,S. Nzonzi,Roma,17000000.0,46.0,-2,30.4,SprintSpeed,55.0,0
William Carvalho,84,31500000.0,Starter,William Carvalho,CDM,S. Nzonzi,Roma,17000000.0,46.0,-2,30.4,Finishing,52.0,1
S. Nzonzi,82,17000000.0,Backup,William Carvalho,CDM,S. Nzonzi,Roma,17000000.0,46.0,-2,30.4,Finishing,64.0,1
William Carvalho,84,31500000.0,Starter,William Carvalho,CDM,S. Nzonzi,Roma,17000000.0,46.0,-2,30.4,ShortPassing,84.0,2
S. Nzonzi,82,17000000.0,Backup,William Carvalho,CDM,S. Nzonzi,Roma,17000000.0,46.0,-2,30.4,ShortPassing,79.0,2
William Carvalho,84,31500000.0,Starter,William Carvalho,CDM,S. Nzonzi,Roma,17000000.0,46.0,-2,30.4,Dribbling,80.0,3
S. Nzonzi,82,17000000.0,Backup,William Carvalho,CDM,S. Nzonzi,Roma,17000000.0,46.0,-2,30.4,Dribbling,72.0,3
William Carvalho,84,31500000.0,Starter,William Carvalho,CDM,S. Nzonzi,Roma,17000000.0,46.0,-2,30.4,StandingTackle,85.0,4
S. Nzonzi,82,17000000.0,Backup,William Carvalho,CDM,S. Nzonzi,Roma,17000000.0,46.0,-2,30.4,StandingTackle,80.0,4
William Carvalho,84,31500000.0,Starter,William Carvalho,CDM,S. Nzonzi,Roma,17000000.0,46.0,-2,30.4,Strength,90.0,5
S. Nzonzi,82,17000000.0,Backup,William Carvalho,CDM,S. Nzonzi,Roma,17000000.0,46.0,-2,30.4,Strength,92.0,5
William Carvalho,84,31500000.0,Starter,William Carvalho,CDM,S. Nzonzi,Roma,17000000.0,46.0,-2,30.4,SprintSpeed,53.0,6
S. Nzonzi,82,17000000.0,Backup,William Carvalho,CDM,S. Nzonzi,Roma,17000000.0,46.0,-2,30.4,SprintSpeed,55.0,6
Jorginho,84,38000000.0,Starter,Jorginho,CM,Ander Herrera,Manchester United,17500000.0,54.0,-3,47.1,SprintSpeed,69.0,0
Ander Herrera,81,17500000.0,Backup,Jorginho,CM,Ander Herrera,Manchester United,17500000.0,54.0,-3,47.1,SprintSpeed,68.0,0
Jorginho,84,38000000.0,Starter,Jorginho,CM,Ander Herrera,Manchester United,17500000.0,54.0,-3,47.1,Finishing,57.0,1
Ander Herrera,81,17500000.0,Backup,Jorginho,CM,Ander Herrera,Manchester United,17500000.0,54.0,-3,47.1,Finishing,71.0,1
Jorginho,84,38000000.0,Starter,Jorginho,CM,Ander Herrera,Manchester United,17500000.0,54.0,-3,47.1,ShortPassing,89.0,2
Ander Herrera,81,17500000.0,Backup,Jorginho,CM,Ander Herrera,Manchester United,17500000.0,54.0,-3,47.1,ShortPassing,83.0,2
Jorginho,84,38000000.0,Starter,Jorginho,CM,Ander Herrera,Manchester United,17500000.0,54.0,-3,47.1,Dribbling,82.0,3
Ander Herrera,81,17500000.0,Backup,Jorginho,CM,Ander Herrera,Manchester United,17500000.0,54.0,-3,47.1,Dribbling,77.0,3
Jorginho,84,38000000.0,Starter,Jorginho,CM,Ander Herrera,Manchester United,17500000.0,54.0,-3,47.1,StandingTackle,78.0,4
Ander Herrera,81,17500000.0,Backup,Jorginho,CM,Ander Herrera,Manchester United,17500000.0,54.0,-3,47.1,StandingTackle,80.0,4
Jorginho,84,38000000.0,Starter,Jorginho,CM,Ander Herrera,Manchester United,17500000.0,54.0,-3,47.1,Strength,66.0,5
Ander Herrera,81,17500000.0,Backup,Jorginho,CM,Ander Herrera,Manchester United,17500000.0,54.0,-3,47.1,Strength,67.0,5
Jorginho,84,38000000.0,Starter,Jorginho,CM,Ander Herrera,Manchester United,17500000.0,54.0,-3,47.1,SprintSpeed,69.0,6
Ander Herrera,81,17500000.0,Backup,Jorginho,CM,Ander Herrera,Manchester United,17500000.0,54.0,-3,47.1,SprintSpeed,68.0,6
F. Thauvin,84,39000000.0,Starter,F. Thauvin,RM,B. Traoré,Olympique Lyonnais,14000000.0,64.0,-6,40.7,SprintSpeed,80.0,0
B. Traoré,78,14000000.0,Backup,F. Thauvin,RM,B. Traoré,Olympique Lyonnais,14000000.0,64.0,-6,40.7,SprintSpeed,90.0,0
F. Thauvin,84,39000000.0,Starter,F. Thauvin,RM,B. Traoré,Olympique Lyonnais,14000000.0,64.0,-6,40.7,Finishing,81.0,1
B. Traoré,78,14000000.0,Backup,F. Thauvin,RM,B. Traoré,Olympique Lyonnais,14000000.0,64.0,-6,40.7,Finishing,75.0,1
F. Thauvin,84,39000000.0,Starter,F. Thauvin,RM,B. Traoré,Olympique Lyonnais,14000000.0,64.0,-6,40.7,ShortPassing,83.0,2
B. Traoré,78,14000000.0,Backup,F. Thauvin,RM,B. Traoré,Olympique Lyonnais,14000000.0,64.0,-6,40.7,ShortPassing,77.0,2
F. Thauvin,84,39000000.0,Starter,F. Thauvin,RM,B. Traoré,Olympique Lyonnais,14000000.0,64.0,-6,40.7,Dribbling,85.0,3
B. Traoré,78,14000000.0,Backup,F. Thauvin,RM,B. Traoré,Olympique Lyonnais,14000000.0,64.0,-6,40.7,Dribbling,85.0,3
F. Thauvin,84,39000000.0,Starter,F. Thauvin,RM,B. Traoré,Olympique Lyonnais,14000000.0,64.0,-6,40.7,StandingTackle,29.0,4
B. Traoré,78,14000000.0,Backup,F. Thauvin,RM,B. Traoré,Olympique Lyonnais,14000000.0,64.0,-6,40.7,StandingTackle,40.0,4
F. Thauvin,84,39000000.0,Starter,F. Thauvin,RM,B. Traoré,Olympique Lyonnais,14000000.0,64.0,-6,40.7,Strength,66.0,5
B. Traoré,78,14000000.0,Backup,F. Thauvin,RM,B. Traoré,Olympique Lyonnais,14000000.0,64.0,-6,40.7,Strength,64.0,5
F. Thauvin,84,39000000.0,Starter,F. Thauvin,RM,B. Traoré,Olympique Lyonnais,14000000.0,64.0,-6,40.7,SprintSpeed,80.0,6
B. Traoré,78,14000000.0,Backup,F. Thauvin,RM,B. Traoré,Olympique Lyonnais,14000000.0,64.0,-6,40.7,SprintSpeed,90.0,6
Carvajal,84,31500000.0,Starter,Carvajal,RB,M. De Sciglio,Juventus,10500000.0,67.0,-6,52.2,SprintSpeed,84.0,0
M. De Sciglio,78,10500000.0,Backup,Carvajal,RB,M. De Sciglio,Juventus,10500000.0,67.0,-6,52.2,SprintSpeed,79.0,0
Carvajal,84,31500000.0,Starter,Carvajal,RB,M. De Sciglio,Juventus,10500000.0,67.0,-6,52.2,Finishing,41.0,1
M. De Sciglio,78,10500000.0,Backup,Carvajal,RB,M. De Sciglio,Juventus,10500000.0,67.0,-6,52.2,Finishing,33.0,1
Carvajal,84,31500000.0,Starter,Carvajal,RB,M. De Sciglio,Juventus,10500000.0,67.0,-6,52.2,ShortPassing,81.0,2
M. De Sciglio,78,10500000.0,Backup,Carvajal,RB,M. De Sciglio,Juventus,10500000.0,67.0,-6,52.2,ShortPassing,74.0,2
Carvajal,84,31500000.0,Starter,Carvajal,RB,M. De Sciglio,Juventus,10500000.0,67.0,-6,52.2,Dribbling,76.0,3
M. De Sciglio,78,10500000.0,Backup,Carvajal,RB,M. De Sciglio,Juventus,10500000.0,67.0,-6,52.2,Dribbling,74.0,3
Carvajal,84,31500000.0,Starter,Carvajal,RB,M. De Sciglio,Juventus,10500000.0,67.0,-6,52.2,StandingTackle,83.0,4
M. De Sciglio,78,10500000.0,Backup,Carvajal,RB,M. De Sciglio,Juventus,10500000.0,67.0,-6,52.2,StandingTackle,78.0,4
Carvajal,84,31500000.0,Starter,Carvajal,RB,M. De Sciglio,Juventus,10500000.0,67.0,-6,52.2,Strength,74.0,5
M. De Sciglio,78,10500000.0,Backup,Carvajal,RB,M. De Sciglio,Juventus,10500000.0,67.0,-6,52.2,Strength,68.0,5
Carvajal,84,31500000.0,Starter,Carvajal,RB,M. De Sciglio,Juventus,10500000.0,67.0,-6,52.2,SprintSpeed,84.0,6
M. De Sciglio,78,10500000.0,Backup,Carvajal,RB,M. De Sciglio,Juventus,10500000.0,67.0,-6,52.2,SprintSpeed,79.0,6
M. Depay,84,42000000.0,Starter,M. Depay,ST,Lucas Pérez,West Ham United,10500000.0,75.0,-6,44.9,SprintSpeed,87.0,0
Lucas Pérez,78,10500000.0,Backup,M. Depay,ST,Lucas Pérez,West Ham United,10500000.0,75.0,-6,44.9,SprintSpeed,78.0,0
M. Depay,84,42000000.0,Starter,M. Depay,ST,Lucas Pérez,West Ham United,10500000.0,75.0,-6,44.9,Finishing,79.0,1
Lucas Pérez,78,10500000.0,Backup,M. Depay,ST,Lucas Pérez,West Ham United,10500000.0,75.0,-6,44.9,Finishing,78.0,1
M. Depay,84,42000000.0,Starter,M. Depay,ST,Lucas Pérez,West Ham United,10500000.0,75.0,-6,44.9,ShortPassing,80.0,2
Lucas Pérez,78,10500000.0,Backup,M. Depay,ST,Lucas Pérez,West Ham United,10500000.0,75.0,-6,44.9,ShortPassing,75.0,2
M. Depay,84,42000000.0,Starter,M. Depay,ST,Lucas Pérez,West Ham United,10500000.0,75.0,-6,44.9,Dribbling,85.0,3
Lucas Pérez,78,10500000.0,Backup,M. Depay,ST,Lucas Pérez,West Ham United,10500000.0,75.0,-6,44.9,Dribbling,79.0,3
M. Depay,84,42000000.0,Starter,M. Depay,ST,Lucas Pérez,West Ham United,10500000.0,75.0,-6,44.9,StandingTackle,31.0,4
Lucas Pérez,78,10500000.0,Backup,M. Depay,ST,Lucas Pérez,West Ham United,10500000.0,75.0,-6,44.9,StandingTackle,24.0,4
M. Depay,84,42000000.0,Starter,M. Depay,ST,Lucas Pérez,West Ham United,10500000.0,75.0,-6,44.9,Strength,80.0,5
Lucas Pérez,78,10500000.0,Backup,M. Depay,ST,Lucas Pérez,West Ham United,10500000.0,75.0,-6,44.9,Strength,69.0,5
M. Depay,84,42000000.0,Starter,M. Depay,ST,Lucas Pérez,West Ham United,10500000.0,75.0,-6,44.9,SprintSpeed,87.0,6
Lucas Pérez,78,10500000.0,Backup,M. Depay,ST,Lucas Pérez,West Ham United,10500000.0,75.0,-6,44.9,SprintSpeed,78.0,6
H. Son,84,37000000.0,Starter,H. Son,LM,S. El Shaarawy,Roma,21000000.0,43.0,-3,37.0,SprintSpeed,87.0,0
S. El Shaarawy,81,21000000.0,Backup,H. Son,LM,S. El Shaarawy,Roma,21000000.0,43.0,-3,37.0,SprintSpeed,87.0,0
H. Son,84,37000000.0,Starter,H. Son,LM,S. El Shaarawy,Roma,21000000.0,43.0,-3,37.0,Finishing,85.0,1
S. El Shaarawy,81,21000000.0,Backup,H. Son,LM,S. El Shaarawy,Roma,21000000.0,43.0,-3,37.0,Finishing,78.0,1
H. Son,84,37000000.0,Starter,H. Son,LM,S. El Shaarawy,Roma,21000000.0,43.0,-3,37.0,ShortPassing,79.0,2
S. El Shaarawy,81,21000000.0,Backup,H. Son,LM,S. El Shaarawy,Roma,21000000.0,43.0,-3,37.0,ShortPassing,74.0,2
H. Son,84,37000000.0,Starter,H. Son,LM,S. El Shaarawy,Roma,21000000.0,43.0,-3,37.0,Dribbling,88.0,3
S. El Shaarawy,81,21000000.0,Backup,H. Son,LM,S. El Shaarawy,Roma,21000000.0,43.0,-3,37.0,Dribbling,84.0,3
H. Son,84,37000000.0,Starter,H. Son,LM,S. El Shaarawy,Roma,21000000.0,43.0,-3,37.0,StandingTackle,34.0,4
S. El Shaarawy,81,21000000.0,Backup,H. Son,LM,S. El Shaarawy,Roma,21000000.0,43.0,-3,37.0,StandingTackle,30.0,4
H. Son,84,37000000.0,Starter,H. Son,LM,S. El Shaarawy,Roma,21000000.0,43.0,-3,37.0,Strength,63.0,5
S. El Shaarawy,81,21000000.0,Backup,H. Son,LM,S. El Shaarawy,Roma,21000000.0,43.0,-3,37.0,Strength,54.0,5
H. Son,84,37000000.0,Starter,H. Son,LM,S. El Shaarawy,Roma,21000000.0,43.0,-3,37.0,SprintSpeed,87.0,6
S. El Shaarawy,81,21000000.0,Backup,H. Son,LM,S. El Shaarawy,Roma,21000000.0,43.0,-3,37.0,SprintSpeed,87.0,6
A. Lopes,84,25000000.0,Starter,A. Lopes,GK,F. Marchetti,Genoa,2100000.0,92.0,-7,56.1,SprintSpeed,64.0,0
F. Marchetti,77,2100000.0,Backup,A. Lopes,GK,F. Marchetti,Genoa,2100000.0,92.0,-7,56.1,SprintSpeed,50.0,0
A. Lopes,84,25000000.0,Starter,A. Lopes,GK,F. Marchetti,Genoa,2100000.0,92.0,-7,56.1,Finishing,18.0,1
F. Marchetti,77,2100000.0,Backup,A. Lopes,GK,F. Marchetti,Genoa,2100000.0,92.0,-7,56.1,Finishing,17.0,1
A. Lopes,84,25000000.0,Starter,A. Lopes,GK,F. Marchetti,Genoa,2100000.0,92.0,-7,56.1,ShortPassing,32.0,2
F. Marchetti,77,2100000.0,Backup,A. Lopes,GK,F. Marchetti,Genoa,2100000.0,92.0,-7,56.1,ShortPassing,36.0,2
A. Lopes,84,25000000.0,Starter,A. Lopes,GK,F. Marchetti,Genoa,2100000.0,92.0,-7,56.1,Dribbling,15.0,3
F. Marchetti,77,2100000.0,Backup,A. Lopes,GK,F. Marchetti,Genoa,2100000.0,92.0,-7,56.1,Dribbling,11.0,3
A. Lopes,84,25000000.0,Starter,A. Lopes,GK,F. Marchetti,Genoa,2100000.0,92.0,-7,56.1,StandingTackle,15.0,4
F. Marchetti,77,2100000.0,Backup,A. Lopes,GK,F. Marchetti,Genoa,2100000.0,92.0,-7,56.1,StandingTackle,12.0,4
A. Lopes,84,25000000.0,Starter,A. Lopes,GK,F. Marchetti,Genoa,2100000.0,92.0,-7,56.1,Strength,73.0,5
F. Marchetti,77,2100000.0,Backup,A. Lopes,GK,F. Marchetti,Genoa,2100000.0,92.0,-7,56.1,Strength,62.0,5
A. Lopes,84,25000000.0,Starter,A. Lopes,GK,F. Marchetti,Genoa,2100000.0,92.0,-7,56.1,SprintSpeed,64.0,6
F. Marchetti,77,2100000.0,Backup,A. Lopes,GK,F. Marchetti,Genoa,2100000.0,92.0,-7,56.1,SprintSpeed,50.0,6
S. de Vrij,84,31500000.0,Starter,S. de Vrij,CB,A. Ogbonna,West Ham United,6500000.0,79.0,-7,39.9,SprintSpeed,69.0,0
A. Ogbonna,77,6500000.0,Backup,S. de Vrij,CB,A. Ogbonna,West Ham United,6500000.0,79.0,-7,39.9,SprintSpeed,64.0,0
S. de Vrij,84,31500000.0,Starter,S. de Vrij,CB,A. Ogbonna,West Ham United,6500000.0,79.0,-7,39.9,Finishing,25.0,1
A. Ogbonna,77,6500000.0,Backup,S. de Vrij,CB,A. Ogbonna,West Ham United,6500000.0,79.0,-7,39.9,Finishing,25.0,1
S. de Vrij,84,31500000.0,Starter,S. de Vrij,CB,A. Ogbonna,West Ham United,6500000.0,79.0,-7,39.9,ShortPassing,71.0,2
A. Ogbonna,77,6500000.0,Backup,S. de Vrij,CB,A. Ogbonna,West Ham United,6500000.0,79.0,-7,39.9,ShortPassing,68.0,2
S. de Vrij,84,31500000.0,Starter,S. de Vrij,CB,A. Ogbonna,West Ham United,6500000.0,79.0,-7,39.9,Dribbling,63.0,3
A. Ogbonna,77,6500000.0,Backup,S. de Vrij,CB,A. Ogbonna,West Ham United,6500000.0,79.0,-7,39.9,Dribbling,61.0,3
S. de Vrij,84,31500000.0,Starter,S. de Vrij,CB,A. Ogbonna,West Ham United,6500000.0,79.0,-7,39.9,StandingTackle,87.0,4
A. Ogbonna,77,6500000.0,Backup,S. de Vrij,CB,A. Ogbonna,West Ham United,6500000.0,79.0,-7,39.9,StandingTackle,81.0,4
S. de Vrij,84,31500000.0,Starter,S. de Vrij,CB,A. Ogbonna,West Ham United,6500000.0,79.0,-7,39.9,Strength,80.0,5
A. Ogbonna,77,6500000.0,Backup,S. de Vrij,CB,A. Ogbonna,West Ham United,6500000.0,79.0,-7,39.9,Strength,80.0,5
S. de Vrij,84,31500000.0,Starter,S. de Vrij,CB,A. Ogbonna,West Ham United,6500000.0,79.0,-7,39.9,SprintSpeed,69.0,6
A. Ogbonna,77,6500000.0,Backup,S. de Vrij,CB,A. Ogbonna,West Ham United,6500000.0,79.0,-7,39.9,SprintSpeed,64.0,6
M. Perin,84,29500000.0,Starter,M. Perin,GK,G. Ochoa,Standard de Liège,5000000.0,83.0,-7,55.7,SprintSpeed,56.0,0
G. Ochoa,77,5000000.0,Backup,M. Perin,GK,G. Ochoa,Standard de Liège,5000000.0,83.0,-7,55.7,SprintSpeed,50.0,0
M. Perin,84,29500000.0,Starter,M. Perin,GK,G. Ochoa,Standard de Liège,5000000.0,83.0,-7,55.7,Finishing,11.0,1
G. Ochoa,77,5000000.0,Backup,M. Perin,GK,G. Ochoa,Standard de Liège,5000000.0,83.0,-7,55.7,Finishing,12.0,1
M. Perin,84,29500000.0,Starter,M. Perin,GK,G. Ochoa,Standard de Liège,5000000.0,83.0,-7,55.7,ShortPassing,33.0,2
G. Ochoa,77,5000000.0,Backup,M. Perin,GK,G. Ochoa,Standard de Liège,5000000.0,83.0,-7,55.7,ShortPassing,31.0,2
M. Perin,84,29500000.0,Starter,M. Perin,GK,G. Ochoa,Standard de Liège,5000000.0,83.0,-7,55.7,Dribbling,19.0,3
G. Ochoa,77,5000000.0,Backup,M. Perin,GK,G. Ochoa,Standard de Liège,5000000.0,83.0,-7,55.7,Dribbling,10.0,3
M. Perin,84,29500000.0,Starter,M. Perin,GK,G. Ochoa,Standard de Liège,5000000.0,83.0,-7,55.7,StandingTackle,12.0,4
G. Ochoa,77,5000000.0,Backup,M. Perin,GK,G. Ochoa,Standard de Liège,5000000.0,83.0,-7,55.7,StandingTackle,10.0,4
M. Perin,84,29500000.0,Starter,M. Perin,GK,G. Ochoa,Standard de Liège,5000000.0,83.0,-7,55.7,Strength,52.0,5
G. Ochoa,77,5000000.0,Backup,M. Perin,GK,G. Ochoa,Standard de Liège,5000000.0,83.0,-7,55.7,Strength,56.0,5
M. Perin,84,29500000.0,Starter,M. Perin,GK,G. Ochoa,Standard de Liège,5000000.0,83.0,-7,55.7,SprintSpeed,56.0,6
G. Ochoa,77,5000000.0,Backup,M. Perin,GK,G. Ochoa,Standard de Liège,5000000.0,83.0,-7,55.7,SprintSpeed,50.0,6
Iago Aspas,84,30000000.0,Starter,Iago Aspas,ST,V. Germain,Olympique de Marseille,9000000.0,70.0,-7,50.1,SprintSpeed,78.0,0
V. Germain,77,9000000.0,Backup,Iago Aspas,ST,V. Germain,Olympique de Marseille,9000000.0,70.0,-7,50.1,SprintSpeed,77.0,0
Iago Aspas,84,30000000.0,Starter,Iago Aspas,ST,V. Germain,Olympique de Marseille,9000000.0,70.0,-7,50.1,Finishing,88.0,1
V. Germain,77,9000000.0,Backup,Iago Aspas,ST,V. Germain,Olympique de Marseille,9000000.0,70.0,-7,50.1,Finishing,78.0,1
Iago Aspas,84,30000000.0,Starter,Iago Aspas,ST,V. Germain,Olympique de Marseille,9000000.0,70.0,-7,50.1,ShortPassing,79.0,2
V. Germain,77,9000000.0,Backup,Iago Aspas,ST,V. Germain,Olympique de Marseille,9000000.0,70.0,-7,50.1,ShortPassing,73.0,2
Iago Aspas,84,30000000.0,Starter,Iago Aspas,ST,V. Germain,Olympique de Marseille,9000000.0,70.0,-7,50.1,Dribbling,86.0,3
V. Germain,77,9000000.0,Backup,Iago Aspas,ST,V. Germain,Olympique de Marseille,9000000.0,70.0,-7,50.1,Dribbling,73.0,3
Iago Aspas,84,30000000.0,Starter,Iago Aspas,ST,V. Germain,Olympique de Marseille,9000000.0,70.0,-7,50.1,StandingTackle,21.0,4
V. Germain,77,9000000.0,Backup,Iago Aspas,ST,V. Germain,Olympique de Marseille,9000000.0,70.0,-7,50.1,StandingTackle,21.0,4
Iago Aspas,84,30000000.0,Starter,Iago Aspas,ST,V. Germain,Olympique de Marseille,9000000.0,70.0,-7,50.1,Strength,60.0,5
V. Germain,77,9000000.0,Backup,Iago Aspas,ST,V. Germain,Olympique de Marseille,9000000.0,70.0,-7,50.1,Strength,61.0,5
Iago Aspas,84,30000000.0,Starter,Iago Aspas,ST,V. Germain,Olympique de Marseille,9000000.0,70.0,-7,50.1,SprintSpeed,78.0,6
V. Germain,77,9000000.0,Backup,Iago Aspas,ST,V. Germain,Olympique de Marseille,9000000.0,70.0,-7,50.1,SprintSpeed,77.0,6
B. Leno,84,27000000.0,Starter,B. Leno,GK,J. Cillessen,FC Barcelona,18000000.0,33.0,-2,56.5,SprintSpeed,52.0,0
J. Cillessen,82,18000000.0,Backup,B. Leno,GK,J. Cillessen,FC Barcelona,18000000.0,33.0,-2,56.5,SprintSpeed,50.0,0
B. Leno,84,27000000.0,Starter,B. Leno,GK,J. Cillessen,FC Barcelona,18000000.0,33.0,-2,56.5,Finishing,9.0,1
J. Cillessen,82,18000000.0,Backup,B. Leno,GK,J. Cillessen,FC Barcelona,18000000.0,33.0,-2,56.5,Finishing,10.0,1
B. Leno,84,27000000.0,Starter,B. Leno,GK,J. Cillessen,FC Barcelona,18000000.0,33.0,-2,56.5,ShortPassing,45.0,2
J. Cillessen,82,18000000.0,Backup,B. Leno,GK,J. Cillessen,FC Barcelona,18000000.0,33.0,-2,56.5,ShortPassing,47.0,2
B. Leno,84,27000000.0,Starter,B. Leno,GK,J. Cillessen,FC Barcelona,18000000.0,33.0,-2,56.5,Dribbling,16.0,3
J. Cillessen,82,18000000.0,Backup,B. Leno,GK,J. Cillessen,FC Barcelona,18000000.0,33.0,-2,56.5,Dribbling,12.0,3
B. Leno,84,27000000.0,Starter,B. Leno,GK,J. Cillessen,FC Barcelona,18000000.0,33.0,-2,56.5,StandingTackle,15.0,4
J. Cillessen,82,18000000.0,Backup,B. Leno,GK,J. Cillessen,FC Barcelona,18000000.0,33.0,-2,56.5,StandingTackle,12.0,4
B. Leno,84,27000000.0,Starter,B. Leno,GK,J. Cillessen,FC Barcelona,18000000.0,33.0,-2,56.5,Strength,68.0,5
J. Cillessen,82,18000000.0,Backup,B. Leno,GK,J. Cillessen,FC Barcelona,18000000.0,33.0,-2,56.5,Strength,67.0,5
B. Leno,84,27000000.0,Starter,B. Leno,GK,J. Cillessen,FC Barcelona,18000000.0,33.0,-2,56.5,SprintSpeed,52.0,6
J. Cillessen,82,18000000.0,Backup,B. Leno,GK,J. Cillessen,FC Barcelona,18000000.0,33.0,-2,56.5,SprintSpeed,50.0,6
N. Matić,84,24000000.0,Starter,N. Matić,CDM,N. Gudelj,Sporting CP,10500000.0,56.0,-6,34.7,SprintSpeed,59.0,0
N. Gudelj,78,10500000.0,Backup,N. Matić,CDM,N. Gudelj,Sporting CP,10500000.0,56.0,-6,34.7,SprintSpeed,65.0,0
N. Matić,84,24000000.0,Starter,N. Matić,CDM,N. Gudelj,Sporting CP,10500000.0,56.0,-6,34.7,Finishing,64.0,1
N. Gudelj,78,10500000.0,Backup,N. Matić,CDM,N. Gudelj,Sporting CP,10500000.0,56.0,-6,34.7,Finishing,58.0,1
N. Matić,84,24000000.0,Starter,N. Matić,CDM,N. Gudelj,Sporting CP,10500000.0,56.0,-6,34.7,ShortPassing,84.0,2
N. Gudelj,78,10500000.0,Backup,N. Matić,CDM,N. Gudelj,Sporting CP,10500000.0,56.0,-6,34.7,ShortPassing,78.0,2
N. Matić,84,24000000.0,Starter,N. Matić,CDM,N. Gudelj,Sporting CP,10500000.0,56.0,-6,34.7,Dribbling,80.0,3
N. Gudelj,78,10500000.0,Backup,N. Matić,CDM,N. Gudelj,Sporting CP,10500000.0,56.0,-6,34.7,Dribbling,64.0,3
N. Matić,84,24000000.0,Starter,N. Matić,CDM,N. Gudelj,Sporting CP,10500000.0,56.0,-6,34.7,StandingTackle,84.0,4
N. Gudelj,78,10500000.0,Backup,N. Matić,CDM,N. Gudelj,Sporting CP,10500000.0,56.0,-6,34.7,StandingTackle,76.0,4
N. Matić,84,24000000.0,Starter,N. Matić,CDM,N. Gudelj,Sporting CP,10500000.0,56.0,-6,34.7,Strength,85.0,5
N. Gudelj,78,10500000.0,Backup,N. Matić,CDM,N. Gudelj,Sporting CP,10500000.0,56.0,-6,34.7,Strength,88.0,5
N. Matić,84,24000000.0,Starter,N. Matić,CDM,N. Gudelj,Sporting CP,10500000.0,56.0,-6,34.7,SprintSpeed,59.0,6
N. Gudelj,78,10500000.0,Backup,N. Matić,CDM,N. Gudelj,Sporting CP,10500000.0,56.0,-6,34.7,SprintSpeed,65.0,6
L. Hrádecký,84,22000000.0,Starter,L. Hrádecký,GK,R. Zieler,VfB Stuttgart,10000000.0,55.0,-5,57.9,SprintSpeed,44.0,0
R. Zieler,79,10000000.0,Backup,L. Hrádecký,GK,R. Zieler,VfB Stuttgart,10000000.0,55.0,-5,57.9,SprintSpeed,50.0,0
L. Hrádecký,84,22000000.0,Starter,L. Hrádecký,GK,R. Zieler,VfB Stuttgart,10000000.0,55.0,-5,57.9,Finishing,11.0,1
R. Zieler,79,10000000.0,Backup,L. Hrádecký,GK,R. Zieler,VfB Stuttgart,10000000.0,55.0,-5,57.9,Finishing,10.0,1
L. Hrádecký,84,22000000.0,Starter,L. Hrádecký,GK,R. Zieler,VfB Stuttgart,10000000.0,55.0,-5,57.9,ShortPassing,15.0,2
R. Zieler,79,10000000.0,Backup,L. Hrádecký,GK,R. Zieler,VfB Stuttgart,10000000.0,55.0,-5,57.9,ShortPassing,25.0,2
L. Hrádecký,84,22000000.0,Starter,L. Hrádecký,GK,R. Zieler,VfB Stuttgart,10000000.0,55.0,-5,57.9,Dribbling,10.0,3
R. Zieler,79,10000000.0,Backup,L. Hrádecký,GK,R. Zieler,VfB Stuttgart,10000000.0,55.0,-5,57.9,Dribbling,12.0,3
L. Hrádecký,84,22000000.0,Starter,L. Hrádecký,GK,R. Zieler,VfB Stuttgart,10000000.0,55.0,-5,57.9,StandingTackle,10.0,4
R. Zieler,79,10000000.0,Backup,L. Hrádecký,GK,R. Zieler,VfB Stuttgart,10000000.0,55.0,-5,57.9,StandingTackle,12.0,4
L. Hrádecký,84,22000000.0,Starter,L. Hrádecký,GK,R. Zieler,VfB Stuttgart,10000000.0,55.0,-5,57.9,Strength,55.0,5
R. Zieler,79,10000000.0,Backup,L. Hrádecký,GK,R. Zieler,VfB Stuttgart,10000000.0,55.0,-5,57.9,Strength,55.0,5
L. Hrádecký,84,22000000.0,Starter,L. Hrádecký,GK,R. Zieler,VfB Stuttgart,10000000.0,55.0,-5,57.9,SprintSpeed,44.0,6
R. Zieler,79,10000000.0,Backup,L. Hrádecký,GK,R. Zieler,VfB Stuttgart,10000000.0,55.0,-5,57.9,SprintSpeed,50.0,6
Illarramendi,84,31000000.0,Starter,Illarramendi,RDM,A. Dzagoev,PFC CSKA Moscow,12500000.0,60.0,-5,32.3,SprintSpeed,57.0,0
A. Dzagoev,79,12500000.0,Backup,Illarramendi,RDM,A. Dzagoev,PFC CSKA Moscow,12500000.0,60.0,-5,32.3,SprintSpeed,69.0,0
Illarramendi,84,31000000.0,Starter,Illarramendi,RDM,A. Dzagoev,PFC CSKA Moscow,12500000.0,60.0,-5,32.3,Finishing,72.0,1
A. Dzagoev,79,12500000.0,Backup,Illarramendi,RDM,A. Dzagoev,PFC CSKA Moscow,12500000.0,60.0,-5,32.3,Finishing,70.0,1
Illarramendi,84,31000000.0,Starter,Illarramendi,RDM,A. Dzagoev,PFC CSKA Moscow,12500000.0,60.0,-5,32.3,ShortPassing,86.0,2
A. Dzagoev,79,12500000.0,Backup,Illarramendi,RDM,A. Dzagoev,PFC CSKA Moscow,12500000.0,60.0,-5,32.3,ShortPassing,79.0,2
Illarramendi,84,31000000.0,Starter,Illarramendi,RDM,A. Dzagoev,PFC CSKA Moscow,12500000.0,60.0,-5,32.3,Dribbling,78.0,3
A. Dzagoev,79,12500000.0,Backup,Illarramendi,RDM,A. Dzagoev,PFC CSKA Moscow,12500000.0,60.0,-5,32.3,Dribbling,78.0,3
Illarramendi,84,31000000.0,Starter,Illarramendi,RDM,A. Dzagoev,PFC CSKA Moscow,12500000.0,60.0,-5,32.3,StandingTackle,83.0,4
A. Dzagoev,79,12500000.0,Backup,Illarramendi,RDM,A. Dzagoev,PFC CSKA Moscow,12500000.0,60.0,-5,32.3,StandingTackle,71.0,4
Illarramendi,84,31000000.0,Starter,Illarramendi,RDM,A. Dzagoev,PFC CSKA Moscow,12500000.0,60.0,-5,32.3,Strength,68.0,5
A. Dzagoev,79,12500000.0,Backup,Illarramendi,RDM,A. Dzagoev,PFC CSKA Moscow,12500000.0,60.0,-5,32.3,Strength,66.0,5
Illarramendi,84,31000000.0,Starter,Illarramendi,RDM,A. Dzagoev,PFC CSKA Moscow,12500000.0,60.0,-5,32.3,SprintSpeed,57.0,6
A. Dzagoev,79,12500000.0,Backup,Illarramendi,RDM,A. Dzagoev,PFC CSKA Moscow,12500000.0,60.0,-5,32.3,SprintSpeed,69.0,6
K. Walker,84,24500000.0,Starter,K. Walker,RB,S. Vrsaljko,Inter,18000000.0,27.0,-3,50.6,SprintSpeed,93.0,0
S. Vrsaljko,81,18000000.0,Backup,K. Walker,RB,S. Vrsaljko,Inter,18000000.0,27.0,-3,50.6,SprintSpeed,79.0,0
K. Walker,84,24500000.0,Starter,K. Walker,RB,S. Vrsaljko,Inter,18000000.0,27.0,-3,50.6,Finishing,51.0,1
S. Vrsaljko,81,18000000.0,Backup,K. Walker,RB,S. Vrsaljko,Inter,18000000.0,27.0,-3,50.6,Finishing,44.0,1
K. Walker,84,24500000.0,Starter,K. Walker,RB,S. Vrsaljko,Inter,18000000.0,27.0,-3,50.6,ShortPassing,78.0,2
S. Vrsaljko,81,18000000.0,Backup,K. Walker,RB,S. Vrsaljko,Inter,18000000.0,27.0,-3,50.6,ShortPassing,77.0,2
K. Walker,84,24500000.0,Starter,K. Walker,RB,S. Vrsaljko,Inter,18000000.0,27.0,-3,50.6,Dribbling,79.0,3
S. Vrsaljko,81,18000000.0,Backup,K. Walker,RB,S. Vrsaljko,Inter,18000000.0,27.0,-3,50.6,Dribbling,74.0,3
K. Walker,84,24500000.0,Starter,K. Walker,RB,S. Vrsaljko,Inter,18000000.0,27.0,-3,50.6,StandingTackle,84.0,4
S. Vrsaljko,81,18000000.0,Backup,K. Walker,RB,S. Vrsaljko,Inter,18000000.0,27.0,-3,50.6,StandingTackle,81.0,4
K. Walker,84,24500000.0,Starter,K. Walker,RB,S. Vrsaljko,Inter,18000000.0,27.0,-3,50.6,Strength,75.0,5
S. Vrsaljko,81,18000000.0,Backup,K. Walker,RB,S. Vrsaljko,Inter,18000000.0,27.0,-3,50.6,Strength,73.0,5
K. Walker,84,24500000.0,Starter,K. Walker,RB,S. Vrsaljko,Inter,18000000.0,27.0,-3,50.6,SprintSpeed,93.0,6
S. Vrsaljko,81,18000000.0,Backup,K. Walker,RB,S. Vrsaljko,Inter,18000000.0,27.0,-3,50.6,SprintSpeed,79.0,6
I. Gündoğan,84,32000000.0,Starter,I. Gündoğan,CM,B. Natcho,Olympiacos CFP,9500000.0,70.0,-6,53.6,SprintSpeed,68.0,0
B. Natcho,78,9500000.0,Backup,I. Gündoğan,CM,B. Natcho,Olympiacos CFP,9500000.0,70.0,-6,53.6,SprintSpeed,66.0,0
I. Gündoğan,84,32000000.0,Starter,I. Gündoğan,CM,B. Natcho,Olympiacos CFP,9500000.0,70.0,-6,53.6,Finishing,73.0,1
B. Natcho,78,9500000.0,Backup,I. Gündoğan,CM,B. Natcho,Olympiacos CFP,9500000.0,70.0,-6,53.6,Finishing,70.0,1
I. Gündoğan,84,32000000.0,Starter,I. Gündoğan,CM,B. Natcho,Olympiacos CFP,9500000.0,70.0,-6,53.6,ShortPassing,88.0,2
B. Natcho,78,9500000.0,Backup,I. Gündoğan,CM,B. Natcho,Olympiacos CFP,9500000.0,70.0,-6,53.6,ShortPassing,80.0,2
I. Gündoğan,84,32000000.0,Starter,I. Gündoğan,CM,B. Natcho,Olympiacos CFP,9500000.0,70.0,-6,53.6,Dribbling,85.0,3
B. Natcho,78,9500000.0,Backup,I. Gündoğan,CM,B. Natcho,Olympiacos CFP,9500000.0,70.0,-6,53.6,Dribbling,73.0,3
I. Gündoğan,84,32000000.0,Starter,I. Gündoğan,CM,B. Natcho,Olympiacos CFP,9500000.0,70.0,-6,53.6,StandingTackle,68.0,4
B. Natcho,78,9500000.0,Backup,I. Gündoğan,CM,B. Natcho,Olympiacos CFP,9500000.0,70.0,-6,53.6,StandingTackle,72.0,4
I. Gündoğan,84,32000000.0,Starter,I. Gündoğan,CM,B. Natcho,Olympiacos CFP,9500000.0,70.0,-6,53.6,Strength,72.0,5
B. Natcho,78,9500000.0,Backup,I. Gündoğan,CM,B. Natcho,Olympiacos CFP,9500000.0,70.0,-6,53.6,Strength,70.0,5
I. Gündoğan,84,32000000.0,Starter,I. Gündoğan,CM,B. Natcho,Olympiacos CFP,9500000.0,70.0,-6,53.6,SprintSpeed,68.0,6
B. Natcho,78,9500000.0,Backup,I. Gündoğan,CM,B. Natcho,Olympiacos CFP,9500000.0,70.0,-6,53.6,SprintSpeed,66.0,6
José Callejón,84,27500000.0,Starter,José Callejón,RM,Raphinha,Sporting CP,18000000.0,35.0,-5,27.9,SprintSpeed,89.0,0
Raphinha,79,18000000.0,Backup,José Callejón,RM,Raphinha,Sporting CP,18000000.0,35.0,-5,27.9,SprintSpeed,86.0,0
José Callejón,84,27500000.0,Starter,José Callejón,RM,Raphinha,Sporting CP,18000000.0,35.0,-5,27.9,Finishing,78.0,1
Raphinha,79,18000000.0,Backup,José Callejón,RM,Raphinha,Sporting CP,18000000.0,35.0,-5,27.9,Finishing,75.0,1
José Callejón,84,27500000.0,Starter,José Callejón,RM,Raphinha,Sporting CP,18000000.0,35.0,-5,27.9,ShortPassing,80.0,2
Raphinha,79,18000000.0,Backup,José Callejón,RM,Raphinha,Sporting CP,18000000.0,35.0,-5,27.9,ShortPassing,73.0,2
José Callejón,84,27500000.0,Starter,José Callejón,RM,Raphinha,Sporting CP,18000000.0,35.0,-5,27.9,Dribbling,82.0,3
Raphinha,79,18000000.0,Backup,José Callejón,RM,Raphinha,Sporting CP,18000000.0,35.0,-5,27.9,Dribbling,81.0,3
José Callejón,84,27500000.0,Starter,José Callejón,RM,Raphinha,Sporting CP,18000000.0,35.0,-5,27.9,StandingTackle,32.0,4
Raphinha,79,18000000.0,Backup,José Callejón,RM,Raphinha,Sporting CP,18000000.0,35.0,-5,27.9,StandingTackle,41.0,4
José Callejón,84,27500000.0,Starter,José Callejón,RM,Raphinha,Sporting CP,18000000.0,35.0,-5,27.9,Strength,55.0,5
Raphinha,79,18000000.0,Backup,José Callejón,RM,Raphinha,Sporting CP,18000000.0,35.0,-5,27.9,Strength,65.0,5
José Callejón,84,27500000.0,Starter,José Callejón,RM,Raphinha,Sporting CP,18000000.0,35.0,-5,27.9,SprintSpeed,89.0,6
Raphinha,79,18000000.0,Backup,José Callejón,RM,Raphinha,Sporting CP,18000000.0,35.0,-5,27.9,SprintSpeed,86.0,6
A. Di María,84,29500000.0,Starter,A. Di María,RM,Marlos,Shakhtar Donetsk,21000000.0,29.0,-2,45.0,SprintSpeed,84.0,0
Marlos,82,21000000.0,Backup,A. Di María,RM,Marlos,Shakhtar Donetsk,21000000.0,29.0,-2,45.0,SprintSpeed,82.0,0
A. Di María,84,29500000.0,Starter,A. Di María,RM,Marlos,Shakhtar Donetsk,21000000.0,29.0,-2,45.0,Finishing,72.0,1
Marlos,82,21000000.0,Backup,A. Di María,RM,Marlos,Shakhtar Donetsk,21000000.0,29.0,-2,45.0,Finishing,79.0,1
A. Di María,84,29500000.0,Starter,A. Di María,RM,Marlos,Shakhtar Donetsk,21000000.0,29.0,-2,45.0,ShortPassing,82.0,2
Marlos,82,21000000.0,Backup,A. Di María,RM,Marlos,Shakhtar Donetsk,21000000.0,29.0,-2,45.0,ShortPassing,81.0,2
A. Di María,84,29500000.0,Starter,A. Di María,RM,Marlos,Shakhtar Donetsk,21000000.0,29.0,-2,45.0,Dribbling,86.0,3
Marlos,82,21000000.0,Backup,A. Di María,RM,Marlos,Shakhtar Donetsk,21000000.0,29.0,-2,45.0,Dribbling,87.0,3
A. Di María,84,29500000.0,Starter,A. Di María,RM,Marlos,Shakhtar Donetsk,21000000.0,29.0,-2,45.0,StandingTackle,59.0,4
Marlos,82,21000000.0,Backup,A. Di María,RM,Marlos,Shakhtar Donetsk,21000000.0,29.0,-2,45.0,StandingTackle,49.0,4
A. Di María,84,29500000.0,Starter,A. Di María,RM,Marlos,Shakhtar Donetsk,21000000.0,29.0,-2,45.0,Strength,60.0,5
Marlos,82,21000000.0,Backup,A. Di María,RM,Marlos,Shakhtar Donetsk,21000000.0,29.0,-2,45.0,Strength,62.0,5
A. Di María,84,29500000.0,Starter,A. Di María,RM,Marlos,Shakhtar Donetsk,21000000.0,29.0,-2,45.0,SprintSpeed,84.0,6
Marlos,82,21000000.0,Backup,A. Di María,RM,Marlos,Shakhtar Donetsk,21000000.0,29.0,-2,45.0,SprintSpeed,82.0,6
M. Mandžukić,84,25000000.0,Starter,M. Mandžukić,ST,E. Sala,FC Nantes,11000000.0,56.0,-6,35.7,SprintSpeed,73.0,0
E. Sala,78,11000000.0,Backup,M. Mandžukić,ST,E. Sala,FC Nantes,11000000.0,56.0,-6,35.7,SprintSpeed,61.0,0
M. Mandžukić,84,25000000.0,Starter,M. Mandžukić,ST,E. Sala,FC Nantes,11000000.0,56.0,-6,35.7,Finishing,84.0,1
E. Sala,78,11000000.0,Backup,M. Mandžukić,ST,E. Sala,FC Nantes,11000000.0,56.0,-6,35.7,Finishing,80.0,1
M. Mandžukić,84,25000000.0,Starter,M. Mandžukić,ST,E. Sala,FC Nantes,11000000.0,56.0,-6,35.7,ShortPassing,75.0,2
E. Sala,78,11000000.0,Backup,M. Mandžukić,ST,E. Sala,FC Nantes,11000000.0,56.0,-6,35.7,ShortPassing,71.0,2
M. Mandžukić,84,25000000.0,Starter,M. Mandžukić,ST,E. Sala,FC Nantes,11000000.0,56.0,-6,35.7,Dribbling,76.0,3
E. Sala,78,11000000.0,Backup,M. Mandžukić,ST,E. Sala,FC Nantes,11000000.0,56.0,-6,35.7,Dribbling,75.0,3
M. Mandžukić,84,25000000.0,Starter,M. Mandžukić,ST,E. Sala,FC Nantes,11000000.0,56.0,-6,35.7,StandingTackle,64.0,4
E. Sala,78,11000000.0,Backup,M. Mandžukić,ST,E. Sala,FC Nantes,11000000.0,56.0,-6,35.7,StandingTackle,59.0,4
M. Mandžukić,84,25000000.0,Starter,M. Mandžukić,ST,E. Sala,FC Nantes,11000000.0,56.0,-6,35.7,Strength,85.0,5
E. Sala,78,11000000.0,Backup,M. Mandžukić,ST,E. Sala,FC Nantes,11000000.0,56.0,-6,35.7,Strength,84.0,5
M. Mandžukić,84,25000000.0,Starter,M. Mandžukić,ST,E. Sala,FC Nantes,11000000.0,56.0,-6,35.7,SprintSpeed,73.0,6
E. Sala,78,11000000.0,Backup,M. Mandžukić,ST,E. Sala,FC Nantes,11000000.0,56.0,-6,35.7,SprintSpeed,61.0,6
Willian,84,30500000.0,Starter,Willian,RW,S. Verdi,Napoli,19500000.0,36.0,-3,37.5,SprintSpeed,86.0,0
S. Verdi,81,19500000.0,Backup,Willian,RW,S. Verdi,Napoli,19500000.0,36.0,-3,37.5,SprintSpeed,86.0,0
Willian,84,30500000.0,Starter,Willian,RW,S. Verdi,Napoli,19500000.0,36.0,-3,37.5,Finishing,77.0,1
S. Verdi,81,19500000.0,Backup,Willian,RW,S. Verdi,Napoli,19500000.0,36.0,-3,37.5,Finishing,67.0,1
Willian,84,30500000.0,Starter,Willian,RW,S. Verdi,Napoli,19500000.0,36.0,-3,37.5,ShortPassing,80.0,2
S. Verdi,81,19500000.0,Backup,Willian,RW,S. Verdi,Napoli,19500000.0,36.0,-3,37.5,ShortPassing,82.0,2
Willian,84,30500000.0,Starter,Willian,RW,S. Verdi,Napoli,19500000.0,36.0,-3,37.5,Dribbling,88.0,3
S. Verdi,81,19500000.0,Backup,Willian,RW,S. Verdi,Napoli,19500000.0,36.0,-3,37.5,Dribbling,84.0,3
Willian,84,30500000.0,Starter,Willian,RW,S. Verdi,Napoli,19500000.0,36.0,-3,37.5,StandingTackle,57.0,4
S. Verdi,81,19500000.0,Backup,Willian,RW,S. Verdi,Napoli,19500000.0,36.0,-3,37.5,StandingTackle,48.0,4
Willian,84,30500000.0,Starter,Willian,RW,S. Verdi,Napoli,19500000.0,36.0,-3,37.5,Strength,60.0,5
S. Verdi,81,19500000.0,Backup,Willian,RW,S. Verdi,Napoli,19500000.0,36.0,-3,37.5,Strength,48.0,5
Willian,84,30500000.0,Starter,Willian,RW,S. Verdi,Napoli,19500000.0,36.0,-3,37.5,SprintSpeed,86.0,6
S. Verdi,81,19500000.0,Backup,Willian,RW,S. Verdi,Napoli,19500000.0,36.0,-3,37.5,SprintSpeed,86.0,6
Sergio Asenjo,84,24000000.0,Starter,Sergio Asenjo,GK,Andrés Fernández,Villarreal CF,4700000.0,80.0,-8,56.0,SprintSpeed,54.0,0
Andrés Fernández,76,4700000.0,Backup,Sergio Asenjo,GK,Andrés Fernández,Villarreal CF,4700000.0,80.0,-8,56.0,SprintSpeed,55.0,0
Sergio Asenjo,84,24000000.0,Starter,Sergio Asenjo,GK,Andrés Fernández,Villarreal CF,4700000.0,80.0,-8,56.0,Finishing,14.0,1
Andrés Fernández,76,4700000.0,Backup,Sergio Asenjo,GK,Andrés Fernández,Villarreal CF,4700000.0,80.0,-8,56.0,Finishing,13.0,1
Sergio Asenjo,84,24000000.0,Starter,Sergio Asenjo,GK,Andrés Fernández,Villarreal CF,4700000.0,80.0,-8,56.0,ShortPassing,39.0,2
Andrés Fernández,76,4700000.0,Backup,Sergio Asenjo,GK,Andrés Fernández,Villarreal CF,4700000.0,80.0,-8,56.0,ShortPassing,35.0,2
Sergio Asenjo,84,24000000.0,Starter,Sergio Asenjo,GK,Andrés Fernández,Villarreal CF,4700000.0,80.0,-8,56.0,Dribbling,15.0,3
Andrés Fernández,76,4700000.0,Backup,Sergio Asenjo,GK,Andrés Fernández,Villarreal CF,4700000.0,80.0,-8,56.0,Dribbling,14.0,3
Sergio Asenjo,84,24000000.0,Starter,Sergio Asenjo,GK,Andrés Fernández,Villarreal CF,4700000.0,80.0,-8,56.0,StandingTackle,15.0,4
Andrés Fernández,76,4700000.0,Backup,Sergio Asenjo,GK,Andrés Fernández,Villarreal CF,4700000.0,80.0,-8,56.0,StandingTackle,14.0,4
Sergio Asenjo,84,24000000.0,Starter,Sergio Asenjo,GK,Andrés Fernández,Villarreal CF,4700000.0,80.0,-8,56.0,Strength,73.0,5
Andrés Fernández,76,4700000.0,Backup,Sergio Asenjo,GK,Andrés Fernández,Villarreal CF,4700000.0,80.0,-8,56.0,Strength,74.0,5
Sergio Asenjo,84,24000000.0,Starter,Sergio Asenjo,GK,Andrés Fernández,Villarreal CF,4700000.0,80.0,-8,56.0,SprintSpeed,54.0,6
Andrés Fernández,76,4700000.0,Backup,Sergio Asenjo,GK,Andrés Fernández,Villarreal CF,4700000.0,80.0,-8,56.0,SprintSpeed,55.0,6
E. Banega,84,29000000.0,Starter,E. Banega,CDM,J. Veretout,Fiorentina,16500000.0,43.0,-5,52.9,SprintSpeed,64.0,0
J. Veretout,79,16500000.0,Backup,E. Banega,CDM,J. Veretout,Fiorentina,16500000.0,43.0,-5,52.9,SprintSpeed,66.0,0
E. Banega,84,29000000.0,Starter,E. Banega,CDM,J. Veretout,Fiorentina,16500000.0,43.0,-5,52.9,Finishing,66.0,1
J. Veretout,79,16500000.0,Backup,E. Banega,CDM,J. Veretout,Fiorentina,16500000.0,43.0,-5,52.9,Finishing,66.0,1
E. Banega,84,29000000.0,Starter,E. Banega,CDM,J. Veretout,Fiorentina,16500000.0,43.0,-5,52.9,ShortPassing,88.0,2
J. Veretout,79,16500000.0,Backup,E. Banega,CDM,J. Veretout,Fiorentina,16500000.0,43.0,-5,52.9,ShortPassing,84.0,2
E. Banega,84,29000000.0,Starter,E. Banega,CDM,J. Veretout,Fiorentina,16500000.0,43.0,-5,52.9,Dribbling,84.0,3
J. Veretout,79,16500000.0,Backup,E. Banega,CDM,J. Veretout,Fiorentina,16500000.0,43.0,-5,52.9,Dribbling,76.0,3
E. Banega,84,29000000.0,Starter,E. Banega,CDM,J. Veretout,Fiorentina,16500000.0,43.0,-5,52.9,StandingTackle,69.0,4
J. Veretout,79,16500000.0,Backup,E. Banega,CDM,J. Veretout,Fiorentina,16500000.0,43.0,-5,52.9,StandingTackle,76.0,4
E. Banega,84,29000000.0,Starter,E. Banega,CDM,J. Veretout,Fiorentina,16500000.0,43.0,-5,52.9,Strength,67.0,5
J. Veretout,79,16500000.0,Backup,E. Banega,CDM,J. Veretout,Fiorentina,16500000.0,43.0,-5,52.9,Strength,68.0,5
E. Banega,84,29000000.0,Starter,E. Banega,CDM,J. Veretout,Fiorentina,16500000.0,43.0,-5,52.9,SprintSpeed,64.0,6
J. Veretout,79,16500000.0,Backup,E. Banega,CDM,J. Veretout,Fiorentina,16500000.0,43.0,-5,52.9,SprintSpeed,66.0,6
A. Witsel,84,24000000.0,Starter,A. Witsel,LCM,Melvin Parrela,América FC (Minas Gerais),9500000.0,60.0,-5,39.3,SprintSpeed,74.0,0
Melvin Parrela,79,9500000.0,Backup,A. Witsel,LCM,Melvin Parrela,América FC (Minas Gerais),9500000.0,60.0,-5,39.3,SprintSpeed,78.0,0
A. Witsel,84,24000000.0,Starter,A. Witsel,LCM,Melvin Parrela,América FC (Minas Gerais),9500000.0,60.0,-5,39.3,Finishing,71.0,1
Melvin Parrela,79,9500000.0,Backup,A. Witsel,LCM,Melvin Parrela,América FC (Minas Gerais),9500000.0,60.0,-5,39.3,Finishing,68.0,1
A. Witsel,84,24000000.0,Starter,A. Witsel,LCM,Melvin Parrela,América FC (Minas Gerais),9500000.0,60.0,-5,39.3,ShortPassing,89.0,2
Melvin Parrela,79,9500000.0,Backup,A. Witsel,LCM,Melvin Parrela,América FC (Minas Gerais),9500000.0,60.0,-5,39.3,ShortPassing,78.0,2
A. Witsel,84,24000000.0,Starter,A. Witsel,LCM,Melvin Parrela,América FC (Minas Gerais),9500000.0,60.0,-5,39.3,Dribbling,78.0,3
Melvin Parrela,79,9500000.0,Backup,A. Witsel,LCM,Melvin Parrela,América FC (Minas Gerais),9500000.0,60.0,-5,39.3,Dribbling,72.0,3
A. Witsel,84,24000000.0,Starter,A. Witsel,LCM,Melvin Parrela,América FC (Minas Gerais),9500000.0,60.0,-5,39.3,StandingTackle,79.0,4
Melvin Parrela,79,9500000.0,Backup,A. Witsel,LCM,Melvin Parrela,América FC (Minas Gerais),9500000.0,60.0,-5,39.3,StandingTackle,84.0,4
A. Witsel,84,24000000.0,Starter,A. Witsel,LCM,Melvin Parrela,América FC (Minas Gerais),9500000.0,60.0,-5,39.3,Strength,82.0,5
Melvin Parrela,79,9500000.0,Backup,A. Witsel,LCM,Melvin Parrela,América FC (Minas Gerais),9500000.0,60.0,-5,39.3,Strength,82.0,5
A. Witsel,84,24000000.0,Starter,A. Witsel,LCM,Melvin Parrela,América FC (Minas Gerais),9500000.0,60.0,-5,39.3,SprintSpeed,74.0,6
Melvin Parrela,79,9500000.0,Backup,A. Witsel,LCM,Melvin Parrela,América FC (Minas Gerais),9500000.0,60.0,-5,39.3,SprintSpeed,78.0,6
D. Payet,84,27500000.0,Starter,D. Payet,CAM,X. Shaqiri,Liverpool,19000000.0,31.0,-3,42.5,SprintSpeed,72.0,0
X. Shaqiri,81,19000000.0,Backup,D. Payet,CAM,X. Shaqiri,Liverpool,19000000.0,31.0,-3,42.5,SprintSpeed,77.0,0
D. Payet,84,27500000.0,Starter,D. Payet,CAM,X. Shaqiri,Liverpool,19000000.0,31.0,-3,42.5,Finishing,78.0,1
X. Shaqiri,81,19000000.0,Backup,D. Payet,CAM,X. Shaqiri,Liverpool,19000000.0,31.0,-3,42.5,Finishing,71.0,1
D. Payet,84,27500000.0,Starter,D. Payet,CAM,X. Shaqiri,Liverpool,19000000.0,31.0,-3,42.5,ShortPassing,84.0,2
X. Shaqiri,81,19000000.0,Backup,D. Payet,CAM,X. Shaqiri,Liverpool,19000000.0,31.0,-3,42.5,ShortPassing,81.0,2
D. Payet,84,27500000.0,Starter,D. Payet,CAM,X. Shaqiri,Liverpool,19000000.0,31.0,-3,42.5,Dribbling,86.0,3
X. Shaqiri,81,19000000.0,Backup,D. Payet,CAM,X. Shaqiri,Liverpool,19000000.0,31.0,-3,42.5,Dribbling,86.0,3
D. Payet,84,27500000.0,Starter,D. Payet,CAM,X. Shaqiri,Liverpool,19000000.0,31.0,-3,42.5,StandingTackle,36.0,4
X. Shaqiri,81,19000000.0,Backup,D. Payet,CAM,X. Shaqiri,Liverpool,19000000.0,31.0,-3,42.5,StandingTackle,49.0,4
D. Payet,84,27500000.0,Starter,D. Payet,CAM,X. Shaqiri,Liverpool,19000000.0,31.0,-3,42.5,Strength,72.0,5
X. Shaqiri,81,19000000.0,Backup,D. Payet,CAM,X. Shaqiri,Liverpool,19000000.0,31.0,-3,42.5,Strength,73.0,5
D. Payet,84,27500000.0,Starter,D. Payet,CAM,X. Shaqiri,Liverpool,19000000.0,31.0,-3,42.5,SprintSpeed,72.0,6
X. Shaqiri,81,19000000.0,Backup,D. Payet,CAM,X. Shaqiri,Liverpool,19000000.0,31.0,-3,42.5,SprintSpeed,77.0,6
Jonas,84,16500000.0,Starter,Jonas,ST,David Villa,New York City FC,8000000.0,52.0,-2,52.6,SprintSpeed,64.0,0
David Villa,82,8000000.0,Backup,Jonas,ST,David Villa,New York City FC,8000000.0,52.0,-2,52.6,SprintSpeed,67.0,0
Jonas,84,16500000.0,Starter,Jonas,ST,David Villa,New York City FC,8000000.0,52.0,-2,52.6,Finishing,88.0,1
David Villa,82,8000000.0,Backup,Jonas,ST,David Villa,New York City FC,8000000.0,52.0,-2,52.6,Finishing,86.0,1
Jonas,84,16500000.0,Starter,Jonas,ST,David Villa,New York City FC,8000000.0,52.0,-2,52.6,ShortPassing,76.0,2
David Villa,82,8000000.0,Backup,Jonas,ST,David Villa,New York City FC,8000000.0,52.0,-2,52.6,ShortPassing,76.0,2
Jonas,84,16500000.0,Starter,Jonas,ST,David Villa,New York City FC,8000000.0,52.0,-2,52.6,Dribbling,84.0,3
David Villa,82,8000000.0,Backup,Jonas,ST,David Villa,New York City FC,8000000.0,52.0,-2,52.6,Dribbling,83.0,3
Jonas,84,16500000.0,Starter,Jonas,ST,David Villa,New York City FC,8000000.0,52.0,-2,52.6,StandingTackle,36.0,4
David Villa,82,8000000.0,Backup,Jonas,ST,David Villa,New York City FC,8000000.0,52.0,-2,52.6,StandingTackle,28.0,4
Jonas,84,16500000.0,Starter,Jonas,ST,David Villa,New York City FC,8000000.0,52.0,-2,52.6,Strength,63.0,5
David Villa,82,8000000.0,Backup,Jonas,ST,David Villa,New York City FC,8000000.0,52.0,-2,52.6,Strength,66.0,5
Jonas,84,16500000.0,Starter,Jonas,ST,David Villa,New York City FC,8000000.0,52.0,-2,52.6,SprintSpeed,64.0,6
David Villa,82,8000000.0,Backup,Jonas,ST,David Villa,New York City FC,8000000.0,52.0,-2,52.6,SprintSpeed,67.0,6
Sokratis,84,23000000.0,Starter,Sokratis,RCB,G. González,Bologna,6500000.0,72.0,-7,30.7,SprintSpeed,73.0,0
G. González,77,6500000.0,Backup,Sokratis,RCB,G. González,Bologna,6500000.0,72.0,-7,30.7,SprintSpeed,68.0,0
Sokratis,84,23000000.0,Starter,Sokratis,RCB,G. González,Bologna,6500000.0,72.0,-7,30.7,Finishing,44.0,1
G. González,77,6500000.0,Backup,Sokratis,RCB,G. González,Bologna,6500000.0,72.0,-7,30.7,Finishing,40.0,1
Sokratis,84,23000000.0,Starter,Sokratis,RCB,G. González,Bologna,6500000.0,72.0,-7,30.7,ShortPassing,60.0,2
G. González,77,6500000.0,Backup,Sokratis,RCB,G. González,Bologna,6500000.0,72.0,-7,30.7,ShortPassing,60.0,2
Sokratis,84,23000000.0,Starter,Sokratis,RCB,G. González,Bologna,6500000.0,72.0,-7,30.7,Dribbling,58.0,3
G. González,77,6500000.0,Backup,Sokratis,RCB,G. González,Bologna,6500000.0,72.0,-7,30.7,Dribbling,59.0,3
Sokratis,84,23000000.0,Starter,Sokratis,RCB,G. González,Bologna,6500000.0,72.0,-7,30.7,StandingTackle,87.0,4
G. González,77,6500000.0,Backup,Sokratis,RCB,G. González,Bologna,6500000.0,72.0,-7,30.7,StandingTackle,80.0,4
Sokratis,84,23000000.0,Starter,Sokratis,RCB,G. González,Bologna,6500000.0,72.0,-7,30.7,Strength,86.0,5
G. González,77,6500000.0,Backup,Sokratis,RCB,G. González,Bologna,6500000.0,72.0,-7,30.7,Strength,77.0,5
Sokratis,84,23000000.0,Starter,Sokratis,RCB,G. González,Bologna,6500000.0,72.0,-7,30.7,SprintSpeed,73.0,6
G. González,77,6500000.0,Backup,Sokratis,RCB,G. González,Bologna,6500000.0,72.0,-7,30.7,SprintSpeed,68.0,6
S. Ruffier,84,19000000.0,Starter,S. Ruffier,GK,S. Sirigu,Torino,13500000.0,29.0,-2,66.4,SprintSpeed,50.0,0
S. Sirigu,82,13500000.0,Backup,S. Ruffier,GK,S. Sirigu,Torino,13500000.0,29.0,-2,66.4,SprintSpeed,51.0,0
S. Ruffier,84,19000000.0,Starter,S. Ruffier,GK,S. Sirigu,Torino,13500000.0,29.0,-2,66.4,Finishing,11.0,1
S. Sirigu,82,13500000.0,Backup,S. Ruffier,GK,S. Sirigu,Torino,13500000.0,29.0,-2,66.4,Finishing,10.0,1
S. Ruffier,84,19000000.0,Starter,S. Ruffier,GK,S. Sirigu,Torino,13500000.0,29.0,-2,66.4,ShortPassing,33.0,2
S. Sirigu,82,13500000.0,Backup,S. Ruffier,GK,S. Sirigu,Torino,13500000.0,29.0,-2,66.4,ShortPassing,23.0,2
S. Ruffier,84,19000000.0,Starter,S. Ruffier,GK,S. Sirigu,Torino,13500000.0,29.0,-2,66.4,Dribbling,12.0,3
S. Sirigu,82,13500000.0,Backup,S. Ruffier,GK,S. Sirigu,Torino,13500000.0,29.0,-2,66.4,Dribbling,15.0,3
S. Ruffier,84,19000000.0,Starter,S. Ruffier,GK,S. Sirigu,Torino,13500000.0,29.0,-2,66.4,StandingTackle,12.0,4
S. Sirigu,82,13500000.0,Backup,S. Ruffier,GK,S. Sirigu,Torino,13500000.0,29.0,-2,66.4,StandingTackle,11.0,4
S. Ruffier,84,19000000.0,Starter,S. Ruffier,GK,S. Sirigu,Torino,13500000.0,29.0,-2,66.4,Strength,76.0,5
S. Sirigu,82,13500000.0,Backup,S. Ruffier,GK,S. Sirigu,Torino,13500000.0,29.0,-2,66.4,Strength,66.0,5
S. Ruffier,84,19000000.0,Starter,S. Ruffier,GK,S. Sirigu,Torino,13500000.0,29.0,-2,66.4,SprintSpeed,50.0,6
S. Sirigu,82,13500000.0,Backup,S. Ruffier,GK,S. Sirigu,Torino,13500000.0,29.0,-2,66.4,SprintSpeed,51.0,6
Falcao,84,25000000.0,Starter,Falcao,RS,R. Palacio,Bologna,3200000.0,87.0,-7,27.2,SprintSpeed,66.0,0
R. Palacio,77,3200000.0,Backup,Falcao,RS,R. Palacio,Bologna,3200000.0,87.0,-7,27.2,SprintSpeed,77.0,0
Falcao,84,25000000.0,Starter,Falcao,RS,R. Palacio,Bologna,3200000.0,87.0,-7,27.2,Finishing,86.0,1
R. Palacio,77,3200000.0,Backup,Falcao,RS,R. Palacio,Bologna,3200000.0,87.0,-7,27.2,Finishing,76.0,1
Falcao,84,25000000.0,Starter,Falcao,RS,R. Palacio,Bologna,3200000.0,87.0,-7,27.2,ShortPassing,79.0,2
R. Palacio,77,3200000.0,Backup,Falcao,RS,R. Palacio,Bologna,3200000.0,87.0,-7,27.2,ShortPassing,76.0,2
Falcao,84,25000000.0,Starter,Falcao,RS,R. Palacio,Bologna,3200000.0,87.0,-7,27.2,Dribbling,75.0,3
R. Palacio,77,3200000.0,Backup,Falcao,RS,R. Palacio,Bologna,3200000.0,87.0,-7,27.2,Dribbling,82.0,3
Falcao,84,25000000.0,Starter,Falcao,RS,R. Palacio,Bologna,3200000.0,87.0,-7,27.2,StandingTackle,42.0,4
R. Palacio,77,3200000.0,Backup,Falcao,RS,R. Palacio,Bologna,3200000.0,87.0,-7,27.2,StandingTackle,33.0,4
Falcao,84,25000000.0,Starter,Falcao,RS,R. Palacio,Bologna,3200000.0,87.0,-7,27.2,Strength,75.0,5
R. Palacio,77,3200000.0,Backup,Falcao,RS,R. Palacio,Bologna,3200000.0,87.0,-7,27.2,Strength,61.0,5
Falcao,84,25000000.0,Starter,Falcao,RS,R. Palacio,Bologna,3200000.0,87.0,-7,27.2,SprintSpeed,66.0,6
R. Palacio,77,3200000.0,Backup,Falcao,RS,R. Palacio,Bologna,3200000.0,87.0,-7,27.2,SprintSpeed,77.0,6
K. Schmeichel,84,19000000.0,Starter,K. Schmeichel,GK,J. Zoet,PSV,12500000.0,34.0,-4,48.0,SprintSpeed,60.0,0
J. Zoet,80,12500000.0,Backup,K. Schmeichel,GK,J. Zoet,PSV,12500000.0,34.0,-4,48.0,SprintSpeed,45.0,0
K. Schmeichel,84,19000000.0,Starter,K. Schmeichel,GK,J. Zoet,PSV,12500000.0,34.0,-4,48.0,Finishing,12.0,1
J. Zoet,80,12500000.0,Backup,K. Schmeichel,GK,J. Zoet,PSV,12500000.0,34.0,-4,48.0,Finishing,12.0,1
K. Schmeichel,84,19000000.0,Starter,K. Schmeichel,GK,J. Zoet,PSV,12500000.0,34.0,-4,48.0,ShortPassing,44.0,2
J. Zoet,80,12500000.0,Backup,K. Schmeichel,GK,J. Zoet,PSV,12500000.0,34.0,-4,48.0,ShortPassing,37.0,2
K. Schmeichel,84,19000000.0,Starter,K. Schmeichel,GK,J. Zoet,PSV,12500000.0,34.0,-4,48.0,Dribbling,12.0,3
J. Zoet,80,12500000.0,Backup,K. Schmeichel,GK,J. Zoet,PSV,12500000.0,34.0,-4,48.0,Dribbling,15.0,3
K. Schmeichel,84,19000000.0,Starter,K. Schmeichel,GK,J. Zoet,PSV,12500000.0,34.0,-4,48.0,StandingTackle,14.0,4
J. Zoet,80,12500000.0,Backup,K. Schmeichel,GK,J. Zoet,PSV,12500000.0,34.0,-4,48.0,StandingTackle,18.0,4
K. Schmeichel,84,19000000.0,Starter,K. Schmeichel,GK,J. Zoet,PSV,12500000.0,34.0,-4,48.0,Strength,64.0,5
J. Zoet,80,12500000.0,Backup,K. Schmeichel,GK,J. Zoet,PSV,12500000.0,34.0,-4,48.0,Strength,65.0,5
K. Schmeichel,84,19000000.0,Starter,K. Schmeichel,GK,J. Zoet,PSV,12500000.0,34.0,-4,48.0,SprintSpeed,60.0,6
J. Zoet,80,12500000.0,Backup,K. Schmeichel,GK,J. Zoet,PSV,12500000.0,34.0,-4,48.0,SprintSpeed,45.0,6
Raúl Albiol,84,18000000.0,Starter,Raúl Albiol,RCB,F. Lustenberger,Hertha BSC,5500000.0,69.0,-8,27.7,SprintSpeed,53.0,0
F. Lustenberger,76,5500000.0,Backup,Raúl Albiol,RCB,F. Lustenberger,Hertha BSC,5500000.0,69.0,-8,27.7,SprintSpeed,53.0,0
Raúl Albiol,84,18000000.0,Starter,Raúl Albiol,RCB,F. Lustenberger,Hertha BSC,5500000.0,69.0,-8,27.7,Finishing,27.0,1
F. Lustenberger,76,5500000.0,Backup,Raúl Albiol,RCB,F. Lustenberger,Hertha BSC,5500000.0,69.0,-8,27.7,Finishing,32.0,1
Raúl Albiol,84,18000000.0,Starter,Raúl Albiol,RCB,F. Lustenberger,Hertha BSC,5500000.0,69.0,-8,27.7,ShortPassing,74.0,2
F. Lustenberger,76,5500000.0,Backup,Raúl Albiol,RCB,F. Lustenberger,Hertha BSC,5500000.0,69.0,-8,27.7,ShortPassing,75.0,2
Raúl Albiol,84,18000000.0,Starter,Raúl Albiol,RCB,F. Lustenberger,Hertha BSC,5500000.0,69.0,-8,27.7,Dribbling,59.0,3
F. Lustenberger,76,5500000.0,Backup,Raúl Albiol,RCB,F. Lustenberger,Hertha BSC,5500000.0,69.0,-8,27.7,Dribbling,61.0,3
Raúl Albiol,84,18000000.0,Starter,Raúl Albiol,RCB,F. Lustenberger,Hertha BSC,5500000.0,69.0,-8,27.7,StandingTackle,87.0,4
F. Lustenberger,76,5500000.0,Backup,Raúl Albiol,RCB,F. Lustenberger,Hertha BSC,5500000.0,69.0,-8,27.7,StandingTackle,82.0,4
Raúl Albiol,84,18000000.0,Starter,Raúl Albiol,RCB,F. Lustenberger,Hertha BSC,5500000.0,69.0,-8,27.7,Strength,82.0,5
F. Lustenberger,76,5500000.0,Backup,Raúl Albiol,RCB,F. Lustenberger,Hertha BSC,5500000.0,69.0,-8,27.7,Strength,68.0,5
Raúl Albiol,84,18000000.0,Starter,Raúl Albiol,RCB,F. Lustenberger,Hertha BSC,5500000.0,69.0,-8,27.7,SprintSpeed,53.0,6
F. Lustenberger,76,5500000.0,Backup,Raúl Albiol,RCB,F. Lustenberger,Hertha BSC,5500000.0,69.0,-8,27.7,SprintSpeed,53.0,6
A. Gómez,84,30000000.0,Starter,A. Gómez,LS,Morales,Levante UD,17000000.0,43.0,-3,23.1,SprintSpeed,86.0,0
Morales,81,17000000.0,Backup,A. Gómez,LS,Morales,Levante UD,17000000.0,43.0,-3,23.1,SprintSpeed,88.0,0
A. Gómez,84,30000000.0,Starter,A. Gómez,LS,Morales,Levante UD,17000000.0,43.0,-3,23.1,Finishing,76.0,1
Morales,81,17000000.0,Backup,A. Gómez,LS,Morales,Levante UD,17000000.0,43.0,-3,23.1,Finishing,80.0,1
A. Gómez,84,30000000.0,Starter,A. Gómez,LS,Morales,Levante UD,17000000.0,43.0,-3,23.1,ShortPassing,82.0,2
Morales,81,17000000.0,Backup,A. Gómez,LS,Morales,Levante UD,17000000.0,43.0,-3,23.1,ShortPassing,75.0,2
A. Gómez,84,30000000.0,Starter,A. Gómez,LS,Morales,Levante UD,17000000.0,43.0,-3,23.1,Dribbling,89.0,3
Morales,81,17000000.0,Backup,A. Gómez,LS,Morales,Levante UD,17000000.0,43.0,-3,23.1,Dribbling,87.0,3
A. Gómez,84,30000000.0,Starter,A. Gómez,LS,Morales,Levante UD,17000000.0,43.0,-3,23.1,StandingTackle,30.0,4
Morales,81,17000000.0,Backup,A. Gómez,LS,Morales,Levante UD,17000000.0,43.0,-3,23.1,StandingTackle,54.0,4
A. Gómez,84,30000000.0,Starter,A. Gómez,LS,Morales,Levante UD,17000000.0,43.0,-3,23.1,Strength,48.0,5
Morales,81,17000000.0,Backup,A. Gómez,LS,Morales,Levante UD,17000000.0,43.0,-3,23.1,Strength,60.0,5
A. Gómez,84,30000000.0,Starter,A. Gómez,LS,Morales,Levante UD,17000000.0,43.0,-3,23.1,SprintSpeed,86.0,6
Morales,81,17000000.0,Backup,A. Gómez,LS,Morales,Levante UD,17000000.0,43.0,-3,23.1,SprintSpeed,88.0,6
A. Barzagli,84,4200000.0,Starter,A. Barzagli,CB,Danilo,Bologna,2700000.0,36.0,-7,9.5,SprintSpeed,77.0,0
Danilo,77,2700000.0,Backup,A. Barzagli,CB,Danilo,Bologna,2700000.0,36.0,-7,9.5,SprintSpeed,53.0,0
A. Barzagli,84,4200000.0,Starter,A. Barzagli,CB,Danilo,Bologna,2700000.0,36.0,-7,9.5,Finishing,21.0,1
Danilo,77,2700000.0,Backup,A. Barzagli,CB,Danilo,Bologna,2700000.0,36.0,-7,9.5,Finishing,24.0,1
A. Barzagli,84,4200000.0,Starter,A. Barzagli,CB,Danilo,Bologna,2700000.0,36.0,-7,9.5,ShortPassing,65.0,2
Danilo,77,2700000.0,Backup,A. Barzagli,CB,Danilo,Bologna,2700000.0,36.0,-7,9.5,ShortPassing,60.0,2
A. Barzagli,84,4200000.0,Starter,A. Barzagli,CB,Danilo,Bologna,2700000.0,36.0,-7,9.5,Dribbling,64.0,3
Danilo,77,2700000.0,Backup,A. Barzagli,CB,Danilo,Bologna,2700000.0,36.0,-7,9.5,Dribbling,46.0,3
A. Barzagli,84,4200000.0,Starter,A. Barzagli,CB,Danilo,Bologna,2700000.0,36.0,-7,9.5,StandingTackle,90.0,4
Danilo,77,2700000.0,Backup,A. Barzagli,CB,Danilo,Bologna,2700000.0,36.0,-7,9.5,StandingTackle,82.0,4
A. Barzagli,84,4200000.0,Starter,A. Barzagli,CB,Danilo,Bologna,2700000.0,36.0,-7,9.5,Strength,83.0,5
Danilo,77,2700000.0,Backup,A. Barzagli,CB,Danilo,Bologna,2700000.0,36.0,-7,9.5,Strength,71.0,5
A. Barzagli,84,4200000.0,Starter,A. Barzagli,CB,Danilo,Bologna,2700000.0,36.0,-7,9.5,SprintSpeed,77.0,6
Danilo,77,2700000.0,Backup,A. Barzagli,CB,Danilo,Bologna,2700000.0,36.0,-7,9.5,SprintSpeed,53.0,6
Quaresma,84,15500000.0,Starter,Quaresma,RM,Iuri Medeiros,Genoa,10000000.0,35.0,-8,33.9,SprintSpeed,82.0,0
Iuri Medeiros,76,10000000.0,Backup,Quaresma,RM,Iuri Medeiros,Genoa,10000000.0,35.0,-8,33.9,SprintSpeed,68.0,0
Quaresma,84,15500000.0,Starter,Quaresma,RM,Iuri Medeiros,Genoa,10000000.0,35.0,-8,33.9,Finishing,67.0,1
Iuri Medeiros,76,10000000.0,Backup,Quaresma,RM,Iuri Medeiros,Genoa,10000000.0,35.0,-8,33.9,Finishing,72.0,1
Quaresma,84,15500000.0,Starter,Quaresma,RM,Iuri Medeiros,Genoa,10000000.0,35.0,-8,33.9,ShortPassing,79.0,2
Iuri Medeiros,76,10000000.0,Backup,Quaresma,RM,Iuri Medeiros,Genoa,10000000.0,35.0,-8,33.9,ShortPassing,76.0,2
Quaresma,84,15500000.0,Starter,Quaresma,RM,Iuri Medeiros,Genoa,10000000.0,35.0,-8,33.9,Dribbling,89.0,3
Iuri Medeiros,76,10000000.0,Backup,Quaresma,RM,Iuri Medeiros,Genoa,10000000.0,35.0,-8,33.9,Dribbling,81.0,3
Quaresma,84,15500000.0,Starter,Quaresma,RM,Iuri Medeiros,Genoa,10000000.0,35.0,-8,33.9,StandingTackle,17.0,4
Iuri Medeiros,76,10000000.0,Backup,Quaresma,RM,Iuri Medeiros,Genoa,10000000.0,35.0,-8,33.9,StandingTackle,31.0,4
Quaresma,84,15500000.0,Starter,Quaresma,RM,Iuri Medeiros,Genoa,10000000.0,35.0,-8,33.9,Strength,55.0,5
Iuri Medeiros,76,10000000.0,Backup,Quaresma,RM,Iuri Medeiros,Genoa,10000000.0,35.0,-8,33.9,Strength,41.0,5
Quaresma,84,15500000.0,Starter,Quaresma,RM,Iuri Medeiros,Genoa,10000000.0,35.0,-8,33.9,SprintSpeed,82.0,6
Iuri Medeiros,76,10000000.0,Backup,Quaresma,RM,Iuri Medeiros,Genoa,10000000.0,35.0,-8,33.9,SprintSpeed,68.0,6
A. Robben,84,15500000.0,Starter,A. Robben,RM,Iuri Medeiros,Genoa,10000000.0,35.0,-8,23.7,SprintSpeed,76.0,0
Iuri Medeiros,76,10000000.0,Backup,A. Robben,RM,Iuri Medeiros,Genoa,10000000.0,35.0,-8,23.7,SprintSpeed,68.0,0
A. Robben,84,15500000.0,Starter,A. Robben,RM,Iuri Medeiros,Genoa,10000000.0,35.0,-8,23.7,Finishing,85.0,1
Iuri Medeiros,76,10000000.0,Backup,A. Robben,RM,Iuri Medeiros,Genoa,10000000.0,35.0,-8,23.7,Finishing,72.0,1
A. Robben,84,15500000.0,Starter,A. Robben,RM,Iuri Medeiros,Genoa,10000000.0,35.0,-8,23.7,ShortPassing,82.0,2
Iuri Medeiros,76,10000000.0,Backup,A. Robben,RM,Iuri Medeiros,Genoa,10000000.0,35.0,-8,23.7,ShortPassing,76.0,2
A. Robben,84,15500000.0,Starter,A. Robben,RM,Iuri Medeiros,Genoa,10000000.0,35.0,-8,23.7,Dribbling,89.0,3
Iuri Medeiros,76,10000000.0,Backup,A. Robben,RM,Iuri Medeiros,Genoa,10000000.0,35.0,-8,23.7,Dribbling,81.0,3
A. Robben,84,15500000.0,Starter,A. Robben,RM,Iuri Medeiros,Genoa,10000000.0,35.0,-8,23.7,StandingTackle,26.0,4
Iuri Medeiros,76,10000000.0,Backup,A. Robben,RM,Iuri Medeiros,Genoa,10000000.0,35.0,-8,23.7,StandingTackle,31.0,4
A. Robben,84,15500000.0,Starter,A. Robben,RM,Iuri Medeiros,Genoa,10000000.0,35.0,-8,23.7,Strength,67.0,5
Iuri Medeiros,76,10000000.0,Backup,A. Robben,RM,Iuri Medeiros,Genoa,10000000.0,35.0,-8,23.7,Strength,41.0,5
A. Robben,84,15500000.0,Starter,A. Robben,RM,Iuri Medeiros,Genoa,10000000.0,35.0,-8,23.7,SprintSpeed,76.0,6
Iuri Medeiros,76,10000000.0,Backup,A. Robben,RM,Iuri Medeiros,Genoa,10000000.0,35.0,-8,23.7,SprintSpeed,68.0,6
O. Dembélé,83,40000000.0,Starter,O. Dembélé,RW,Pedro,Chelsea,21000000.0,48.0,-1,43.0,SprintSpeed,92.0,0
Pedro,82,21000000.0,Backup,O. Dembélé,RW,Pedro,Chelsea,21000000.0,48.0,-1,43.0,SprintSpeed,74.0,0
O. Dembélé,83,40000000.0,Starter,O. Dembélé,RW,Pedro,Chelsea,21000000.0,48.0,-1,43.0,Finishing,78.0,1
Pedro,82,21000000.0,Backup,O. Dembélé,RW,Pedro,Chelsea,21000000.0,48.0,-1,43.0,Finishing,78.0,1
O. Dembélé,83,40000000.0,Starter,O. Dembélé,RW,Pedro,Chelsea,21000000.0,48.0,-1,43.0,ShortPassing,78.0,2
Pedro,82,21000000.0,Backup,O. Dembélé,RW,Pedro,Chelsea,21000000.0,48.0,-1,43.0,ShortPassing,80.0,2
O. Dembélé,83,40000000.0,Starter,O. Dembélé,RW,Pedro,Chelsea,21000000.0,48.0,-1,43.0,Dribbling,90.0,3
Pedro,82,21000000.0,Backup,O. Dembélé,RW,Pedro,Chelsea,21000000.0,48.0,-1,43.0,Dribbling,84.0,3
O. Dembélé,83,40000000.0,Starter,O. Dembélé,RW,Pedro,Chelsea,21000000.0,48.0,-1,43.0,StandingTackle,30.0,4
Pedro,82,21000000.0,Backup,O. Dembélé,RW,Pedro,Chelsea,21000000.0,48.0,-1,43.0,StandingTackle,32.0,4
O. Dembélé,83,40000000.0,Starter,O. Dembélé,RW,Pedro,Chelsea,21000000.0,48.0,-1,43.0,Strength,46.0,5
Pedro,82,21000000.0,Backup,O. Dembélé,RW,Pedro,Chelsea,21000000.0,48.0,-1,43.0,Strength,47.0,5
O. Dembélé,83,40000000.0,Starter,O. Dembélé,RW,Pedro,Chelsea,21000000.0,48.0,-1,43.0,SprintSpeed,92.0,6
Pedro,82,21000000.0,Backup,O. Dembélé,RW,Pedro,Chelsea,21000000.0,48.0,-1,43.0,SprintSpeed,74.0,6
Gabriel Jesus,83,41000000.0,Starter,Gabriel Jesus,ST,C. Bakambu,Beijing Sinobo Guoan FC,26000000.0,37.0,-1,41.9,SprintSpeed,85.0,0
C. Bakambu,82,26000000.0,Backup,Gabriel Jesus,ST,C. Bakambu,Beijing Sinobo Guoan FC,26000000.0,37.0,-1,41.9,SprintSpeed,88.0,0
Gabriel Jesus,83,41000000.0,Starter,Gabriel Jesus,ST,C. Bakambu,Beijing Sinobo Guoan FC,26000000.0,37.0,-1,41.9,Finishing,84.0,1
C. Bakambu,82,26000000.0,Backup,Gabriel Jesus,ST,C. Bakambu,Beijing Sinobo Guoan FC,26000000.0,37.0,-1,41.9,Finishing,84.0,1
Gabriel Jesus,83,41000000.0,Starter,Gabriel Jesus,ST,C. Bakambu,Beijing Sinobo Guoan FC,26000000.0,37.0,-1,41.9,ShortPassing,76.0,2
C. Bakambu,82,26000000.0,Backup,Gabriel Jesus,ST,C. Bakambu,Beijing Sinobo Guoan FC,26000000.0,37.0,-1,41.9,ShortPassing,75.0,2
Gabriel Jesus,83,41000000.0,Starter,Gabriel Jesus,ST,C. Bakambu,Beijing Sinobo Guoan FC,26000000.0,37.0,-1,41.9,Dribbling,86.0,3
C. Bakambu,82,26000000.0,Backup,Gabriel Jesus,ST,C. Bakambu,Beijing Sinobo Guoan FC,26000000.0,37.0,-1,41.9,Dribbling,80.0,3
Gabriel Jesus,83,41000000.0,Starter,Gabriel Jesus,ST,C. Bakambu,Beijing Sinobo Guoan FC,26000000.0,37.0,-1,41.9,StandingTackle,23.0,4
C. Bakambu,82,26000000.0,Backup,Gabriel Jesus,ST,C. Bakambu,Beijing Sinobo Guoan FC,26000000.0,37.0,-1,41.9,StandingTackle,29.0,4
Gabriel Jesus,83,41000000.0,Starter,Gabriel Jesus,ST,C. Bakambu,Beijing Sinobo Guoan FC,26000000.0,37.0,-1,41.9,Strength,68.0,5
C. Bakambu,82,26000000.0,Backup,Gabriel Jesus,ST,C. Bakambu,Beijing Sinobo Guoan FC,26000000.0,37.0,-1,41.9,Strength,76.0,5
Gabriel Jesus,83,41000000.0,Starter,Gabriel Jesus,ST,C. Bakambu,Beijing Sinobo Guoan FC,26000000.0,37.0,-1,41.9,SprintSpeed,85.0,6
C. Bakambu,82,26000000.0,Backup,Gabriel Jesus,ST,C. Bakambu,Beijing Sinobo Guoan FC,26000000.0,37.0,-1,41.9,SprintSpeed,88.0,6
Ronaldo Cabrais,83,28000000.0,Starter,Ronaldo Cabrais,RW,S. Berghuis,Feyenoord,15000000.0,46.0,-4,41.5,SprintSpeed,87.0,0
S. Berghuis,79,15000000.0,Backup,Ronaldo Cabrais,RW,S. Berghuis,Feyenoord,15000000.0,46.0,-4,41.5,SprintSpeed,75.0,0
Ronaldo Cabrais,83,28000000.0,Starter,Ronaldo Cabrais,RW,S. Berghuis,Feyenoord,15000000.0,46.0,-4,41.5,Finishing,74.0,1
S. Berghuis,79,15000000.0,Backup,Ronaldo Cabrais,RW,S. Berghuis,Feyenoord,15000000.0,46.0,-4,41.5,Finishing,75.0,1
Ronaldo Cabrais,83,28000000.0,Starter,Ronaldo Cabrais,RW,S. Berghuis,Feyenoord,15000000.0,46.0,-4,41.5,ShortPassing,83.0,2
S. Berghuis,79,15000000.0,Backup,Ronaldo Cabrais,RW,S. Berghuis,Feyenoord,15000000.0,46.0,-4,41.5,ShortPassing,76.0,2
Ronaldo Cabrais,83,28000000.0,Starter,Ronaldo Cabrais,RW,S. Berghuis,Feyenoord,15000000.0,46.0,-4,41.5,Dribbling,85.0,3
S. Berghuis,79,15000000.0,Backup,Ronaldo Cabrais,RW,S. Berghuis,Feyenoord,15000000.0,46.0,-4,41.5,Dribbling,82.0,3
Ronaldo Cabrais,83,28000000.0,Starter,Ronaldo Cabrais,RW,S. Berghuis,Feyenoord,15000000.0,46.0,-4,41.5,StandingTackle,35.0,4
S. Berghuis,79,15000000.0,Backup,Ronaldo Cabrais,RW,S. Berghuis,Feyenoord,15000000.0,46.0,-4,41.5,StandingTackle,36.0,4
Ronaldo Cabrais,83,28000000.0,Starter,Ronaldo Cabrais,RW,S. Berghuis,Feyenoord,15000000.0,46.0,-4,41.5,Strength,70.0,5
S. Berghuis,79,15000000.0,Backup,Ronaldo Cabrais,RW,S. Berghuis,Feyenoord,15000000.0,46.0,-4,41.5,Strength,58.0,5
Ronaldo Cabrais,83,28000000.0,Starter,Ronaldo Cabrais,RW,S. Berghuis,Feyenoord,15000000.0,46.0,-4,41.5,SprintSpeed,87.0,6
S. Berghuis,79,15000000.0,Backup,Ronaldo Cabrais,RW,S. Berghuis,Feyenoord,15000000.0,46.0,-4,41.5,SprintSpeed,75.0,6
Josué Chiamulera,83,22500000.0,Starter,Josué Chiamulera,LCB,D. Vida,Beşiktaş JK,11500000.0,49.0,-3,30.0,SprintSpeed,78.0,0
D. Vida,80,11500000.0,Backup,Josué Chiamulera,LCB,D. Vida,Beşiktaş JK,11500000.0,49.0,-3,30.0,SprintSpeed,80.0,0
Josué Chiamulera,83,22500000.0,Starter,Josué Chiamulera,LCB,D. Vida,Beşiktaş JK,11500000.0,49.0,-3,30.0,Finishing,38.0,1
D. Vida,80,11500000.0,Backup,Josué Chiamulera,LCB,D. Vida,Beşiktaş JK,11500000.0,49.0,-3,30.0,Finishing,41.0,1
Josué Chiamulera,83,22500000.0,Starter,Josué Chiamulera,LCB,D. Vida,Beşiktaş JK,11500000.0,49.0,-3,30.0,ShortPassing,74.0,2
D. Vida,80,11500000.0,Backup,Josué Chiamulera,LCB,D. Vida,Beşiktaş JK,11500000.0,49.0,-3,30.0,ShortPassing,66.0,2
Josué Chiamulera,83,22500000.0,Starter,Josué Chiamulera,LCB,D. Vida,Beşiktaş JK,11500000.0,49.0,-3,30.0,Dribbling,56.0,3
D. Vida,80,11500000.0,Backup,Josué Chiamulera,LCB,D. Vida,Beşiktaş JK,11500000.0,49.0,-3,30.0,Dribbling,53.0,3
Josué Chiamulera,83,22500000.0,Starter,Josué Chiamulera,LCB,D. Vida,Beşiktaş JK,11500000.0,49.0,-3,30.0,StandingTackle,87.0,4
D. Vida,80,11500000.0,Backup,Josué Chiamulera,LCB,D. Vida,Beşiktaş JK,11500000.0,49.0,-3,30.0,StandingTackle,79.0,4
Josué Chiamulera,83,22500000.0,Starter,Josué Chiamulera,LCB,D. Vida,Beşiktaş JK,11500000.0,49.0,-3,30.0,Strength,73.0,5
D. Vida,80,11500000.0,Backup,Josué Chiamulera,LCB,D. Vida,Beşiktaş JK,11500000.0,49.0,-3,30.0,Strength,77.0,5
Josué Chiamulera,83,22500000.0,Starter,Josué Chiamulera,LCB,D. Vida,Beşiktaş JK,11500000.0,49.0,-3,30.0,SprintSpeed,78.0,6
D. Vida,80,11500000.0,Backup,Josué Chiamulera,LCB,D. Vida,Beşiktaş JK,11500000.0,49.0,-3,30.0,SprintSpeed,80.0,6
Louri Beretta,83,28500000.0,Starter,Louri Beretta,ST,B. Gomis,Al Hilal,14000000.0,51.0,-2,46.1,SprintSpeed,83.0,0
B. Gomis,81,14000000.0,Backup,Louri Beretta,ST,B. Gomis,Al Hilal,14000000.0,51.0,-2,46.1,SprintSpeed,70.0,0
Louri Beretta,83,28500000.0,Starter,Louri Beretta,ST,B. Gomis,Al Hilal,14000000.0,51.0,-2,46.1,Finishing,85.0,1
B. Gomis,81,14000000.0,Backup,Louri Beretta,ST,B. Gomis,Al Hilal,14000000.0,51.0,-2,46.1,Finishing,84.0,1
Louri Beretta,83,28500000.0,Starter,Louri Beretta,ST,B. Gomis,Al Hilal,14000000.0,51.0,-2,46.1,ShortPassing,73.0,2
B. Gomis,81,14000000.0,Backup,Louri Beretta,ST,B. Gomis,Al Hilal,14000000.0,51.0,-2,46.1,ShortPassing,75.0,2
Louri Beretta,83,28500000.0,Starter,Louri Beretta,ST,B. Gomis,Al Hilal,14000000.0,51.0,-2,46.1,Dribbling,75.0,3
B. Gomis,81,14000000.0,Backup,Louri Beretta,ST,B. Gomis,Al Hilal,14000000.0,51.0,-2,46.1,Dribbling,78.0,3
Louri Beretta,83,28500000.0,Starter,Louri Beretta,ST,B. Gomis,Al Hilal,14000000.0,51.0,-2,46.1,StandingTackle,27.0,4
B. Gomis,81,14000000.0,Backup,Louri Beretta,ST,B. Gomis,Al Hilal,14000000.0,51.0,-2,46.1,StandingTackle,32.0,4
Louri Beretta,83,28500000.0,Starter,Louri Beretta,ST,B. Gomis,Al Hilal,14000000.0,51.0,-2,46.1,Strength,87.0,5
B. Gomis,81,14000000.0,Backup,Louri Beretta,ST,B. Gomis,Al Hilal,14000000.0,51.0,-2,46.1,Strength,83.0,5
Louri Beretta,83,28500000.0,Starter,Louri Beretta,ST,B. Gomis,Al Hilal,14000000.0,51.0,-2,46.1,SprintSpeed,83.0,6
B. Gomis,81,14000000.0,Backup,Louri Beretta,ST,B. Gomis,Al Hilal,14000000.0,51.0,-2,46.1,SprintSpeed,70.0,6
P. Kimpembe,83,30500000.0,Starter,P. Kimpembe,LCB,M. Akanji,Borussia Dortmund,21000000.0,31.0,-2,55.6,SprintSpeed,78.0,0
M. Akanji,81,21000000.0,Backup,P. Kimpembe,LCB,M. Akanji,Borussia Dortmund,21000000.0,31.0,-2,55.6,SprintSpeed,86.0,0
P. Kimpembe,83,30500000.0,Starter,P. Kimpembe,LCB,M. Akanji,Borussia Dortmund,21000000.0,31.0,-2,55.6,Finishing,31.0,1
M. Akanji,81,21000000.0,Backup,P. Kimpembe,LCB,M. Akanji,Borussia Dortmund,21000000.0,31.0,-2,55.6,Finishing,36.0,1
P. Kimpembe,83,30500000.0,Starter,P. Kimpembe,LCB,M. Akanji,Borussia Dortmund,21000000.0,31.0,-2,55.6,ShortPassing,79.0,2
M. Akanji,81,21000000.0,Backup,P. Kimpembe,LCB,M. Akanji,Borussia Dortmund,21000000.0,31.0,-2,55.6,ShortPassing,78.0,2
P. Kimpembe,83,30500000.0,Starter,P. Kimpembe,LCB,M. Akanji,Borussia Dortmund,21000000.0,31.0,-2,55.6,Dribbling,58.0,3
M. Akanji,81,21000000.0,Backup,P. Kimpembe,LCB,M. Akanji,Borussia Dortmund,21000000.0,31.0,-2,55.6,Dribbling,67.0,3
P. Kimpembe,83,30500000.0,Starter,P. Kimpembe,LCB,M. Akanji,Borussia Dortmund,21000000.0,31.0,-2,55.6,StandingTackle,83.0,4
M. Akanji,81,21000000.0,Backup,P. Kimpembe,LCB,M. Akanji,Borussia Dortmund,21000000.0,31.0,-2,55.6,StandingTackle,84.0,4
P. Kimpembe,83,30500000.0,Starter,P. Kimpembe,LCB,M. Akanji,Borussia Dortmund,21000000.0,31.0,-2,55.6,Strength,84.0,5
M. Akanji,81,21000000.0,Backup,P. Kimpembe,LCB,M. Akanji,Borussia Dortmund,21000000.0,31.0,-2,55.6,Strength,84.0,5
P. Kimpembe,83,30500000.0,Starter,P. Kimpembe,LCB,M. Akanji,Borussia Dortmund,21000000.0,31.0,-2,55.6,SprintSpeed,78.0,6
M. Akanji,81,21000000.0,Backup,P. Kimpembe,LCB,M. Akanji,Borussia Dortmund,21000000.0,31.0,-2,55.6,SprintSpeed,86.0,6
N. Keïta,83,34000000.0,Starter,N. Keïta,CM,T. Ndombele,Olympique Lyonnais,22500000.0,34.0,-3,35.0,SprintSpeed,60.0,0
T. Ndombele,80,22500000.0,Backup,N. Keïta,CM,T. Ndombele,Olympique Lyonnais,22500000.0,34.0,-3,35.0,SprintSpeed,76.0,0
N. Keïta,83,34000000.0,Starter,N. Keïta,CM,T. Ndombele,Olympique Lyonnais,22500000.0,34.0,-3,35.0,Finishing,74.0,1
T. Ndombele,80,22500000.0,Backup,N. Keïta,CM,T. Ndombele,Olympique Lyonnais,22500000.0,34.0,-3,35.0,Finishing,59.0,1
N. Keïta,83,34000000.0,Starter,N. Keïta,CM,T. Ndombele,Olympique Lyonnais,22500000.0,34.0,-3,35.0,ShortPassing,88.0,2
T. Ndombele,80,22500000.0,Backup,N. Keïta,CM,T. Ndombele,Olympique Lyonnais,22500000.0,34.0,-3,35.0,ShortPassing,82.0,2
N. Keïta,83,34000000.0,Starter,N. Keïta,CM,T. Ndombele,Olympique Lyonnais,22500000.0,34.0,-3,35.0,Dribbling,88.0,3
T. Ndombele,80,22500000.0,Backup,N. Keïta,CM,T. Ndombele,Olympique Lyonnais,22500000.0,34.0,-3,35.0,Dribbling,86.0,3
N. Keïta,83,34000000.0,Starter,N. Keïta,CM,T. Ndombele,Olympique Lyonnais,22500000.0,34.0,-3,35.0,StandingTackle,62.0,4
T. Ndombele,80,22500000.0,Backup,N. Keïta,CM,T. Ndombele,Olympique Lyonnais,22500000.0,34.0,-3,35.0,StandingTackle,73.0,4
N. Keïta,83,34000000.0,Starter,N. Keïta,CM,T. Ndombele,Olympique Lyonnais,22500000.0,34.0,-3,35.0,Strength,58.0,5
T. Ndombele,80,22500000.0,Backup,N. Keïta,CM,T. Ndombele,Olympique Lyonnais,22500000.0,34.0,-3,35.0,Strength,78.0,5
N. Keïta,83,34000000.0,Starter,N. Keïta,CM,T. Ndombele,Olympique Lyonnais,22500000.0,34.0,-3,35.0,SprintSpeed,60.0,6
T. Ndombele,80,22500000.0,Backup,N. Keïta,CM,T. Ndombele,Olympique Lyonnais,22500000.0,34.0,-3,35.0,SprintSpeed,76.0,6
C. Tolisso,83,34000000.0,Starter,C. Tolisso,CM,E. Can,Juventus,19500000.0,43.0,-3,48.9,SprintSpeed,66.0,0
E. Can,80,19500000.0,Backup,C. Tolisso,CM,E. Can,Juventus,19500000.0,43.0,-3,48.9,SprintSpeed,73.0,0
C. Tolisso,83,34000000.0,Starter,C. Tolisso,CM,E. Can,Juventus,19500000.0,43.0,-3,48.9,Finishing,75.0,1
E. Can,80,19500000.0,Backup,C. Tolisso,CM,E. Can,Juventus,19500000.0,43.0,-3,48.9,Finishing,60.0,1
C. Tolisso,83,34000000.0,Starter,C. Tolisso,CM,E. Can,Juventus,19500000.0,43.0,-3,48.9,ShortPassing,84.0,2
E. Can,80,19500000.0,Backup,C. Tolisso,CM,E. Can,Juventus,19500000.0,43.0,-3,48.9,ShortPassing,81.0,2
C. Tolisso,83,34000000.0,Starter,C. Tolisso,CM,E. Can,Juventus,19500000.0,43.0,-3,48.9,Dribbling,77.0,3
E. Can,80,19500000.0,Backup,C. Tolisso,CM,E. Can,Juventus,19500000.0,43.0,-3,48.9,Dribbling,76.0,3
C. Tolisso,83,34000000.0,Starter,C. Tolisso,CM,E. Can,Juventus,19500000.0,43.0,-3,48.9,StandingTackle,78.0,4
E. Can,80,19500000.0,Backup,C. Tolisso,CM,E. Can,Juventus,19500000.0,43.0,-3,48.9,StandingTackle,81.0,4
C. Tolisso,83,34000000.0,Starter,C. Tolisso,CM,E. Can,Juventus,19500000.0,43.0,-3,48.9,Strength,77.0,5
E. Can,80,19500000.0,Backup,C. Tolisso,CM,E. Can,Juventus,19500000.0,43.0,-3,48.9,Strength,83.0,5
C. Tolisso,83,34000000.0,Starter,C. Tolisso,CM,E. Can,Juventus,19500000.0,43.0,-3,48.9,SprintSpeed,66.0,6
E. Can,80,19500000.0,Backup,C. Tolisso,CM,E. Can,Juventus,19500000.0,43.0,-3,48.9,SprintSpeed,73.0,6
T. Lemar,83,35500000.0,Starter,T. Lemar,LM,Manuel Fernandes,Lokomotiv Moscow,14000000.0,61.0,-2,53.8,SprintSpeed,84.0,0
Manuel Fernandes,81,14000000.0,Backup,T. Lemar,LM,Manuel Fernandes,Lokomotiv Moscow,14000000.0,61.0,-2,53.8,SprintSpeed,76.0,0
T. Lemar,83,35500000.0,Starter,T. Lemar,LM,Manuel Fernandes,Lokomotiv Moscow,14000000.0,61.0,-2,53.8,Finishing,75.0,1
Manuel Fernandes,81,14000000.0,Backup,T. Lemar,LM,Manuel Fernandes,Lokomotiv Moscow,14000000.0,61.0,-2,53.8,Finishing,70.0,1
T. Lemar,83,35500000.0,Starter,T. Lemar,LM,Manuel Fernandes,Lokomotiv Moscow,14000000.0,61.0,-2,53.8,ShortPassing,84.0,2
Manuel Fernandes,81,14000000.0,Backup,T. Lemar,LM,Manuel Fernandes,Lokomotiv Moscow,14000000.0,61.0,-2,53.8,ShortPassing,80.0,2
T. Lemar,83,35500000.0,Starter,T. Lemar,LM,Manuel Fernandes,Lokomotiv Moscow,14000000.0,61.0,-2,53.8,Dribbling,85.0,3
Manuel Fernandes,81,14000000.0,Backup,T. Lemar,LM,Manuel Fernandes,Lokomotiv Moscow,14000000.0,61.0,-2,53.8,Dribbling,86.0,3
T. Lemar,83,35500000.0,Starter,T. Lemar,LM,Manuel Fernandes,Lokomotiv Moscow,14000000.0,61.0,-2,53.8,StandingTackle,59.0,4
Manuel Fernandes,81,14000000.0,Backup,T. Lemar,LM,Manuel Fernandes,Lokomotiv Moscow,14000000.0,61.0,-2,53.8,StandingTackle,69.0,4
T. Lemar,83,35500000.0,Starter,T. Lemar,LM,Manuel Fernandes,Lokomotiv Moscow,14000000.0,61.0,-2,53.8,Strength,63.0,5
Manuel Fernandes,81,14000000.0,Backup,T. Lemar,LM,Manuel Fernandes,Lokomotiv Moscow,14000000.0,61.0,-2,53.8,Strength,71.0,5
T. Lemar,83,35500000.0,Starter,T. Lemar,LM,Manuel Fernandes,Lokomotiv Moscow,14000000.0,61.0,-2,53.8,SprintSpeed,84.0,6
Manuel Fernandes,81,14000000.0,Backup,T. Lemar,LM,Manuel Fernandes,Lokomotiv Moscow,14000000.0,61.0,-2,53.8,SprintSpeed,76.0,6
K. Coman,83,34000000.0,Starter,K. Coman,LM,Héldon,Al Taawoun,7500000.0,78.0,-7,41.5,SprintSpeed,93.0,0
Héldon,76,7500000.0,Backup,K. Coman,LM,Héldon,Al Taawoun,7500000.0,78.0,-7,41.5,SprintSpeed,84.0,0
K. Coman,83,34000000.0,Starter,K. Coman,LM,Héldon,Al Taawoun,7500000.0,78.0,-7,41.5,Finishing,76.0,1
Héldon,76,7500000.0,Backup,K. Coman,LM,Héldon,Al Taawoun,7500000.0,78.0,-7,41.5,Finishing,71.0,1
K. Coman,83,34000000.0,Starter,K. Coman,LM,Héldon,Al Taawoun,7500000.0,78.0,-7,41.5,ShortPassing,77.0,2
Héldon,76,7500000.0,Backup,K. Coman,LM,Héldon,Al Taawoun,7500000.0,78.0,-7,41.5,ShortPassing,67.0,2
K. Coman,83,34000000.0,Starter,K. Coman,LM,Héldon,Al Taawoun,7500000.0,78.0,-7,41.5,Dribbling,88.0,3
Héldon,76,7500000.0,Backup,K. Coman,LM,Héldon,Al Taawoun,7500000.0,78.0,-7,41.5,Dribbling,78.0,3
K. Coman,83,34000000.0,Starter,K. Coman,LM,Héldon,Al Taawoun,7500000.0,78.0,-7,41.5,StandingTackle,17.0,4
Héldon,76,7500000.0,Backup,K. Coman,LM,Héldon,Al Taawoun,7500000.0,78.0,-7,41.5,StandingTackle,25.0,4
K. Coman,83,34000000.0,Starter,K. Coman,LM,Héldon,Al Taawoun,7500000.0,78.0,-7,41.5,Strength,61.0,5
Héldon,76,7500000.0,Backup,K. Coman,LM,Héldon,Al Taawoun,7500000.0,78.0,-7,41.5,Strength,53.0,5
K. Coman,83,34000000.0,Starter,K. Coman,LM,Héldon,Al Taawoun,7500000.0,78.0,-7,41.5,SprintSpeed,93.0,6
Héldon,76,7500000.0,Backup,K. Coman,LM,Héldon,Al Taawoun,7500000.0,78.0,-7,41.5,SprintSpeed,84.0,6
J. Tah,83,29500000.0,Starter,J. Tah,CB,G. Conti,SL Benfica,10500000.0,64.0,-6,36.3,SprintSpeed,77.0,0
G. Conti,77,10500000.0,Backup,J. Tah,CB,G. Conti,SL Benfica,10500000.0,64.0,-6,36.3,SprintSpeed,72.0,0
J. Tah,83,29500000.0,Starter,J. Tah,CB,G. Conti,SL Benfica,10500000.0,64.0,-6,36.3,Finishing,20.0,1
G. Conti,77,10500000.0,Backup,J. Tah,CB,G. Conti,SL Benfica,10500000.0,64.0,-6,36.3,Finishing,37.0,1
J. Tah,83,29500000.0,Starter,J. Tah,CB,G. Conti,SL Benfica,10500000.0,64.0,-6,36.3,ShortPassing,74.0,2
G. Conti,77,10500000.0,Backup,J. Tah,CB,G. Conti,SL Benfica,10500000.0,64.0,-6,36.3,ShortPassing,71.0,2
J. Tah,83,29500000.0,Starter,J. Tah,CB,G. Conti,SL Benfica,10500000.0,64.0,-6,36.3,Dribbling,55.0,3
G. Conti,77,10500000.0,Backup,J. Tah,CB,G. Conti,SL Benfica,10500000.0,64.0,-6,36.3,Dribbling,42.0,3
J. Tah,83,29500000.0,Starter,J. Tah,CB,G. Conti,SL Benfica,10500000.0,64.0,-6,36.3,StandingTackle,88.0,4
G. Conti,77,10500000.0,Backup,J. Tah,CB,G. Conti,SL Benfica,10500000.0,64.0,-6,36.3,StandingTackle,82.0,4
J. Tah,83,29500000.0,Starter,J. Tah,CB,G. Conti,SL Benfica,10500000.0,64.0,-6,36.3,Strength,93.0,5
G. Conti,77,10500000.0,Backup,J. Tah,CB,G. Conti,SL Benfica,10500000.0,64.0,-6,36.3,Strength,80.0,5
J. Tah,83,29500000.0,Starter,J. Tah,CB,G. Conti,SL Benfica,10500000.0,64.0,-6,36.3,SprintSpeed,77.0,6
G. Conti,77,10500000.0,Backup,J. Tah,CB,G. Conti,SL Benfica,10500000.0,64.0,-6,36.3,SprintSpeed,72.0,6
Anderson Talisca,83,36500000.0,Starter,Anderson Talisca,CAM,Carlos Eduardo,Al Hilal,9000000.0,75.0,-6,41.4,SprintSpeed,76.0,0
Carlos Eduardo,77,9000000.0,Backup,Anderson Talisca,CAM,Carlos Eduardo,Al Hilal,9000000.0,75.0,-6,41.4,SprintSpeed,74.0,0
Anderson Talisca,83,36500000.0,Starter,Anderson Talisca,CAM,Carlos Eduardo,Al Hilal,9000000.0,75.0,-6,41.4,Finishing,80.0,1
Carlos Eduardo,77,9000000.0,Backup,Anderson Talisca,CAM,Carlos Eduardo,Al Hilal,9000000.0,75.0,-6,41.4,Finishing,79.0,1
Anderson Talisca,83,36500000.0,Starter,Anderson Talisca,CAM,Carlos Eduardo,Al Hilal,9000000.0,75.0,-6,41.4,ShortPassing,81.0,2
Carlos Eduardo,77,9000000.0,Backup,Anderson Talisca,CAM,Carlos Eduardo,Al Hilal,9000000.0,75.0,-6,41.4,ShortPassing,74.0,2
Anderson Talisca,83,36500000.0,Starter,Anderson Talisca,CAM,Carlos Eduardo,Al Hilal,9000000.0,75.0,-6,41.4,Dribbling,82.0,3
Carlos Eduardo,77,9000000.0,Backup,Anderson Talisca,CAM,Carlos Eduardo,Al Hilal,9000000.0,75.0,-6,41.4,Dribbling,74.0,3
Anderson Talisca,83,36500000.0,Starter,Anderson Talisca,CAM,Carlos Eduardo,Al Hilal,9000000.0,75.0,-6,41.4,StandingTackle,62.0,4
Carlos Eduardo,77,9000000.0,Backup,Anderson Talisca,CAM,Carlos Eduardo,Al Hilal,9000000.0,75.0,-6,41.4,StandingTackle,50.0,4
Anderson Talisca,83,36500000.0,Starter,Anderson Talisca,CAM,Carlos Eduardo,Al Hilal,9000000.0,75.0,-6,41.4,Strength,72.0,5
Carlos Eduardo,77,9000000.0,Backup,Anderson Talisca,CAM,Carlos Eduardo,Al Hilal,9000000.0,75.0,-6,41.4,Strength,78.0,5
Anderson Talisca,83,36500000.0,Starter,Anderson Talisca,CAM,Carlos Eduardo,Al Hilal,9000000.0,75.0,-6,41.4,SprintSpeed,76.0,6
Carlos Eduardo,77,9000000.0,Backup,Anderson Talisca,CAM,Carlos Eduardo,Al Hilal,9000000.0,75.0,-6,41.4,SprintSpeed,74.0,6
T. Werner,83,34500000.0,Starter,T. Werner,RW,M. Cornet,Olympique Lyonnais,9000000.0,74.0,-8,35.0,SprintSpeed,93.0,0
M. Cornet,75,9000000.0,Backup,T. Werner,RW,M. Cornet,Olympique Lyonnais,9000000.0,74.0,-8,35.0,SprintSpeed,87.0,0
T. Werner,83,34500000.0,Starter,T. Werner,RW,M. Cornet,Olympique Lyonnais,9000000.0,74.0,-8,35.0,Finishing,87.0,1
M. Cornet,75,9000000.0,Backup,T. Werner,RW,M. Cornet,Olympique Lyonnais,9000000.0,74.0,-8,35.0,Finishing,75.0,1
T. Werner,83,34500000.0,Starter,T. Werner,RW,M. Cornet,Olympique Lyonnais,9000000.0,74.0,-8,35.0,ShortPassing,77.0,2
M. Cornet,75,9000000.0,Backup,T. Werner,RW,M. Cornet,Olympique Lyonnais,9000000.0,74.0,-8,35.0,ShortPassing,73.0,2
T. Werner,83,34500000.0,Starter,T. Werner,RW,M. Cornet,Olympique Lyonnais,9000000.0,74.0,-8,35.0,Dribbling,83.0,3
M. Cornet,75,9000000.0,Backup,T. Werner,RW,M. Cornet,Olympique Lyonnais,9000000.0,74.0,-8,35.0,Dribbling,74.0,3
T. Werner,83,34500000.0,Starter,T. Werner,RW,M. Cornet,Olympique Lyonnais,9000000.0,74.0,-8,35.0,StandingTackle,20.0,4
M. Cornet,75,9000000.0,Backup,T. Werner,RW,M. Cornet,Olympique Lyonnais,9000000.0,74.0,-8,35.0,StandingTackle,31.0,4
T. Werner,83,34500000.0,Starter,T. Werner,RW,M. Cornet,Olympique Lyonnais,9000000.0,74.0,-8,35.0,Strength,59.0,5
M. Cornet,75,9000000.0,Backup,T. Werner,RW,M. Cornet,Olympique Lyonnais,9000000.0,74.0,-8,35.0,Strength,68.0,5
T. Werner,83,34500000.0,Starter,T. Werner,RW,M. Cornet,Olympique Lyonnais,9000000.0,74.0,-8,35.0,SprintSpeed,93.0,6
M. Cornet,75,9000000.0,Backup,T. Werner,RW,M. Cornet,Olympique Lyonnais,9000000.0,74.0,-8,35.0,SprintSpeed,87.0,6
A. Rabiot,83,33000000.0,Starter,A. Rabiot,CM,E. Can,Juventus,19500000.0,41.0,-3,56.1,SprintSpeed,74.0,0
E. Can,80,19500000.0,Backup,A. Rabiot,CM,E. Can,Juventus,19500000.0,41.0,-3,56.1,SprintSpeed,73.0,0
A. Rabiot,83,33000000.0,Starter,A. Rabiot,CM,E. Can,Juventus,19500000.0,41.0,-3,56.1,Finishing,69.0,1
E. Can,80,19500000.0,Backup,A. Rabiot,CM,E. Can,Juventus,19500000.0,41.0,-3,56.1,Finishing,60.0,1
A. Rabiot,83,33000000.0,Starter,A. Rabiot,CM,E. Can,Juventus,19500000.0,41.0,-3,56.1,ShortPassing,85.0,2
E. Can,80,19500000.0,Backup,A. Rabiot,CM,E. Can,Juventus,19500000.0,41.0,-3,56.1,ShortPassing,81.0,2
A. Rabiot,83,33000000.0,Starter,A. Rabiot,CM,E. Can,Juventus,19500000.0,41.0,-3,56.1,Dribbling,79.0,3
E. Can,80,19500000.0,Backup,A. Rabiot,CM,E. Can,Juventus,19500000.0,41.0,-3,56.1,Dribbling,76.0,3
A. Rabiot,83,33000000.0,Starter,A. Rabiot,CM,E. Can,Juventus,19500000.0,41.0,-3,56.1,StandingTackle,81.0,4
E. Can,80,19500000.0,Backup,A. Rabiot,CM,E. Can,Juventus,19500000.0,41.0,-3,56.1,StandingTackle,81.0,4
A. Rabiot,83,33000000.0,Starter,A. Rabiot,CM,E. Can,Juventus,19500000.0,41.0,-3,56.1,Strength,80.0,5
E. Can,80,19500000.0,Backup,A. Rabiot,CM,E. Can,Juventus,19500000.0,41.0,-3,56.1,Strength,83.0,5
A. Rabiot,83,33000000.0,Starter,A. Rabiot,CM,E. Can,Juventus,19500000.0,41.0,-3,56.1,SprintSpeed,74.0,6
E. Can,80,19500000.0,Backup,A. Rabiot,CM,E. Can,Juventus,19500000.0,41.0,-3,56.1,SprintSpeed,73.0,6
L. Goretzka,83,34000000.0,Starter,L. Goretzka,CM,G. Bonaventura,Milan,22000000.0,35.0,-1,53.2,SprintSpeed,79.0,0
G. Bonaventura,82,22000000.0,Backup,L. Goretzka,CM,G. Bonaventura,Milan,22000000.0,35.0,-1,53.2,SprintSpeed,77.0,0
L. Goretzka,83,34000000.0,Starter,L. Goretzka,CM,G. Bonaventura,Milan,22000000.0,35.0,-1,53.2,Finishing,72.0,1
G. Bonaventura,82,22000000.0,Backup,L. Goretzka,CM,G. Bonaventura,Milan,22000000.0,35.0,-1,53.2,Finishing,70.0,1
L. Goretzka,83,34000000.0,Starter,L. Goretzka,CM,G. Bonaventura,Milan,22000000.0,35.0,-1,53.2,ShortPassing,84.0,2
G. Bonaventura,82,22000000.0,Backup,L. Goretzka,CM,G. Bonaventura,Milan,22000000.0,35.0,-1,53.2,ShortPassing,84.0,2
L. Goretzka,83,34000000.0,Starter,L. Goretzka,CM,G. Bonaventura,Milan,22000000.0,35.0,-1,53.2,Dribbling,81.0,3
G. Bonaventura,82,22000000.0,Backup,L. Goretzka,CM,G. Bonaventura,Milan,22000000.0,35.0,-1,53.2,Dribbling,83.0,3
L. Goretzka,83,34000000.0,Starter,L. Goretzka,CM,G. Bonaventura,Milan,22000000.0,35.0,-1,53.2,StandingTackle,79.0,4
G. Bonaventura,82,22000000.0,Backup,L. Goretzka,CM,G. Bonaventura,Milan,22000000.0,35.0,-1,53.2,StandingTackle,72.0,4
L. Goretzka,83,34000000.0,Starter,L. Goretzka,CM,G. Bonaventura,Milan,22000000.0,35.0,-1,53.2,Strength,70.0,5
G. Bonaventura,82,22000000.0,Backup,L. Goretzka,CM,G. Bonaventura,Milan,22000000.0,35.0,-1,53.2,Strength,66.0,5
L. Goretzka,83,34000000.0,Starter,L. Goretzka,CM,G. Bonaventura,Milan,22000000.0,35.0,-1,53.2,SprintSpeed,79.0,6
G. Bonaventura,82,22000000.0,Backup,L. Goretzka,CM,G. Bonaventura,Milan,22000000.0,35.0,-1,53.2,SprintSpeed,77.0,6
Q. Promes,83,30500000.0,Starter,Q. Promes,RM,B. Traoré,Olympique Lyonnais,14000000.0,54.0,-5,44.5,SprintSpeed,91.0,0
B. Traoré,78,14000000.0,Backup,Q. Promes,RM,B. Traoré,Olympique Lyonnais,14000000.0,54.0,-5,44.5,SprintSpeed,90.0,0
Q. Promes,83,30500000.0,Starter,Q. Promes,RM,B. Traoré,Olympique Lyonnais,14000000.0,54.0,-5,44.5,Finishing,86.0,1
B. Traoré,78,14000000.0,Backup,Q. Promes,RM,B. Traoré,Olympique Lyonnais,14000000.0,54.0,-5,44.5,Finishing,75.0,1
Q. Promes,83,30500000.0,Starter,Q. Promes,RM,B. Traoré,Olympique Lyonnais,14000000.0,54.0,-5,44.5,ShortPassing,78.0,2
B. Traoré,78,14000000.0,Backup,Q. Promes,RM,B. Traoré,Olympique Lyonnais,14000000.0,54.0,-5,44.5,ShortPassing,77.0,2
Q. Promes,83,30500000.0,Starter,Q. Promes,RM,B. Traoré,Olympique Lyonnais,14000000.0,54.0,-5,44.5,Dribbling,84.0,3
B. Traoré,78,14000000.0,Backup,Q. Promes,RM,B. Traoré,Olympique Lyonnais,14000000.0,54.0,-5,44.5,Dribbling,85.0,3
Q. Promes,83,30500000.0,Starter,Q. Promes,RM,B. Traoré,Olympique Lyonnais,14000000.0,54.0,-5,44.5,StandingTackle,30.0,4
B. Traoré,78,14000000.0,Backup,Q. Promes,RM,B. Traoré,Olympique Lyonnais,14000000.0,54.0,-5,44.5,StandingTackle,40.0,4
Q. Promes,83,30500000.0,Starter,Q. Promes,RM,B. Traoré,Olympique Lyonnais,14000000.0,54.0,-5,44.5,Strength,61.0,5
B. Traoré,78,14000000.0,Backup,Q. Promes,RM,B. Traoré,Olympique Lyonnais,14000000.0,54.0,-5,44.5,Strength,64.0,5
Q. Promes,83,30500000.0,Starter,Q. Promes,RM,B. Traoré,Olympique Lyonnais,14000000.0,54.0,-5,44.5,SprintSpeed,91.0,6
B. Traoré,78,14000000.0,Backup,Q. Promes,RM,B. Traoré,Olympique Lyonnais,14000000.0,54.0,-5,44.5,SprintSpeed,90.0,6
Lucas Vázquez,83,27000000.0,Starter,Lucas Vázquez,RW,A. Samedov,Spartak Moscow,4700000.0,83.0,-7,31.6,SprintSpeed,79.0,0
A. Samedov,76,4700000.0,Backup,Lucas Vázquez,RW,A. Samedov,Spartak Moscow,4700000.0,83.0,-7,31.6,SprintSpeed,77.0,0
Lucas Vázquez,83,27000000.0,Starter,Lucas Vázquez,RW,A. Samedov,Spartak Moscow,4700000.0,83.0,-7,31.6,Finishing,73.0,1
A. Samedov,76,4700000.0,Backup,Lucas Vázquez,RW,A. Samedov,Spartak Moscow,4700000.0,83.0,-7,31.6,Finishing,73.0,1
Lucas Vázquez,83,27000000.0,Starter,Lucas Vázquez,RW,A. Samedov,Spartak Moscow,4700000.0,83.0,-7,31.6,ShortPassing,83.0,2
A. Samedov,76,4700000.0,Backup,Lucas Vázquez,RW,A. Samedov,Spartak Moscow,4700000.0,83.0,-7,31.6,ShortPassing,80.0,2
Lucas Vázquez,83,27000000.0,Starter,Lucas Vázquez,RW,A. Samedov,Spartak Moscow,4700000.0,83.0,-7,31.6,Dribbling,82.0,3
A. Samedov,76,4700000.0,Backup,Lucas Vázquez,RW,A. Samedov,Spartak Moscow,4700000.0,83.0,-7,31.6,Dribbling,74.0,3
Lucas Vázquez,83,27000000.0,Starter,Lucas Vázquez,RW,A. Samedov,Spartak Moscow,4700000.0,83.0,-7,31.6,StandingTackle,50.0,4
A. Samedov,76,4700000.0,Backup,Lucas Vázquez,RW,A. Samedov,Spartak Moscow,4700000.0,83.0,-7,31.6,StandingTackle,52.0,4
Lucas Vázquez,83,27000000.0,Starter,Lucas Vázquez,RW,A. Samedov,Spartak Moscow,4700000.0,83.0,-7,31.6,Strength,57.0,5
A. Samedov,76,4700000.0,Backup,Lucas Vázquez,RW,A. Samedov,Spartak Moscow,4700000.0,83.0,-7,31.6,Strength,68.0,5
Lucas Vázquez,83,27000000.0,Starter,Lucas Vázquez,RW,A. Samedov,Spartak Moscow,4700000.0,83.0,-7,31.6,SprintSpeed,79.0,6
A. Samedov,76,4700000.0,Backup,Lucas Vázquez,RW,A. Samedov,Spartak Moscow,4700000.0,83.0,-7,31.6,SprintSpeed,77.0,6
Y. Carrasco,83,33000000.0,Starter,Y. Carrasco,LM,Cristian Tello,Real Betis,16000000.0,52.0,-3,42.5,SprintSpeed,87.0,0
Cristian Tello,80,16000000.0,Backup,Y. Carrasco,LM,Cristian Tello,Real Betis,16000000.0,52.0,-3,42.5,SprintSpeed,89.0,0
Y. Carrasco,83,33000000.0,Starter,Y. Carrasco,LM,Cristian Tello,Real Betis,16000000.0,52.0,-3,42.5,Finishing,79.0,1
Cristian Tello,80,16000000.0,Backup,Y. Carrasco,LM,Cristian Tello,Real Betis,16000000.0,52.0,-3,42.5,Finishing,74.0,1
Y. Carrasco,83,33000000.0,Starter,Y. Carrasco,LM,Cristian Tello,Real Betis,16000000.0,52.0,-3,42.5,ShortPassing,77.0,2
Cristian Tello,80,16000000.0,Backup,Y. Carrasco,LM,Cristian Tello,Real Betis,16000000.0,52.0,-3,42.5,ShortPassing,77.0,2
Y. Carrasco,83,33000000.0,Starter,Y. Carrasco,LM,Cristian Tello,Real Betis,16000000.0,52.0,-3,42.5,Dribbling,88.0,3
Cristian Tello,80,16000000.0,Backup,Y. Carrasco,LM,Cristian Tello,Real Betis,16000000.0,52.0,-3,42.5,Dribbling,82.0,3
Y. Carrasco,83,33000000.0,Starter,Y. Carrasco,LM,Cristian Tello,Real Betis,16000000.0,52.0,-3,42.5,StandingTackle,39.0,4
Cristian Tello,80,16000000.0,Backup,Y. Carrasco,LM,Cristian Tello,Real Betis,16000000.0,52.0,-3,42.5,StandingTackle,30.0,4
Y. Carrasco,83,33000000.0,Starter,Y. Carrasco,LM,Cristian Tello,Real Betis,16000000.0,52.0,-3,42.5,Strength,59.0,5
Cristian Tello,80,16000000.0,Backup,Y. Carrasco,LM,Cristian Tello,Real Betis,16000000.0,52.0,-3,42.5,Strength,58.0,5
Y. Carrasco,83,33000000.0,Starter,Y. Carrasco,LM,Cristian Tello,Real Betis,16000000.0,52.0,-3,42.5,SprintSpeed,87.0,6
Cristian Tello,80,16000000.0,Backup,Y. Carrasco,LM,Cristian Tello,Real Betis,16000000.0,52.0,-3,42.5,SprintSpeed,89.0,6
Gerard Moreno,83,32000000.0,Starter,Gerard Moreno,LS,Santi Mina,Valencia CF,20000000.0,38.0,-3,50.1,SprintSpeed,80.0,0
Santi Mina,80,20000000.0,Backup,Gerard Moreno,LS,Santi Mina,Valencia CF,20000000.0,38.0,-3,50.1,SprintSpeed,81.0,0
Gerard Moreno,83,32000000.0,Starter,Gerard Moreno,LS,Santi Mina,Valencia CF,20000000.0,38.0,-3,50.1,Finishing,83.0,1
Santi Mina,80,20000000.0,Backup,Gerard Moreno,LS,Santi Mina,Valencia CF,20000000.0,38.0,-3,50.1,Finishing,82.0,1
Gerard Moreno,83,32000000.0,Starter,Gerard Moreno,LS,Santi Mina,Valencia CF,20000000.0,38.0,-3,50.1,ShortPassing,78.0,2
Santi Mina,80,20000000.0,Backup,Gerard Moreno,LS,Santi Mina,Valencia CF,20000000.0,38.0,-3,50.1,ShortPassing,69.0,2
Gerard Moreno,83,32000000.0,Starter,Gerard Moreno,LS,Santi Mina,Valencia CF,20000000.0,38.0,-3,50.1,Dribbling,78.0,3
Santi Mina,80,20000000.0,Backup,Gerard Moreno,LS,Santi Mina,Valencia CF,20000000.0,38.0,-3,50.1,Dribbling,81.0,3
Gerard Moreno,83,32000000.0,Starter,Gerard Moreno,LS,Santi Mina,Valencia CF,20000000.0,38.0,-3,50.1,StandingTackle,41.0,4
Santi Mina,80,20000000.0,Backup,Gerard Moreno,LS,Santi Mina,Valencia CF,20000000.0,38.0,-3,50.1,StandingTackle,46.0,4
Gerard Moreno,83,32000000.0,Starter,Gerard Moreno,LS,Santi Mina,Valencia CF,20000000.0,38.0,-3,50.1,Strength,74.0,5
Santi Mina,80,20000000.0,Backup,Gerard Moreno,LS,Santi Mina,Valencia CF,20000000.0,38.0,-3,50.1,Strength,73.0,5
Gerard Moreno,83,32000000.0,Starter,Gerard Moreno,LS,Santi Mina,Valencia CF,20000000.0,38.0,-3,50.1,SprintSpeed,80.0,6
Santi Mina,80,20000000.0,Backup,Gerard Moreno,LS,Santi Mina,Valencia CF,20000000.0,38.0,-3,50.1,SprintSpeed,81.0,6
Felipe,83,20000000.0,Starter,Felipe,RCB,W. Orban,RB Leipzig,13000000.0,35.0,-4,42.2,SprintSpeed,67.0,0
W. Orban,79,13000000.0,Backup,Felipe,RCB,W. Orban,RB Leipzig,13000000.0,35.0,-4,42.2,SprintSpeed,53.0,0
Felipe,83,20000000.0,Starter,Felipe,RCB,W. Orban,RB Leipzig,13000000.0,35.0,-4,42.2,Finishing,39.0,1
W. Orban,79,13000000.0,Backup,Felipe,RCB,W. Orban,RB Leipzig,13000000.0,35.0,-4,42.2,Finishing,38.0,1
Felipe,83,20000000.0,Starter,Felipe,RCB,W. Orban,RB Leipzig,13000000.0,35.0,-4,42.2,ShortPassing,74.0,2
W. Orban,79,13000000.0,Backup,Felipe,RCB,W. Orban,RB Leipzig,13000000.0,35.0,-4,42.2,ShortPassing,66.0,2
Felipe,83,20000000.0,Starter,Felipe,RCB,W. Orban,RB Leipzig,13000000.0,35.0,-4,42.2,Dribbling,57.0,3
W. Orban,79,13000000.0,Backup,Felipe,RCB,W. Orban,RB Leipzig,13000000.0,35.0,-4,42.2,Dribbling,53.0,3
Felipe,83,20000000.0,Starter,Felipe,RCB,W. Orban,RB Leipzig,13000000.0,35.0,-4,42.2,StandingTackle,85.0,4
W. Orban,79,13000000.0,Backup,Felipe,RCB,W. Orban,RB Leipzig,13000000.0,35.0,-4,42.2,StandingTackle,83.0,4
Felipe,83,20000000.0,Starter,Felipe,RCB,W. Orban,RB Leipzig,13000000.0,35.0,-4,42.2,Strength,86.0,5
W. Orban,79,13000000.0,Backup,Felipe,RCB,W. Orban,RB Leipzig,13000000.0,35.0,-4,42.2,Strength,85.0,5
Felipe,83,20000000.0,Starter,Felipe,RCB,W. Orban,RB Leipzig,13000000.0,35.0,-4,42.2,SprintSpeed,67.0,6
W. Orban,79,13000000.0,Backup,Felipe,RCB,W. Orban,RB Leipzig,13000000.0,35.0,-4,42.2,SprintSpeed,53.0,6
M. Kovačić,83,35000000.0,Starter,M. Kovačić,LCM,J. dos Santos,LA Galaxy,9000000.0,74.0,-6,47.5,SprintSpeed,74.0,0
J. dos Santos,77,9000000.0,Backup,M. Kovačić,LCM,J. dos Santos,LA Galaxy,9000000.0,74.0,-6,47.5,SprintSpeed,68.0,0
M. Kovačić,83,35000000.0,Starter,M. Kovačić,LCM,J. dos Santos,LA Galaxy,9000000.0,74.0,-6,47.5,Finishing,62.0,1
J. dos Santos,77,9000000.0,Backup,M. Kovačić,LCM,J. dos Santos,LA Galaxy,9000000.0,74.0,-6,47.5,Finishing,61.0,1
M. Kovačić,83,35000000.0,Starter,M. Kovačić,LCM,J. dos Santos,LA Galaxy,9000000.0,74.0,-6,47.5,ShortPassing,87.0,2
J. dos Santos,77,9000000.0,Backup,M. Kovačić,LCM,J. dos Santos,LA Galaxy,9000000.0,74.0,-6,47.5,ShortPassing,81.0,2
M. Kovačić,83,35000000.0,Starter,M. Kovačić,LCM,J. dos Santos,LA Galaxy,9000000.0,74.0,-6,47.5,Dribbling,88.0,3
J. dos Santos,77,9000000.0,Backup,M. Kovačić,LCM,J. dos Santos,LA Galaxy,9000000.0,74.0,-6,47.5,Dribbling,78.0,3
M. Kovačić,83,35000000.0,Starter,M. Kovačić,LCM,J. dos Santos,LA Galaxy,9000000.0,74.0,-6,47.5,StandingTackle,75.0,4
J. dos Santos,77,9000000.0,Backup,M. Kovačić,LCM,J. dos Santos,LA Galaxy,9000000.0,74.0,-6,47.5,StandingTackle,69.0,4
M. Kovačić,83,35000000.0,Starter,M. Kovačić,LCM,J. dos Santos,LA Galaxy,9000000.0,74.0,-6,47.5,Strength,65.0,5
J. dos Santos,77,9000000.0,Backup,M. Kovačić,LCM,J. dos Santos,LA Galaxy,9000000.0,74.0,-6,47.5,Strength,65.0,5
M. Kovačić,83,35000000.0,Starter,M. Kovačić,LCM,J. dos Santos,LA Galaxy,9000000.0,74.0,-6,47.5,SprintSpeed,74.0,6
J. dos Santos,77,9000000.0,Backup,M. Kovačić,LCM,J. dos Santos,LA Galaxy,9000000.0,74.0,-6,47.5,SprintSpeed,68.0,6
Kepa,83,28500000.0,Starter,Kepa,GK,P. Čech,Arsenal,3000000.0,89.0,-1,51.1,SprintSpeed,33.0,0
P. Čech,82,3000000.0,Backup,Kepa,GK,P. Čech,Arsenal,3000000.0,89.0,-1,51.1,SprintSpeed,38.0,0
Kepa,83,28500000.0,Starter,Kepa,GK,P. Čech,Arsenal,3000000.0,89.0,-1,51.1,Finishing,11.0,1
P. Čech,82,3000000.0,Backup,Kepa,GK,P. Čech,Arsenal,3000000.0,89.0,-1,51.1,Finishing,12.0,1
Kepa,83,28500000.0,Starter,Kepa,GK,P. Čech,Arsenal,3000000.0,89.0,-1,51.1,ShortPassing,32.0,2
P. Čech,82,3000000.0,Backup,Kepa,GK,P. Čech,Arsenal,3000000.0,89.0,-1,51.1,ShortPassing,35.0,2
Kepa,83,28500000.0,Starter,Kepa,GK,P. Čech,Arsenal,3000000.0,89.0,-1,51.1,Dribbling,10.0,3
P. Čech,82,3000000.0,Backup,Kepa,GK,P. Čech,Arsenal,3000000.0,89.0,-1,51.1,Dribbling,12.0,3
Kepa,83,28500000.0,Starter,Kepa,GK,P. Čech,Arsenal,3000000.0,89.0,-1,51.1,StandingTackle,18.0,4
P. Čech,82,3000000.0,Backup,Kepa,GK,P. Čech,Arsenal,3000000.0,89.0,-1,51.1,StandingTackle,13.0,4
Kepa,83,28500000.0,Starter,Kepa,GK,P. Čech,Arsenal,3000000.0,89.0,-1,51.1,Strength,51.0,5
P. Čech,82,3000000.0,Backup,Kepa,GK,P. Čech,Arsenal,3000000.0,89.0,-1,51.1,Strength,63.0,5
Kepa,83,28500000.0,Starter,Kepa,GK,P. Čech,Arsenal,3000000.0,89.0,-1,51.1,SprintSpeed,33.0,6
P. Čech,82,3000000.0,Backup,Kepa,GK,P. Čech,Arsenal,3000000.0,89.0,-1,51.1,SprintSpeed,38.0,6
Manu Trigueros,83,30000000.0,Starter,Manu Trigueros,RCM,João Moutinho,Wolverhampton Wanderers,15000000.0,50.0,-2,54.9,SprintSpeed,65.0,0
João Moutinho,81,15000000.0,Backup,Manu Trigueros,RCM,João Moutinho,Wolverhampton Wanderers,15000000.0,50.0,-2,54.9,SprintSpeed,59.0,0
Manu Trigueros,83,30000000.0,Starter,Manu Trigueros,RCM,João Moutinho,Wolverhampton Wanderers,15000000.0,50.0,-2,54.9,Finishing,71.0,1
João Moutinho,81,15000000.0,Backup,Manu Trigueros,RCM,João Moutinho,Wolverhampton Wanderers,15000000.0,50.0,-2,54.9,Finishing,74.0,1
Manu Trigueros,83,30000000.0,Starter,Manu Trigueros,RCM,João Moutinho,Wolverhampton Wanderers,15000000.0,50.0,-2,54.9,ShortPassing,86.0,2
João Moutinho,81,15000000.0,Backup,Manu Trigueros,RCM,João Moutinho,Wolverhampton Wanderers,15000000.0,50.0,-2,54.9,ShortPassing,83.0,2
Manu Trigueros,83,30000000.0,Starter,Manu Trigueros,RCM,João Moutinho,Wolverhampton Wanderers,15000000.0,50.0,-2,54.9,Dribbling,80.0,3
João Moutinho,81,15000000.0,Backup,Manu Trigueros,RCM,João Moutinho,Wolverhampton Wanderers,15000000.0,50.0,-2,54.9,Dribbling,79.0,3
Manu Trigueros,83,30000000.0,Starter,Manu Trigueros,RCM,João Moutinho,Wolverhampton Wanderers,15000000.0,50.0,-2,54.9,StandingTackle,73.0,4
João Moutinho,81,15000000.0,Backup,Manu Trigueros,RCM,João Moutinho,Wolverhampton Wanderers,15000000.0,50.0,-2,54.9,StandingTackle,72.0,4
Manu Trigueros,83,30000000.0,Starter,Manu Trigueros,RCM,João Moutinho,Wolverhampton Wanderers,15000000.0,50.0,-2,54.9,Strength,63.0,5
João Moutinho,81,15000000.0,Backup,Manu Trigueros,RCM,João Moutinho,Wolverhampton Wanderers,15000000.0,50.0,-2,54.9,Strength,63.0,5
Manu Trigueros,83,30000000.0,Starter,Manu Trigueros,RCM,João Moutinho,Wolverhampton Wanderers,15000000.0,50.0,-2,54.9,SprintSpeed,65.0,6
João Moutinho,81,15000000.0,Backup,Manu Trigueros,RCM,João Moutinho,Wolverhampton Wanderers,15000000.0,50.0,-2,54.9,SprintSpeed,59.0,6
S. Gnabry,83,34500000.0,Starter,S. Gnabry,ST,M. Philipp,Borussia Dortmund,17000000.0,51.0,-4,56.3,SprintSpeed,90.0,0
M. Philipp,79,17000000.0,Backup,S. Gnabry,ST,M. Philipp,Borussia Dortmund,17000000.0,51.0,-4,56.3,SprintSpeed,79.0,0
S. Gnabry,83,34500000.0,Starter,S. Gnabry,ST,M. Philipp,Borussia Dortmund,17000000.0,51.0,-4,56.3,Finishing,81.0,1
M. Philipp,79,17000000.0,Backup,S. Gnabry,ST,M. Philipp,Borussia Dortmund,17000000.0,51.0,-4,56.3,Finishing,81.0,1
S. Gnabry,83,34500000.0,Starter,S. Gnabry,ST,M. Philipp,Borussia Dortmund,17000000.0,51.0,-4,56.3,ShortPassing,79.0,2
M. Philipp,79,17000000.0,Backup,S. Gnabry,ST,M. Philipp,Borussia Dortmund,17000000.0,51.0,-4,56.3,ShortPassing,78.0,2
S. Gnabry,83,34500000.0,Starter,S. Gnabry,ST,M. Philipp,Borussia Dortmund,17000000.0,51.0,-4,56.3,Dribbling,87.0,3
M. Philipp,79,17000000.0,Backup,S. Gnabry,ST,M. Philipp,Borussia Dortmund,17000000.0,51.0,-4,56.3,Dribbling,85.0,3
S. Gnabry,83,34500000.0,Starter,S. Gnabry,ST,M. Philipp,Borussia Dortmund,17000000.0,51.0,-4,56.3,StandingTackle,48.0,4
M. Philipp,79,17000000.0,Backup,S. Gnabry,ST,M. Philipp,Borussia Dortmund,17000000.0,51.0,-4,56.3,StandingTackle,48.0,4
S. Gnabry,83,34500000.0,Starter,S. Gnabry,ST,M. Philipp,Borussia Dortmund,17000000.0,51.0,-4,56.3,Strength,68.0,5
M. Philipp,79,17000000.0,Backup,S. Gnabry,ST,M. Philipp,Borussia Dortmund,17000000.0,51.0,-4,56.3,Strength,68.0,5
S. Gnabry,83,34500000.0,Starter,S. Gnabry,ST,M. Philipp,Borussia Dortmund,17000000.0,51.0,-4,56.3,SprintSpeed,90.0,6
M. Philipp,79,17000000.0,Backup,S. Gnabry,ST,M. Philipp,Borussia Dortmund,17000000.0,51.0,-4,56.3,SprintSpeed,79.0,6
J. Pickford,83,25000000.0,Starter,J. Pickford,GK,M. Ryan,Brighton & Hove Albion,10500000.0,58.0,-4,40.2,SprintSpeed,44.0,0
M. Ryan,79,10500000.0,Backup,J. Pickford,GK,M. Ryan,Brighton & Hove Albion,10500000.0,58.0,-4,40.2,SprintSpeed,52.0,0
J. Pickford,83,25000000.0,Starter,J. Pickford,GK,M. Ryan,Brighton & Hove Albion,10500000.0,58.0,-4,40.2,Finishing,19.0,1
M. Ryan,79,10500000.0,Backup,J. Pickford,GK,M. Ryan,Brighton & Hove Albion,10500000.0,58.0,-4,40.2,Finishing,11.0,1
J. Pickford,83,25000000.0,Starter,J. Pickford,GK,M. Ryan,Brighton & Hove Albion,10500000.0,58.0,-4,40.2,ShortPassing,55.0,2
M. Ryan,79,10500000.0,Backup,J. Pickford,GK,M. Ryan,Brighton & Hove Albion,10500000.0,58.0,-4,40.2,ShortPassing,40.0,2
J. Pickford,83,25000000.0,Starter,J. Pickford,GK,M. Ryan,Brighton & Hove Albion,10500000.0,58.0,-4,40.2,Dribbling,14.0,3
M. Ryan,79,10500000.0,Backup,J. Pickford,GK,M. Ryan,Brighton & Hove Albion,10500000.0,58.0,-4,40.2,Dribbling,13.0,3
J. Pickford,83,25000000.0,Starter,J. Pickford,GK,M. Ryan,Brighton & Hove Albion,10500000.0,58.0,-4,40.2,StandingTackle,20.0,4
M. Ryan,79,10500000.0,Backup,J. Pickford,GK,M. Ryan,Brighton & Hove Albion,10500000.0,58.0,-4,40.2,StandingTackle,20.0,4
J. Pickford,83,25000000.0,Starter,J. Pickford,GK,M. Ryan,Brighton & Hove Albion,10500000.0,58.0,-4,40.2,Strength,70.0,5
M. Ryan,79,10500000.0,Backup,J. Pickford,GK,M. Ryan,Brighton & Hove Albion,10500000.0,58.0,-4,40.2,Strength,68.0,5
J. Pickford,83,25000000.0,Starter,J. Pickford,GK,M. Ryan,Brighton & Hove Albion,10500000.0,58.0,-4,40.2,SprintSpeed,44.0,6
M. Ryan,79,10500000.0,Backup,J. Pickford,GK,M. Ryan,Brighton & Hove Albion,10500000.0,58.0,-4,40.2,SprintSpeed,52.0,6
S. Savić,83,26000000.0,Starter,S. Savić,CB,O. Duarte,RCD Espanyol,5000000.0,81.0,-8,44.4,SprintSpeed,61.0,0
O. Duarte,75,5000000.0,Backup,S. Savić,CB,O. Duarte,RCD Espanyol,5000000.0,81.0,-8,44.4,SprintSpeed,66.0,0
S. Savić,83,26000000.0,Starter,S. Savić,CB,O. Duarte,RCD Espanyol,5000000.0,81.0,-8,44.4,Finishing,34.0,1
O. Duarte,75,5000000.0,Backup,S. Savić,CB,O. Duarte,RCD Espanyol,5000000.0,81.0,-8,44.4,Finishing,26.0,1
S. Savić,83,26000000.0,Starter,S. Savić,CB,O. Duarte,RCD Espanyol,5000000.0,81.0,-8,44.4,ShortPassing,72.0,2
O. Duarte,75,5000000.0,Backup,S. Savić,CB,O. Duarte,RCD Espanyol,5000000.0,81.0,-8,44.4,ShortPassing,70.0,2
S. Savić,83,26000000.0,Starter,S. Savić,CB,O. Duarte,RCD Espanyol,5000000.0,81.0,-8,44.4,Dribbling,47.0,3
O. Duarte,75,5000000.0,Backup,S. Savić,CB,O. Duarte,RCD Espanyol,5000000.0,81.0,-8,44.4,Dribbling,48.0,3
S. Savić,83,26000000.0,Starter,S. Savić,CB,O. Duarte,RCD Espanyol,5000000.0,81.0,-8,44.4,StandingTackle,83.0,4
O. Duarte,75,5000000.0,Backup,S. Savić,CB,O. Duarte,RCD Espanyol,5000000.0,81.0,-8,44.4,StandingTackle,79.0,4
S. Savić,83,26000000.0,Starter,S. Savić,CB,O. Duarte,RCD Espanyol,5000000.0,81.0,-8,44.4,Strength,77.0,5
O. Duarte,75,5000000.0,Backup,S. Savić,CB,O. Duarte,RCD Espanyol,5000000.0,81.0,-8,44.4,Strength,73.0,5
S. Savić,83,26000000.0,Starter,S. Savić,CB,O. Duarte,RCD Espanyol,5000000.0,81.0,-8,44.4,SprintSpeed,61.0,6
O. Duarte,75,5000000.0,Backup,S. Savić,CB,O. Duarte,RCD Espanyol,5000000.0,81.0,-8,44.4,SprintSpeed,66.0,6
J. Stones,83,28500000.0,Starter,J. Stones,RCB,N. Elvedi,Borussia Mönchengladbach,11000000.0,61.0,-6,42.7,SprintSpeed,71.0,0
N. Elvedi,77,11000000.0,Backup,J. Stones,RCB,N. Elvedi,Borussia Mönchengladbach,11000000.0,61.0,-6,42.7,SprintSpeed,77.0,0
J. Stones,83,28500000.0,Starter,J. Stones,RCB,N. Elvedi,Borussia Mönchengladbach,11000000.0,61.0,-6,42.7,Finishing,29.0,1
N. Elvedi,77,11000000.0,Backup,J. Stones,RCB,N. Elvedi,Borussia Mönchengladbach,11000000.0,61.0,-6,42.7,Finishing,30.0,1
J. Stones,83,28500000.0,Starter,J. Stones,RCB,N. Elvedi,Borussia Mönchengladbach,11000000.0,61.0,-6,42.7,ShortPassing,81.0,2
N. Elvedi,77,11000000.0,Backup,J. Stones,RCB,N. Elvedi,Borussia Mönchengladbach,11000000.0,61.0,-6,42.7,ShortPassing,72.0,2
J. Stones,83,28500000.0,Starter,J. Stones,RCB,N. Elvedi,Borussia Mönchengladbach,11000000.0,61.0,-6,42.7,Dribbling,69.0,3
N. Elvedi,77,11000000.0,Backup,J. Stones,RCB,N. Elvedi,Borussia Mönchengladbach,11000000.0,61.0,-6,42.7,Dribbling,69.0,3
J. Stones,83,28500000.0,Starter,J. Stones,RCB,N. Elvedi,Borussia Mönchengladbach,11000000.0,61.0,-6,42.7,StandingTackle,85.0,4
N. Elvedi,77,11000000.0,Backup,J. Stones,RCB,N. Elvedi,Borussia Mönchengladbach,11000000.0,61.0,-6,42.7,StandingTackle,79.0,4
J. Stones,83,28500000.0,Starter,J. Stones,RCB,N. Elvedi,Borussia Mönchengladbach,11000000.0,61.0,-6,42.7,Strength,77.0,5
N. Elvedi,77,11000000.0,Backup,J. Stones,RCB,N. Elvedi,Borussia Mönchengladbach,11000000.0,61.0,-6,42.7,Strength,77.0,5
J. Stones,83,28500000.0,Starter,J. Stones,RCB,N. Elvedi,Borussia Mönchengladbach,11000000.0,61.0,-6,42.7,SprintSpeed,71.0,6
N. Elvedi,77,11000000.0,Backup,J. Stones,RCB,N. Elvedi,Borussia Mönchengladbach,11000000.0,61.0,-6,42.7,SprintSpeed,77.0,6
Suso,83,33000000.0,Starter,Suso,RW,Iago Falqué,Torino,15000000.0,55.0,-3,37.0,SprintSpeed,77.0,0
Iago Falqué,80,15000000.0,Backup,Suso,RW,Iago Falqué,Torino,15000000.0,55.0,-3,37.0,SprintSpeed,76.0,0
Suso,83,33000000.0,Starter,Suso,RW,Iago Falqué,Torino,15000000.0,55.0,-3,37.0,Finishing,70.0,1
Iago Falqué,80,15000000.0,Backup,Suso,RW,Iago Falqué,Torino,15000000.0,55.0,-3,37.0,Finishing,75.0,1
Suso,83,33000000.0,Starter,Suso,RW,Iago Falqué,Torino,15000000.0,55.0,-3,37.0,ShortPassing,86.0,2
Iago Falqué,80,15000000.0,Backup,Suso,RW,Iago Falqué,Torino,15000000.0,55.0,-3,37.0,ShortPassing,82.0,2
Suso,83,33000000.0,Starter,Suso,RW,Iago Falqué,Torino,15000000.0,55.0,-3,37.0,Dribbling,88.0,3
Iago Falqué,80,15000000.0,Backup,Suso,RW,Iago Falqué,Torino,15000000.0,55.0,-3,37.0,Dribbling,84.0,3
Suso,83,33000000.0,Starter,Suso,RW,Iago Falqué,Torino,15000000.0,55.0,-3,37.0,StandingTackle,23.0,4
Iago Falqué,80,15000000.0,Backup,Suso,RW,Iago Falqué,Torino,15000000.0,55.0,-3,37.0,StandingTackle,36.0,4
Suso,83,33000000.0,Starter,Suso,RW,Iago Falqué,Torino,15000000.0,55.0,-3,37.0,Strength,56.0,5
Iago Falqué,80,15000000.0,Backup,Suso,RW,Iago Falqué,Torino,15000000.0,55.0,-3,37.0,Strength,53.0,5
Suso,83,33000000.0,Starter,Suso,RW,Iago Falqué,Torino,15000000.0,55.0,-3,37.0,SprintSpeed,77.0,6
Iago Falqué,80,15000000.0,Backup,Suso,RW,Iago Falqué,Torino,15000000.0,55.0,-3,37.0,SprintSpeed,76.0,6
J. Draxler,83,32500000.0,Starter,J. Draxler,CM,Denis Suárez,FC Barcelona,17500000.0,46.0,-4,23.6,SprintSpeed,77.0,0
Denis Suárez,79,17500000.0,Backup,J. Draxler,CM,Denis Suárez,FC Barcelona,17500000.0,46.0,-4,23.6,SprintSpeed,77.0,0
J. Draxler,83,32500000.0,Starter,J. Draxler,CM,Denis Suárez,FC Barcelona,17500000.0,46.0,-4,23.6,Finishing,78.0,1
Denis Suárez,79,17500000.0,Backup,J. Draxler,CM,Denis Suárez,FC Barcelona,17500000.0,46.0,-4,23.6,Finishing,72.0,1
J. Draxler,83,32500000.0,Starter,J. Draxler,CM,Denis Suárez,FC Barcelona,17500000.0,46.0,-4,23.6,ShortPassing,84.0,2
Denis Suárez,79,17500000.0,Backup,J. Draxler,CM,Denis Suárez,FC Barcelona,17500000.0,46.0,-4,23.6,ShortPassing,82.0,2
J. Draxler,83,32500000.0,Starter,J. Draxler,CM,Denis Suárez,FC Barcelona,17500000.0,46.0,-4,23.6,Dribbling,88.0,3
Denis Suárez,79,17500000.0,Backup,J. Draxler,CM,Denis Suárez,FC Barcelona,17500000.0,46.0,-4,23.6,Dribbling,83.0,3
J. Draxler,83,32500000.0,Starter,J. Draxler,CM,Denis Suárez,FC Barcelona,17500000.0,46.0,-4,23.6,StandingTackle,64.0,4
Denis Suárez,79,17500000.0,Backup,J. Draxler,CM,Denis Suárez,FC Barcelona,17500000.0,46.0,-4,23.6,StandingTackle,59.0,4
J. Draxler,83,32500000.0,Starter,J. Draxler,CM,Denis Suárez,FC Barcelona,17500000.0,46.0,-4,23.6,Strength,66.0,5
Denis Suárez,79,17500000.0,Backup,J. Draxler,CM,Denis Suárez,FC Barcelona,17500000.0,46.0,-4,23.6,Strength,57.0,5
J. Draxler,83,32500000.0,Starter,J. Draxler,CM,Denis Suárez,FC Barcelona,17500000.0,46.0,-4,23.6,SprintSpeed,77.0,6
Denis Suárez,79,17500000.0,Backup,J. Draxler,CM,Denis Suárez,FC Barcelona,17500000.0,46.0,-4,23.6,SprintSpeed,77.0,6
Felipe Anderson,83,31500000.0,Starter,Felipe Anderson,LM,Jony,Deportivo Alavés,9500000.0,70.0,-6,26.5,SprintSpeed,89.0,0
Jony,77,9500000.0,Backup,Felipe Anderson,LM,Jony,Deportivo Alavés,9500000.0,70.0,-6,26.5,SprintSpeed,85.0,0
Felipe Anderson,83,31500000.0,Starter,Felipe Anderson,LM,Jony,Deportivo Alavés,9500000.0,70.0,-6,26.5,Finishing,71.0,1
Jony,77,9500000.0,Backup,Felipe Anderson,LM,Jony,Deportivo Alavés,9500000.0,70.0,-6,26.5,Finishing,70.0,1
Felipe Anderson,83,31500000.0,Starter,Felipe Anderson,LM,Jony,Deportivo Alavés,9500000.0,70.0,-6,26.5,ShortPassing,80.0,2
Jony,77,9500000.0,Backup,Felipe Anderson,LM,Jony,Deportivo Alavés,9500000.0,70.0,-6,26.5,ShortPassing,76.0,2
Felipe Anderson,83,31500000.0,Starter,Felipe Anderson,LM,Jony,Deportivo Alavés,9500000.0,70.0,-6,26.5,Dribbling,90.0,3
Jony,77,9500000.0,Backup,Felipe Anderson,LM,Jony,Deportivo Alavés,9500000.0,70.0,-6,26.5,Dribbling,74.0,3
Felipe Anderson,83,31500000.0,Starter,Felipe Anderson,LM,Jony,Deportivo Alavés,9500000.0,70.0,-6,26.5,StandingTackle,60.0,4
Jony,77,9500000.0,Backup,Felipe Anderson,LM,Jony,Deportivo Alavés,9500000.0,70.0,-6,26.5,StandingTackle,51.0,4
Felipe Anderson,83,31500000.0,Starter,Felipe Anderson,LM,Jony,Deportivo Alavés,9500000.0,70.0,-6,26.5,Strength,53.0,5
Jony,77,9500000.0,Backup,Felipe Anderson,LM,Jony,Deportivo Alavés,9500000.0,70.0,-6,26.5,Strength,69.0,5
Felipe Anderson,83,31500000.0,Starter,Felipe Anderson,LM,Jony,Deportivo Alavés,9500000.0,70.0,-6,26.5,SprintSpeed,89.0,6
Jony,77,9500000.0,Backup,Felipe Anderson,LM,Jony,Deportivo Alavés,9500000.0,70.0,-6,26.5,SprintSpeed,85.0,6
Lucas Moura,83,31000000.0,Starter,Lucas Moura,RM,Marlos,Shakhtar Donetsk,21000000.0,32.0,-1,48.4,SprintSpeed,90.0,0
Marlos,82,21000000.0,Backup,Lucas Moura,RM,Marlos,Shakhtar Donetsk,21000000.0,32.0,-1,48.4,SprintSpeed,82.0,0
Lucas Moura,83,31000000.0,Starter,Lucas Moura,RM,Marlos,Shakhtar Donetsk,21000000.0,32.0,-1,48.4,Finishing,78.0,1
Marlos,82,21000000.0,Backup,Lucas Moura,RM,Marlos,Shakhtar Donetsk,21000000.0,32.0,-1,48.4,Finishing,79.0,1
Lucas Moura,83,31000000.0,Starter,Lucas Moura,RM,Marlos,Shakhtar Donetsk,21000000.0,32.0,-1,48.4,ShortPassing,77.0,2
Marlos,82,21000000.0,Backup,Lucas Moura,RM,Marlos,Shakhtar Donetsk,21000000.0,32.0,-1,48.4,ShortPassing,81.0,2
Lucas Moura,83,31000000.0,Starter,Lucas Moura,RM,Marlos,Shakhtar Donetsk,21000000.0,32.0,-1,48.4,Dribbling,88.0,3
Marlos,82,21000000.0,Backup,Lucas Moura,RM,Marlos,Shakhtar Donetsk,21000000.0,32.0,-1,48.4,Dribbling,87.0,3
Lucas Moura,83,31000000.0,Starter,Lucas Moura,RM,Marlos,Shakhtar Donetsk,21000000.0,32.0,-1,48.4,StandingTackle,43.0,4
Marlos,82,21000000.0,Backup,Lucas Moura,RM,Marlos,Shakhtar Donetsk,21000000.0,32.0,-1,48.4,StandingTackle,49.0,4
Lucas Moura,83,31000000.0,Starter,Lucas Moura,RM,Marlos,Shakhtar Donetsk,21000000.0,32.0,-1,48.4,Strength,59.0,5
Marlos,82,21000000.0,Backup,Lucas Moura,RM,Marlos,Shakhtar Donetsk,21000000.0,32.0,-1,48.4,Strength,62.0,5
Lucas Moura,83,31000000.0,Starter,Lucas Moura,RM,Marlos,Shakhtar Donetsk,21000000.0,32.0,-1,48.4,SprintSpeed,90.0,6
Marlos,82,21000000.0,Backup,Lucas Moura,RM,Marlos,Shakhtar Donetsk,21000000.0,32.0,-1,48.4,SprintSpeed,82.0,6
Danilo Pereira,83,27000000.0,Starter,Danilo Pereira,CDM,J. Guilavogui,VfL Wolfsburg,12000000.0,56.0,-4,51.7,SprintSpeed,68.0,0
J. Guilavogui,79,12000000.0,Backup,Danilo Pereira,CDM,J. Guilavogui,VfL Wolfsburg,12000000.0,56.0,-4,51.7,SprintSpeed,72.0,0
Danilo Pereira,83,27000000.0,Starter,Danilo Pereira,CDM,J. Guilavogui,VfL Wolfsburg,12000000.0,56.0,-4,51.7,Finishing,61.0,1
J. Guilavogui,79,12000000.0,Backup,Danilo Pereira,CDM,J. Guilavogui,VfL Wolfsburg,12000000.0,56.0,-4,51.7,Finishing,49.0,1
Danilo Pereira,83,27000000.0,Starter,Danilo Pereira,CDM,J. Guilavogui,VfL Wolfsburg,12000000.0,56.0,-4,51.7,ShortPassing,82.0,2
J. Guilavogui,79,12000000.0,Backup,Danilo Pereira,CDM,J. Guilavogui,VfL Wolfsburg,12000000.0,56.0,-4,51.7,ShortPassing,78.0,2
Danilo Pereira,83,27000000.0,Starter,Danilo Pereira,CDM,J. Guilavogui,VfL Wolfsburg,12000000.0,56.0,-4,51.7,Dribbling,76.0,3
J. Guilavogui,79,12000000.0,Backup,Danilo Pereira,CDM,J. Guilavogui,VfL Wolfsburg,12000000.0,56.0,-4,51.7,Dribbling,67.0,3
Danilo Pereira,83,27000000.0,Starter,Danilo Pereira,CDM,J. Guilavogui,VfL Wolfsburg,12000000.0,56.0,-4,51.7,StandingTackle,84.0,4
J. Guilavogui,79,12000000.0,Backup,Danilo Pereira,CDM,J. Guilavogui,VfL Wolfsburg,12000000.0,56.0,-4,51.7,StandingTackle,79.0,4
Danilo Pereira,83,27000000.0,Starter,Danilo Pereira,CDM,J. Guilavogui,VfL Wolfsburg,12000000.0,56.0,-4,51.7,Strength,89.0,5
J. Guilavogui,79,12000000.0,Backup,Danilo Pereira,CDM,J. Guilavogui,VfL Wolfsburg,12000000.0,56.0,-4,51.7,Strength,82.0,5
Danilo Pereira,83,27000000.0,Starter,Danilo Pereira,CDM,J. Guilavogui,VfL Wolfsburg,12000000.0,56.0,-4,51.7,SprintSpeed,68.0,6
J. Guilavogui,79,12000000.0,Backup,Danilo Pereira,CDM,J. Guilavogui,VfL Wolfsburg,12000000.0,56.0,-4,51.7,SprintSpeed,72.0,6
Nacho Fernández,83,24500000.0,Starter,Nacho Fernández,CB,O. Toprak,Borussia Dortmund,16000000.0,35.0,-2,44.4,SprintSpeed,79.0,0
O. Toprak,81,16000000.0,Backup,Nacho Fernández,CB,O. Toprak,Borussia Dortmund,16000000.0,35.0,-2,44.4,SprintSpeed,83.0,0
Nacho Fernández,83,24500000.0,Starter,Nacho Fernández,CB,O. Toprak,Borussia Dortmund,16000000.0,35.0,-2,44.4,Finishing,32.0,1
O. Toprak,81,16000000.0,Backup,Nacho Fernández,CB,O. Toprak,Borussia Dortmund,16000000.0,35.0,-2,44.4,Finishing,28.0,1
Nacho Fernández,83,24500000.0,Starter,Nacho Fernández,CB,O. Toprak,Borussia Dortmund,16000000.0,35.0,-2,44.4,ShortPassing,80.0,2
O. Toprak,81,16000000.0,Backup,Nacho Fernández,CB,O. Toprak,Borussia Dortmund,16000000.0,35.0,-2,44.4,ShortPassing,75.0,2
Nacho Fernández,83,24500000.0,Starter,Nacho Fernández,CB,O. Toprak,Borussia Dortmund,16000000.0,35.0,-2,44.4,Dribbling,55.0,3
O. Toprak,81,16000000.0,Backup,Nacho Fernández,CB,O. Toprak,Borussia Dortmund,16000000.0,35.0,-2,44.4,Dribbling,63.0,3
Nacho Fernández,83,24500000.0,Starter,Nacho Fernández,CB,O. Toprak,Borussia Dortmund,16000000.0,35.0,-2,44.4,StandingTackle,86.0,4
O. Toprak,81,16000000.0,Backup,Nacho Fernández,CB,O. Toprak,Borussia Dortmund,16000000.0,35.0,-2,44.4,StandingTackle,83.0,4
Nacho Fernández,83,24500000.0,Starter,Nacho Fernández,CB,O. Toprak,Borussia Dortmund,16000000.0,35.0,-2,44.4,Strength,79.0,5
O. Toprak,81,16000000.0,Backup,Nacho Fernández,CB,O. Toprak,Borussia Dortmund,16000000.0,35.0,-2,44.4,Strength,78.0,5
Nacho Fernández,83,24500000.0,Starter,Nacho Fernández,CB,O. Toprak,Borussia Dortmund,16000000.0,35.0,-2,44.4,SprintSpeed,79.0,6
O. Toprak,81,16000000.0,Backup,Nacho Fernández,CB,O. Toprak,Borussia Dortmund,16000000.0,35.0,-2,44.4,SprintSpeed,83.0,6
T. Horn,83,24000000.0,Starter,T. Horn,GK,José Sá,Olympiacos CFP,8500000.0,65.0,-6,49.3,SprintSpeed,51.0,0
José Sá,77,8500000.0,Backup,T. Horn,GK,José Sá,Olympiacos CFP,8500000.0,65.0,-6,49.3,SprintSpeed,48.0,0
T. Horn,83,24000000.0,Starter,T. Horn,GK,José Sá,Olympiacos CFP,8500000.0,65.0,-6,49.3,Finishing,13.0,1
José Sá,77,8500000.0,Backup,T. Horn,GK,José Sá,Olympiacos CFP,8500000.0,65.0,-6,49.3,Finishing,15.0,1
T. Horn,83,24000000.0,Starter,T. Horn,GK,José Sá,Olympiacos CFP,8500000.0,65.0,-6,49.3,ShortPassing,35.0,2
José Sá,77,8500000.0,Backup,T. Horn,GK,José Sá,Olympiacos CFP,8500000.0,65.0,-6,49.3,ShortPassing,30.0,2
T. Horn,83,24000000.0,Starter,T. Horn,GK,José Sá,Olympiacos CFP,8500000.0,65.0,-6,49.3,Dribbling,20.0,3
José Sá,77,8500000.0,Backup,T. Horn,GK,José Sá,Olympiacos CFP,8500000.0,65.0,-6,49.3,Dribbling,17.0,3
T. Horn,83,24000000.0,Starter,T. Horn,GK,José Sá,Olympiacos CFP,8500000.0,65.0,-6,49.3,StandingTackle,13.0,4
José Sá,77,8500000.0,Backup,T. Horn,GK,José Sá,Olympiacos CFP,8500000.0,65.0,-6,49.3,StandingTackle,19.0,4
T. Horn,83,24000000.0,Starter,T. Horn,GK,José Sá,Olympiacos CFP,8500000.0,65.0,-6,49.3,Strength,67.0,5
José Sá,77,8500000.0,Backup,T. Horn,GK,José Sá,Olympiacos CFP,8500000.0,65.0,-6,49.3,Strength,72.0,5
T. Horn,83,24000000.0,Starter,T. Horn,GK,José Sá,Olympiacos CFP,8500000.0,65.0,-6,49.3,SprintSpeed,51.0,6
José Sá,77,8500000.0,Backup,T. Horn,GK,José Sá,Olympiacos CFP,8500000.0,65.0,-6,49.3,SprintSpeed,48.0,6
Allan,83,26500000.0,Starter,Allan,RCM,N. Nández,Boca Juniors,11500000.0,57.0,-7,30.3,SprintSpeed,74.0,0
N. Nández,76,11500000.0,Backup,Allan,RCM,N. Nández,Boca Juniors,11500000.0,57.0,-7,30.3,SprintSpeed,78.0,0
Allan,83,26500000.0,Starter,Allan,RCM,N. Nández,Boca Juniors,11500000.0,57.0,-7,30.3,Finishing,72.0,1
N. Nández,76,11500000.0,Backup,Allan,RCM,N. Nández,Boca Juniors,11500000.0,57.0,-7,30.3,Finishing,66.0,1
Allan,83,26500000.0,Starter,Allan,RCM,N. Nández,Boca Juniors,11500000.0,57.0,-7,30.3,ShortPassing,85.0,2
N. Nández,76,11500000.0,Backup,Allan,RCM,N. Nández,Boca Juniors,11500000.0,57.0,-7,30.3,ShortPassing,76.0,2
Allan,83,26500000.0,Starter,Allan,RCM,N. Nández,Boca Juniors,11500000.0,57.0,-7,30.3,Dribbling,82.0,3
N. Nández,76,11500000.0,Backup,Allan,RCM,N. Nández,Boca Juniors,11500000.0,57.0,-7,30.3,Dribbling,74.0,3
Allan,83,26500000.0,Starter,Allan,RCM,N. Nández,Boca Juniors,11500000.0,57.0,-7,30.3,StandingTackle,85.0,4
N. Nández,76,11500000.0,Backup,Allan,RCM,N. Nández,Boca Juniors,11500000.0,57.0,-7,30.3,StandingTackle,76.0,4
Allan,83,26500000.0,Starter,Allan,RCM,N. Nández,Boca Juniors,11500000.0,57.0,-7,30.3,Strength,77.0,5
N. Nández,76,11500000.0,Backup,Allan,RCM,N. Nández,Boca Juniors,11500000.0,57.0,-7,30.3,Strength,82.0,5
Allan,83,26500000.0,Starter,Allan,RCM,N. Nández,Boca Juniors,11500000.0,57.0,-7,30.3,SprintSpeed,74.0,6
N. Nández,76,11500000.0,Backup,Allan,RCM,N. Nández,Boca Juniors,11500000.0,57.0,-7,30.3,SprintSpeed,78.0,6
F. Acerbi,83,19000000.0,Starter,F. Acerbi,CB,K. Mbodji,FC Nantes,7000000.0,63.0,-6,1.4,SprintSpeed,55.0,0
K. Mbodji,77,7000000.0,Backup,F. Acerbi,CB,K. Mbodji,FC Nantes,7000000.0,63.0,-6,1.4,SprintSpeed,69.0,0
F. Acerbi,83,19000000.0,Starter,F. Acerbi,CB,K. Mbodji,FC Nantes,7000000.0,63.0,-6,1.4,Finishing,37.0,1
K. Mbodji,77,7000000.0,Backup,F. Acerbi,CB,K. Mbodji,FC Nantes,7000000.0,63.0,-6,1.4,Finishing,45.0,1
F. Acerbi,83,19000000.0,Starter,F. Acerbi,CB,K. Mbodji,FC Nantes,7000000.0,63.0,-6,1.4,ShortPassing,73.0,2
K. Mbodji,77,7000000.0,Backup,F. Acerbi,CB,K. Mbodji,FC Nantes,7000000.0,63.0,-6,1.4,ShortPassing,61.0,2
F. Acerbi,83,19000000.0,Starter,F. Acerbi,CB,K. Mbodji,FC Nantes,7000000.0,63.0,-6,1.4,Dribbling,65.0,3
K. Mbodji,77,7000000.0,Backup,F. Acerbi,CB,K. Mbodji,FC Nantes,7000000.0,63.0,-6,1.4,Dribbling,61.0,3
F. Acerbi,83,19000000.0,Starter,F. Acerbi,CB,K. Mbodji,FC Nantes,7000000.0,63.0,-6,1.4,StandingTackle,87.0,4
K. Mbodji,77,7000000.0,Backup,F. Acerbi,CB,K. Mbodji,FC Nantes,7000000.0,63.0,-6,1.4,StandingTackle,78.0,4
F. Acerbi,83,19000000.0,Starter,F. Acerbi,CB,K. Mbodji,FC Nantes,7000000.0,63.0,-6,1.4,Strength,83.0,5
K. Mbodji,77,7000000.0,Backup,F. Acerbi,CB,K. Mbodji,FC Nantes,7000000.0,63.0,-6,1.4,Strength,94.0,5
F. Acerbi,83,19000000.0,Starter,F. Acerbi,CB,K. Mbodji,FC Nantes,7000000.0,63.0,-6,1.4,SprintSpeed,55.0,6
K. Mbodji,77,7000000.0,Backup,F. Acerbi,CB,K. Mbodji,FC Nantes,7000000.0,63.0,-6,1.4,SprintSpeed,69.0,6
Sergi Roberto,83,26500000.0,Starter,Sergi Roberto,RB,M. Weiser,Bayer 04 Leverkusen,10000000.0,62.0,-6,39.9,SprintSpeed,79.0,0
M. Weiser,77,10000000.0,Backup,Sergi Roberto,RB,M. Weiser,Bayer 04 Leverkusen,10000000.0,62.0,-6,39.9,SprintSpeed,77.0,0
Sergi Roberto,83,26500000.0,Starter,Sergi Roberto,RB,M. Weiser,Bayer 04 Leverkusen,10000000.0,62.0,-6,39.9,Finishing,63.0,1
M. Weiser,77,10000000.0,Backup,Sergi Roberto,RB,M. Weiser,Bayer 04 Leverkusen,10000000.0,62.0,-6,39.9,Finishing,63.0,1
Sergi Roberto,83,26500000.0,Starter,Sergi Roberto,RB,M. Weiser,Bayer 04 Leverkusen,10000000.0,62.0,-6,39.9,ShortPassing,86.0,2
M. Weiser,77,10000000.0,Backup,Sergi Roberto,RB,M. Weiser,Bayer 04 Leverkusen,10000000.0,62.0,-6,39.9,ShortPassing,79.0,2
Sergi Roberto,83,26500000.0,Starter,Sergi Roberto,RB,M. Weiser,Bayer 04 Leverkusen,10000000.0,62.0,-6,39.9,Dribbling,78.0,3
M. Weiser,77,10000000.0,Backup,Sergi Roberto,RB,M. Weiser,Bayer 04 Leverkusen,10000000.0,62.0,-6,39.9,Dribbling,85.0,3
Sergi Roberto,83,26500000.0,Starter,Sergi Roberto,RB,M. Weiser,Bayer 04 Leverkusen,10000000.0,62.0,-6,39.9,StandingTackle,83.0,4
M. Weiser,77,10000000.0,Backup,Sergi Roberto,RB,M. Weiser,Bayer 04 Leverkusen,10000000.0,62.0,-6,39.9,StandingTackle,74.0,4
Sergi Roberto,83,26500000.0,Starter,Sergi Roberto,RB,M. Weiser,Bayer 04 Leverkusen,10000000.0,62.0,-6,39.9,Strength,69.0,5
M. Weiser,77,10000000.0,Backup,Sergi Roberto,RB,M. Weiser,Bayer 04 Leverkusen,10000000.0,62.0,-6,39.9,Strength,64.0,5
Sergi Roberto,83,26500000.0,Starter,Sergi Roberto,RB,M. Weiser,Bayer 04 Leverkusen,10000000.0,62.0,-6,39.9,SprintSpeed,79.0,6
M. Weiser,77,10000000.0,Backup,Sergi Roberto,RB,M. Weiser,Bayer 04 Leverkusen,10000000.0,62.0,-6,39.9,SprintSpeed,77.0,6
Rodrigo,83,30500000.0,Starter,Rodrigo,ST,K. Gameiro,Valencia CF,13500000.0,56.0,-3,55.0,SprintSpeed,91.0,0
K. Gameiro,80,13500000.0,Backup,Rodrigo,ST,K. Gameiro,Valencia CF,13500000.0,56.0,-3,55.0,SprintSpeed,85.0,0
Rodrigo,83,30500000.0,Starter,Rodrigo,ST,K. Gameiro,Valencia CF,13500000.0,56.0,-3,55.0,Finishing,78.0,1
K. Gameiro,80,13500000.0,Backup,Rodrigo,ST,K. Gameiro,Valencia CF,13500000.0,56.0,-3,55.0,Finishing,78.0,1
Rodrigo,83,30500000.0,Starter,Rodrigo,ST,K. Gameiro,Valencia CF,13500000.0,56.0,-3,55.0,ShortPassing,78.0,2
K. Gameiro,80,13500000.0,Backup,Rodrigo,ST,K. Gameiro,Valencia CF,13500000.0,56.0,-3,55.0,ShortPassing,79.0,2
Rodrigo,83,30500000.0,Starter,Rodrigo,ST,K. Gameiro,Valencia CF,13500000.0,56.0,-3,55.0,Dribbling,82.0,3
K. Gameiro,80,13500000.0,Backup,Rodrigo,ST,K. Gameiro,Valencia CF,13500000.0,56.0,-3,55.0,Dribbling,75.0,3
Rodrigo,83,30500000.0,Starter,Rodrigo,ST,K. Gameiro,Valencia CF,13500000.0,56.0,-3,55.0,StandingTackle,41.0,4
K. Gameiro,80,13500000.0,Backup,Rodrigo,ST,K. Gameiro,Valencia CF,13500000.0,56.0,-3,55.0,StandingTackle,33.0,4
Rodrigo,83,30500000.0,Starter,Rodrigo,ST,K. Gameiro,Valencia CF,13500000.0,56.0,-3,55.0,Strength,72.0,5
K. Gameiro,80,13500000.0,Backup,Rodrigo,ST,K. Gameiro,Valencia CF,13500000.0,56.0,-3,55.0,Strength,64.0,5
Rodrigo,83,30500000.0,Starter,Rodrigo,ST,K. Gameiro,Valencia CF,13500000.0,56.0,-3,55.0,SprintSpeed,91.0,6
K. Gameiro,80,13500000.0,Backup,Rodrigo,ST,K. Gameiro,Valencia CF,13500000.0,56.0,-3,55.0,SprintSpeed,85.0,6
Pizzi,83,25500000.0,Starter,Pizzi,LCM,E. Bardhi,Levante UD,12000000.0,53.0,-6,37.5,SprintSpeed,73.0,0
E. Bardhi,77,12000000.0,Backup,Pizzi,LCM,E. Bardhi,Levante UD,12000000.0,53.0,-6,37.5,SprintSpeed,66.0,0
Pizzi,83,25500000.0,Starter,Pizzi,LCM,E. Bardhi,Levante UD,12000000.0,53.0,-6,37.5,Finishing,76.0,1
E. Bardhi,77,12000000.0,Backup,Pizzi,LCM,E. Bardhi,Levante UD,12000000.0,53.0,-6,37.5,Finishing,78.0,1
Pizzi,83,25500000.0,Starter,Pizzi,LCM,E. Bardhi,Levante UD,12000000.0,53.0,-6,37.5,ShortPassing,83.0,2
E. Bardhi,77,12000000.0,Backup,Pizzi,LCM,E. Bardhi,Levante UD,12000000.0,53.0,-6,37.5,ShortPassing,79.0,2
Pizzi,83,25500000.0,Starter,Pizzi,LCM,E. Bardhi,Levante UD,12000000.0,53.0,-6,37.5,Dribbling,80.0,3
E. Bardhi,77,12000000.0,Backup,Pizzi,LCM,E. Bardhi,Levante UD,12000000.0,53.0,-6,37.5,Dribbling,79.0,3
Pizzi,83,25500000.0,Starter,Pizzi,LCM,E. Bardhi,Levante UD,12000000.0,53.0,-6,37.5,StandingTackle,66.0,4
E. Bardhi,77,12000000.0,Backup,Pizzi,LCM,E. Bardhi,Levante UD,12000000.0,53.0,-6,37.5,StandingTackle,67.0,4
Pizzi,83,25500000.0,Starter,Pizzi,LCM,E. Bardhi,Levante UD,12000000.0,53.0,-6,37.5,Strength,59.0,5
E. Bardhi,77,12000000.0,Backup,Pizzi,LCM,E. Bardhi,Levante UD,12000000.0,53.0,-6,37.5,Strength,49.0,5
Pizzi,83,25500000.0,Starter,Pizzi,LCM,E. Bardhi,Levante UD,12000000.0,53.0,-6,37.5,SprintSpeed,73.0,6
E. Bardhi,77,12000000.0,Backup,Pizzi,LCM,E. Bardhi,Levante UD,12000000.0,53.0,-6,37.5,SprintSpeed,66.0,6
K. Kampl,83,26500000.0,Starter,K. Kampl,LCM,J. dos Santos,LA Galaxy,9000000.0,66.0,-6,34.2,SprintSpeed,71.0,0
J. dos Santos,77,9000000.0,Backup,K. Kampl,LCM,J. dos Santos,LA Galaxy,9000000.0,66.0,-6,34.2,SprintSpeed,68.0,0
K. Kampl,83,26500000.0,Starter,K. Kampl,LCM,J. dos Santos,LA Galaxy,9000000.0,66.0,-6,34.2,Finishing,63.0,1
J. dos Santos,77,9000000.0,Backup,K. Kampl,LCM,J. dos Santos,LA Galaxy,9000000.0,66.0,-6,34.2,Finishing,61.0,1
K. Kampl,83,26500000.0,Starter,K. Kampl,LCM,J. dos Santos,LA Galaxy,9000000.0,66.0,-6,34.2,ShortPassing,84.0,2
J. dos Santos,77,9000000.0,Backup,K. Kampl,LCM,J. dos Santos,LA Galaxy,9000000.0,66.0,-6,34.2,ShortPassing,81.0,2
K. Kampl,83,26500000.0,Starter,K. Kampl,LCM,J. dos Santos,LA Galaxy,9000000.0,66.0,-6,34.2,Dribbling,86.0,3
J. dos Santos,77,9000000.0,Backup,K. Kampl,LCM,J. dos Santos,LA Galaxy,9000000.0,66.0,-6,34.2,Dribbling,78.0,3
K. Kampl,83,26500000.0,Starter,K. Kampl,LCM,J. dos Santos,LA Galaxy,9000000.0,66.0,-6,34.2,StandingTackle,64.0,4
J. dos Santos,77,9000000.0,Backup,K. Kampl,LCM,J. dos Santos,LA Galaxy,9000000.0,66.0,-6,34.2,StandingTackle,69.0,4
K. Kampl,83,26500000.0,Starter,K. Kampl,LCM,J. dos Santos,LA Galaxy,9000000.0,66.0,-6,34.2,Strength,47.0,5
J. dos Santos,77,9000000.0,Backup,K. Kampl,LCM,J. dos Santos,LA Galaxy,9000000.0,66.0,-6,34.2,Strength,65.0,5
K. Kampl,83,26500000.0,Starter,K. Kampl,LCM,J. dos Santos,LA Galaxy,9000000.0,66.0,-6,34.2,SprintSpeed,71.0,6
J. dos Santos,77,9000000.0,Backup,K. Kampl,LCM,J. dos Santos,LA Galaxy,9000000.0,66.0,-6,34.2,SprintSpeed,68.0,6
Neto,83,21000000.0,Starter,Neto,GK,F. Marchetti,Genoa,2100000.0,90.0,-6,68.5,SprintSpeed,49.0,0
F. Marchetti,77,2100000.0,Backup,Neto,GK,F. Marchetti,Genoa,2100000.0,90.0,-6,68.5,SprintSpeed,50.0,0
Neto,83,21000000.0,Starter,Neto,GK,F. Marchetti,Genoa,2100000.0,90.0,-6,68.5,Finishing,15.0,1
F. Marchetti,77,2100000.0,Backup,Neto,GK,F. Marchetti,Genoa,2100000.0,90.0,-6,68.5,Finishing,17.0,1
Neto,83,21000000.0,Starter,Neto,GK,F. Marchetti,Genoa,2100000.0,90.0,-6,68.5,ShortPassing,36.0,2
F. Marchetti,77,2100000.0,Backup,Neto,GK,F. Marchetti,Genoa,2100000.0,90.0,-6,68.5,ShortPassing,36.0,2
Neto,83,21000000.0,Starter,Neto,GK,F. Marchetti,Genoa,2100000.0,90.0,-6,68.5,Dribbling,19.0,3
F. Marchetti,77,2100000.0,Backup,Neto,GK,F. Marchetti,Genoa,2100000.0,90.0,-6,68.5,Dribbling,11.0,3
Neto,83,21000000.0,Starter,Neto,GK,F. Marchetti,Genoa,2100000.0,90.0,-6,68.5,StandingTackle,14.0,4
F. Marchetti,77,2100000.0,Backup,Neto,GK,F. Marchetti,Genoa,2100000.0,90.0,-6,68.5,StandingTackle,12.0,4
Neto,83,21000000.0,Starter,Neto,GK,F. Marchetti,Genoa,2100000.0,90.0,-6,68.5,Strength,63.0,5
F. Marchetti,77,2100000.0,Backup,Neto,GK,F. Marchetti,Genoa,2100000.0,90.0,-6,68.5,Strength,62.0,5
Neto,83,21000000.0,Starter,Neto,GK,F. Marchetti,Genoa,2100000.0,90.0,-6,68.5,SprintSpeed,49.0,6
F. Marchetti,77,2100000.0,Backup,Neto,GK,F. Marchetti,Genoa,2100000.0,90.0,-6,68.5,SprintSpeed,50.0,6
O. Baumann,83,21000000.0,Starter,O. Baumann,GK,R. Özcan,Bayer 04 Leverkusen,2700000.0,87.0,-8,67.0,SprintSpeed,51.0,0
R. Özcan,75,2700000.0,Backup,O. Baumann,GK,R. Özcan,Bayer 04 Leverkusen,2700000.0,87.0,-8,67.0,SprintSpeed,51.0,0
O. Baumann,83,21000000.0,Starter,O. Baumann,GK,R. Özcan,Bayer 04 Leverkusen,2700000.0,87.0,-8,67.0,Finishing,11.0,1
R. Özcan,75,2700000.0,Backup,O. Baumann,GK,R. Özcan,Bayer 04 Leverkusen,2700000.0,87.0,-8,67.0,Finishing,14.0,1
O. Baumann,83,21000000.0,Starter,O. Baumann,GK,R. Özcan,Bayer 04 Leverkusen,2700000.0,87.0,-8,67.0,ShortPassing,30.0,2
R. Özcan,75,2700000.0,Backup,O. Baumann,GK,R. Özcan,Bayer 04 Leverkusen,2700000.0,87.0,-8,67.0,ShortPassing,34.0,2
O. Baumann,83,21000000.0,Starter,O. Baumann,GK,R. Özcan,Bayer 04 Leverkusen,2700000.0,87.0,-8,67.0,Dribbling,19.0,3
R. Özcan,75,2700000.0,Backup,O. Baumann,GK,R. Özcan,Bayer 04 Leverkusen,2700000.0,87.0,-8,67.0,Dribbling,13.0,3
O. Baumann,83,21000000.0,Starter,O. Baumann,GK,R. Özcan,Bayer 04 Leverkusen,2700000.0,87.0,-8,67.0,StandingTackle,18.0,4
R. Özcan,75,2700000.0,Backup,O. Baumann,GK,R. Özcan,Bayer 04 Leverkusen,2700000.0,87.0,-8,67.0,StandingTackle,14.0,4
O. Baumann,83,21000000.0,Starter,O. Baumann,GK,R. Özcan,Bayer 04 Leverkusen,2700000.0,87.0,-8,67.0,Strength,69.0,5
R. Özcan,75,2700000.0,Backup,O. Baumann,GK,R. Özcan,Bayer 04 Leverkusen,2700000.0,87.0,-8,67.0,Strength,72.0,5
O. Baumann,83,21000000.0,Starter,O. Baumann,GK,R. Özcan,Bayer 04 Leverkusen,2700000.0,87.0,-8,67.0,SprintSpeed,51.0,6
R. Özcan,75,2700000.0,Backup,O. Baumann,GK,R. Özcan,Bayer 04 Leverkusen,2700000.0,87.0,-8,67.0,SprintSpeed,51.0,6
I. Gueye,83,21000000.0,Starter,I. Gueye,RDM,L. Tousart,Olympique Lyonnais,14500000.0,31.0,-4,32.6,SprintSpeed,72.0,0
L. Tousart,79,14500000.0,Backup,I. Gueye,RDM,L. Tousart,Olympique Lyonnais,14500000.0,31.0,-4,32.6,SprintSpeed,69.0,0
I. Gueye,83,21000000.0,Starter,I. Gueye,RDM,L. Tousart,Olympique Lyonnais,14500000.0,31.0,-4,32.6,Finishing,50.0,1
L. Tousart,79,14500000.0,Backup,I. Gueye,RDM,L. Tousart,Olympique Lyonnais,14500000.0,31.0,-4,32.6,Finishing,42.0,1
I. Gueye,83,21000000.0,Starter,I. Gueye,RDM,L. Tousart,Olympique Lyonnais,14500000.0,31.0,-4,32.6,ShortPassing,80.0,2
L. Tousart,79,14500000.0,Backup,I. Gueye,RDM,L. Tousart,Olympique Lyonnais,14500000.0,31.0,-4,32.6,ShortPassing,76.0,2
I. Gueye,83,21000000.0,Starter,I. Gueye,RDM,L. Tousart,Olympique Lyonnais,14500000.0,31.0,-4,32.6,Dribbling,75.0,3
L. Tousart,79,14500000.0,Backup,I. Gueye,RDM,L. Tousart,Olympique Lyonnais,14500000.0,31.0,-4,32.6,Dribbling,69.0,3
I. Gueye,83,21000000.0,Starter,I. Gueye,RDM,L. Tousart,Olympique Lyonnais,14500000.0,31.0,-4,32.6,StandingTackle,89.0,4
L. Tousart,79,14500000.0,Backup,I. Gueye,RDM,L. Tousart,Olympique Lyonnais,14500000.0,31.0,-4,32.6,StandingTackle,82.0,4
I. Gueye,83,21000000.0,Starter,I. Gueye,RDM,L. Tousart,Olympique Lyonnais,14500000.0,31.0,-4,32.6,Strength,70.0,5
L. Tousart,79,14500000.0,Backup,I. Gueye,RDM,L. Tousart,Olympique Lyonnais,14500000.0,31.0,-4,32.6,Strength,82.0,5
I. Gueye,83,21000000.0,Starter,I. Gueye,RDM,L. Tousart,Olympique Lyonnais,14500000.0,31.0,-4,32.6,SprintSpeed,72.0,6
L. Tousart,79,14500000.0,Backup,I. Gueye,RDM,L. Tousart,Olympique Lyonnais,14500000.0,31.0,-4,32.6,SprintSpeed,69.0,6
H. Mkhitaryan,83,25500000.0,Starter,H. Mkhitaryan,RM,J. Guðmundsson,Burnley,13000000.0,49.0,-4,43.5,SprintSpeed,78.0,0
J. Guðmundsson,79,13000000.0,Backup,H. Mkhitaryan,RM,J. Guðmundsson,Burnley,13000000.0,49.0,-4,43.5,SprintSpeed,77.0,0
H. Mkhitaryan,83,25500000.0,Starter,H. Mkhitaryan,RM,J. Guðmundsson,Burnley,13000000.0,49.0,-4,43.5,Finishing,74.0,1
J. Guðmundsson,79,13000000.0,Backup,H. Mkhitaryan,RM,J. Guðmundsson,Burnley,13000000.0,49.0,-4,43.5,Finishing,70.0,1
H. Mkhitaryan,83,25500000.0,Starter,H. Mkhitaryan,RM,J. Guðmundsson,Burnley,13000000.0,49.0,-4,43.5,ShortPassing,80.0,2
J. Guðmundsson,79,13000000.0,Backup,H. Mkhitaryan,RM,J. Guðmundsson,Burnley,13000000.0,49.0,-4,43.5,ShortPassing,78.0,2
H. Mkhitaryan,83,25500000.0,Starter,H. Mkhitaryan,RM,J. Guðmundsson,Burnley,13000000.0,49.0,-4,43.5,Dribbling,84.0,3
J. Guðmundsson,79,13000000.0,Backup,H. Mkhitaryan,RM,J. Guðmundsson,Burnley,13000000.0,49.0,-4,43.5,Dribbling,81.0,3
H. Mkhitaryan,83,25500000.0,Starter,H. Mkhitaryan,RM,J. Guðmundsson,Burnley,13000000.0,49.0,-4,43.5,StandingTackle,53.0,4
J. Guðmundsson,79,13000000.0,Backup,H. Mkhitaryan,RM,J. Guðmundsson,Burnley,13000000.0,49.0,-4,43.5,StandingTackle,59.0,4
H. Mkhitaryan,83,25500000.0,Starter,H. Mkhitaryan,RM,J. Guðmundsson,Burnley,13000000.0,49.0,-4,43.5,Strength,62.0,5
J. Guðmundsson,79,13000000.0,Backup,H. Mkhitaryan,RM,J. Guðmundsson,Burnley,13000000.0,49.0,-4,43.5,Strength,70.0,5
H. Mkhitaryan,83,25500000.0,Starter,H. Mkhitaryan,RM,J. Guðmundsson,Burnley,13000000.0,49.0,-4,43.5,SprintSpeed,78.0,6
J. Guðmundsson,79,13000000.0,Backup,H. Mkhitaryan,RM,J. Guðmundsson,Burnley,13000000.0,49.0,-4,43.5,SprintSpeed,77.0,6
Marcos Alonso,83,24000000.0,Starter,Marcos Alonso,LB,A. Kolarov,Roma,12500000.0,48.0,-1,51.3,SprintSpeed,76.0,0
A. Kolarov,82,12500000.0,Backup,Marcos Alonso,LB,A. Kolarov,Roma,12500000.0,48.0,-1,51.3,SprintSpeed,70.0,0
Marcos Alonso,83,24000000.0,Starter,Marcos Alonso,LB,A. Kolarov,Roma,12500000.0,48.0,-1,51.3,Finishing,68.0,1
A. Kolarov,82,12500000.0,Backup,Marcos Alonso,LB,A. Kolarov,Roma,12500000.0,48.0,-1,51.3,Finishing,55.0,1
Marcos Alonso,83,24000000.0,Starter,Marcos Alonso,LB,A. Kolarov,Roma,12500000.0,48.0,-1,51.3,ShortPassing,84.0,2
A. Kolarov,82,12500000.0,Backup,Marcos Alonso,LB,A. Kolarov,Roma,12500000.0,48.0,-1,51.3,ShortPassing,77.0,2
Marcos Alonso,83,24000000.0,Starter,Marcos Alonso,LB,A. Kolarov,Roma,12500000.0,48.0,-1,51.3,Dribbling,79.0,3
A. Kolarov,82,12500000.0,Backup,Marcos Alonso,LB,A. Kolarov,Roma,12500000.0,48.0,-1,51.3,Dribbling,79.0,3
Marcos Alonso,83,24000000.0,Starter,Marcos Alonso,LB,A. Kolarov,Roma,12500000.0,48.0,-1,51.3,StandingTackle,82.0,4
A. Kolarov,82,12500000.0,Backup,Marcos Alonso,LB,A. Kolarov,Roma,12500000.0,48.0,-1,51.3,StandingTackle,82.0,4
Marcos Alonso,83,24000000.0,Starter,Marcos Alonso,LB,A. Kolarov,Roma,12500000.0,48.0,-1,51.3,Strength,76.0,5
A. Kolarov,82,12500000.0,Backup,Marcos Alonso,LB,A. Kolarov,Roma,12500000.0,48.0,-1,51.3,Strength,77.0,5
Marcos Alonso,83,24000000.0,Starter,Marcos Alonso,LB,A. Kolarov,Roma,12500000.0,48.0,-1,51.3,SprintSpeed,76.0,6
A. Kolarov,82,12500000.0,Backup,Marcos Alonso,LB,A. Kolarov,Roma,12500000.0,48.0,-1,51.3,SprintSpeed,70.0,6
D. Subašić,83,13000000.0,Starter,D. Subašić,GK,W. Benítez,OGC Nice,8000000.0,38.0,-6,26.2,SprintSpeed,54.0,0
W. Benítez,77,8000000.0,Backup,D. Subašić,GK,W. Benítez,OGC Nice,8000000.0,38.0,-6,26.2,SprintSpeed,48.0,0
D. Subašić,83,13000000.0,Starter,D. Subašić,GK,W. Benítez,OGC Nice,8000000.0,38.0,-6,26.2,Finishing,10.0,1
W. Benítez,77,8000000.0,Backup,D. Subašić,GK,W. Benítez,OGC Nice,8000000.0,38.0,-6,26.2,Finishing,14.0,1
D. Subašić,83,13000000.0,Starter,D. Subašić,GK,W. Benítez,OGC Nice,8000000.0,38.0,-6,26.2,ShortPassing,24.0,2
W. Benítez,77,8000000.0,Backup,D. Subašić,GK,W. Benítez,OGC Nice,8000000.0,38.0,-6,26.2,ShortPassing,26.0,2
D. Subašić,83,13000000.0,Starter,D. Subašić,GK,W. Benítez,OGC Nice,8000000.0,38.0,-6,26.2,Dribbling,11.0,3
W. Benítez,77,8000000.0,Backup,D. Subašić,GK,W. Benítez,OGC Nice,8000000.0,38.0,-6,26.2,Dribbling,15.0,3
D. Subašić,83,13000000.0,Starter,D. Subašić,GK,W. Benítez,OGC Nice,8000000.0,38.0,-6,26.2,StandingTackle,14.0,4
W. Benítez,77,8000000.0,Backup,D. Subašić,GK,W. Benítez,OGC Nice,8000000.0,38.0,-6,26.2,StandingTackle,20.0,4
D. Subašić,83,13000000.0,Starter,D. Subašić,GK,W. Benítez,OGC Nice,8000000.0,38.0,-6,26.2,Strength,80.0,5
W. Benítez,77,8000000.0,Backup,D. Subašić,GK,W. Benítez,OGC Nice,8000000.0,38.0,-6,26.2,Strength,80.0,5
D. Subašić,83,13000000.0,Starter,D. Subašić,GK,W. Benítez,OGC Nice,8000000.0,38.0,-6,26.2,SprintSpeed,54.0,6
W. Benítez,77,8000000.0,Backup,D. Subašić,GK,W. Benítez,OGC Nice,8000000.0,38.0,-6,26.2,SprintSpeed,48.0,6
K. Glik,83,19000000.0,Starter,K. Glik,RCB,W. Orban,RB Leipzig,13000000.0,32.0,-4,30.7,SprintSpeed,52.0,0
W. Orban,79,13000000.0,Backup,K. Glik,RCB,W. Orban,RB Leipzig,13000000.0,32.0,-4,30.7,SprintSpeed,53.0,0
K. Glik,83,19000000.0,Starter,K. Glik,RCB,W. Orban,RB Leipzig,13000000.0,32.0,-4,30.7,Finishing,27.0,1
W. Orban,79,13000000.0,Backup,K. Glik,RCB,W. Orban,RB Leipzig,13000000.0,32.0,-4,30.7,Finishing,38.0,1
K. Glik,83,19000000.0,Starter,K. Glik,RCB,W. Orban,RB Leipzig,13000000.0,32.0,-4,30.7,ShortPassing,63.0,2
W. Orban,79,13000000.0,Backup,K. Glik,RCB,W. Orban,RB Leipzig,13000000.0,32.0,-4,30.7,ShortPassing,66.0,2
K. Glik,83,19000000.0,Starter,K. Glik,RCB,W. Orban,RB Leipzig,13000000.0,32.0,-4,30.7,Dribbling,51.0,3
W. Orban,79,13000000.0,Backup,K. Glik,RCB,W. Orban,RB Leipzig,13000000.0,32.0,-4,30.7,Dribbling,53.0,3
K. Glik,83,19000000.0,Starter,K. Glik,RCB,W. Orban,RB Leipzig,13000000.0,32.0,-4,30.7,StandingTackle,85.0,4
W. Orban,79,13000000.0,Backup,K. Glik,RCB,W. Orban,RB Leipzig,13000000.0,32.0,-4,30.7,StandingTackle,83.0,4
K. Glik,83,19000000.0,Starter,K. Glik,RCB,W. Orban,RB Leipzig,13000000.0,32.0,-4,30.7,Strength,90.0,5
W. Orban,79,13000000.0,Backup,K. Glik,RCB,W. Orban,RB Leipzig,13000000.0,32.0,-4,30.7,Strength,85.0,5
K. Glik,83,19000000.0,Starter,K. Glik,RCB,W. Orban,RB Leipzig,13000000.0,32.0,-4,30.7,SprintSpeed,52.0,6
W. Orban,79,13000000.0,Backup,K. Glik,RCB,W. Orban,RB Leipzig,13000000.0,32.0,-4,30.7,SprintSpeed,53.0,6
K. Strootman,83,21000000.0,Starter,K. Strootman,CDM,Campaña,Levante UD,15500000.0,26.0,-4,45.2,SprintSpeed,66.0,0
Campaña,79,15500000.0,Backup,K. Strootman,CDM,Campaña,Levante UD,15500000.0,26.0,-4,45.2,SprintSpeed,61.0,0
K. Strootman,83,21000000.0,Starter,K. Strootman,CDM,Campaña,Levante UD,15500000.0,26.0,-4,45.2,Finishing,68.0,1
Campaña,79,15500000.0,Backup,K. Strootman,CDM,Campaña,Levante UD,15500000.0,26.0,-4,45.2,Finishing,73.0,1
K. Strootman,83,21000000.0,Starter,K. Strootman,CDM,Campaña,Levante UD,15500000.0,26.0,-4,45.2,ShortPassing,87.0,2
Campaña,79,15500000.0,Backup,K. Strootman,CDM,Campaña,Levante UD,15500000.0,26.0,-4,45.2,ShortPassing,82.0,2
K. Strootman,83,21000000.0,Starter,K. Strootman,CDM,Campaña,Levante UD,15500000.0,26.0,-4,45.2,Dribbling,75.0,3
Campaña,79,15500000.0,Backup,K. Strootman,CDM,Campaña,Levante UD,15500000.0,26.0,-4,45.2,Dribbling,77.0,3
K. Strootman,83,21000000.0,Starter,K. Strootman,CDM,Campaña,Levante UD,15500000.0,26.0,-4,45.2,StandingTackle,84.0,4
Campaña,79,15500000.0,Backup,K. Strootman,CDM,Campaña,Levante UD,15500000.0,26.0,-4,45.2,StandingTackle,75.0,4
K. Strootman,83,21000000.0,Starter,K. Strootman,CDM,Campaña,Levante UD,15500000.0,26.0,-4,45.2,Strength,81.0,5
Campaña,79,15500000.0,Backup,K. Strootman,CDM,Campaña,Levante UD,15500000.0,26.0,-4,45.2,Strength,73.0,5
K. Strootman,83,21000000.0,Starter,K. Strootman,CDM,Campaña,Levante UD,15500000.0,26.0,-4,45.2,SprintSpeed,66.0,6
Campaña,79,15500000.0,Backup,K. Strootman,CDM,Campaña,Levante UD,15500000.0,26.0,-4,45.2,SprintSpeed,61.0,6
B. Dost,83,26000000.0,Starter,B. Dost,ST,L. Depoitre,Huddersfield Town,6500000.0,75.0,-8,11.8,SprintSpeed,54.0,0
L. Depoitre,75,6500000.0,Backup,B. Dost,ST,L. Depoitre,Huddersfield Town,6500000.0,75.0,-8,11.8,SprintSpeed,58.0,0
B. Dost,83,26000000.0,Starter,B. Dost,ST,L. Depoitre,Huddersfield Town,6500000.0,75.0,-8,11.8,Finishing,87.0,1
L. Depoitre,75,6500000.0,Backup,B. Dost,ST,L. Depoitre,Huddersfield Town,6500000.0,75.0,-8,11.8,Finishing,74.0,1
B. Dost,83,26000000.0,Starter,B. Dost,ST,L. Depoitre,Huddersfield Town,6500000.0,75.0,-8,11.8,ShortPassing,73.0,2
L. Depoitre,75,6500000.0,Backup,B. Dost,ST,L. Depoitre,Huddersfield Town,6500000.0,75.0,-8,11.8,ShortPassing,71.0,2
B. Dost,83,26000000.0,Starter,B. Dost,ST,L. Depoitre,Huddersfield Town,6500000.0,75.0,-8,11.8,Dribbling,68.0,3
L. Depoitre,75,6500000.0,Backup,B. Dost,ST,L. Depoitre,Huddersfield Town,6500000.0,75.0,-8,11.8,Dribbling,64.0,3
B. Dost,83,26000000.0,Starter,B. Dost,ST,L. Depoitre,Huddersfield Town,6500000.0,75.0,-8,11.8,StandingTackle,45.0,4
L. Depoitre,75,6500000.0,Backup,B. Dost,ST,L. Depoitre,Huddersfield Town,6500000.0,75.0,-8,11.8,StandingTackle,46.0,4
B. Dost,83,26000000.0,Starter,B. Dost,ST,L. Depoitre,Huddersfield Town,6500000.0,75.0,-8,11.8,Strength,92.0,5
L. Depoitre,75,6500000.0,Backup,B. Dost,ST,L. Depoitre,Huddersfield Town,6500000.0,75.0,-8,11.8,Strength,90.0,5
B. Dost,83,26000000.0,Starter,B. Dost,ST,L. Depoitre,Huddersfield Town,6500000.0,75.0,-8,11.8,SprintSpeed,54.0,6
L. Depoitre,75,6500000.0,Backup,B. Dost,ST,L. Depoitre,Huddersfield Town,6500000.0,75.0,-8,11.8,SprintSpeed,58.0,6
Oscar,83,30500000.0,Starter,Oscar,LCM,E. Bardhi,Levante UD,12000000.0,61.0,-6,27.7,SprintSpeed,72.0,0
E. Bardhi,77,12000000.0,Backup,Oscar,LCM,E. Bardhi,Levante UD,12000000.0,61.0,-6,27.7,SprintSpeed,66.0,0
Oscar,83,30500000.0,Starter,Oscar,LCM,E. Bardhi,Levante UD,12000000.0,61.0,-6,27.7,Finishing,76.0,1
E. Bardhi,77,12000000.0,Backup,Oscar,LCM,E. Bardhi,Levante UD,12000000.0,61.0,-6,27.7,Finishing,78.0,1
Oscar,83,30500000.0,Starter,Oscar,LCM,E. Bardhi,Levante UD,12000000.0,61.0,-6,27.7,ShortPassing,86.0,2
E. Bardhi,77,12000000.0,Backup,Oscar,LCM,E. Bardhi,Levante UD,12000000.0,61.0,-6,27.7,ShortPassing,79.0,2
Oscar,83,30500000.0,Starter,Oscar,LCM,E. Bardhi,Levante UD,12000000.0,61.0,-6,27.7,Dribbling,78.0,3
E. Bardhi,77,12000000.0,Backup,Oscar,LCM,E. Bardhi,Levante UD,12000000.0,61.0,-6,27.7,Dribbling,79.0,3
Oscar,83,30500000.0,Starter,Oscar,LCM,E. Bardhi,Levante UD,12000000.0,61.0,-6,27.7,StandingTackle,52.0,4
E. Bardhi,77,12000000.0,Backup,Oscar,LCM,E. Bardhi,Levante UD,12000000.0,61.0,-6,27.7,StandingTackle,67.0,4
Oscar,83,30500000.0,Starter,Oscar,LCM,E. Bardhi,Levante UD,12000000.0,61.0,-6,27.7,Strength,38.0,5
E. Bardhi,77,12000000.0,Backup,Oscar,LCM,E. Bardhi,Levante UD,12000000.0,61.0,-6,27.7,Strength,49.0,5
Oscar,83,30500000.0,Starter,Oscar,LCM,E. Bardhi,Levante UD,12000000.0,61.0,-6,27.7,SprintSpeed,72.0,6
E. Bardhi,77,12000000.0,Backup,Oscar,LCM,E. Bardhi,Levante UD,12000000.0,61.0,-6,27.7,SprintSpeed,66.0,6
M. Balotelli,83,27500000.0,Starter,M. Balotelli,LS,Fernando Torres,Sagan Tosu,8000000.0,71.0,-3,24.4,SprintSpeed,82.0,0
Fernando Torres,80,8000000.0,Backup,M. Balotelli,LS,Fernando Torres,Sagan Tosu,8000000.0,71.0,-3,24.4,SprintSpeed,78.0,0
M. Balotelli,83,27500000.0,Starter,M. Balotelli,LS,Fernando Torres,Sagan Tosu,8000000.0,71.0,-3,24.4,Finishing,85.0,1
Fernando Torres,80,8000000.0,Backup,M. Balotelli,LS,Fernando Torres,Sagan Tosu,8000000.0,71.0,-3,24.4,Finishing,76.0,1
M. Balotelli,83,27500000.0,Starter,M. Balotelli,LS,Fernando Torres,Sagan Tosu,8000000.0,71.0,-3,24.4,ShortPassing,78.0,2
Fernando Torres,80,8000000.0,Backup,M. Balotelli,LS,Fernando Torres,Sagan Tosu,8000000.0,71.0,-3,24.4,ShortPassing,79.0,2
M. Balotelli,83,27500000.0,Starter,M. Balotelli,LS,Fernando Torres,Sagan Tosu,8000000.0,71.0,-3,24.4,Dribbling,81.0,3
Fernando Torres,80,8000000.0,Backup,M. Balotelli,LS,Fernando Torres,Sagan Tosu,8000000.0,71.0,-3,24.4,Dribbling,80.0,3
M. Balotelli,83,27500000.0,Starter,M. Balotelli,LS,Fernando Torres,Sagan Tosu,8000000.0,71.0,-3,24.4,StandingTackle,22.0,4
Fernando Torres,80,8000000.0,Backup,M. Balotelli,LS,Fernando Torres,Sagan Tosu,8000000.0,71.0,-3,24.4,StandingTackle,22.0,4
M. Balotelli,83,27500000.0,Starter,M. Balotelli,LS,Fernando Torres,Sagan Tosu,8000000.0,71.0,-3,24.4,Strength,86.0,5
Fernando Torres,80,8000000.0,Backup,M. Balotelli,LS,Fernando Torres,Sagan Tosu,8000000.0,71.0,-3,24.4,Strength,72.0,5
M. Balotelli,83,27500000.0,Starter,M. Balotelli,LS,Fernando Torres,Sagan Tosu,8000000.0,71.0,-3,24.4,SprintSpeed,82.0,6
Fernando Torres,80,8000000.0,Backup,M. Balotelli,LS,Fernando Torres,Sagan Tosu,8000000.0,71.0,-3,24.4,SprintSpeed,78.0,6
Luiz Gustavo,83,19000000.0,Starter,Luiz Gustavo,LCB,S. Radu,Lazio,10000000.0,47.0,-3,47.0,SprintSpeed,64.0,0
S. Radu,80,10000000.0,Backup,Luiz Gustavo,LCB,S. Radu,Lazio,10000000.0,47.0,-3,47.0,SprintSpeed,68.0,0
Luiz Gustavo,83,19000000.0,Starter,Luiz Gustavo,LCB,S. Radu,Lazio,10000000.0,47.0,-3,47.0,Finishing,48.0,1
S. Radu,80,10000000.0,Backup,Luiz Gustavo,LCB,S. Radu,Lazio,10000000.0,47.0,-3,47.0,Finishing,55.0,1
Luiz Gustavo,83,19000000.0,Starter,Luiz Gustavo,LCB,S. Radu,Lazio,10000000.0,47.0,-3,47.0,ShortPassing,79.0,2
S. Radu,80,10000000.0,Backup,Luiz Gustavo,LCB,S. Radu,Lazio,10000000.0,47.0,-3,47.0,ShortPassing,71.0,2
Luiz Gustavo,83,19000000.0,Starter,Luiz Gustavo,LCB,S. Radu,Lazio,10000000.0,47.0,-3,47.0,Dribbling,68.0,3
S. Radu,80,10000000.0,Backup,Luiz Gustavo,LCB,S. Radu,Lazio,10000000.0,47.0,-3,47.0,Dribbling,66.0,3
Luiz Gustavo,83,19000000.0,Starter,Luiz Gustavo,LCB,S. Radu,Lazio,10000000.0,47.0,-3,47.0,StandingTackle,84.0,4
S. Radu,80,10000000.0,Backup,Luiz Gustavo,LCB,S. Radu,Lazio,10000000.0,47.0,-3,47.0,StandingTackle,86.0,4
Luiz Gustavo,83,19000000.0,Starter,Luiz Gustavo,LCB,S. Radu,Lazio,10000000.0,47.0,-3,47.0,Strength,81.0,5
S. Radu,80,10000000.0,Backup,Luiz Gustavo,LCB,S. Radu,Lazio,10000000.0,47.0,-3,47.0,Strength,74.0,5
Luiz Gustavo,83,19000000.0,Starter,Luiz Gustavo,LCB,S. Radu,Lazio,10000000.0,47.0,-3,47.0,SprintSpeed,64.0,6
S. Radu,80,10000000.0,Backup,Luiz Gustavo,LCB,S. Radu,Lazio,10000000.0,47.0,-3,47.0,SprintSpeed,68.0,6
Giuliano,83,26000000.0,Starter,Giuliano,CAM,N. Lodeiro,Seattle Sounders FC,10000000.0,62.0,-5,39.1,SprintSpeed,79.0,0
N. Lodeiro,78,10000000.0,Backup,Giuliano,CAM,N. Lodeiro,Seattle Sounders FC,10000000.0,62.0,-5,39.1,SprintSpeed,68.0,0
Giuliano,83,26000000.0,Starter,Giuliano,CAM,N. Lodeiro,Seattle Sounders FC,10000000.0,62.0,-5,39.1,Finishing,79.0,1
N. Lodeiro,78,10000000.0,Backup,Giuliano,CAM,N. Lodeiro,Seattle Sounders FC,10000000.0,62.0,-5,39.1,Finishing,65.0,1
Giuliano,83,26000000.0,Starter,Giuliano,CAM,N. Lodeiro,Seattle Sounders FC,10000000.0,62.0,-5,39.1,ShortPassing,82.0,2
N. Lodeiro,78,10000000.0,Backup,Giuliano,CAM,N. Lodeiro,Seattle Sounders FC,10000000.0,62.0,-5,39.1,ShortPassing,79.0,2
Giuliano,83,26000000.0,Starter,Giuliano,CAM,N. Lodeiro,Seattle Sounders FC,10000000.0,62.0,-5,39.1,Dribbling,84.0,3
N. Lodeiro,78,10000000.0,Backup,Giuliano,CAM,N. Lodeiro,Seattle Sounders FC,10000000.0,62.0,-5,39.1,Dribbling,78.0,3
Giuliano,83,26000000.0,Starter,Giuliano,CAM,N. Lodeiro,Seattle Sounders FC,10000000.0,62.0,-5,39.1,StandingTackle,43.0,4
N. Lodeiro,78,10000000.0,Backup,Giuliano,CAM,N. Lodeiro,Seattle Sounders FC,10000000.0,62.0,-5,39.1,StandingTackle,49.0,4
Giuliano,83,26000000.0,Starter,Giuliano,CAM,N. Lodeiro,Seattle Sounders FC,10000000.0,62.0,-5,39.1,Strength,74.0,5
N. Lodeiro,78,10000000.0,Backup,Giuliano,CAM,N. Lodeiro,Seattle Sounders FC,10000000.0,62.0,-5,39.1,Strength,61.0,5
Giuliano,83,26000000.0,Starter,Giuliano,CAM,N. Lodeiro,Seattle Sounders FC,10000000.0,62.0,-5,39.1,SprintSpeed,79.0,6
N. Lodeiro,78,10000000.0,Backup,Giuliano,CAM,N. Lodeiro,Seattle Sounders FC,10000000.0,62.0,-5,39.1,SprintSpeed,68.0,6
David Luiz,83,17500000.0,Starter,David Luiz,LCB,J. Mathieu,Sporting CP,5500000.0,69.0,-2,31.9,SprintSpeed,62.0,0
J. Mathieu,81,5500000.0,Backup,David Luiz,LCB,J. Mathieu,Sporting CP,5500000.0,69.0,-2,31.9,SprintSpeed,74.0,0
David Luiz,83,17500000.0,Starter,David Luiz,LCB,J. Mathieu,Sporting CP,5500000.0,69.0,-2,31.9,Finishing,55.0,1
J. Mathieu,81,5500000.0,Backup,David Luiz,LCB,J. Mathieu,Sporting CP,5500000.0,69.0,-2,31.9,Finishing,52.0,1
David Luiz,83,17500000.0,Starter,David Luiz,LCB,J. Mathieu,Sporting CP,5500000.0,69.0,-2,31.9,ShortPassing,77.0,2
J. Mathieu,81,5500000.0,Backup,David Luiz,LCB,J. Mathieu,Sporting CP,5500000.0,69.0,-2,31.9,ShortPassing,73.0,2
David Luiz,83,17500000.0,Starter,David Luiz,LCB,J. Mathieu,Sporting CP,5500000.0,69.0,-2,31.9,Dribbling,66.0,3
J. Mathieu,81,5500000.0,Backup,David Luiz,LCB,J. Mathieu,Sporting CP,5500000.0,69.0,-2,31.9,Dribbling,65.0,3
David Luiz,83,17500000.0,Starter,David Luiz,LCB,J. Mathieu,Sporting CP,5500000.0,69.0,-2,31.9,StandingTackle,83.0,4
J. Mathieu,81,5500000.0,Backup,David Luiz,LCB,J. Mathieu,Sporting CP,5500000.0,69.0,-2,31.9,StandingTackle,84.0,4
David Luiz,83,17500000.0,Starter,David Luiz,LCB,J. Mathieu,Sporting CP,5500000.0,69.0,-2,31.9,Strength,79.0,5
J. Mathieu,81,5500000.0,Backup,David Luiz,LCB,J. Mathieu,Sporting CP,5500000.0,69.0,-2,31.9,Strength,89.0,5
David Luiz,83,17500000.0,Starter,David Luiz,LCB,J. Mathieu,Sporting CP,5500000.0,69.0,-2,31.9,SprintSpeed,62.0,6
J. Mathieu,81,5500000.0,Backup,David Luiz,LCB,J. Mathieu,Sporting CP,5500000.0,69.0,-2,31.9,SprintSpeed,74.0,6
R. Fährmann,83,20000000.0,Starter,R. Fährmann,GK,D. Benaglio,AS Monaco,3600000.0,82.0,-6,64.1,SprintSpeed,47.0,0
D. Benaglio,77,3600000.0,Backup,R. Fährmann,GK,D. Benaglio,AS Monaco,3600000.0,82.0,-6,64.1,SprintSpeed,44.0,0
R. Fährmann,83,20000000.0,Starter,R. Fährmann,GK,D. Benaglio,AS Monaco,3600000.0,82.0,-6,64.1,Finishing,11.0,1
D. Benaglio,77,3600000.0,Backup,R. Fährmann,GK,D. Benaglio,AS Monaco,3600000.0,82.0,-6,64.1,Finishing,12.0,1
R. Fährmann,83,20000000.0,Starter,R. Fährmann,GK,D. Benaglio,AS Monaco,3600000.0,82.0,-6,64.1,ShortPassing,25.0,2
D. Benaglio,77,3600000.0,Backup,R. Fährmann,GK,D. Benaglio,AS Monaco,3600000.0,82.0,-6,64.1,ShortPassing,32.0,2
R. Fährmann,83,20000000.0,Starter,R. Fährmann,GK,D. Benaglio,AS Monaco,3600000.0,82.0,-6,64.1,Dribbling,15.0,3
D. Benaglio,77,3600000.0,Backup,R. Fährmann,GK,D. Benaglio,AS Monaco,3600000.0,82.0,-6,64.1,Dribbling,16.0,3
R. Fährmann,83,20000000.0,Starter,R. Fährmann,GK,D. Benaglio,AS Monaco,3600000.0,82.0,-6,64.1,StandingTackle,12.0,4
D. Benaglio,77,3600000.0,Backup,R. Fährmann,GK,D. Benaglio,AS Monaco,3600000.0,82.0,-6,64.1,StandingTackle,13.0,4
R. Fährmann,83,20000000.0,Starter,R. Fährmann,GK,D. Benaglio,AS Monaco,3600000.0,82.0,-6,64.1,Strength,79.0,5
D. Benaglio,77,3600000.0,Backup,R. Fährmann,GK,D. Benaglio,AS Monaco,3600000.0,82.0,-6,64.1,Strength,76.0,5
R. Fährmann,83,20000000.0,Starter,R. Fährmann,GK,D. Benaglio,AS Monaco,3600000.0,82.0,-6,64.1,SprintSpeed,47.0,6
D. Benaglio,77,3600000.0,Backup,R. Fährmann,GK,D. Benaglio,AS Monaco,3600000.0,82.0,-6,64.1,SprintSpeed,44.0,6
Juan Mata,83,24500000.0,Starter,Juan Mata,RM,Iuri Medeiros,Genoa,10000000.0,59.0,-7,32.0,SprintSpeed,62.0,0
Iuri Medeiros,76,10000000.0,Backup,Juan Mata,RM,Iuri Medeiros,Genoa,10000000.0,59.0,-7,32.0,SprintSpeed,68.0,0
Juan Mata,83,24500000.0,Starter,Juan Mata,RM,Iuri Medeiros,Genoa,10000000.0,59.0,-7,32.0,Finishing,78.0,1
Iuri Medeiros,76,10000000.0,Backup,Juan Mata,RM,Iuri Medeiros,Genoa,10000000.0,59.0,-7,32.0,Finishing,72.0,1
Juan Mata,83,24500000.0,Starter,Juan Mata,RM,Iuri Medeiros,Genoa,10000000.0,59.0,-7,32.0,ShortPassing,85.0,2
Iuri Medeiros,76,10000000.0,Backup,Juan Mata,RM,Iuri Medeiros,Genoa,10000000.0,59.0,-7,32.0,ShortPassing,76.0,2
Juan Mata,83,24500000.0,Starter,Juan Mata,RM,Iuri Medeiros,Genoa,10000000.0,59.0,-7,32.0,Dribbling,82.0,3
Iuri Medeiros,76,10000000.0,Backup,Juan Mata,RM,Iuri Medeiros,Genoa,10000000.0,59.0,-7,32.0,Dribbling,81.0,3
Juan Mata,83,24500000.0,Starter,Juan Mata,RM,Iuri Medeiros,Genoa,10000000.0,59.0,-7,32.0,StandingTackle,31.0,4
Iuri Medeiros,76,10000000.0,Backup,Juan Mata,RM,Iuri Medeiros,Genoa,10000000.0,59.0,-7,32.0,StandingTackle,31.0,4
Juan Mata,83,24500000.0,Starter,Juan Mata,RM,Iuri Medeiros,Genoa,10000000.0,59.0,-7,32.0,Strength,37.0,5
Iuri Medeiros,76,10000000.0,Backup,Juan Mata,RM,Iuri Medeiros,Genoa,10000000.0,59.0,-7,32.0,Strength,41.0,5
Juan Mata,83,24500000.0,Starter,Juan Mata,RM,Iuri Medeiros,Genoa,10000000.0,59.0,-7,32.0,SprintSpeed,62.0,6
Iuri Medeiros,76,10000000.0,Backup,Juan Mata,RM,Iuri Medeiros,Genoa,10000000.0,59.0,-7,32.0,SprintSpeed,68.0,6
Adán,83,15500000.0,Starter,Adán,GK,T. Heaton,Burnley,7000000.0,55.0,-4,56.5,SprintSpeed,54.0,0
T. Heaton,79,7000000.0,Backup,Adán,GK,T. Heaton,Burnley,7000000.0,55.0,-4,56.5,SprintSpeed,55.0,0
Adán,83,15500000.0,Starter,Adán,GK,T. Heaton,Burnley,7000000.0,55.0,-4,56.5,Finishing,11.0,1
T. Heaton,79,7000000.0,Backup,Adán,GK,T. Heaton,Burnley,7000000.0,55.0,-4,56.5,Finishing,12.0,1
Adán,83,15500000.0,Starter,Adán,GK,T. Heaton,Burnley,7000000.0,55.0,-4,56.5,ShortPassing,34.0,2
T. Heaton,79,7000000.0,Backup,Adán,GK,T. Heaton,Burnley,7000000.0,55.0,-4,56.5,ShortPassing,32.0,2
Adán,83,15500000.0,Starter,Adán,GK,T. Heaton,Burnley,7000000.0,55.0,-4,56.5,Dribbling,12.0,3
T. Heaton,79,7000000.0,Backup,Adán,GK,T. Heaton,Burnley,7000000.0,55.0,-4,56.5,Dribbling,17.0,3
Adán,83,15500000.0,Starter,Adán,GK,T. Heaton,Burnley,7000000.0,55.0,-4,56.5,StandingTackle,14.0,4
T. Heaton,79,7000000.0,Backup,Adán,GK,T. Heaton,Burnley,7000000.0,55.0,-4,56.5,StandingTackle,15.0,4
Adán,83,15500000.0,Starter,Adán,GK,T. Heaton,Burnley,7000000.0,55.0,-4,56.5,Strength,77.0,5
T. Heaton,79,7000000.0,Backup,Adán,GK,T. Heaton,Burnley,7000000.0,55.0,-4,56.5,Strength,66.0,5
Adán,83,15500000.0,Starter,Adán,GK,T. Heaton,Burnley,7000000.0,55.0,-4,56.5,SprintSpeed,54.0,6
T. Heaton,79,7000000.0,Backup,Adán,GK,T. Heaton,Burnley,7000000.0,55.0,-4,56.5,SprintSpeed,55.0,6
Rui Patrício,83,16500000.0,Starter,Rui Patrício,GK,Gomes,Watford,600000.0,96.0,-6,48.3,SprintSpeed,57.0,0
Gomes,77,600000.0,Backup,Rui Patrício,GK,Gomes,Watford,600000.0,96.0,-6,48.3,SprintSpeed,52.0,0
Rui Patrício,83,16500000.0,Starter,Rui Patrício,GK,Gomes,Watford,600000.0,96.0,-6,48.3,Finishing,12.0,1
Gomes,77,600000.0,Backup,Rui Patrício,GK,Gomes,Watford,600000.0,96.0,-6,48.3,Finishing,15.0,1
Rui Patrício,83,16500000.0,Starter,Rui Patrício,GK,Gomes,Watford,600000.0,96.0,-6,48.3,ShortPassing,31.0,2
Gomes,77,600000.0,Backup,Rui Patrício,GK,Gomes,Watford,600000.0,96.0,-6,48.3,ShortPassing,23.0,2
Rui Patrício,83,16500000.0,Starter,Rui Patrício,GK,Gomes,Watford,600000.0,96.0,-6,48.3,Dribbling,20.0,3
Gomes,77,600000.0,Backup,Rui Patrício,GK,Gomes,Watford,600000.0,96.0,-6,48.3,Dribbling,15.0,3
Rui Patrício,83,16500000.0,Starter,Rui Patrício,GK,Gomes,Watford,600000.0,96.0,-6,48.3,StandingTackle,13.0,4
Gomes,77,600000.0,Backup,Rui Patrício,GK,Gomes,Watford,600000.0,96.0,-6,48.3,StandingTackle,14.0,4
Rui Patrício,83,16500000.0,Starter,Rui Patrício,GK,Gomes,Watford,600000.0,96.0,-6,48.3,Strength,77.0,5
Gomes,77,600000.0,Backup,Rui Patrício,GK,Gomes,Watford,600000.0,96.0,-6,48.3,Strength,64.0,5
Rui Patrício,83,16500000.0,Starter,Rui Patrício,GK,Gomes,Watford,600000.0,96.0,-6,48.3,SprintSpeed,57.0,6
Gomes,77,600000.0,Backup,Rui Patrício,GK,Gomes,Watford,600000.0,96.0,-6,48.3,SprintSpeed,52.0,6
Y. Sommer,83,20000000.0,Starter,Y. Sommer,GK,T. Heaton,Burnley,7000000.0,65.0,-4,58.8,SprintSpeed,54.0,0
T. Heaton,79,7000000.0,Backup,Y. Sommer,GK,T. Heaton,Burnley,7000000.0,65.0,-4,58.8,SprintSpeed,55.0,0
Y. Sommer,83,20000000.0,Starter,Y. Sommer,GK,T. Heaton,Burnley,7000000.0,65.0,-4,58.8,Finishing,13.0,1
T. Heaton,79,7000000.0,Backup,Y. Sommer,GK,T. Heaton,Burnley,7000000.0,65.0,-4,58.8,Finishing,12.0,1
Y. Sommer,83,20000000.0,Starter,Y. Sommer,GK,T. Heaton,Burnley,7000000.0,65.0,-4,58.8,ShortPassing,40.0,2
T. Heaton,79,7000000.0,Backup,Y. Sommer,GK,T. Heaton,Burnley,7000000.0,65.0,-4,58.8,ShortPassing,32.0,2
Y. Sommer,83,20000000.0,Starter,Y. Sommer,GK,T. Heaton,Burnley,7000000.0,65.0,-4,58.8,Dribbling,15.0,3
T. Heaton,79,7000000.0,Backup,Y. Sommer,GK,T. Heaton,Burnley,7000000.0,65.0,-4,58.8,Dribbling,17.0,3
Y. Sommer,83,20000000.0,Starter,Y. Sommer,GK,T. Heaton,Burnley,7000000.0,65.0,-4,58.8,StandingTackle,19.0,4
T. Heaton,79,7000000.0,Backup,Y. Sommer,GK,T. Heaton,Burnley,7000000.0,65.0,-4,58.8,StandingTackle,15.0,4
Y. Sommer,83,20000000.0,Starter,Y. Sommer,GK,T. Heaton,Burnley,7000000.0,65.0,-4,58.8,Strength,68.0,5
T. Heaton,79,7000000.0,Backup,Y. Sommer,GK,T. Heaton,Burnley,7000000.0,65.0,-4,58.8,Strength,66.0,5
Y. Sommer,83,20000000.0,Starter,Y. Sommer,GK,T. Heaton,Burnley,7000000.0,65.0,-4,58.8,SprintSpeed,54.0,6
T. Heaton,79,7000000.0,Backup,Y. Sommer,GK,T. Heaton,Burnley,7000000.0,65.0,-4,58.8,SprintSpeed,55.0,6
Javi Martínez,83,20000000.0,Starter,Javi Martínez,CDM,J. Guilavogui,VfL Wolfsburg,12000000.0,40.0,-4,41.2,SprintSpeed,53.0,0
J. Guilavogui,79,12000000.0,Backup,Javi Martínez,CDM,J. Guilavogui,VfL Wolfsburg,12000000.0,40.0,-4,41.2,SprintSpeed,72.0,0
Javi Martínez,83,20000000.0,Starter,Javi Martínez,CDM,J. Guilavogui,VfL Wolfsburg,12000000.0,40.0,-4,41.2,Finishing,43.0,1
J. Guilavogui,79,12000000.0,Backup,Javi Martínez,CDM,J. Guilavogui,VfL Wolfsburg,12000000.0,40.0,-4,41.2,Finishing,49.0,1
Javi Martínez,83,20000000.0,Starter,Javi Martínez,CDM,J. Guilavogui,VfL Wolfsburg,12000000.0,40.0,-4,41.2,ShortPassing,77.0,2
J. Guilavogui,79,12000000.0,Backup,Javi Martínez,CDM,J. Guilavogui,VfL Wolfsburg,12000000.0,40.0,-4,41.2,ShortPassing,78.0,2
Javi Martínez,83,20000000.0,Starter,Javi Martínez,CDM,J. Guilavogui,VfL Wolfsburg,12000000.0,40.0,-4,41.2,Dribbling,60.0,3
J. Guilavogui,79,12000000.0,Backup,Javi Martínez,CDM,J. Guilavogui,VfL Wolfsburg,12000000.0,40.0,-4,41.2,Dribbling,67.0,3
Javi Martínez,83,20000000.0,Starter,Javi Martínez,CDM,J. Guilavogui,VfL Wolfsburg,12000000.0,40.0,-4,41.2,StandingTackle,86.0,4
J. Guilavogui,79,12000000.0,Backup,Javi Martínez,CDM,J. Guilavogui,VfL Wolfsburg,12000000.0,40.0,-4,41.2,StandingTackle,79.0,4
Javi Martínez,83,20000000.0,Starter,Javi Martínez,CDM,J. Guilavogui,VfL Wolfsburg,12000000.0,40.0,-4,41.2,Strength,84.0,5
J. Guilavogui,79,12000000.0,Backup,Javi Martínez,CDM,J. Guilavogui,VfL Wolfsburg,12000000.0,40.0,-4,41.2,Strength,82.0,5
Javi Martínez,83,20000000.0,Starter,Javi Martínez,CDM,J. Guilavogui,VfL Wolfsburg,12000000.0,40.0,-4,41.2,SprintSpeed,53.0,6
J. Guilavogui,79,12000000.0,Backup,Javi Martínez,CDM,J. Guilavogui,VfL Wolfsburg,12000000.0,40.0,-4,41.2,SprintSpeed,72.0,6
L. Bender,83,20000000.0,Starter,L. Bender,RB,André Almeida,SL Benfica,12000000.0,40.0,-3,42.7,SprintSpeed,67.0,0
André Almeida,80,12000000.0,Backup,L. Bender,RB,André Almeida,SL Benfica,12000000.0,40.0,-3,42.7,SprintSpeed,66.0,0
L. Bender,83,20000000.0,Starter,L. Bender,RB,André Almeida,SL Benfica,12000000.0,40.0,-3,42.7,Finishing,59.0,1
André Almeida,80,12000000.0,Backup,L. Bender,RB,André Almeida,SL Benfica,12000000.0,40.0,-3,42.7,Finishing,54.0,1
L. Bender,83,20000000.0,Starter,L. Bender,RB,André Almeida,SL Benfica,12000000.0,40.0,-3,42.7,ShortPassing,79.0,2
André Almeida,80,12000000.0,Backup,L. Bender,RB,André Almeida,SL Benfica,12000000.0,40.0,-3,42.7,ShortPassing,78.0,2
L. Bender,83,20000000.0,Starter,L. Bender,RB,André Almeida,SL Benfica,12000000.0,40.0,-3,42.7,Dribbling,72.0,3
André Almeida,80,12000000.0,Backup,L. Bender,RB,André Almeida,SL Benfica,12000000.0,40.0,-3,42.7,Dribbling,75.0,3
L. Bender,83,20000000.0,Starter,L. Bender,RB,André Almeida,SL Benfica,12000000.0,40.0,-3,42.7,StandingTackle,86.0,4
André Almeida,80,12000000.0,Backup,L. Bender,RB,André Almeida,SL Benfica,12000000.0,40.0,-3,42.7,StandingTackle,82.0,4
L. Bender,83,20000000.0,Starter,L. Bender,RB,André Almeida,SL Benfica,12000000.0,40.0,-3,42.7,Strength,76.0,5
André Almeida,80,12000000.0,Backup,L. Bender,RB,André Almeida,SL Benfica,12000000.0,40.0,-3,42.7,Strength,78.0,5
L. Bender,83,20000000.0,Starter,L. Bender,RB,André Almeida,SL Benfica,12000000.0,40.0,-3,42.7,SprintSpeed,67.0,6
André Almeida,80,12000000.0,Backup,L. Bender,RB,André Almeida,SL Benfica,12000000.0,40.0,-3,42.7,SprintSpeed,66.0,6
Lucas Leiva,83,17500000.0,Starter,Lucas Leiva,LDM,J. Mascherano,Hebei China Fortune FC,4500000.0,74.0,-3,36.3,SprintSpeed,67.0,0
J. Mascherano,80,4500000.0,Backup,Lucas Leiva,LDM,J. Mascherano,Hebei China Fortune FC,4500000.0,74.0,-3,36.3,SprintSpeed,62.0,0
Lucas Leiva,83,17500000.0,Starter,Lucas Leiva,LDM,J. Mascherano,Hebei China Fortune FC,4500000.0,74.0,-3,36.3,Finishing,62.0,1
J. Mascherano,80,4500000.0,Backup,Lucas Leiva,LDM,J. Mascherano,Hebei China Fortune FC,4500000.0,74.0,-3,36.3,Finishing,42.0,1
Lucas Leiva,83,17500000.0,Starter,Lucas Leiva,LDM,J. Mascherano,Hebei China Fortune FC,4500000.0,74.0,-3,36.3,ShortPassing,82.0,2
J. Mascherano,80,4500000.0,Backup,Lucas Leiva,LDM,J. Mascherano,Hebei China Fortune FC,4500000.0,74.0,-3,36.3,ShortPassing,79.0,2
Lucas Leiva,83,17500000.0,Starter,Lucas Leiva,LDM,J. Mascherano,Hebei China Fortune FC,4500000.0,74.0,-3,36.3,Dribbling,77.0,3
J. Mascherano,80,4500000.0,Backup,Lucas Leiva,LDM,J. Mascherano,Hebei China Fortune FC,4500000.0,74.0,-3,36.3,Dribbling,58.0,3
Lucas Leiva,83,17500000.0,Starter,Lucas Leiva,LDM,J. Mascherano,Hebei China Fortune FC,4500000.0,74.0,-3,36.3,StandingTackle,82.0,4
J. Mascherano,80,4500000.0,Backup,Lucas Leiva,LDM,J. Mascherano,Hebei China Fortune FC,4500000.0,74.0,-3,36.3,StandingTackle,81.0,4
Lucas Leiva,83,17500000.0,Starter,Lucas Leiva,LDM,J. Mascherano,Hebei China Fortune FC,4500000.0,74.0,-3,36.3,Strength,67.0,5
J. Mascherano,80,4500000.0,Backup,Lucas Leiva,LDM,J. Mascherano,Hebei China Fortune FC,4500000.0,74.0,-3,36.3,Strength,72.0,5
Lucas Leiva,83,17500000.0,Starter,Lucas Leiva,LDM,J. Mascherano,Hebei China Fortune FC,4500000.0,74.0,-3,36.3,SprintSpeed,67.0,6
J. Mascherano,80,4500000.0,Backup,Lucas Leiva,LDM,J. Mascherano,Hebei China Fortune FC,4500000.0,74.0,-3,36.3,SprintSpeed,62.0,6
S. Mandanda,83,13000000.0,Starter,S. Mandanda,GK,Guilherme,Lokomotiv Moscow,6000000.0,54.0,-5,58.9,SprintSpeed,43.0,0
Guilherme,78,6000000.0,Backup,S. Mandanda,GK,Guilherme,Lokomotiv Moscow,6000000.0,54.0,-5,58.9,SprintSpeed,40.0,0
S. Mandanda,83,13000000.0,Starter,S. Mandanda,GK,Guilherme,Lokomotiv Moscow,6000000.0,54.0,-5,58.9,Finishing,13.0,1
Guilherme,78,6000000.0,Backup,S. Mandanda,GK,Guilherme,Lokomotiv Moscow,6000000.0,54.0,-5,58.9,Finishing,11.0,1
S. Mandanda,83,13000000.0,Starter,S. Mandanda,GK,Guilherme,Lokomotiv Moscow,6000000.0,54.0,-5,58.9,ShortPassing,37.0,2
Guilherme,78,6000000.0,Backup,S. Mandanda,GK,Guilherme,Lokomotiv Moscow,6000000.0,54.0,-5,58.9,ShortPassing,39.0,2
S. Mandanda,83,13000000.0,Starter,S. Mandanda,GK,Guilherme,Lokomotiv Moscow,6000000.0,54.0,-5,58.9,Dribbling,15.0,3
Guilherme,78,6000000.0,Backup,S. Mandanda,GK,Guilherme,Lokomotiv Moscow,6000000.0,54.0,-5,58.9,Dribbling,16.0,3
S. Mandanda,83,13000000.0,Starter,S. Mandanda,GK,Guilherme,Lokomotiv Moscow,6000000.0,54.0,-5,58.9,StandingTackle,15.0,4
Guilherme,78,6000000.0,Backup,S. Mandanda,GK,Guilherme,Lokomotiv Moscow,6000000.0,54.0,-5,58.9,StandingTackle,16.0,4
S. Mandanda,83,13000000.0,Starter,S. Mandanda,GK,Guilherme,Lokomotiv Moscow,6000000.0,54.0,-5,58.9,Strength,61.0,5
Guilherme,78,6000000.0,Backup,S. Mandanda,GK,Guilherme,Lokomotiv Moscow,6000000.0,54.0,-5,58.9,Strength,71.0,5
S. Mandanda,83,13000000.0,Starter,S. Mandanda,GK,Guilherme,Lokomotiv Moscow,6000000.0,54.0,-5,58.9,SprintSpeed,43.0,6
Guilherme,78,6000000.0,Backup,S. Mandanda,GK,Guilherme,Lokomotiv Moscow,6000000.0,54.0,-5,58.9,SprintSpeed,40.0,6
Cesc Fàbregas,83,22000000.0,Starter,Cesc Fàbregas,CM,D. Liénard,RC Strasbourg Alsace,6000000.0,73.0,-8,17.3,SprintSpeed,54.0,0
D. Liénard,75,6000000.0,Backup,Cesc Fàbregas,CM,D. Liénard,RC Strasbourg Alsace,6000000.0,73.0,-8,17.3,SprintSpeed,67.0,0
Cesc Fàbregas,83,22000000.0,Starter,Cesc Fàbregas,CM,D. Liénard,RC Strasbourg Alsace,6000000.0,73.0,-8,17.3,Finishing,72.0,1
D. Liénard,75,6000000.0,Backup,Cesc Fàbregas,CM,D. Liénard,RC Strasbourg Alsace,6000000.0,73.0,-8,17.3,Finishing,67.0,1
Cesc Fàbregas,83,22000000.0,Starter,Cesc Fàbregas,CM,D. Liénard,RC Strasbourg Alsace,6000000.0,73.0,-8,17.3,ShortPassing,90.0,2
D. Liénard,75,6000000.0,Backup,Cesc Fàbregas,CM,D. Liénard,RC Strasbourg Alsace,6000000.0,73.0,-8,17.3,ShortPassing,80.0,2
Cesc Fàbregas,83,22000000.0,Starter,Cesc Fàbregas,CM,D. Liénard,RC Strasbourg Alsace,6000000.0,73.0,-8,17.3,Dribbling,79.0,3
D. Liénard,75,6000000.0,Backup,Cesc Fàbregas,CM,D. Liénard,RC Strasbourg Alsace,6000000.0,73.0,-8,17.3,Dribbling,73.0,3
Cesc Fàbregas,83,22000000.0,Starter,Cesc Fàbregas,CM,D. Liénard,RC Strasbourg Alsace,6000000.0,73.0,-8,17.3,StandingTackle,59.0,4
D. Liénard,75,6000000.0,Backup,Cesc Fàbregas,CM,D. Liénard,RC Strasbourg Alsace,6000000.0,73.0,-8,17.3,StandingTackle,52.0,4
Cesc Fàbregas,83,22000000.0,Starter,Cesc Fàbregas,CM,D. Liénard,RC Strasbourg Alsace,6000000.0,73.0,-8,17.3,Strength,61.0,5
D. Liénard,75,6000000.0,Backup,Cesc Fàbregas,CM,D. Liénard,RC Strasbourg Alsace,6000000.0,73.0,-8,17.3,Strength,71.0,5
Cesc Fàbregas,83,22000000.0,Starter,Cesc Fàbregas,CM,D. Liénard,RC Strasbourg Alsace,6000000.0,73.0,-8,17.3,SprintSpeed,54.0,6
D. Liénard,75,6000000.0,Backup,Cesc Fàbregas,CM,D. Liénard,RC Strasbourg Alsace,6000000.0,73.0,-8,17.3,SprintSpeed,67.0,6
M. Dembélé,83,24000000.0,Starter,M. Dembélé,CM,J. Hendrick,Burnley,8000000.0,67.0,-8,36.8,SprintSpeed,72.0,0
J. Hendrick,75,8000000.0,Backup,M. Dembélé,CM,J. Hendrick,Burnley,8000000.0,67.0,-8,36.8,SprintSpeed,67.0,0
M. Dembélé,83,24000000.0,Starter,M. Dembélé,CM,J. Hendrick,Burnley,8000000.0,67.0,-8,36.8,Finishing,66.0,1
J. Hendrick,75,8000000.0,Backup,M. Dembélé,CM,J. Hendrick,Burnley,8000000.0,67.0,-8,36.8,Finishing,67.0,1
M. Dembélé,83,24000000.0,Starter,M. Dembélé,CM,J. Hendrick,Burnley,8000000.0,67.0,-8,36.8,ShortPassing,86.0,2
J. Hendrick,75,8000000.0,Backup,M. Dembélé,CM,J. Hendrick,Burnley,8000000.0,67.0,-8,36.8,ShortPassing,78.0,2
M. Dembélé,83,24000000.0,Starter,M. Dembélé,CM,J. Hendrick,Burnley,8000000.0,67.0,-8,36.8,Dribbling,89.0,3
J. Hendrick,75,8000000.0,Backup,M. Dembélé,CM,J. Hendrick,Burnley,8000000.0,67.0,-8,36.8,Dribbling,76.0,3
M. Dembélé,83,24000000.0,Starter,M. Dembélé,CM,J. Hendrick,Burnley,8000000.0,67.0,-8,36.8,StandingTackle,82.0,4
J. Hendrick,75,8000000.0,Backup,M. Dembélé,CM,J. Hendrick,Burnley,8000000.0,67.0,-8,36.8,StandingTackle,71.0,4
M. Dembélé,83,24000000.0,Starter,M. Dembélé,CM,J. Hendrick,Burnley,8000000.0,67.0,-8,36.8,Strength,89.0,5
J. Hendrick,75,8000000.0,Backup,M. Dembélé,CM,J. Hendrick,Burnley,8000000.0,67.0,-8,36.8,Strength,71.0,5
M. Dembélé,83,24000000.0,Starter,M. Dembélé,CM,J. Hendrick,Burnley,8000000.0,67.0,-8,36.8,SprintSpeed,72.0,6
J. Hendrick,75,8000000.0,Backup,M. Dembélé,CM,J. Hendrick,Burnley,8000000.0,67.0,-8,36.8,SprintSpeed,67.0,6
F. Ribéry,83,11500000.0,Starter,F. Ribéry,LM,A. Mounier,Panathinaikos FC,6500000.0,43.0,-8,19.3,SprintSpeed,78.0,0
A. Mounier,75,6500000.0,Backup,F. Ribéry,LM,A. Mounier,Panathinaikos FC,6500000.0,43.0,-8,19.3,SprintSpeed,77.0,0
F. Ribéry,83,11500000.0,Starter,F. Ribéry,LM,A. Mounier,Panathinaikos FC,6500000.0,43.0,-8,19.3,Finishing,74.0,1
A. Mounier,75,6500000.0,Backup,F. Ribéry,LM,A. Mounier,Panathinaikos FC,6500000.0,43.0,-8,19.3,Finishing,66.0,1
F. Ribéry,83,11500000.0,Starter,F. Ribéry,LM,A. Mounier,Panathinaikos FC,6500000.0,43.0,-8,19.3,ShortPassing,83.0,2
A. Mounier,75,6500000.0,Backup,F. Ribéry,LM,A. Mounier,Panathinaikos FC,6500000.0,43.0,-8,19.3,ShortPassing,76.0,2
F. Ribéry,83,11500000.0,Starter,F. Ribéry,LM,A. Mounier,Panathinaikos FC,6500000.0,43.0,-8,19.3,Dribbling,84.0,3
A. Mounier,75,6500000.0,Backup,F. Ribéry,LM,A. Mounier,Panathinaikos FC,6500000.0,43.0,-8,19.3,Dribbling,80.0,3
F. Ribéry,83,11500000.0,Starter,F. Ribéry,LM,A. Mounier,Panathinaikos FC,6500000.0,43.0,-8,19.3,StandingTackle,25.0,4
A. Mounier,75,6500000.0,Backup,F. Ribéry,LM,A. Mounier,Panathinaikos FC,6500000.0,43.0,-8,19.3,StandingTackle,32.0,4
F. Ribéry,83,11500000.0,Starter,F. Ribéry,LM,A. Mounier,Panathinaikos FC,6500000.0,43.0,-8,19.3,Strength,60.0,5
A. Mounier,75,6500000.0,Backup,F. Ribéry,LM,A. Mounier,Panathinaikos FC,6500000.0,43.0,-8,19.3,Strength,60.0,5
F. Ribéry,83,11500000.0,Starter,F. Ribéry,LM,A. Mounier,Panathinaikos FC,6500000.0,43.0,-8,19.3,SprintSpeed,78.0,6
A. Mounier,75,6500000.0,Backup,F. Ribéry,LM,A. Mounier,Panathinaikos FC,6500000.0,43.0,-8,19.3,SprintSpeed,77.0,6
R. Jarstein,83,13000000.0,Starter,R. Jarstein,GK,B. Costil,FC Girondins de Bordeaux,6500000.0,50.0,-5,59.4,SprintSpeed,46.0,0
B. Costil,78,6500000.0,Backup,R. Jarstein,GK,B. Costil,FC Girondins de Bordeaux,6500000.0,50.0,-5,59.4,SprintSpeed,53.0,0
R. Jarstein,83,13000000.0,Starter,R. Jarstein,GK,B. Costil,FC Girondins de Bordeaux,6500000.0,50.0,-5,59.4,Finishing,13.0,1
B. Costil,78,6500000.0,Backup,R. Jarstein,GK,B. Costil,FC Girondins de Bordeaux,6500000.0,50.0,-5,59.4,Finishing,14.0,1
R. Jarstein,83,13000000.0,Starter,R. Jarstein,GK,B. Costil,FC Girondins de Bordeaux,6500000.0,50.0,-5,59.4,ShortPassing,34.0,2
B. Costil,78,6500000.0,Backup,R. Jarstein,GK,B. Costil,FC Girondins de Bordeaux,6500000.0,50.0,-5,59.4,ShortPassing,35.0,2
R. Jarstein,83,13000000.0,Starter,R. Jarstein,GK,B. Costil,FC Girondins de Bordeaux,6500000.0,50.0,-5,59.4,Dribbling,11.0,3
B. Costil,78,6500000.0,Backup,R. Jarstein,GK,B. Costil,FC Girondins de Bordeaux,6500000.0,50.0,-5,59.4,Dribbling,13.0,3
R. Jarstein,83,13000000.0,Starter,R. Jarstein,GK,B. Costil,FC Girondins de Bordeaux,6500000.0,50.0,-5,59.4,StandingTackle,11.0,4
B. Costil,78,6500000.0,Backup,R. Jarstein,GK,B. Costil,FC Girondins de Bordeaux,6500000.0,50.0,-5,59.4,StandingTackle,11.0,4
R. Jarstein,83,13000000.0,Starter,R. Jarstein,GK,B. Costil,FC Girondins de Bordeaux,6500000.0,50.0,-5,59.4,Strength,70.0,5
B. Costil,78,6500000.0,Backup,R. Jarstein,GK,B. Costil,FC Girondins de Bordeaux,6500000.0,50.0,-5,59.4,Strength,65.0,5
R. Jarstein,83,13000000.0,Starter,R. Jarstein,GK,B. Costil,FC Girondins de Bordeaux,6500000.0,50.0,-5,59.4,SprintSpeed,46.0,6
B. Costil,78,6500000.0,Backup,R. Jarstein,GK,B. Costil,FC Girondins de Bordeaux,6500000.0,50.0,-5,59.4,SprintSpeed,53.0,6
D. De Rossi,83,8000000.0,Starter,D. De Rossi,RDM,V. Cáceres,Free Agent,0.0,100.0,-8,29.7,SprintSpeed,67.0,0
V. Cáceres,75,0.0,Backup,D. De Rossi,RDM,V. Cáceres,Free Agent,0.0,100.0,-8,29.7,SprintSpeed,61.0,0
D. De Rossi,83,8000000.0,Starter,D. De Rossi,RDM,V. Cáceres,Free Agent,0.0,100.0,-8,29.7,Finishing,50.0,1
V. Cáceres,75,0.0,Backup,D. De Rossi,RDM,V. Cáceres,Free Agent,0.0,100.0,-8,29.7,Finishing,62.0,1
D. De Rossi,83,8000000.0,Starter,D. De Rossi,RDM,V. Cáceres,Free Agent,0.0,100.0,-8,29.7,ShortPassing,81.0,2
V. Cáceres,75,0.0,Backup,D. De Rossi,RDM,V. Cáceres,Free Agent,0.0,100.0,-8,29.7,ShortPassing,70.0,2
D. De Rossi,83,8000000.0,Starter,D. De Rossi,RDM,V. Cáceres,Free Agent,0.0,100.0,-8,29.7,Dribbling,64.0,3
V. Cáceres,75,0.0,Backup,D. De Rossi,RDM,V. Cáceres,Free Agent,0.0,100.0,-8,29.7,Dribbling,67.0,3
D. De Rossi,83,8000000.0,Starter,D. De Rossi,RDM,V. Cáceres,Free Agent,0.0,100.0,-8,29.7,StandingTackle,82.0,4
V. Cáceres,75,0.0,Backup,D. De Rossi,RDM,V. Cáceres,Free Agent,0.0,100.0,-8,29.7,StandingTackle,76.0,4
D. De Rossi,83,8000000.0,Starter,D. De Rossi,RDM,V. Cáceres,Free Agent,0.0,100.0,-8,29.7,Strength,81.0,5
V. Cáceres,75,0.0,Backup,D. De Rossi,RDM,V. Cáceres,Free Agent,0.0,100.0,-8,29.7,Strength,79.0,5
D. De Rossi,83,8000000.0,Starter,D. De Rossi,RDM,V. Cáceres,Free Agent,0.0,100.0,-8,29.7,SprintSpeed,67.0,6
V. Cáceres,75,0.0,Backup,D. De Rossi,RDM,V. Cáceres,Free Agent,0.0,100.0,-8,29.7,SprintSpeed,61.0,6
Pepe Reina,83,6000000.0,Starter,Pepe Reina,GK,Gomes,Watford,600000.0,90.0,-6,49.5,SprintSpeed,63.0,0
Gomes,77,600000.0,Backup,Pepe Reina,GK,Gomes,Watford,600000.0,90.0,-6,49.5,SprintSpeed,52.0,0
Pepe Reina,83,6000000.0,Starter,Pepe Reina,GK,Gomes,Watford,600000.0,90.0,-6,49.5,Finishing,14.0,1
Gomes,77,600000.0,Backup,Pepe Reina,GK,Gomes,Watford,600000.0,90.0,-6,49.5,Finishing,15.0,1
Pepe Reina,83,6000000.0,Starter,Pepe Reina,GK,Gomes,Watford,600000.0,90.0,-6,49.5,ShortPassing,19.0,2
Gomes,77,600000.0,Backup,Pepe Reina,GK,Gomes,Watford,600000.0,90.0,-6,49.5,ShortPassing,23.0,2
Pepe Reina,83,6000000.0,Starter,Pepe Reina,GK,Gomes,Watford,600000.0,90.0,-6,49.5,Dribbling,10.0,3
Gomes,77,600000.0,Backup,Pepe Reina,GK,Gomes,Watford,600000.0,90.0,-6,49.5,Dribbling,15.0,3
Pepe Reina,83,6000000.0,Starter,Pepe Reina,GK,Gomes,Watford,600000.0,90.0,-6,49.5,StandingTackle,22.0,4
Gomes,77,600000.0,Backup,Pepe Reina,GK,Gomes,Watford,600000.0,90.0,-6,49.5,StandingTackle,14.0,4
Pepe Reina,83,6000000.0,Starter,Pepe Reina,GK,Gomes,Watford,600000.0,90.0,-6,49.5,Strength,72.0,5
Gomes,77,600000.0,Backup,Pepe Reina,GK,Gomes,Watford,600000.0,90.0,-6,49.5,Strength,64.0,5
Pepe Reina,83,6000000.0,Starter,Pepe Reina,GK,Gomes,Watford,600000.0,90.0,-6,49.5,SprintSpeed,63.0,6
Gomes,77,600000.0,Backup,Pepe Reina,GK,Gomes,Watford,600000.0,90.0,-6,49.5,SprintSpeed,52.0,6
J. Pavlenka,82,19500000.0,Starter,J. Pavlenka,GK,Da Costa,Bologna,2300000.0,88.0,-8,40.0,SprintSpeed,37.0,0
Da Costa,74,2300000.0,Backup,J. Pavlenka,GK,Da Costa,Bologna,2300000.0,88.0,-8,40.0,SprintSpeed,37.0,0
J. Pavlenka,82,19500000.0,Starter,J. Pavlenka,GK,Da Costa,Bologna,2300000.0,88.0,-8,40.0,Finishing,16.0,1
Da Costa,74,2300000.0,Backup,J. Pavlenka,GK,Da Costa,Bologna,2300000.0,88.0,-8,40.0,Finishing,13.0,1
J. Pavlenka,82,19500000.0,Starter,J. Pavlenka,GK,Da Costa,Bologna,2300000.0,88.0,-8,40.0,ShortPassing,28.0,2
Da Costa,74,2300000.0,Backup,J. Pavlenka,GK,Da Costa,Bologna,2300000.0,88.0,-8,40.0,ShortPassing,28.0,2
J. Pavlenka,82,19500000.0,Starter,J. Pavlenka,GK,Da Costa,Bologna,2300000.0,88.0,-8,40.0,Dribbling,12.0,3
Da Costa,74,2300000.0,Backup,J. Pavlenka,GK,Da Costa,Bologna,2300000.0,88.0,-8,40.0,Dribbling,11.0,3
J. Pavlenka,82,19500000.0,Starter,J. Pavlenka,GK,Da Costa,Bologna,2300000.0,88.0,-8,40.0,StandingTackle,10.0,4
Da Costa,74,2300000.0,Backup,J. Pavlenka,GK,Da Costa,Bologna,2300000.0,88.0,-8,40.0,StandingTackle,19.0,4
J. Pavlenka,82,19500000.0,Starter,J. Pavlenka,GK,Da Costa,Bologna,2300000.0,88.0,-8,40.0,Strength,68.0,5
Da Costa,74,2300000.0,Backup,J. Pavlenka,GK,Da Costa,Bologna,2300000.0,88.0,-8,40.0,Strength,63.0,5
J. Pavlenka,82,19500000.0,Starter,J. Pavlenka,GK,Da Costa,Bologna,2300000.0,88.0,-8,40.0,SprintSpeed,37.0,6
Da Costa,74,2300000.0,Backup,J. Pavlenka,GK,Da Costa,Bologna,2300000.0,88.0,-8,40.0,SprintSpeed,37.0,6
M. de Ligt,82,27000000.0,Starter,M. de Ligt,RCB,David López,RCD Espanyol,10000000.0,63.0,-3,42.7,SprintSpeed,72.0,0
David López,79,10000000.0,Backup,M. de Ligt,RCB,David López,RCD Espanyol,10000000.0,63.0,-3,42.7,SprintSpeed,59.0,0
M. de Ligt,82,27000000.0,Starter,M. de Ligt,RCB,David López,RCD Espanyol,10000000.0,63.0,-3,42.7,Finishing,53.0,1
David López,79,10000000.0,Backup,M. de Ligt,RCB,David López,RCD Espanyol,10000000.0,63.0,-3,42.7,Finishing,65.0,1
M. de Ligt,82,27000000.0,Starter,M. de Ligt,RCB,David López,RCD Espanyol,10000000.0,63.0,-3,42.7,ShortPassing,75.0,2
David López,79,10000000.0,Backup,M. de Ligt,RCB,David López,RCD Espanyol,10000000.0,63.0,-3,42.7,ShortPassing,79.0,2
M. de Ligt,82,27000000.0,Starter,M. de Ligt,RCB,David López,RCD Espanyol,10000000.0,63.0,-3,42.7,Dribbling,65.0,3
David López,79,10000000.0,Backup,M. de Ligt,RCB,David López,RCD Espanyol,10000000.0,63.0,-3,42.7,Dribbling,64.0,3
M. de Ligt,82,27000000.0,Starter,M. de Ligt,RCB,David López,RCD Espanyol,10000000.0,63.0,-3,42.7,StandingTackle,84.0,4
David López,79,10000000.0,Backup,M. de Ligt,RCB,David López,RCD Espanyol,10000000.0,63.0,-3,42.7,StandingTackle,82.0,4
M. de Ligt,82,27000000.0,Starter,M. de Ligt,RCB,David López,RCD Espanyol,10000000.0,63.0,-3,42.7,Strength,87.0,5
David López,79,10000000.0,Backup,M. de Ligt,RCB,David López,RCD Espanyol,10000000.0,63.0,-3,42.7,Strength,84.0,5
M. de Ligt,82,27000000.0,Starter,M. de Ligt,RCB,David López,RCD Espanyol,10000000.0,63.0,-3,42.7,SprintSpeed,72.0,6
David López,79,10000000.0,Backup,M. de Ligt,RCB,David López,RCD Espanyol,10000000.0,63.0,-3,42.7,SprintSpeed,59.0,6
Rodri,82,29000000.0,Starter,Rodri,CM,L. Pellegrini,Roma,14000000.0,52.0,-4,51.3,SprintSpeed,66.0,0
L. Pellegrini,78,14000000.0,Backup,Rodri,CM,L. Pellegrini,Roma,14000000.0,52.0,-4,51.3,SprintSpeed,74.0,0
Rodri,82,29000000.0,Starter,Rodri,CM,L. Pellegrini,Roma,14000000.0,52.0,-4,51.3,Finishing,64.0,1
L. Pellegrini,78,14000000.0,Backup,Rodri,CM,L. Pellegrini,Roma,14000000.0,52.0,-4,51.3,Finishing,60.0,1
Rodri,82,29000000.0,Starter,Rodri,CM,L. Pellegrini,Roma,14000000.0,52.0,-4,51.3,ShortPassing,83.0,2
L. Pellegrini,78,14000000.0,Backup,Rodri,CM,L. Pellegrini,Roma,14000000.0,52.0,-4,51.3,ShortPassing,82.0,2
Rodri,82,29000000.0,Starter,Rodri,CM,L. Pellegrini,Roma,14000000.0,52.0,-4,51.3,Dribbling,77.0,3
L. Pellegrini,78,14000000.0,Backup,Rodri,CM,L. Pellegrini,Roma,14000000.0,52.0,-4,51.3,Dribbling,76.0,3
Rodri,82,29000000.0,Starter,Rodri,CM,L. Pellegrini,Roma,14000000.0,52.0,-4,51.3,StandingTackle,80.0,4
L. Pellegrini,78,14000000.0,Backup,Rodri,CM,L. Pellegrini,Roma,14000000.0,52.0,-4,51.3,StandingTackle,74.0,4
Rodri,82,29000000.0,Starter,Rodri,CM,L. Pellegrini,Roma,14000000.0,52.0,-4,51.3,Strength,75.0,5
L. Pellegrini,78,14000000.0,Backup,Rodri,CM,L. Pellegrini,Roma,14000000.0,52.0,-4,51.3,Strength,69.0,5
Rodri,82,29000000.0,Starter,Rodri,CM,L. Pellegrini,Roma,14000000.0,52.0,-4,51.3,SprintSpeed,66.0,6
L. Pellegrini,78,14000000.0,Backup,Rodri,CM,L. Pellegrini,Roma,14000000.0,52.0,-4,51.3,SprintSpeed,74.0,6
Arthur,82,32500000.0,Starter,Arthur,LCM,André André,Vitória Guimarães,9000000.0,72.0,-5,50.7,SprintSpeed,70.0,0
André André,77,9000000.0,Backup,Arthur,LCM,André André,Vitória Guimarães,9000000.0,72.0,-5,50.7,SprintSpeed,69.0,0
Arthur,82,32500000.0,Starter,Arthur,LCM,André André,Vitória Guimarães,9000000.0,72.0,-5,50.7,Finishing,72.0,1
André André,77,9000000.0,Backup,Arthur,LCM,André André,Vitória Guimarães,9000000.0,72.0,-5,50.7,Finishing,68.0,1
Arthur,82,32500000.0,Starter,Arthur,LCM,André André,Vitória Guimarães,9000000.0,72.0,-5,50.7,ShortPassing,85.0,2
André André,77,9000000.0,Backup,Arthur,LCM,André André,Vitória Guimarães,9000000.0,72.0,-5,50.7,ShortPassing,80.0,2
Arthur,82,32500000.0,Starter,Arthur,LCM,André André,Vitória Guimarães,9000000.0,72.0,-5,50.7,Dribbling,82.0,3
André André,77,9000000.0,Backup,Arthur,LCM,André André,Vitória Guimarães,9000000.0,72.0,-5,50.7,Dribbling,78.0,3
Arthur,82,32500000.0,Starter,Arthur,LCM,André André,Vitória Guimarães,9000000.0,72.0,-5,50.7,StandingTackle,76.0,4
André André,77,9000000.0,Backup,Arthur,LCM,André André,Vitória Guimarães,9000000.0,72.0,-5,50.7,StandingTackle,74.0,4
Arthur,82,32500000.0,Starter,Arthur,LCM,André André,Vitória Guimarães,9000000.0,72.0,-5,50.7,Strength,62.0,5
André André,77,9000000.0,Backup,Arthur,LCM,André André,Vitória Guimarães,9000000.0,72.0,-5,50.7,Strength,61.0,5
Arthur,82,32500000.0,Starter,Arthur,LCM,André André,Vitória Guimarães,9000000.0,72.0,-5,50.7,SprintSpeed,70.0,6
André André,77,9000000.0,Backup,Arthur,LCM,André André,Vitória Guimarães,9000000.0,72.0,-5,50.7,SprintSpeed,69.0,6
G. Donnarumma,82,29000000.0,Starter,G. Donnarumma,GK,Rafael,Sampdoria,4900000.0,83.0,-8,55.9,SprintSpeed,54.0,0
Rafael,74,4900000.0,Backup,G. Donnarumma,GK,Rafael,Sampdoria,4900000.0,83.0,-8,55.9,SprintSpeed,56.0,0
G. Donnarumma,82,29000000.0,Starter,G. Donnarumma,GK,Rafael,Sampdoria,4900000.0,83.0,-8,55.9,Finishing,12.0,1
Rafael,74,4900000.0,Backup,G. Donnarumma,GK,Rafael,Sampdoria,4900000.0,83.0,-8,55.9,Finishing,10.0,1
G. Donnarumma,82,29000000.0,Starter,G. Donnarumma,GK,Rafael,Sampdoria,4900000.0,83.0,-8,55.9,ShortPassing,34.0,2
Rafael,74,4900000.0,Backup,G. Donnarumma,GK,Rafael,Sampdoria,4900000.0,83.0,-8,55.9,ShortPassing,33.0,2
G. Donnarumma,82,29000000.0,Starter,G. Donnarumma,GK,Rafael,Sampdoria,4900000.0,83.0,-8,55.9,Dribbling,28.0,3
Rafael,74,4900000.0,Backup,G. Donnarumma,GK,Rafael,Sampdoria,4900000.0,83.0,-8,55.9,Dribbling,17.0,3
G. Donnarumma,82,29000000.0,Starter,G. Donnarumma,GK,Rafael,Sampdoria,4900000.0,83.0,-8,55.9,StandingTackle,14.0,4
Rafael,74,4900000.0,Backup,G. Donnarumma,GK,Rafael,Sampdoria,4900000.0,83.0,-8,55.9,StandingTackle,11.0,4
G. Donnarumma,82,29000000.0,Starter,G. Donnarumma,GK,Rafael,Sampdoria,4900000.0,83.0,-8,55.9,Strength,72.0,5
Rafael,74,4900000.0,Backup,G. Donnarumma,GK,Rafael,Sampdoria,4900000.0,83.0,-8,55.9,Strength,68.0,5
G. Donnarumma,82,29000000.0,Starter,G. Donnarumma,GK,Rafael,Sampdoria,4900000.0,83.0,-8,55.9,SprintSpeed,54.0,6
Rafael,74,4900000.0,Backup,G. Donnarumma,GK,Rafael,Sampdoria,4900000.0,83.0,-8,55.9,SprintSpeed,56.0,6
Rosberto Dourado,82,16500000.0,Starter,Rosberto Dourado,RCM,W. Katsande,Kaizer Chiefs,3200000.0,81.0,-8,20.0,SprintSpeed,81.0,0
W. Katsande,74,3200000.0,Backup,Rosberto Dourado,RCM,W. Katsande,Kaizer Chiefs,3200000.0,81.0,-8,20.0,SprintSpeed,69.0,0
Rosberto Dourado,82,16500000.0,Starter,Rosberto Dourado,RCM,W. Katsande,Kaizer Chiefs,3200000.0,81.0,-8,20.0,Finishing,53.0,1
W. Katsande,74,3200000.0,Backup,Rosberto Dourado,RCM,W. Katsande,Kaizer Chiefs,3200000.0,81.0,-8,20.0,Finishing,59.0,1
Rosberto Dourado,82,16500000.0,Starter,Rosberto Dourado,RCM,W. Katsande,Kaizer Chiefs,3200000.0,81.0,-8,20.0,ShortPassing,82.0,2
W. Katsande,74,3200000.0,Backup,Rosberto Dourado,RCM,W. Katsande,Kaizer Chiefs,3200000.0,81.0,-8,20.0,ShortPassing,75.0,2
Rosberto Dourado,82,16500000.0,Starter,Rosberto Dourado,RCM,W. Katsande,Kaizer Chiefs,3200000.0,81.0,-8,20.0,Dribbling,77.0,3
W. Katsande,74,3200000.0,Backup,Rosberto Dourado,RCM,W. Katsande,Kaizer Chiefs,3200000.0,81.0,-8,20.0,Dribbling,71.0,3
Rosberto Dourado,82,16500000.0,Starter,Rosberto Dourado,RCM,W. Katsande,Kaizer Chiefs,3200000.0,81.0,-8,20.0,StandingTackle,86.0,4
W. Katsande,74,3200000.0,Backup,Rosberto Dourado,RCM,W. Katsande,Kaizer Chiefs,3200000.0,81.0,-8,20.0,StandingTackle,70.0,4
Rosberto Dourado,82,16500000.0,Starter,Rosberto Dourado,RCM,W. Katsande,Kaizer Chiefs,3200000.0,81.0,-8,20.0,Strength,68.0,5
W. Katsande,74,3200000.0,Backup,Rosberto Dourado,RCM,W. Katsande,Kaizer Chiefs,3200000.0,81.0,-8,20.0,Strength,70.0,5
Rosberto Dourado,82,16500000.0,Starter,Rosberto Dourado,RCM,W. Katsande,Kaizer Chiefs,3200000.0,81.0,-8,20.0,SprintSpeed,81.0,6
W. Katsande,74,3200000.0,Backup,Rosberto Dourado,RCM,W. Katsande,Kaizer Chiefs,3200000.0,81.0,-8,20.0,SprintSpeed,69.0,6
Juiano Mestres,82,6500000.0,Starter,Juiano Mestres,RCB,L. Ciman,Dijon FCO,3800000.0,42.0,-7,21.5,SprintSpeed,74.0,0
L. Ciman,75,3800000.0,Backup,Juiano Mestres,RCB,L. Ciman,Dijon FCO,3800000.0,42.0,-7,21.5,SprintSpeed,64.0,0
Juiano Mestres,82,6500000.0,Starter,Juiano Mestres,RCB,L. Ciman,Dijon FCO,3800000.0,42.0,-7,21.5,Finishing,56.0,1
L. Ciman,75,3800000.0,Backup,Juiano Mestres,RCB,L. Ciman,Dijon FCO,3800000.0,42.0,-7,21.5,Finishing,46.0,1
Juiano Mestres,82,6500000.0,Starter,Juiano Mestres,RCB,L. Ciman,Dijon FCO,3800000.0,42.0,-7,21.5,ShortPassing,67.0,2
L. Ciman,75,3800000.0,Backup,Juiano Mestres,RCB,L. Ciman,Dijon FCO,3800000.0,42.0,-7,21.5,ShortPassing,73.0,2
Juiano Mestres,82,6500000.0,Starter,Juiano Mestres,RCB,L. Ciman,Dijon FCO,3800000.0,42.0,-7,21.5,Dribbling,60.0,3
L. Ciman,75,3800000.0,Backup,Juiano Mestres,RCB,L. Ciman,Dijon FCO,3800000.0,42.0,-7,21.5,Dribbling,63.0,3
Juiano Mestres,82,6500000.0,Starter,Juiano Mestres,RCB,L. Ciman,Dijon FCO,3800000.0,42.0,-7,21.5,StandingTackle,85.0,4
L. Ciman,75,3800000.0,Backup,Juiano Mestres,RCB,L. Ciman,Dijon FCO,3800000.0,42.0,-7,21.5,StandingTackle,72.0,4
Juiano Mestres,82,6500000.0,Starter,Juiano Mestres,RCB,L. Ciman,Dijon FCO,3800000.0,42.0,-7,21.5,Strength,79.0,5
L. Ciman,75,3800000.0,Backup,Juiano Mestres,RCB,L. Ciman,Dijon FCO,3800000.0,42.0,-7,21.5,Strength,70.0,5
Juiano Mestres,82,6500000.0,Starter,Juiano Mestres,RCB,L. Ciman,Dijon FCO,3800000.0,42.0,-7,21.5,SprintSpeed,74.0,6
L. Ciman,75,3800000.0,Backup,Juiano Mestres,RCB,L. Ciman,Dijon FCO,3800000.0,42.0,-7,21.5,SprintSpeed,64.0,6
Raphaelito Anjos,82,14000000.0,Starter,Raphaelito Anjos,GK,Victorino Magela,Bahia,3600000.0,74.0,-8,64.1,SprintSpeed,42.0,0
Victorino Magela,74,3600000.0,Backup,Raphaelito Anjos,GK,Victorino Magela,Bahia,3600000.0,74.0,-8,64.1,SprintSpeed,42.0,0
Raphaelito Anjos,82,14000000.0,Starter,Raphaelito Anjos,GK,Victorino Magela,Bahia,3600000.0,74.0,-8,64.1,Finishing,8.0,1
Victorino Magela,74,3600000.0,Backup,Raphaelito Anjos,GK,Victorino Magela,Bahia,3600000.0,74.0,-8,64.1,Finishing,9.0,1
Raphaelito Anjos,82,14000000.0,Starter,Raphaelito Anjos,GK,Victorino Magela,Bahia,3600000.0,74.0,-8,64.1,ShortPassing,18.0,2
Victorino Magela,74,3600000.0,Backup,Raphaelito Anjos,GK,Victorino Magela,Bahia,3600000.0,74.0,-8,64.1,ShortPassing,16.0,2
Raphaelito Anjos,82,14000000.0,Starter,Raphaelito Anjos,GK,Victorino Magela,Bahia,3600000.0,74.0,-8,64.1,Dribbling,9.0,3
Victorino Magela,74,3600000.0,Backup,Raphaelito Anjos,GK,Victorino Magela,Bahia,3600000.0,74.0,-8,64.1,Dribbling,8.0,3
Raphaelito Anjos,82,14000000.0,Starter,Raphaelito Anjos,GK,Victorino Magela,Bahia,3600000.0,74.0,-8,64.1,StandingTackle,17.0,4
Victorino Magela,74,3600000.0,Backup,Raphaelito Anjos,GK,Victorino Magela,Bahia,3600000.0,74.0,-8,64.1,StandingTackle,8.0,4
Raphaelito Anjos,82,14000000.0,Starter,Raphaelito Anjos,GK,Victorino Magela,Bahia,3600000.0,74.0,-8,64.1,Strength,79.0,5
Victorino Magela,74,3600000.0,Backup,Raphaelito Anjos,GK,Victorino Magela,Bahia,3600000.0,74.0,-8,64.1,Strength,81.0,5
Raphaelito Anjos,82,14000000.0,Starter,Raphaelito Anjos,GK,Victorino Magela,Bahia,3600000.0,74.0,-8,64.1,SprintSpeed,42.0,6
Victorino Magela,74,3600000.0,Backup,Raphaelito Anjos,GK,Victorino Magela,Bahia,3600000.0,74.0,-8,64.1,SprintSpeed,42.0,6
Gelson Martins,82,29500000.0,Starter,Gelson Martins,RM,J. Corona,FC Porto,21500000.0,27.0,-1,38.8,SprintSpeed,94.0,0
J. Corona,81,21500000.0,Backup,Gelson Martins,RM,J. Corona,FC Porto,21500000.0,27.0,-1,38.8,SprintSpeed,79.0,0
Gelson Martins,82,29500000.0,Starter,Gelson Martins,RM,J. Corona,FC Porto,21500000.0,27.0,-1,38.8,Finishing,66.0,1
J. Corona,81,21500000.0,Backup,Gelson Martins,RM,J. Corona,FC Porto,21500000.0,27.0,-1,38.8,Finishing,76.0,1
Gelson Martins,82,29500000.0,Starter,Gelson Martins,RM,J. Corona,FC Porto,21500000.0,27.0,-1,38.8,ShortPassing,78.0,2
J. Corona,81,21500000.0,Backup,Gelson Martins,RM,J. Corona,FC Porto,21500000.0,27.0,-1,38.8,ShortPassing,76.0,2
Gelson Martins,82,29500000.0,Starter,Gelson Martins,RM,J. Corona,FC Porto,21500000.0,27.0,-1,38.8,Dribbling,85.0,3
J. Corona,81,21500000.0,Backup,Gelson Martins,RM,J. Corona,FC Porto,21500000.0,27.0,-1,38.8,Dribbling,91.0,3
Gelson Martins,82,29500000.0,Starter,Gelson Martins,RM,J. Corona,FC Porto,21500000.0,27.0,-1,38.8,StandingTackle,46.0,4
J. Corona,81,21500000.0,Backup,Gelson Martins,RM,J. Corona,FC Porto,21500000.0,27.0,-1,38.8,StandingTackle,40.0,4
Gelson Martins,82,29500000.0,Starter,Gelson Martins,RM,J. Corona,FC Porto,21500000.0,27.0,-1,38.8,Strength,48.0,5
J. Corona,81,21500000.0,Backup,Gelson Martins,RM,J. Corona,FC Porto,21500000.0,27.0,-1,38.8,Strength,39.0,5
Gelson Martins,82,29500000.0,Starter,Gelson Martins,RM,J. Corona,FC Porto,21500000.0,27.0,-1,38.8,SprintSpeed,94.0,6
J. Corona,81,21500000.0,Backup,Gelson Martins,RM,J. Corona,FC Porto,21500000.0,27.0,-1,38.8,SprintSpeed,79.0,6
Gonçalo Guedes,82,29000000.0,Starter,Gonçalo Guedes,LM,Ricardo Horta,SC Braga,17000000.0,41.0,-3,44.9,SprintSpeed,90.0,0
Ricardo Horta,79,17000000.0,Backup,Gonçalo Guedes,LM,Ricardo Horta,SC Braga,17000000.0,41.0,-3,44.9,SprintSpeed,75.0,0
Gonçalo Guedes,82,29000000.0,Starter,Gonçalo Guedes,LM,Ricardo Horta,SC Braga,17000000.0,41.0,-3,44.9,Finishing,75.0,1
Ricardo Horta,79,17000000.0,Backup,Gonçalo Guedes,LM,Ricardo Horta,SC Braga,17000000.0,41.0,-3,44.9,Finishing,74.0,1
Gonçalo Guedes,82,29000000.0,Starter,Gonçalo Guedes,LM,Ricardo Horta,SC Braga,17000000.0,41.0,-3,44.9,ShortPassing,77.0,2
Ricardo Horta,79,17000000.0,Backup,Gonçalo Guedes,LM,Ricardo Horta,SC Braga,17000000.0,41.0,-3,44.9,ShortPassing,76.0,2
Gonçalo Guedes,82,29000000.0,Starter,Gonçalo Guedes,LM,Ricardo Horta,SC Braga,17000000.0,41.0,-3,44.9,Dribbling,86.0,3
Ricardo Horta,79,17000000.0,Backup,Gonçalo Guedes,LM,Ricardo Horta,SC Braga,17000000.0,41.0,-3,44.9,Dribbling,80.0,3
Gonçalo Guedes,82,29000000.0,Starter,Gonçalo Guedes,LM,Ricardo Horta,SC Braga,17000000.0,41.0,-3,44.9,StandingTackle,34.0,4
Ricardo Horta,79,17000000.0,Backup,Gonçalo Guedes,LM,Ricardo Horta,SC Braga,17000000.0,41.0,-3,44.9,StandingTackle,44.0,4
Gonçalo Guedes,82,29000000.0,Starter,Gonçalo Guedes,LM,Ricardo Horta,SC Braga,17000000.0,41.0,-3,44.9,Strength,62.0,5
Ricardo Horta,79,17000000.0,Backup,Gonçalo Guedes,LM,Ricardo Horta,SC Braga,17000000.0,41.0,-3,44.9,Strength,45.0,5
Gonçalo Guedes,82,29000000.0,Starter,Gonçalo Guedes,LM,Ricardo Horta,SC Braga,17000000.0,41.0,-3,44.9,SprintSpeed,90.0,6
Ricardo Horta,79,17000000.0,Backup,Gonçalo Guedes,LM,Ricardo Horta,SC Braga,17000000.0,41.0,-3,44.9,SprintSpeed,75.0,6
L. Torreira,82,25000000.0,Starter,L. Torreira,LCM,J. dos Santos,LA Galaxy,9000000.0,64.0,-5,30.9,SprintSpeed,74.0,0
J. dos Santos,77,9000000.0,Backup,L. Torreira,LCM,J. dos Santos,LA Galaxy,9000000.0,64.0,-5,30.9,SprintSpeed,68.0,0
L. Torreira,82,25000000.0,Starter,L. Torreira,LCM,J. dos Santos,LA Galaxy,9000000.0,64.0,-5,30.9,Finishing,50.0,1
J. dos Santos,77,9000000.0,Backup,L. Torreira,LCM,J. dos Santos,LA Galaxy,9000000.0,64.0,-5,30.9,Finishing,61.0,1
L. Torreira,82,25000000.0,Starter,L. Torreira,LCM,J. dos Santos,LA Galaxy,9000000.0,64.0,-5,30.9,ShortPassing,83.0,2
J. dos Santos,77,9000000.0,Backup,L. Torreira,LCM,J. dos Santos,LA Galaxy,9000000.0,64.0,-5,30.9,ShortPassing,81.0,2
L. Torreira,82,25000000.0,Starter,L. Torreira,LCM,J. dos Santos,LA Galaxy,9000000.0,64.0,-5,30.9,Dribbling,78.0,3
J. dos Santos,77,9000000.0,Backup,L. Torreira,LCM,J. dos Santos,LA Galaxy,9000000.0,64.0,-5,30.9,Dribbling,78.0,3
L. Torreira,82,25000000.0,Starter,L. Torreira,LCM,J. dos Santos,LA Galaxy,9000000.0,64.0,-5,30.9,StandingTackle,84.0,4
J. dos Santos,77,9000000.0,Backup,L. Torreira,LCM,J. dos Santos,LA Galaxy,9000000.0,64.0,-5,30.9,StandingTackle,69.0,4
L. Torreira,82,25000000.0,Starter,L. Torreira,LCM,J. dos Santos,LA Galaxy,9000000.0,64.0,-5,30.9,Strength,66.0,5
J. dos Santos,77,9000000.0,Backup,L. Torreira,LCM,J. dos Santos,LA Galaxy,9000000.0,64.0,-5,30.9,Strength,65.0,5
L. Torreira,82,25000000.0,Starter,L. Torreira,LCM,J. dos Santos,LA Galaxy,9000000.0,64.0,-5,30.9,SprintSpeed,74.0,6
J. dos Santos,77,9000000.0,Backup,L. Torreira,LCM,J. dos Santos,LA Galaxy,9000000.0,64.0,-5,30.9,SprintSpeed,68.0,6
Malcom,82,31500000.0,Starter,Malcom,RW,C. Vela,Los Angeles FC,17500000.0,44.0,-1,46.3,SprintSpeed,82.0,0
C. Vela,81,17500000.0,Backup,Malcom,RW,C. Vela,Los Angeles FC,17500000.0,44.0,-1,46.3,SprintSpeed,80.0,0
Malcom,82,31500000.0,Starter,Malcom,RW,C. Vela,Los Angeles FC,17500000.0,44.0,-1,46.3,Finishing,75.0,1
C. Vela,81,17500000.0,Backup,Malcom,RW,C. Vela,Los Angeles FC,17500000.0,44.0,-1,46.3,Finishing,81.0,1
Malcom,82,31500000.0,Starter,Malcom,RW,C. Vela,Los Angeles FC,17500000.0,44.0,-1,46.3,ShortPassing,82.0,2
C. Vela,81,17500000.0,Backup,Malcom,RW,C. Vela,Los Angeles FC,17500000.0,44.0,-1,46.3,ShortPassing,81.0,2
Malcom,82,31500000.0,Starter,Malcom,RW,C. Vela,Los Angeles FC,17500000.0,44.0,-1,46.3,Dribbling,85.0,3
C. Vela,81,17500000.0,Backup,Malcom,RW,C. Vela,Los Angeles FC,17500000.0,44.0,-1,46.3,Dribbling,83.0,3
Malcom,82,31500000.0,Starter,Malcom,RW,C. Vela,Los Angeles FC,17500000.0,44.0,-1,46.3,StandingTackle,28.0,4
C. Vela,81,17500000.0,Backup,Malcom,RW,C. Vela,Los Angeles FC,17500000.0,44.0,-1,46.3,StandingTackle,22.0,4
Malcom,82,31500000.0,Starter,Malcom,RW,C. Vela,Los Angeles FC,17500000.0,44.0,-1,46.3,Strength,64.0,5
C. Vela,81,17500000.0,Backup,Malcom,RW,C. Vela,Los Angeles FC,17500000.0,44.0,-1,46.3,Strength,67.0,5
Malcom,82,31500000.0,Starter,Malcom,RW,C. Vela,Los Angeles FC,17500000.0,44.0,-1,46.3,SprintSpeed,82.0,6
C. Vela,81,17500000.0,Backup,Malcom,RW,C. Vela,Los Angeles FC,17500000.0,44.0,-1,46.3,SprintSpeed,80.0,6
Pau López,82,21500000.0,Starter,Pau López,GK,B. van Leer,NAC Breda,4700000.0,78.0,-8,47.2,SprintSpeed,52.0,0
B. van Leer,74,4700000.0,Backup,Pau López,GK,B. van Leer,NAC Breda,4700000.0,78.0,-8,47.2,SprintSpeed,42.0,0
Pau López,82,21500000.0,Starter,Pau López,GK,B. van Leer,NAC Breda,4700000.0,78.0,-8,47.2,Finishing,19.0,1
B. van Leer,74,4700000.0,Backup,Pau López,GK,B. van Leer,NAC Breda,4700000.0,78.0,-8,47.2,Finishing,12.0,1
Pau López,82,21500000.0,Starter,Pau López,GK,B. van Leer,NAC Breda,4700000.0,78.0,-8,47.2,ShortPassing,38.0,2
B. van Leer,74,4700000.0,Backup,Pau López,GK,B. van Leer,NAC Breda,4700000.0,78.0,-8,47.2,ShortPassing,34.0,2
Pau López,82,21500000.0,Starter,Pau López,GK,B. van Leer,NAC Breda,4700000.0,78.0,-8,47.2,Dribbling,18.0,3
B. van Leer,74,4700000.0,Backup,Pau López,GK,B. van Leer,NAC Breda,4700000.0,78.0,-8,47.2,Dribbling,11.0,3
Pau López,82,21500000.0,Starter,Pau López,GK,B. van Leer,NAC Breda,4700000.0,78.0,-8,47.2,StandingTackle,20.0,4
B. van Leer,74,4700000.0,Backup,Pau López,GK,B. van Leer,NAC Breda,4700000.0,78.0,-8,47.2,StandingTackle,15.0,4
Pau López,82,21500000.0,Starter,Pau López,GK,B. van Leer,NAC Breda,4700000.0,78.0,-8,47.2,Strength,52.0,5
B. van Leer,74,4700000.0,Backup,Pau López,GK,B. van Leer,NAC Breda,4700000.0,78.0,-8,47.2,Strength,55.0,5
Pau López,82,21500000.0,Starter,Pau López,GK,B. van Leer,NAC Breda,4700000.0,78.0,-8,47.2,SprintSpeed,52.0,6
B. van Leer,74,4700000.0,Backup,Pau López,GK,B. van Leer,NAC Breda,4700000.0,78.0,-8,47.2,SprintSpeed,42.0,6
L. Hernández,82,25500000.0,Starter,L. Hernández,LB,R. Bensebaini,Stade Rennais FC,7000000.0,73.0,-7,40.0,SprintSpeed,84.0,0
R. Bensebaini,75,7000000.0,Backup,L. Hernández,LB,R. Bensebaini,Stade Rennais FC,7000000.0,73.0,-7,40.0,SprintSpeed,68.0,0
L. Hernández,82,25500000.0,Starter,L. Hernández,LB,R. Bensebaini,Stade Rennais FC,7000000.0,73.0,-7,40.0,Finishing,42.0,1
R. Bensebaini,75,7000000.0,Backup,L. Hernández,LB,R. Bensebaini,Stade Rennais FC,7000000.0,73.0,-7,40.0,Finishing,49.0,1
L. Hernández,82,25500000.0,Starter,L. Hernández,LB,R. Bensebaini,Stade Rennais FC,7000000.0,73.0,-7,40.0,ShortPassing,80.0,2
R. Bensebaini,75,7000000.0,Backup,L. Hernández,LB,R. Bensebaini,Stade Rennais FC,7000000.0,73.0,-7,40.0,ShortPassing,72.0,2
L. Hernández,82,25500000.0,Starter,L. Hernández,LB,R. Bensebaini,Stade Rennais FC,7000000.0,73.0,-7,40.0,Dribbling,65.0,3
R. Bensebaini,75,7000000.0,Backup,L. Hernández,LB,R. Bensebaini,Stade Rennais FC,7000000.0,73.0,-7,40.0,Dribbling,68.0,3
L. Hernández,82,25500000.0,Starter,L. Hernández,LB,R. Bensebaini,Stade Rennais FC,7000000.0,73.0,-7,40.0,StandingTackle,83.0,4
R. Bensebaini,75,7000000.0,Backup,L. Hernández,LB,R. Bensebaini,Stade Rennais FC,7000000.0,73.0,-7,40.0,StandingTackle,75.0,4
L. Hernández,82,25500000.0,Starter,L. Hernández,LB,R. Bensebaini,Stade Rennais FC,7000000.0,73.0,-7,40.0,Strength,76.0,5
R. Bensebaini,75,7000000.0,Backup,L. Hernández,LB,R. Bensebaini,Stade Rennais FC,7000000.0,73.0,-7,40.0,Strength,79.0,5
L. Hernández,82,25500000.0,Starter,L. Hernández,LB,R. Bensebaini,Stade Rennais FC,7000000.0,73.0,-7,40.0,SprintSpeed,84.0,6
R. Bensebaini,75,7000000.0,Backup,L. Hernández,LB,R. Bensebaini,Stade Rennais FC,7000000.0,73.0,-7,40.0,SprintSpeed,68.0,6
C. Lenglet,82,26000000.0,Starter,C. Lenglet,LCB,J. Brooks,VfL Wolfsburg,14000000.0,46.0,-3,46.3,SprintSpeed,73.0,0
J. Brooks,79,14000000.0,Backup,C. Lenglet,LCB,J. Brooks,VfL Wolfsburg,14000000.0,46.0,-3,46.3,SprintSpeed,76.0,0
C. Lenglet,82,26000000.0,Starter,C. Lenglet,LCB,J. Brooks,VfL Wolfsburg,14000000.0,46.0,-3,46.3,Finishing,23.0,1
J. Brooks,79,14000000.0,Backup,C. Lenglet,LCB,J. Brooks,VfL Wolfsburg,14000000.0,46.0,-3,46.3,Finishing,39.0,1
C. Lenglet,82,26000000.0,Starter,C. Lenglet,LCB,J. Brooks,VfL Wolfsburg,14000000.0,46.0,-3,46.3,ShortPassing,78.0,2
J. Brooks,79,14000000.0,Backup,C. Lenglet,LCB,J. Brooks,VfL Wolfsburg,14000000.0,46.0,-3,46.3,ShortPassing,73.0,2
C. Lenglet,82,26000000.0,Starter,C. Lenglet,LCB,J. Brooks,VfL Wolfsburg,14000000.0,46.0,-3,46.3,Dribbling,60.0,3
J. Brooks,79,14000000.0,Backup,C. Lenglet,LCB,J. Brooks,VfL Wolfsburg,14000000.0,46.0,-3,46.3,Dribbling,65.0,3
C. Lenglet,82,26000000.0,Starter,C. Lenglet,LCB,J. Brooks,VfL Wolfsburg,14000000.0,46.0,-3,46.3,StandingTackle,82.0,4
J. Brooks,79,14000000.0,Backup,C. Lenglet,LCB,J. Brooks,VfL Wolfsburg,14000000.0,46.0,-3,46.3,StandingTackle,81.0,4
C. Lenglet,82,26000000.0,Starter,C. Lenglet,LCB,J. Brooks,VfL Wolfsburg,14000000.0,46.0,-3,46.3,Strength,80.0,5
J. Brooks,79,14000000.0,Backup,C. Lenglet,LCB,J. Brooks,VfL Wolfsburg,14000000.0,46.0,-3,46.3,Strength,84.0,5
C. Lenglet,82,26000000.0,Starter,C. Lenglet,LCB,J. Brooks,VfL Wolfsburg,14000000.0,46.0,-3,46.3,SprintSpeed,73.0,6
J. Brooks,79,14000000.0,Backup,C. Lenglet,LCB,J. Brooks,VfL Wolfsburg,14000000.0,46.0,-3,46.3,SprintSpeed,76.0,6
A. Kramarić,82,26000000.0,Starter,A. Kramarić,LCM,Jurado,Al Ahli,8000000.0,69.0,-4,2.9,SprintSpeed,72.0,0
Jurado,78,8000000.0,Backup,A. Kramarić,LCM,Jurado,Al Ahli,8000000.0,69.0,-4,2.9,SprintSpeed,67.0,0
A. Kramarić,82,26000000.0,Starter,A. Kramarić,LCM,Jurado,Al Ahli,8000000.0,69.0,-4,2.9,Finishing,86.0,1
Jurado,78,8000000.0,Backup,A. Kramarić,LCM,Jurado,Al Ahli,8000000.0,69.0,-4,2.9,Finishing,77.0,1
A. Kramarić,82,26000000.0,Starter,A. Kramarić,LCM,Jurado,Al Ahli,8000000.0,69.0,-4,2.9,ShortPassing,79.0,2
Jurado,78,8000000.0,Backup,A. Kramarić,LCM,Jurado,Al Ahli,8000000.0,69.0,-4,2.9,ShortPassing,80.0,2
A. Kramarić,82,26000000.0,Starter,A. Kramarić,LCM,Jurado,Al Ahli,8000000.0,69.0,-4,2.9,Dribbling,87.0,3
Jurado,78,8000000.0,Backup,A. Kramarić,LCM,Jurado,Al Ahli,8000000.0,69.0,-4,2.9,Dribbling,80.0,3
A. Kramarić,82,26000000.0,Starter,A. Kramarić,LCM,Jurado,Al Ahli,8000000.0,69.0,-4,2.9,StandingTackle,20.0,4
Jurado,78,8000000.0,Backup,A. Kramarić,LCM,Jurado,Al Ahli,8000000.0,69.0,-4,2.9,StandingTackle,26.0,4
A. Kramarić,82,26000000.0,Starter,A. Kramarić,LCM,Jurado,Al Ahli,8000000.0,69.0,-4,2.9,Strength,68.0,5
Jurado,78,8000000.0,Backup,A. Kramarić,LCM,Jurado,Al Ahli,8000000.0,69.0,-4,2.9,Strength,57.0,5
A. Kramarić,82,26000000.0,Starter,A. Kramarić,LCM,Jurado,Al Ahli,8000000.0,69.0,-4,2.9,SprintSpeed,72.0,6
Jurado,78,8000000.0,Backup,A. Kramarić,LCM,Jurado,Al Ahli,8000000.0,69.0,-4,2.9,SprintSpeed,67.0,6
A. Robertson,82,24500000.0,Starter,A. Robertson,LB,F. Mendy,Olympique Lyonnais,13000000.0,47.0,-4,44.5,SprintSpeed,86.0,0
F. Mendy,78,13000000.0,Backup,A. Robertson,LB,F. Mendy,Olympique Lyonnais,13000000.0,47.0,-4,44.5,SprintSpeed,86.0,0
A. Robertson,82,24500000.0,Starter,A. Robertson,LB,F. Mendy,Olympique Lyonnais,13000000.0,47.0,-4,44.5,Finishing,57.0,1
F. Mendy,78,13000000.0,Backup,A. Robertson,LB,F. Mendy,Olympique Lyonnais,13000000.0,47.0,-4,44.5,Finishing,62.0,1
A. Robertson,82,24500000.0,Starter,A. Robertson,LB,F. Mendy,Olympique Lyonnais,13000000.0,47.0,-4,44.5,ShortPassing,76.0,2
F. Mendy,78,13000000.0,Backup,A. Robertson,LB,F. Mendy,Olympique Lyonnais,13000000.0,47.0,-4,44.5,ShortPassing,76.0,2
A. Robertson,82,24500000.0,Starter,A. Robertson,LB,F. Mendy,Olympique Lyonnais,13000000.0,47.0,-4,44.5,Dribbling,76.0,3
F. Mendy,78,13000000.0,Backup,A. Robertson,LB,F. Mendy,Olympique Lyonnais,13000000.0,47.0,-4,44.5,Dribbling,81.0,3
A. Robertson,82,24500000.0,Starter,A. Robertson,LB,F. Mendy,Olympique Lyonnais,13000000.0,47.0,-4,44.5,StandingTackle,81.0,4
F. Mendy,78,13000000.0,Backup,A. Robertson,LB,F. Mendy,Olympique Lyonnais,13000000.0,47.0,-4,44.5,StandingTackle,75.0,4
A. Robertson,82,24500000.0,Starter,A. Robertson,LB,F. Mendy,Olympique Lyonnais,13000000.0,47.0,-4,44.5,Strength,66.0,5
F. Mendy,78,13000000.0,Backup,A. Robertson,LB,F. Mendy,Olympique Lyonnais,13000000.0,47.0,-4,44.5,Strength,76.0,5
A. Robertson,82,24500000.0,Starter,A. Robertson,LB,F. Mendy,Olympique Lyonnais,13000000.0,47.0,-4,44.5,SprintSpeed,86.0,6
F. Mendy,78,13000000.0,Backup,A. Robertson,LB,F. Mendy,Olympique Lyonnais,13000000.0,47.0,-4,44.5,SprintSpeed,86.0,6
Dani García,82,20000000.0,Starter,Dani García,RCM,M. Arambarri,Getafe CF,8500000.0,57.0,-6,32.8,SprintSpeed,35.0,0
M. Arambarri,76,8500000.0,Backup,Dani García,RCM,M. Arambarri,Getafe CF,8500000.0,57.0,-6,32.8,SprintSpeed,53.0,0
Dani García,82,20000000.0,Starter,Dani García,RCM,M. Arambarri,Getafe CF,8500000.0,57.0,-6,32.8,Finishing,51.0,1
M. Arambarri,76,8500000.0,Backup,Dani García,RCM,M. Arambarri,Getafe CF,8500000.0,57.0,-6,32.8,Finishing,49.0,1
Dani García,82,20000000.0,Starter,Dani García,RCM,M. Arambarri,Getafe CF,8500000.0,57.0,-6,32.8,ShortPassing,86.0,2
M. Arambarri,76,8500000.0,Backup,Dani García,RCM,M. Arambarri,Getafe CF,8500000.0,57.0,-6,32.8,ShortPassing,79.0,2
Dani García,82,20000000.0,Starter,Dani García,RCM,M. Arambarri,Getafe CF,8500000.0,57.0,-6,32.8,Dribbling,66.0,3
M. Arambarri,76,8500000.0,Backup,Dani García,RCM,M. Arambarri,Getafe CF,8500000.0,57.0,-6,32.8,Dribbling,69.0,3
Dani García,82,20000000.0,Starter,Dani García,RCM,M. Arambarri,Getafe CF,8500000.0,57.0,-6,32.8,StandingTackle,81.0,4
M. Arambarri,76,8500000.0,Backup,Dani García,RCM,M. Arambarri,Getafe CF,8500000.0,57.0,-6,32.8,StandingTackle,79.0,4
Dani García,82,20000000.0,Starter,Dani García,RCM,M. Arambarri,Getafe CF,8500000.0,57.0,-6,32.8,Strength,75.0,5
M. Arambarri,76,8500000.0,Backup,Dani García,RCM,M. Arambarri,Getafe CF,8500000.0,57.0,-6,32.8,Strength,65.0,5
Dani García,82,20000000.0,Starter,Dani García,RCM,M. Arambarri,Getafe CF,8500000.0,57.0,-6,32.8,SprintSpeed,35.0,6
M. Arambarri,76,8500000.0,Backup,Dani García,RCM,M. Arambarri,Getafe CF,8500000.0,57.0,-6,32.8,SprintSpeed,53.0,6
F. Bernardeschi,82,29500000.0,Starter,F. Bernardeschi,RM,Carlos Soler,Valencia CF,21000000.0,29.0,-2,40.6,SprintSpeed,83.0,0
Carlos Soler,80,21000000.0,Backup,F. Bernardeschi,RM,Carlos Soler,Valencia CF,21000000.0,29.0,-2,40.6,SprintSpeed,77.0,0
F. Bernardeschi,82,29500000.0,Starter,F. Bernardeschi,RM,Carlos Soler,Valencia CF,21000000.0,29.0,-2,40.6,Finishing,70.0,1
Carlos Soler,80,21000000.0,Backup,F. Bernardeschi,RM,Carlos Soler,Valencia CF,21000000.0,29.0,-2,40.6,Finishing,74.0,1
F. Bernardeschi,82,29500000.0,Starter,F. Bernardeschi,RM,Carlos Soler,Valencia CF,21000000.0,29.0,-2,40.6,ShortPassing,82.0,2
Carlos Soler,80,21000000.0,Backup,F. Bernardeschi,RM,Carlos Soler,Valencia CF,21000000.0,29.0,-2,40.6,ShortPassing,84.0,2
F. Bernardeschi,82,29500000.0,Starter,F. Bernardeschi,RM,Carlos Soler,Valencia CF,21000000.0,29.0,-2,40.6,Dribbling,86.0,3
Carlos Soler,80,21000000.0,Backup,F. Bernardeschi,RM,Carlos Soler,Valencia CF,21000000.0,29.0,-2,40.6,Dribbling,79.0,3
F. Bernardeschi,82,29500000.0,Starter,F. Bernardeschi,RM,Carlos Soler,Valencia CF,21000000.0,29.0,-2,40.6,StandingTackle,46.0,4
Carlos Soler,80,21000000.0,Backup,F. Bernardeschi,RM,Carlos Soler,Valencia CF,21000000.0,29.0,-2,40.6,StandingTackle,65.0,4
F. Bernardeschi,82,29500000.0,Starter,F. Bernardeschi,RM,Carlos Soler,Valencia CF,21000000.0,29.0,-2,40.6,Strength,63.0,5
Carlos Soler,80,21000000.0,Backup,F. Bernardeschi,RM,Carlos Soler,Valencia CF,21000000.0,29.0,-2,40.6,Strength,65.0,5
F. Bernardeschi,82,29500000.0,Starter,F. Bernardeschi,RM,Carlos Soler,Valencia CF,21000000.0,29.0,-2,40.6,SprintSpeed,83.0,6
Carlos Soler,80,21000000.0,Backup,F. Bernardeschi,RM,Carlos Soler,Valencia CF,21000000.0,29.0,-2,40.6,SprintSpeed,77.0,6
J. Brandt,82,30500000.0,Starter,J. Brandt,LM,Trezeguet,Kasimpaşa SK,13000000.0,57.0,-4,44.4,SprintSpeed,84.0,0
Trezeguet,78,13000000.0,Backup,J. Brandt,LM,Trezeguet,Kasimpaşa SK,13000000.0,57.0,-4,44.4,SprintSpeed,85.0,0
J. Brandt,82,30500000.0,Starter,J. Brandt,LM,Trezeguet,Kasimpaşa SK,13000000.0,57.0,-4,44.4,Finishing,78.0,1
Trezeguet,78,13000000.0,Backup,J. Brandt,LM,Trezeguet,Kasimpaşa SK,13000000.0,57.0,-4,44.4,Finishing,75.0,1
J. Brandt,82,30500000.0,Starter,J. Brandt,LM,Trezeguet,Kasimpaşa SK,13000000.0,57.0,-4,44.4,ShortPassing,82.0,2
Trezeguet,78,13000000.0,Backup,J. Brandt,LM,Trezeguet,Kasimpaşa SK,13000000.0,57.0,-4,44.4,ShortPassing,76.0,2
J. Brandt,82,30500000.0,Starter,J. Brandt,LM,Trezeguet,Kasimpaşa SK,13000000.0,57.0,-4,44.4,Dribbling,87.0,3
Trezeguet,78,13000000.0,Backup,J. Brandt,LM,Trezeguet,Kasimpaşa SK,13000000.0,57.0,-4,44.4,Dribbling,83.0,3
J. Brandt,82,30500000.0,Starter,J. Brandt,LM,Trezeguet,Kasimpaşa SK,13000000.0,57.0,-4,44.4,StandingTackle,20.0,4
Trezeguet,78,13000000.0,Backup,J. Brandt,LM,Trezeguet,Kasimpaşa SK,13000000.0,57.0,-4,44.4,StandingTackle,39.0,4
J. Brandt,82,30500000.0,Starter,J. Brandt,LM,Trezeguet,Kasimpaşa SK,13000000.0,57.0,-4,44.4,Strength,69.0,5
Trezeguet,78,13000000.0,Backup,J. Brandt,LM,Trezeguet,Kasimpaşa SK,13000000.0,57.0,-4,44.4,Strength,67.0,5
J. Brandt,82,30500000.0,Starter,J. Brandt,LM,Trezeguet,Kasimpaşa SK,13000000.0,57.0,-4,44.4,SprintSpeed,84.0,6
Trezeguet,78,13000000.0,Backup,J. Brandt,LM,Trezeguet,Kasimpaşa SK,13000000.0,57.0,-4,44.4,SprintSpeed,85.0,6
D. Rugani,82,24500000.0,Starter,D. Rugani,CB,A. Ogbonna,West Ham United,6500000.0,73.0,-5,52.3,SprintSpeed,67.0,0
A. Ogbonna,77,6500000.0,Backup,D. Rugani,CB,A. Ogbonna,West Ham United,6500000.0,73.0,-5,52.3,SprintSpeed,64.0,0
D. Rugani,82,24500000.0,Starter,D. Rugani,CB,A. Ogbonna,West Ham United,6500000.0,73.0,-5,52.3,Finishing,33.0,1
A. Ogbonna,77,6500000.0,Backup,D. Rugani,CB,A. Ogbonna,West Ham United,6500000.0,73.0,-5,52.3,Finishing,25.0,1
D. Rugani,82,24500000.0,Starter,D. Rugani,CB,A. Ogbonna,West Ham United,6500000.0,73.0,-5,52.3,ShortPassing,65.0,2
A. Ogbonna,77,6500000.0,Backup,D. Rugani,CB,A. Ogbonna,West Ham United,6500000.0,73.0,-5,52.3,ShortPassing,68.0,2
D. Rugani,82,24500000.0,Starter,D. Rugani,CB,A. Ogbonna,West Ham United,6500000.0,73.0,-5,52.3,Dribbling,64.0,3
A. Ogbonna,77,6500000.0,Backup,D. Rugani,CB,A. Ogbonna,West Ham United,6500000.0,73.0,-5,52.3,Dribbling,61.0,3
D. Rugani,82,24500000.0,Starter,D. Rugani,CB,A. Ogbonna,West Ham United,6500000.0,73.0,-5,52.3,StandingTackle,86.0,4
A. Ogbonna,77,6500000.0,Backup,D. Rugani,CB,A. Ogbonna,West Ham United,6500000.0,73.0,-5,52.3,StandingTackle,81.0,4
D. Rugani,82,24500000.0,Starter,D. Rugani,CB,A. Ogbonna,West Ham United,6500000.0,73.0,-5,52.3,Strength,79.0,5
A. Ogbonna,77,6500000.0,Backup,D. Rugani,CB,A. Ogbonna,West Ham United,6500000.0,73.0,-5,52.3,Strength,80.0,5
D. Rugani,82,24500000.0,Starter,D. Rugani,CB,A. Ogbonna,West Ham United,6500000.0,73.0,-5,52.3,SprintSpeed,67.0,6
A. Ogbonna,77,6500000.0,Backup,D. Rugani,CB,A. Ogbonna,West Ham United,6500000.0,73.0,-5,52.3,SprintSpeed,64.0,6
Samu Castillejo,82,29000000.0,Starter,Samu Castillejo,RM,F. Bartels,SV Werder Bremen,7000000.0,76.0,-6,41.6,SprintSpeed,86.0,0
F. Bartels,76,7000000.0,Backup,Samu Castillejo,RM,F. Bartels,SV Werder Bremen,7000000.0,76.0,-6,41.6,SprintSpeed,76.0,0
Samu Castillejo,82,29000000.0,Starter,Samu Castillejo,RM,F. Bartels,SV Werder Bremen,7000000.0,76.0,-6,41.6,Finishing,77.0,1
F. Bartels,76,7000000.0,Backup,Samu Castillejo,RM,F. Bartels,SV Werder Bremen,7000000.0,76.0,-6,41.6,Finishing,74.0,1
Samu Castillejo,82,29000000.0,Starter,Samu Castillejo,RM,F. Bartels,SV Werder Bremen,7000000.0,76.0,-6,41.6,ShortPassing,80.0,2
F. Bartels,76,7000000.0,Backup,Samu Castillejo,RM,F. Bartels,SV Werder Bremen,7000000.0,76.0,-6,41.6,ShortPassing,71.0,2
Samu Castillejo,82,29000000.0,Starter,Samu Castillejo,RM,F. Bartels,SV Werder Bremen,7000000.0,76.0,-6,41.6,Dribbling,85.0,3
F. Bartels,76,7000000.0,Backup,Samu Castillejo,RM,F. Bartels,SV Werder Bremen,7000000.0,76.0,-6,41.6,Dribbling,80.0,3
Samu Castillejo,82,29000000.0,Starter,Samu Castillejo,RM,F. Bartels,SV Werder Bremen,7000000.0,76.0,-6,41.6,StandingTackle,43.0,4
F. Bartels,76,7000000.0,Backup,Samu Castillejo,RM,F. Bartels,SV Werder Bremen,7000000.0,76.0,-6,41.6,StandingTackle,37.0,4
Samu Castillejo,82,29000000.0,Starter,Samu Castillejo,RM,F. Bartels,SV Werder Bremen,7000000.0,76.0,-6,41.6,Strength,50.0,5
F. Bartels,76,7000000.0,Backup,Samu Castillejo,RM,F. Bartels,SV Werder Bremen,7000000.0,76.0,-6,41.6,Strength,50.0,5
Samu Castillejo,82,29000000.0,Starter,Samu Castillejo,RM,F. Bartels,SV Werder Bremen,7000000.0,76.0,-6,41.6,SprintSpeed,86.0,6
F. Bartels,76,7000000.0,Backup,Samu Castillejo,RM,F. Bartels,SV Werder Bremen,7000000.0,76.0,-6,41.6,SprintSpeed,76.0,6
João Cancelo,82,25500000.0,Starter,João Cancelo,RB,Mariano,Galatasaray SK,7000000.0,73.0,-3,51.6,SprintSpeed,91.0,0
Mariano,79,7000000.0,Backup,João Cancelo,RB,Mariano,Galatasaray SK,7000000.0,73.0,-3,51.6,SprintSpeed,79.0,0
João Cancelo,82,25500000.0,Starter,João Cancelo,RB,Mariano,Galatasaray SK,7000000.0,73.0,-3,51.6,Finishing,58.0,1
Mariano,79,7000000.0,Backup,João Cancelo,RB,Mariano,Galatasaray SK,7000000.0,73.0,-3,51.6,Finishing,54.0,1
João Cancelo,82,25500000.0,Starter,João Cancelo,RB,Mariano,Galatasaray SK,7000000.0,73.0,-3,51.6,ShortPassing,78.0,2
Mariano,79,7000000.0,Backup,João Cancelo,RB,Mariano,Galatasaray SK,7000000.0,73.0,-3,51.6,ShortPassing,76.0,2
João Cancelo,82,25500000.0,Starter,João Cancelo,RB,Mariano,Galatasaray SK,7000000.0,73.0,-3,51.6,Dribbling,84.0,3
Mariano,79,7000000.0,Backup,João Cancelo,RB,Mariano,Galatasaray SK,7000000.0,73.0,-3,51.6,Dribbling,75.0,3
João Cancelo,82,25500000.0,Starter,João Cancelo,RB,Mariano,Galatasaray SK,7000000.0,73.0,-3,51.6,StandingTackle,79.0,4
Mariano,79,7000000.0,Backup,João Cancelo,RB,Mariano,Galatasaray SK,7000000.0,73.0,-3,51.6,StandingTackle,72.0,4
João Cancelo,82,25500000.0,Starter,João Cancelo,RB,Mariano,Galatasaray SK,7000000.0,73.0,-3,51.6,Strength,66.0,5
Mariano,79,7000000.0,Backup,João Cancelo,RB,Mariano,Galatasaray SK,7000000.0,73.0,-3,51.6,Strength,70.0,5
João Cancelo,82,25500000.0,Starter,João Cancelo,RB,Mariano,Galatasaray SK,7000000.0,73.0,-3,51.6,SprintSpeed,91.0,6
Mariano,79,7000000.0,Backup,João Cancelo,RB,Mariano,Galatasaray SK,7000000.0,73.0,-3,51.6,SprintSpeed,79.0,6
A. Romagnoli,82,26500000.0,Starter,A. Romagnoli,LCB,J. Brooks,VfL Wolfsburg,14000000.0,47.0,-3,35.8,SprintSpeed,69.0,0
J. Brooks,79,14000000.0,Backup,A. Romagnoli,LCB,J. Brooks,VfL Wolfsburg,14000000.0,47.0,-3,35.8,SprintSpeed,76.0,0
A. Romagnoli,82,26500000.0,Starter,A. Romagnoli,LCB,J. Brooks,VfL Wolfsburg,14000000.0,47.0,-3,35.8,Finishing,30.0,1
J. Brooks,79,14000000.0,Backup,A. Romagnoli,LCB,J. Brooks,VfL Wolfsburg,14000000.0,47.0,-3,35.8,Finishing,39.0,1
A. Romagnoli,82,26500000.0,Starter,A. Romagnoli,LCB,J. Brooks,VfL Wolfsburg,14000000.0,47.0,-3,35.8,ShortPassing,70.0,2
J. Brooks,79,14000000.0,Backup,A. Romagnoli,LCB,J. Brooks,VfL Wolfsburg,14000000.0,47.0,-3,35.8,ShortPassing,73.0,2
A. Romagnoli,82,26500000.0,Starter,A. Romagnoli,LCB,J. Brooks,VfL Wolfsburg,14000000.0,47.0,-3,35.8,Dribbling,65.0,3
J. Brooks,79,14000000.0,Backup,A. Romagnoli,LCB,J. Brooks,VfL Wolfsburg,14000000.0,47.0,-3,35.8,Dribbling,65.0,3
A. Romagnoli,82,26500000.0,Starter,A. Romagnoli,LCB,J. Brooks,VfL Wolfsburg,14000000.0,47.0,-3,35.8,StandingTackle,85.0,4
J. Brooks,79,14000000.0,Backup,A. Romagnoli,LCB,J. Brooks,VfL Wolfsburg,14000000.0,47.0,-3,35.8,StandingTackle,81.0,4
A. Romagnoli,82,26500000.0,Starter,A. Romagnoli,LCB,J. Brooks,VfL Wolfsburg,14000000.0,47.0,-3,35.8,Strength,81.0,5
J. Brooks,79,14000000.0,Backup,A. Romagnoli,LCB,J. Brooks,VfL Wolfsburg,14000000.0,47.0,-3,35.8,Strength,84.0,5
A. Romagnoli,82,26500000.0,Starter,A. Romagnoli,LCB,J. Brooks,VfL Wolfsburg,14000000.0,47.0,-3,35.8,SprintSpeed,69.0,6
J. Brooks,79,14000000.0,Backup,A. Romagnoli,LCB,J. Brooks,VfL Wolfsburg,14000000.0,47.0,-3,35.8,SprintSpeed,76.0,6
T. Partey,82,25500000.0,Starter,T. Partey,CDM,Fernando,Galatasaray SK,9500000.0,63.0,-3,45.7,SprintSpeed,76.0,0
Fernando,79,9500000.0,Backup,T. Partey,CDM,Fernando,Galatasaray SK,9500000.0,63.0,-3,45.7,SprintSpeed,62.0,0
T. Partey,82,25500000.0,Starter,T. Partey,CDM,Fernando,Galatasaray SK,9500000.0,63.0,-3,45.7,Finishing,63.0,1
Fernando,79,9500000.0,Backup,T. Partey,CDM,Fernando,Galatasaray SK,9500000.0,63.0,-3,45.7,Finishing,54.0,1
T. Partey,82,25500000.0,Starter,T. Partey,CDM,Fernando,Galatasaray SK,9500000.0,63.0,-3,45.7,ShortPassing,85.0,2
Fernando,79,9500000.0,Backup,T. Partey,CDM,Fernando,Galatasaray SK,9500000.0,63.0,-3,45.7,ShortPassing,78.0,2
T. Partey,82,25500000.0,Starter,T. Partey,CDM,Fernando,Galatasaray SK,9500000.0,63.0,-3,45.7,Dribbling,78.0,3
Fernando,79,9500000.0,Backup,T. Partey,CDM,Fernando,Galatasaray SK,9500000.0,63.0,-3,45.7,Dribbling,68.0,3
T. Partey,82,25500000.0,Starter,T. Partey,CDM,Fernando,Galatasaray SK,9500000.0,63.0,-3,45.7,StandingTackle,83.0,4
Fernando,79,9500000.0,Backup,T. Partey,CDM,Fernando,Galatasaray SK,9500000.0,63.0,-3,45.7,StandingTackle,80.0,4
T. Partey,82,25500000.0,Starter,T. Partey,CDM,Fernando,Galatasaray SK,9500000.0,63.0,-3,45.7,Strength,81.0,5
Fernando,79,9500000.0,Backup,T. Partey,CDM,Fernando,Galatasaray SK,9500000.0,63.0,-3,45.7,Strength,80.0,5
T. Partey,82,25500000.0,Starter,T. Partey,CDM,Fernando,Galatasaray SK,9500000.0,63.0,-3,45.7,SprintSpeed,76.0,6
Fernando,79,9500000.0,Backup,T. Partey,CDM,Fernando,Galatasaray SK,9500000.0,63.0,-3,45.7,SprintSpeed,62.0,6
Fred,82,26500000.0,Starter,Fred,CM,T. Vilhena,Feyenoord,11500000.0,57.0,-5,47.0,SprintSpeed,79.0,0
T. Vilhena,77,11500000.0,Backup,Fred,CM,T. Vilhena,Feyenoord,11500000.0,57.0,-5,47.0,SprintSpeed,72.0,0
Fred,82,26500000.0,Starter,Fred,CM,T. Vilhena,Feyenoord,11500000.0,57.0,-5,47.0,Finishing,74.0,1
T. Vilhena,77,11500000.0,Backup,Fred,CM,T. Vilhena,Feyenoord,11500000.0,57.0,-5,47.0,Finishing,70.0,1
Fred,82,26500000.0,Starter,Fred,CM,T. Vilhena,Feyenoord,11500000.0,57.0,-5,47.0,ShortPassing,85.0,2
T. Vilhena,77,11500000.0,Backup,Fred,CM,T. Vilhena,Feyenoord,11500000.0,57.0,-5,47.0,ShortPassing,77.0,2
Fred,82,26500000.0,Starter,Fred,CM,T. Vilhena,Feyenoord,11500000.0,57.0,-5,47.0,Dribbling,79.0,3
T. Vilhena,77,11500000.0,Backup,Fred,CM,T. Vilhena,Feyenoord,11500000.0,57.0,-5,47.0,Dribbling,77.0,3
Fred,82,26500000.0,Starter,Fred,CM,T. Vilhena,Feyenoord,11500000.0,57.0,-5,47.0,StandingTackle,78.0,4
T. Vilhena,77,11500000.0,Backup,Fred,CM,T. Vilhena,Feyenoord,11500000.0,57.0,-5,47.0,StandingTackle,72.0,4
Fred,82,26500000.0,Starter,Fred,CM,T. Vilhena,Feyenoord,11500000.0,57.0,-5,47.0,Strength,61.0,5
T. Vilhena,77,11500000.0,Backup,Fred,CM,T. Vilhena,Feyenoord,11500000.0,57.0,-5,47.0,Strength,75.0,5
Fred,82,26500000.0,Starter,Fred,CM,T. Vilhena,Feyenoord,11500000.0,57.0,-5,47.0,SprintSpeed,79.0,6
T. Vilhena,77,11500000.0,Backup,Fred,CM,T. Vilhena,Feyenoord,11500000.0,57.0,-5,47.0,SprintSpeed,72.0,6
J. Vardy,82,20000000.0,Starter,J. Vardy,ST,F. Andone,Brighton & Hove Albion,11500000.0,42.0,-5,43.9,SprintSpeed,91.0,0
F. Andone,77,11500000.0,Backup,J. Vardy,ST,F. Andone,Brighton & Hove Albion,11500000.0,42.0,-5,43.9,SprintSpeed,73.0,0
J. Vardy,82,20000000.0,Starter,J. Vardy,ST,F. Andone,Brighton & Hove Albion,11500000.0,42.0,-5,43.9,Finishing,85.0,1
F. Andone,77,11500000.0,Backup,J. Vardy,ST,F. Andone,Brighton & Hove Albion,11500000.0,42.0,-5,43.9,Finishing,75.0,1
J. Vardy,82,20000000.0,Starter,J. Vardy,ST,F. Andone,Brighton & Hove Albion,11500000.0,42.0,-5,43.9,ShortPassing,65.0,2
F. Andone,77,11500000.0,Backup,J. Vardy,ST,F. Andone,Brighton & Hove Albion,11500000.0,42.0,-5,43.9,ShortPassing,67.0,2
J. Vardy,82,20000000.0,Starter,J. Vardy,ST,F. Andone,Brighton & Hove Albion,11500000.0,42.0,-5,43.9,Dribbling,76.0,3
F. Andone,77,11500000.0,Backup,J. Vardy,ST,F. Andone,Brighton & Hove Albion,11500000.0,42.0,-5,43.9,Dribbling,70.0,3
J. Vardy,82,20000000.0,Starter,J. Vardy,ST,F. Andone,Brighton & Hove Albion,11500000.0,42.0,-5,43.9,StandingTackle,52.0,4
F. Andone,77,11500000.0,Backup,J. Vardy,ST,F. Andone,Brighton & Hove Albion,11500000.0,42.0,-5,43.9,StandingTackle,52.0,4
J. Vardy,82,20000000.0,Starter,J. Vardy,ST,F. Andone,Brighton & Hove Albion,11500000.0,42.0,-5,43.9,Strength,67.0,5
F. Andone,77,11500000.0,Backup,J. Vardy,ST,F. Andone,Brighton & Hove Albion,11500000.0,42.0,-5,43.9,Strength,74.0,5
J. Vardy,82,20000000.0,Starter,J. Vardy,ST,F. Andone,Brighton & Hove Albion,11500000.0,42.0,-5,43.9,SprintSpeed,91.0,6
F. Andone,77,11500000.0,Backup,J. Vardy,ST,F. Andone,Brighton & Hove Albion,11500000.0,42.0,-5,43.9,SprintSpeed,73.0,6
A. Belotti,82,30000000.0,Starter,A. Belotti,LS,O. Kamara,LA Galaxy,7000000.0,77.0,-7,40.0,SprintSpeed,79.0,0
O. Kamara,75,7000000.0,Backup,A. Belotti,LS,O. Kamara,LA Galaxy,7000000.0,77.0,-7,40.0,SprintSpeed,77.0,0
A. Belotti,82,30000000.0,Starter,A. Belotti,LS,O. Kamara,LA Galaxy,7000000.0,77.0,-7,40.0,Finishing,88.0,1
O. Kamara,75,7000000.0,Backup,A. Belotti,LS,O. Kamara,LA Galaxy,7000000.0,77.0,-7,40.0,Finishing,77.0,1
A. Belotti,82,30000000.0,Starter,A. Belotti,LS,O. Kamara,LA Galaxy,7000000.0,77.0,-7,40.0,ShortPassing,68.0,2
O. Kamara,75,7000000.0,Backup,A. Belotti,LS,O. Kamara,LA Galaxy,7000000.0,77.0,-7,40.0,ShortPassing,64.0,2
A. Belotti,82,30000000.0,Starter,A. Belotti,LS,O. Kamara,LA Galaxy,7000000.0,77.0,-7,40.0,Dribbling,78.0,3
O. Kamara,75,7000000.0,Backup,A. Belotti,LS,O. Kamara,LA Galaxy,7000000.0,77.0,-7,40.0,Dribbling,69.0,3
A. Belotti,82,30000000.0,Starter,A. Belotti,LS,O. Kamara,LA Galaxy,7000000.0,77.0,-7,40.0,StandingTackle,23.0,4
O. Kamara,75,7000000.0,Backup,A. Belotti,LS,O. Kamara,LA Galaxy,7000000.0,77.0,-7,40.0,StandingTackle,20.0,4
A. Belotti,82,30000000.0,Starter,A. Belotti,LS,O. Kamara,LA Galaxy,7000000.0,77.0,-7,40.0,Strength,84.0,5
O. Kamara,75,7000000.0,Backup,A. Belotti,LS,O. Kamara,LA Galaxy,7000000.0,77.0,-7,40.0,Strength,77.0,5
A. Belotti,82,30000000.0,Starter,A. Belotti,LS,O. Kamara,LA Galaxy,7000000.0,77.0,-7,40.0,SprintSpeed,79.0,6
O. Kamara,75,7000000.0,Backup,A. Belotti,LS,O. Kamara,LA Galaxy,7000000.0,77.0,-7,40.0,SprintSpeed,77.0,6
E. Forsberg,82,26000000.0,Starter,E. Forsberg,LM,V. Grifo,TSG 1899 Hoffenheim,11000000.0,58.0,-5,48.9,SprintSpeed,70.0,0
V. Grifo,77,11000000.0,Backup,E. Forsberg,LM,V. Grifo,TSG 1899 Hoffenheim,11000000.0,58.0,-5,48.9,SprintSpeed,66.0,0
E. Forsberg,82,26000000.0,Starter,E. Forsberg,LM,V. Grifo,TSG 1899 Hoffenheim,11000000.0,58.0,-5,48.9,Finishing,70.0,1
V. Grifo,77,11000000.0,Backup,E. Forsberg,LM,V. Grifo,TSG 1899 Hoffenheim,11000000.0,58.0,-5,48.9,Finishing,72.0,1
E. Forsberg,82,26000000.0,Starter,E. Forsberg,LM,V. Grifo,TSG 1899 Hoffenheim,11000000.0,58.0,-5,48.9,ShortPassing,85.0,2
V. Grifo,77,11000000.0,Backup,E. Forsberg,LM,V. Grifo,TSG 1899 Hoffenheim,11000000.0,58.0,-5,48.9,ShortPassing,73.0,2
E. Forsberg,82,26000000.0,Starter,E. Forsberg,LM,V. Grifo,TSG 1899 Hoffenheim,11000000.0,58.0,-5,48.9,Dribbling,82.0,3
V. Grifo,77,11000000.0,Backup,E. Forsberg,LM,V. Grifo,TSG 1899 Hoffenheim,11000000.0,58.0,-5,48.9,Dribbling,83.0,3
E. Forsberg,82,26000000.0,Starter,E. Forsberg,LM,V. Grifo,TSG 1899 Hoffenheim,11000000.0,58.0,-5,48.9,StandingTackle,26.0,4
V. Grifo,77,11000000.0,Backup,E. Forsberg,LM,V. Grifo,TSG 1899 Hoffenheim,11000000.0,58.0,-5,48.9,StandingTackle,31.0,4
E. Forsberg,82,26000000.0,Starter,E. Forsberg,LM,V. Grifo,TSG 1899 Hoffenheim,11000000.0,58.0,-5,48.9,Strength,62.0,5
V. Grifo,77,11000000.0,Backup,E. Forsberg,LM,V. Grifo,TSG 1899 Hoffenheim,11000000.0,58.0,-5,48.9,Strength,62.0,5
E. Forsberg,82,26000000.0,Starter,E. Forsberg,LM,V. Grifo,TSG 1899 Hoffenheim,11000000.0,58.0,-5,48.9,SprintSpeed,70.0,6
V. Grifo,77,11000000.0,Backup,E. Forsberg,LM,V. Grifo,TSG 1899 Hoffenheim,11000000.0,58.0,-5,48.9,SprintSpeed,66.0,6
J. Lingard,82,26500000.0,Starter,J. Lingard,CAM,E. Akbaba,Galatasaray SK,11000000.0,58.0,-5,36.9,SprintSpeed,82.0,0
E. Akbaba,77,11000000.0,Backup,J. Lingard,CAM,E. Akbaba,Galatasaray SK,11000000.0,58.0,-5,36.9,SprintSpeed,77.0,0
J. Lingard,82,26500000.0,Starter,J. Lingard,CAM,E. Akbaba,Galatasaray SK,11000000.0,58.0,-5,36.9,Finishing,78.0,1
E. Akbaba,77,11000000.0,Backup,J. Lingard,CAM,E. Akbaba,Galatasaray SK,11000000.0,58.0,-5,36.9,Finishing,70.0,1
J. Lingard,82,26500000.0,Starter,J. Lingard,CAM,E. Akbaba,Galatasaray SK,11000000.0,58.0,-5,36.9,ShortPassing,78.0,2
E. Akbaba,77,11000000.0,Backup,J. Lingard,CAM,E. Akbaba,Galatasaray SK,11000000.0,58.0,-5,36.9,ShortPassing,76.0,2
J. Lingard,82,26500000.0,Starter,J. Lingard,CAM,E. Akbaba,Galatasaray SK,11000000.0,58.0,-5,36.9,Dribbling,83.0,3
E. Akbaba,77,11000000.0,Backup,J. Lingard,CAM,E. Akbaba,Galatasaray SK,11000000.0,58.0,-5,36.9,Dribbling,76.0,3
J. Lingard,82,26500000.0,Starter,J. Lingard,CAM,E. Akbaba,Galatasaray SK,11000000.0,58.0,-5,36.9,StandingTackle,50.0,4
E. Akbaba,77,11000000.0,Backup,J. Lingard,CAM,E. Akbaba,Galatasaray SK,11000000.0,58.0,-5,36.9,StandingTackle,55.0,4
J. Lingard,82,26500000.0,Starter,J. Lingard,CAM,E. Akbaba,Galatasaray SK,11000000.0,58.0,-5,36.9,Strength,53.0,5
E. Akbaba,77,11000000.0,Backup,J. Lingard,CAM,E. Akbaba,Galatasaray SK,11000000.0,58.0,-5,36.9,Strength,61.0,5
J. Lingard,82,26500000.0,Starter,J. Lingard,CAM,E. Akbaba,Galatasaray SK,11000000.0,58.0,-5,36.9,SprintSpeed,82.0,6
E. Akbaba,77,11000000.0,Backup,J. Lingard,CAM,E. Akbaba,Galatasaray SK,11000000.0,58.0,-5,36.9,SprintSpeed,77.0,6
F. Vázquez,82,21500000.0,Starter,F. Vázquez,LCM,L. Nguyen,Los Angeles FC,6000000.0,72.0,-7,3.5,SprintSpeed,62.0,0
L. Nguyen,75,6000000.0,Backup,F. Vázquez,LCM,L. Nguyen,Los Angeles FC,6000000.0,72.0,-7,3.5,SprintSpeed,68.0,0
F. Vázquez,82,21500000.0,Starter,F. Vázquez,LCM,L. Nguyen,Los Angeles FC,6000000.0,72.0,-7,3.5,Finishing,74.0,1
L. Nguyen,75,6000000.0,Backup,F. Vázquez,LCM,L. Nguyen,Los Angeles FC,6000000.0,72.0,-7,3.5,Finishing,70.0,1
F. Vázquez,82,21500000.0,Starter,F. Vázquez,LCM,L. Nguyen,Los Angeles FC,6000000.0,72.0,-7,3.5,ShortPassing,84.0,2
L. Nguyen,75,6000000.0,Backup,F. Vázquez,LCM,L. Nguyen,Los Angeles FC,6000000.0,72.0,-7,3.5,ShortPassing,76.0,2
F. Vázquez,82,21500000.0,Starter,F. Vázquez,LCM,L. Nguyen,Los Angeles FC,6000000.0,72.0,-7,3.5,Dribbling,86.0,3
L. Nguyen,75,6000000.0,Backup,F. Vázquez,LCM,L. Nguyen,Los Angeles FC,6000000.0,72.0,-7,3.5,Dribbling,75.0,3
F. Vázquez,82,21500000.0,Starter,F. Vázquez,LCM,L. Nguyen,Los Angeles FC,6000000.0,72.0,-7,3.5,StandingTackle,40.0,4
L. Nguyen,75,6000000.0,Backup,F. Vázquez,LCM,L. Nguyen,Los Angeles FC,6000000.0,72.0,-7,3.5,StandingTackle,44.0,4
F. Vázquez,82,21500000.0,Starter,F. Vázquez,LCM,L. Nguyen,Los Angeles FC,6000000.0,72.0,-7,3.5,Strength,79.0,5
L. Nguyen,75,6000000.0,Backup,F. Vázquez,LCM,L. Nguyen,Los Angeles FC,6000000.0,72.0,-7,3.5,Strength,60.0,5
F. Vázquez,82,21500000.0,Starter,F. Vázquez,LCM,L. Nguyen,Los Angeles FC,6000000.0,72.0,-7,3.5,SprintSpeed,62.0,6
L. Nguyen,75,6000000.0,Backup,F. Vázquez,LCM,L. Nguyen,Los Angeles FC,6000000.0,72.0,-7,3.5,SprintSpeed,68.0,6
E. Višća,82,22500000.0,Starter,E. Višća,RM,J. Forrest,Celtic,8500000.0,62.0,-6,43.1,SprintSpeed,89.0,0
J. Forrest,76,8500000.0,Backup,E. Višća,RM,J. Forrest,Celtic,8500000.0,62.0,-6,43.1,SprintSpeed,92.0,0
E. Višća,82,22500000.0,Starter,E. Višća,RM,J. Forrest,Celtic,8500000.0,62.0,-6,43.1,Finishing,80.0,1
J. Forrest,76,8500000.0,Backup,E. Višća,RM,J. Forrest,Celtic,8500000.0,62.0,-6,43.1,Finishing,74.0,1
E. Višća,82,22500000.0,Starter,E. Višća,RM,J. Forrest,Celtic,8500000.0,62.0,-6,43.1,ShortPassing,78.0,2
J. Forrest,76,8500000.0,Backup,E. Višća,RM,J. Forrest,Celtic,8500000.0,62.0,-6,43.1,ShortPassing,72.0,2
E. Višća,82,22500000.0,Starter,E. Višća,RM,J. Forrest,Celtic,8500000.0,62.0,-6,43.1,Dribbling,82.0,3
J. Forrest,76,8500000.0,Backup,E. Višća,RM,J. Forrest,Celtic,8500000.0,62.0,-6,43.1,Dribbling,77.0,3
E. Višća,82,22500000.0,Starter,E. Višća,RM,J. Forrest,Celtic,8500000.0,62.0,-6,43.1,StandingTackle,40.0,4
J. Forrest,76,8500000.0,Backup,E. Višća,RM,J. Forrest,Celtic,8500000.0,62.0,-6,43.1,StandingTackle,52.0,4
E. Višća,82,22500000.0,Starter,E. Višća,RM,J. Forrest,Celtic,8500000.0,62.0,-6,43.1,Strength,58.0,5
J. Forrest,76,8500000.0,Backup,E. Višća,RM,J. Forrest,Celtic,8500000.0,62.0,-6,43.1,Strength,64.0,5
E. Višća,82,22500000.0,Starter,E. Višća,RM,J. Forrest,Celtic,8500000.0,62.0,-6,43.1,SprintSpeed,89.0,6
J. Forrest,76,8500000.0,Backup,E. Višća,RM,J. Forrest,Celtic,8500000.0,62.0,-6,43.1,SprintSpeed,92.0,6
A. Rüdiger,82,22500000.0,Starter,A. Rüdiger,CB,K. Rekik,Hertha BSC,14000000.0,38.0,-3,33.7,SprintSpeed,78.0,0
K. Rekik,79,14000000.0,Backup,A. Rüdiger,CB,K. Rekik,Hertha BSC,14000000.0,38.0,-3,33.7,SprintSpeed,69.0,0
A. Rüdiger,82,22500000.0,Starter,A. Rüdiger,CB,K. Rekik,Hertha BSC,14000000.0,38.0,-3,33.7,Finishing,27.0,1
K. Rekik,79,14000000.0,Backup,A. Rüdiger,CB,K. Rekik,Hertha BSC,14000000.0,38.0,-3,33.7,Finishing,33.0,1
A. Rüdiger,82,22500000.0,Starter,A. Rüdiger,CB,K. Rekik,Hertha BSC,14000000.0,38.0,-3,33.7,ShortPassing,75.0,2
K. Rekik,79,14000000.0,Backup,A. Rüdiger,CB,K. Rekik,Hertha BSC,14000000.0,38.0,-3,33.7,ShortPassing,75.0,2
A. Rüdiger,82,22500000.0,Starter,A. Rüdiger,CB,K. Rekik,Hertha BSC,14000000.0,38.0,-3,33.7,Dribbling,59.0,3
K. Rekik,79,14000000.0,Backup,A. Rüdiger,CB,K. Rekik,Hertha BSC,14000000.0,38.0,-3,33.7,Dribbling,57.0,3
A. Rüdiger,82,22500000.0,Starter,A. Rüdiger,CB,K. Rekik,Hertha BSC,14000000.0,38.0,-3,33.7,StandingTackle,85.0,4
K. Rekik,79,14000000.0,Backup,A. Rüdiger,CB,K. Rekik,Hertha BSC,14000000.0,38.0,-3,33.7,StandingTackle,81.0,4
A. Rüdiger,82,22500000.0,Starter,A. Rüdiger,CB,K. Rekik,Hertha BSC,14000000.0,38.0,-3,33.7,Strength,82.0,5
K. Rekik,79,14000000.0,Backup,A. Rüdiger,CB,K. Rekik,Hertha BSC,14000000.0,38.0,-3,33.7,Strength,80.0,5
A. Rüdiger,82,22500000.0,Starter,A. Rüdiger,CB,K. Rekik,Hertha BSC,14000000.0,38.0,-3,33.7,SprintSpeed,78.0,6
K. Rekik,79,14000000.0,Backup,A. Rüdiger,CB,K. Rekik,Hertha BSC,14000000.0,38.0,-3,33.7,SprintSpeed,69.0,6
A. Florenzi,82,20500000.0,Starter,A. Florenzi,RB,Danilo,Manchester City,12000000.0,41.0,-3,35.7,SprintSpeed,84.0,0
Danilo,79,12000000.0,Backup,A. Florenzi,RB,Danilo,Manchester City,12000000.0,41.0,-3,35.7,SprintSpeed,76.0,0
A. Florenzi,82,20500000.0,Starter,A. Florenzi,RB,Danilo,Manchester City,12000000.0,41.0,-3,35.7,Finishing,70.0,1
Danilo,79,12000000.0,Backup,A. Florenzi,RB,Danilo,Manchester City,12000000.0,41.0,-3,35.7,Finishing,61.0,1
A. Florenzi,82,20500000.0,Starter,A. Florenzi,RB,Danilo,Manchester City,12000000.0,41.0,-3,35.7,ShortPassing,77.0,2
Danilo,79,12000000.0,Backup,A. Florenzi,RB,Danilo,Manchester City,12000000.0,41.0,-3,35.7,ShortPassing,77.0,2
A. Florenzi,82,20500000.0,Starter,A. Florenzi,RB,Danilo,Manchester City,12000000.0,41.0,-3,35.7,Dribbling,78.0,3
Danilo,79,12000000.0,Backup,A. Florenzi,RB,Danilo,Manchester City,12000000.0,41.0,-3,35.7,Dribbling,73.0,3
A. Florenzi,82,20500000.0,Starter,A. Florenzi,RB,Danilo,Manchester City,12000000.0,41.0,-3,35.7,StandingTackle,79.0,4
Danilo,79,12000000.0,Backup,A. Florenzi,RB,Danilo,Manchester City,12000000.0,41.0,-3,35.7,StandingTackle,77.0,4
A. Florenzi,82,20500000.0,Starter,A. Florenzi,RB,Danilo,Manchester City,12000000.0,41.0,-3,35.7,Strength,67.0,5
Danilo,79,12000000.0,Backup,A. Florenzi,RB,Danilo,Manchester City,12000000.0,41.0,-3,35.7,Strength,76.0,5
A. Florenzi,82,20500000.0,Starter,A. Florenzi,RB,Danilo,Manchester City,12000000.0,41.0,-3,35.7,SprintSpeed,84.0,6
Danilo,79,12000000.0,Backup,A. Florenzi,RB,Danilo,Manchester City,12000000.0,41.0,-3,35.7,SprintSpeed,76.0,6
H. Maguire,82,23500000.0,Starter,H. Maguire,LCB,Sergi Gómez,Sevilla FC,11500000.0,51.0,-4,34.3,SprintSpeed,53.0,0
Sergi Gómez,78,11500000.0,Backup,H. Maguire,LCB,Sergi Gómez,Sevilla FC,11500000.0,51.0,-4,34.3,SprintSpeed,44.0,0
H. Maguire,82,23500000.0,Starter,H. Maguire,LCB,Sergi Gómez,Sevilla FC,11500000.0,51.0,-4,34.3,Finishing,43.0,1
Sergi Gómez,78,11500000.0,Backup,H. Maguire,LCB,Sergi Gómez,Sevilla FC,11500000.0,51.0,-4,34.3,Finishing,35.0,1
H. Maguire,82,23500000.0,Starter,H. Maguire,LCB,Sergi Gómez,Sevilla FC,11500000.0,51.0,-4,34.3,ShortPassing,77.0,2
Sergi Gómez,78,11500000.0,Backup,H. Maguire,LCB,Sergi Gómez,Sevilla FC,11500000.0,51.0,-4,34.3,ShortPassing,80.0,2
H. Maguire,82,23500000.0,Starter,H. Maguire,LCB,Sergi Gómez,Sevilla FC,11500000.0,51.0,-4,34.3,Dribbling,70.0,3
Sergi Gómez,78,11500000.0,Backup,H. Maguire,LCB,Sergi Gómez,Sevilla FC,11500000.0,51.0,-4,34.3,Dribbling,56.0,3
H. Maguire,82,23500000.0,Starter,H. Maguire,LCB,Sergi Gómez,Sevilla FC,11500000.0,51.0,-4,34.3,StandingTackle,84.0,4
Sergi Gómez,78,11500000.0,Backup,H. Maguire,LCB,Sergi Gómez,Sevilla FC,11500000.0,51.0,-4,34.3,StandingTackle,81.0,4
H. Maguire,82,23500000.0,Starter,H. Maguire,LCB,Sergi Gómez,Sevilla FC,11500000.0,51.0,-4,34.3,Strength,89.0,5
Sergi Gómez,78,11500000.0,Backup,H. Maguire,LCB,Sergi Gómez,Sevilla FC,11500000.0,51.0,-4,34.3,Strength,78.0,5
H. Maguire,82,23500000.0,Starter,H. Maguire,LCB,Sergi Gómez,Sevilla FC,11500000.0,51.0,-4,34.3,SprintSpeed,53.0,6
Sergi Gómez,78,11500000.0,Backup,H. Maguire,LCB,Sergi Gómez,Sevilla FC,11500000.0,51.0,-4,34.3,SprintSpeed,44.0,6
T. Meunier,82,21000000.0,Starter,T. Meunier,RM,L. De Silvestri,Torino,6500000.0,69.0,-7,39.8,SprintSpeed,81.0,0
L. De Silvestri,75,6500000.0,Backup,T. Meunier,RM,L. De Silvestri,Torino,6500000.0,69.0,-7,39.8,SprintSpeed,75.0,0
T. Meunier,82,21000000.0,Starter,T. Meunier,RM,L. De Silvestri,Torino,6500000.0,69.0,-7,39.8,Finishing,76.0,1
L. De Silvestri,75,6500000.0,Backup,T. Meunier,RM,L. De Silvestri,Torino,6500000.0,69.0,-7,39.8,Finishing,64.0,1
T. Meunier,82,21000000.0,Starter,T. Meunier,RM,L. De Silvestri,Torino,6500000.0,69.0,-7,39.8,ShortPassing,82.0,2
L. De Silvestri,75,6500000.0,Backup,T. Meunier,RM,L. De Silvestri,Torino,6500000.0,69.0,-7,39.8,ShortPassing,76.0,2
T. Meunier,82,21000000.0,Starter,T. Meunier,RM,L. De Silvestri,Torino,6500000.0,69.0,-7,39.8,Dribbling,75.0,3
L. De Silvestri,75,6500000.0,Backup,T. Meunier,RM,L. De Silvestri,Torino,6500000.0,69.0,-7,39.8,Dribbling,74.0,3
T. Meunier,82,21000000.0,Starter,T. Meunier,RM,L. De Silvestri,Torino,6500000.0,69.0,-7,39.8,StandingTackle,82.0,4
L. De Silvestri,75,6500000.0,Backup,T. Meunier,RM,L. De Silvestri,Torino,6500000.0,69.0,-7,39.8,StandingTackle,77.0,4
T. Meunier,82,21000000.0,Starter,T. Meunier,RM,L. De Silvestri,Torino,6500000.0,69.0,-7,39.8,Strength,85.0,5
L. De Silvestri,75,6500000.0,Backup,T. Meunier,RM,L. De Silvestri,Torino,6500000.0,69.0,-7,39.8,Strength,78.0,5
T. Meunier,82,21000000.0,Starter,T. Meunier,RM,L. De Silvestri,Torino,6500000.0,69.0,-7,39.8,SprintSpeed,81.0,6
L. De Silvestri,75,6500000.0,Backup,T. Meunier,RM,L. De Silvestri,Torino,6500000.0,69.0,-7,39.8,SprintSpeed,75.0,6
S. Sané,82,18500000.0,Starter,S. Sané,CB,Z. Feddal,Real Betis,12000000.0,35.0,-2,27.2,SprintSpeed,62.0,0
Z. Feddal,80,12000000.0,Backup,S. Sané,CB,Z. Feddal,Real Betis,12000000.0,35.0,-2,27.2,SprintSpeed,62.0,0
S. Sané,82,18500000.0,Starter,S. Sané,CB,Z. Feddal,Real Betis,12000000.0,35.0,-2,27.2,Finishing,38.0,1
Z. Feddal,80,12000000.0,Backup,S. Sané,CB,Z. Feddal,Real Betis,12000000.0,35.0,-2,27.2,Finishing,40.0,1
S. Sané,82,18500000.0,Starter,S. Sané,CB,Z. Feddal,Real Betis,12000000.0,35.0,-2,27.2,ShortPassing,73.0,2
Z. Feddal,80,12000000.0,Backup,S. Sané,CB,Z. Feddal,Real Betis,12000000.0,35.0,-2,27.2,ShortPassing,76.0,2
S. Sané,82,18500000.0,Starter,S. Sané,CB,Z. Feddal,Real Betis,12000000.0,35.0,-2,27.2,Dribbling,64.0,3
Z. Feddal,80,12000000.0,Backup,S. Sané,CB,Z. Feddal,Real Betis,12000000.0,35.0,-2,27.2,Dribbling,56.0,3
S. Sané,82,18500000.0,Starter,S. Sané,CB,Z. Feddal,Real Betis,12000000.0,35.0,-2,27.2,StandingTackle,90.0,4
Z. Feddal,80,12000000.0,Backup,S. Sané,CB,Z. Feddal,Real Betis,12000000.0,35.0,-2,27.2,StandingTackle,83.0,4
S. Sané,82,18500000.0,Starter,S. Sané,CB,Z. Feddal,Real Betis,12000000.0,35.0,-2,27.2,Strength,88.0,5
Z. Feddal,80,12000000.0,Backup,S. Sané,CB,Z. Feddal,Real Betis,12000000.0,35.0,-2,27.2,Strength,81.0,5
S. Sané,82,18500000.0,Starter,S. Sané,CB,Z. Feddal,Real Betis,12000000.0,35.0,-2,27.2,SprintSpeed,62.0,6
Z. Feddal,80,12000000.0,Backup,S. Sané,CB,Z. Feddal,Real Betis,12000000.0,35.0,-2,27.2,SprintSpeed,62.0,6
G. Kondogbia,82,27500000.0,Starter,G. Kondogbia,CM,E. Can,Juventus,19500000.0,29.0,-2,57.1,SprintSpeed,76.0,0
E. Can,80,19500000.0,Backup,G. Kondogbia,CM,E. Can,Juventus,19500000.0,29.0,-2,57.1,SprintSpeed,73.0,0
G. Kondogbia,82,27500000.0,Starter,G. Kondogbia,CM,E. Can,Juventus,19500000.0,29.0,-2,57.1,Finishing,69.0,1
E. Can,80,19500000.0,Backup,G. Kondogbia,CM,E. Can,Juventus,19500000.0,29.0,-2,57.1,Finishing,60.0,1
G. Kondogbia,82,27500000.0,Starter,G. Kondogbia,CM,E. Can,Juventus,19500000.0,29.0,-2,57.1,ShortPassing,81.0,2
E. Can,80,19500000.0,Backup,G. Kondogbia,CM,E. Can,Juventus,19500000.0,29.0,-2,57.1,ShortPassing,81.0,2
G. Kondogbia,82,27500000.0,Starter,G. Kondogbia,CM,E. Can,Juventus,19500000.0,29.0,-2,57.1,Dribbling,78.0,3
E. Can,80,19500000.0,Backup,G. Kondogbia,CM,E. Can,Juventus,19500000.0,29.0,-2,57.1,Dribbling,76.0,3
G. Kondogbia,82,27500000.0,Starter,G. Kondogbia,CM,E. Can,Juventus,19500000.0,29.0,-2,57.1,StandingTackle,83.0,4
E. Can,80,19500000.0,Backup,G. Kondogbia,CM,E. Can,Juventus,19500000.0,29.0,-2,57.1,StandingTackle,81.0,4
G. Kondogbia,82,27500000.0,Starter,G. Kondogbia,CM,E. Can,Juventus,19500000.0,29.0,-2,57.1,Strength,91.0,5
E. Can,80,19500000.0,Backup,G. Kondogbia,CM,E. Can,Juventus,19500000.0,29.0,-2,57.1,Strength,83.0,5
G. Kondogbia,82,27500000.0,Starter,G. Kondogbia,CM,E. Can,Juventus,19500000.0,29.0,-2,57.1,SprintSpeed,76.0,6
E. Can,80,19500000.0,Backup,G. Kondogbia,CM,E. Can,Juventus,19500000.0,29.0,-2,57.1,SprintSpeed,73.0,6
Rafinha,82,29500000.0,Starter,Rafinha,CAM,Borja Valero,Inter,11000000.0,63.0,-1,40.2,SprintSpeed,70.0,0
Borja Valero,81,11000000.0,Backup,Rafinha,CAM,Borja Valero,Inter,11000000.0,63.0,-1,40.2,SprintSpeed,52.0,0
Rafinha,82,29500000.0,Starter,Rafinha,CAM,Borja Valero,Inter,11000000.0,63.0,-1,40.2,Finishing,73.0,1
Borja Valero,81,11000000.0,Backup,Rafinha,CAM,Borja Valero,Inter,11000000.0,63.0,-1,40.2,Finishing,67.0,1
Rafinha,82,29500000.0,Starter,Rafinha,CAM,Borja Valero,Inter,11000000.0,63.0,-1,40.2,ShortPassing,86.0,2
Borja Valero,81,11000000.0,Backup,Rafinha,CAM,Borja Valero,Inter,11000000.0,63.0,-1,40.2,ShortPassing,89.0,2
Rafinha,82,29500000.0,Starter,Rafinha,CAM,Borja Valero,Inter,11000000.0,63.0,-1,40.2,Dribbling,87.0,3
Borja Valero,81,11000000.0,Backup,Rafinha,CAM,Borja Valero,Inter,11000000.0,63.0,-1,40.2,Dribbling,85.0,3
Rafinha,82,29500000.0,Starter,Rafinha,CAM,Borja Valero,Inter,11000000.0,63.0,-1,40.2,StandingTackle,74.0,4
Borja Valero,81,11000000.0,Backup,Rafinha,CAM,Borja Valero,Inter,11000000.0,63.0,-1,40.2,StandingTackle,66.0,4
Rafinha,82,29500000.0,Starter,Rafinha,CAM,Borja Valero,Inter,11000000.0,63.0,-1,40.2,Strength,66.0,5
Borja Valero,81,11000000.0,Backup,Rafinha,CAM,Borja Valero,Inter,11000000.0,63.0,-1,40.2,Strength,66.0,5
Rafinha,82,29500000.0,Starter,Rafinha,CAM,Borja Valero,Inter,11000000.0,63.0,-1,40.2,SprintSpeed,70.0,6
Borja Valero,81,11000000.0,Backup,Rafinha,CAM,Borja Valero,Inter,11000000.0,63.0,-1,40.2,SprintSpeed,52.0,6
Gabriel Paulista,82,21000000.0,Starter,Gabriel Paulista,LCB,T. Kongolo,Huddersfield Town,12000000.0,43.0,-4,48.5,SprintSpeed,74.0,0
T. Kongolo,78,12000000.0,Backup,Gabriel Paulista,LCB,T. Kongolo,Huddersfield Town,12000000.0,43.0,-4,48.5,SprintSpeed,74.0,0
Gabriel Paulista,82,21000000.0,Starter,Gabriel Paulista,LCB,T. Kongolo,Huddersfield Town,12000000.0,43.0,-4,48.5,Finishing,42.0,1
T. Kongolo,78,12000000.0,Backup,Gabriel Paulista,LCB,T. Kongolo,Huddersfield Town,12000000.0,43.0,-4,48.5,Finishing,27.0,1
Gabriel Paulista,82,21000000.0,Starter,Gabriel Paulista,LCB,T. Kongolo,Huddersfield Town,12000000.0,43.0,-4,48.5,ShortPassing,74.0,2
T. Kongolo,78,12000000.0,Backup,Gabriel Paulista,LCB,T. Kongolo,Huddersfield Town,12000000.0,43.0,-4,48.5,ShortPassing,72.0,2
Gabriel Paulista,82,21000000.0,Starter,Gabriel Paulista,LCB,T. Kongolo,Huddersfield Town,12000000.0,43.0,-4,48.5,Dribbling,60.0,3
T. Kongolo,78,12000000.0,Backup,Gabriel Paulista,LCB,T. Kongolo,Huddersfield Town,12000000.0,43.0,-4,48.5,Dribbling,67.0,3
Gabriel Paulista,82,21000000.0,Starter,Gabriel Paulista,LCB,T. Kongolo,Huddersfield Town,12000000.0,43.0,-4,48.5,StandingTackle,83.0,4
T. Kongolo,78,12000000.0,Backup,Gabriel Paulista,LCB,T. Kongolo,Huddersfield Town,12000000.0,43.0,-4,48.5,StandingTackle,80.0,4
Gabriel Paulista,82,21000000.0,Starter,Gabriel Paulista,LCB,T. Kongolo,Huddersfield Town,12000000.0,43.0,-4,48.5,Strength,82.0,5
T. Kongolo,78,12000000.0,Backup,Gabriel Paulista,LCB,T. Kongolo,Huddersfield Town,12000000.0,43.0,-4,48.5,Strength,79.0,5
Gabriel Paulista,82,21000000.0,Starter,Gabriel Paulista,LCB,T. Kongolo,Huddersfield Town,12000000.0,43.0,-4,48.5,SprintSpeed,74.0,6
T. Kongolo,78,12000000.0,Backup,Gabriel Paulista,LCB,T. Kongolo,Huddersfield Town,12000000.0,43.0,-4,48.5,SprintSpeed,74.0,6
Morata,82,28500000.0,Starter,Morata,ST,M. Batshuayi,Valencia CF,19500000.0,32.0,-2,38.8,SprintSpeed,86.0,0
M. Batshuayi,80,19500000.0,Backup,Morata,ST,M. Batshuayi,Valencia CF,19500000.0,32.0,-2,38.8,SprintSpeed,76.0,0
Morata,82,28500000.0,Starter,Morata,ST,M. Batshuayi,Valencia CF,19500000.0,32.0,-2,38.8,Finishing,80.0,1
M. Batshuayi,80,19500000.0,Backup,Morata,ST,M. Batshuayi,Valencia CF,19500000.0,32.0,-2,38.8,Finishing,82.0,1
Morata,82,28500000.0,Starter,Morata,ST,M. Batshuayi,Valencia CF,19500000.0,32.0,-2,38.8,ShortPassing,78.0,2
M. Batshuayi,80,19500000.0,Backup,Morata,ST,M. Batshuayi,Valencia CF,19500000.0,32.0,-2,38.8,ShortPassing,64.0,2
Morata,82,28500000.0,Starter,Morata,ST,M. Batshuayi,Valencia CF,19500000.0,32.0,-2,38.8,Dribbling,83.0,3
M. Batshuayi,80,19500000.0,Backup,Morata,ST,M. Batshuayi,Valencia CF,19500000.0,32.0,-2,38.8,Dribbling,78.0,3
Morata,82,28500000.0,Starter,Morata,ST,M. Batshuayi,Valencia CF,19500000.0,32.0,-2,38.8,StandingTackle,14.0,4
M. Batshuayi,80,19500000.0,Backup,Morata,ST,M. Batshuayi,Valencia CF,19500000.0,32.0,-2,38.8,StandingTackle,26.0,4
Morata,82,28500000.0,Starter,Morata,ST,M. Batshuayi,Valencia CF,19500000.0,32.0,-2,38.8,Strength,78.0,5
M. Batshuayi,80,19500000.0,Backup,Morata,ST,M. Batshuayi,Valencia CF,19500000.0,32.0,-2,38.8,Strength,78.0,5
Morata,82,28500000.0,Starter,Morata,ST,M. Batshuayi,Valencia CF,19500000.0,32.0,-2,38.8,SprintSpeed,86.0,6
M. Batshuayi,80,19500000.0,Backup,Morata,ST,M. Batshuayi,Valencia CF,19500000.0,32.0,-2,38.8,SprintSpeed,76.0,6
J. Cillessen,82,18000000.0,Starter,J. Cillessen,GK,M. Dúbravka,Newcastle United,8500000.0,53.0,-4,57.4,SprintSpeed,50.0,0
M. Dúbravka,78,8500000.0,Backup,J. Cillessen,GK,M. Dúbravka,Newcastle United,8500000.0,53.0,-4,57.4,SprintSpeed,44.0,0
J. Cillessen,82,18000000.0,Starter,J. Cillessen,GK,M. Dúbravka,Newcastle United,8500000.0,53.0,-4,57.4,Finishing,10.0,1
M. Dúbravka,78,8500000.0,Backup,J. Cillessen,GK,M. Dúbravka,Newcastle United,8500000.0,53.0,-4,57.4,Finishing,10.0,1
J. Cillessen,82,18000000.0,Starter,J. Cillessen,GK,M. Dúbravka,Newcastle United,8500000.0,53.0,-4,57.4,ShortPassing,47.0,2
M. Dúbravka,78,8500000.0,Backup,J. Cillessen,GK,M. Dúbravka,Newcastle United,8500000.0,53.0,-4,57.4,ShortPassing,48.0,2
J. Cillessen,82,18000000.0,Starter,J. Cillessen,GK,M. Dúbravka,Newcastle United,8500000.0,53.0,-4,57.4,Dribbling,12.0,3
M. Dúbravka,78,8500000.0,Backup,J. Cillessen,GK,M. Dúbravka,Newcastle United,8500000.0,53.0,-4,57.4,Dribbling,19.0,3
J. Cillessen,82,18000000.0,Starter,J. Cillessen,GK,M. Dúbravka,Newcastle United,8500000.0,53.0,-4,57.4,StandingTackle,12.0,4
M. Dúbravka,78,8500000.0,Backup,J. Cillessen,GK,M. Dúbravka,Newcastle United,8500000.0,53.0,-4,57.4,StandingTackle,15.0,4
J. Cillessen,82,18000000.0,Starter,J. Cillessen,GK,M. Dúbravka,Newcastle United,8500000.0,53.0,-4,57.4,Strength,67.0,5
M. Dúbravka,78,8500000.0,Backup,J. Cillessen,GK,M. Dúbravka,Newcastle United,8500000.0,53.0,-4,57.4,Strength,60.0,5
J. Cillessen,82,18000000.0,Starter,J. Cillessen,GK,M. Dúbravka,Newcastle United,8500000.0,53.0,-4,57.4,SprintSpeed,50.0,6
M. Dúbravka,78,8500000.0,Backup,J. Cillessen,GK,M. Dúbravka,Newcastle United,8500000.0,53.0,-4,57.4,SprintSpeed,44.0,6
W. Ben Yedder,82,23500000.0,Starter,W. Ben Yedder,RS,R. Palacio,Bologna,3200000.0,86.0,-5,42.2,SprintSpeed,83.0,0
R. Palacio,77,3200000.0,Backup,W. Ben Yedder,RS,R. Palacio,Bologna,3200000.0,86.0,-5,42.2,SprintSpeed,77.0,0
W. Ben Yedder,82,23500000.0,Starter,W. Ben Yedder,RS,R. Palacio,Bologna,3200000.0,86.0,-5,42.2,Finishing,84.0,1
R. Palacio,77,3200000.0,Backup,W. Ben Yedder,RS,R. Palacio,Bologna,3200000.0,86.0,-5,42.2,Finishing,76.0,1
W. Ben Yedder,82,23500000.0,Starter,W. Ben Yedder,RS,R. Palacio,Bologna,3200000.0,86.0,-5,42.2,ShortPassing,78.0,2
R. Palacio,77,3200000.0,Backup,W. Ben Yedder,RS,R. Palacio,Bologna,3200000.0,86.0,-5,42.2,ShortPassing,76.0,2
W. Ben Yedder,82,23500000.0,Starter,W. Ben Yedder,RS,R. Palacio,Bologna,3200000.0,86.0,-5,42.2,Dribbling,84.0,3
R. Palacio,77,3200000.0,Backup,W. Ben Yedder,RS,R. Palacio,Bologna,3200000.0,86.0,-5,42.2,Dribbling,82.0,3
W. Ben Yedder,82,23500000.0,Starter,W. Ben Yedder,RS,R. Palacio,Bologna,3200000.0,86.0,-5,42.2,StandingTackle,33.0,4
R. Palacio,77,3200000.0,Backup,W. Ben Yedder,RS,R. Palacio,Bologna,3200000.0,86.0,-5,42.2,StandingTackle,33.0,4
W. Ben Yedder,82,23500000.0,Starter,W. Ben Yedder,RS,R. Palacio,Bologna,3200000.0,86.0,-5,42.2,Strength,60.0,5
R. Palacio,77,3200000.0,Backup,W. Ben Yedder,RS,R. Palacio,Bologna,3200000.0,86.0,-5,42.2,Strength,61.0,5
W. Ben Yedder,82,23500000.0,Starter,W. Ben Yedder,RS,R. Palacio,Bologna,3200000.0,86.0,-5,42.2,SprintSpeed,83.0,6
R. Palacio,77,3200000.0,Backup,W. Ben Yedder,RS,R. Palacio,Bologna,3200000.0,86.0,-5,42.2,SprintSpeed,77.0,6
C. Bakambu,82,26000000.0,Starter,C. Bakambu,ST,F. Smolov,Lokomotiv Moscow,18500000.0,29.0,-1,49.2,SprintSpeed,88.0,0
F. Smolov,81,18500000.0,Backup,C. Bakambu,ST,F. Smolov,Lokomotiv Moscow,18500000.0,29.0,-1,49.2,SprintSpeed,85.0,0
C. Bakambu,82,26000000.0,Starter,C. Bakambu,ST,F. Smolov,Lokomotiv Moscow,18500000.0,29.0,-1,49.2,Finishing,84.0,1
F. Smolov,81,18500000.0,Backup,C. Bakambu,ST,F. Smolov,Lokomotiv Moscow,18500000.0,29.0,-1,49.2,Finishing,84.0,1
C. Bakambu,82,26000000.0,Starter,C. Bakambu,ST,F. Smolov,Lokomotiv Moscow,18500000.0,29.0,-1,49.2,ShortPassing,75.0,2
F. Smolov,81,18500000.0,Backup,C. Bakambu,ST,F. Smolov,Lokomotiv Moscow,18500000.0,29.0,-1,49.2,ShortPassing,77.0,2
C. Bakambu,82,26000000.0,Starter,C. Bakambu,ST,F. Smolov,Lokomotiv Moscow,18500000.0,29.0,-1,49.2,Dribbling,80.0,3
F. Smolov,81,18500000.0,Backup,C. Bakambu,ST,F. Smolov,Lokomotiv Moscow,18500000.0,29.0,-1,49.2,Dribbling,77.0,3
C. Bakambu,82,26000000.0,Starter,C. Bakambu,ST,F. Smolov,Lokomotiv Moscow,18500000.0,29.0,-1,49.2,StandingTackle,29.0,4
F. Smolov,81,18500000.0,Backup,C. Bakambu,ST,F. Smolov,Lokomotiv Moscow,18500000.0,29.0,-1,49.2,StandingTackle,28.0,4
C. Bakambu,82,26000000.0,Starter,C. Bakambu,ST,F. Smolov,Lokomotiv Moscow,18500000.0,29.0,-1,49.2,Strength,76.0,5
F. Smolov,81,18500000.0,Backup,C. Bakambu,ST,F. Smolov,Lokomotiv Moscow,18500000.0,29.0,-1,49.2,Strength,75.0,5
C. Bakambu,82,26000000.0,Starter,C. Bakambu,ST,F. Smolov,Lokomotiv Moscow,18500000.0,29.0,-1,49.2,SprintSpeed,88.0,6
F. Smolov,81,18500000.0,Backup,C. Bakambu,ST,F. Smolov,Lokomotiv Moscow,18500000.0,29.0,-1,49.2,SprintSpeed,85.0,6
Pablo Sarabia,82,26000000.0,Starter,Pablo Sarabia,RCM,A. Hunt,Hamburger SV,7000000.0,73.0,-6,28.3,SprintSpeed,76.0,0
A. Hunt,76,7000000.0,Backup,Pablo Sarabia,RCM,A. Hunt,Hamburger SV,7000000.0,73.0,-6,28.3,SprintSpeed,68.0,0
Pablo Sarabia,82,26000000.0,Starter,Pablo Sarabia,RCM,A. Hunt,Hamburger SV,7000000.0,73.0,-6,28.3,Finishing,78.0,1
A. Hunt,76,7000000.0,Backup,Pablo Sarabia,RCM,A. Hunt,Hamburger SV,7000000.0,73.0,-6,28.3,Finishing,70.0,1
Pablo Sarabia,82,26000000.0,Starter,Pablo Sarabia,RCM,A. Hunt,Hamburger SV,7000000.0,73.0,-6,28.3,ShortPassing,83.0,2
A. Hunt,76,7000000.0,Backup,Pablo Sarabia,RCM,A. Hunt,Hamburger SV,7000000.0,73.0,-6,28.3,ShortPassing,74.0,2
Pablo Sarabia,82,26000000.0,Starter,Pablo Sarabia,RCM,A. Hunt,Hamburger SV,7000000.0,73.0,-6,28.3,Dribbling,86.0,3
A. Hunt,76,7000000.0,Backup,Pablo Sarabia,RCM,A. Hunt,Hamburger SV,7000000.0,73.0,-6,28.3,Dribbling,75.0,3
Pablo Sarabia,82,26000000.0,Starter,Pablo Sarabia,RCM,A. Hunt,Hamburger SV,7000000.0,73.0,-6,28.3,StandingTackle,49.0,4
A. Hunt,76,7000000.0,Backup,Pablo Sarabia,RCM,A. Hunt,Hamburger SV,7000000.0,73.0,-6,28.3,StandingTackle,34.0,4
Pablo Sarabia,82,26000000.0,Starter,Pablo Sarabia,RCM,A. Hunt,Hamburger SV,7000000.0,73.0,-6,28.3,Strength,58.0,5
A. Hunt,76,7000000.0,Backup,Pablo Sarabia,RCM,A. Hunt,Hamburger SV,7000000.0,73.0,-6,28.3,Strength,65.0,5
Pablo Sarabia,82,26000000.0,Starter,Pablo Sarabia,RCM,A. Hunt,Hamburger SV,7000000.0,73.0,-6,28.3,SprintSpeed,76.0,6
A. Hunt,76,7000000.0,Backup,Pablo Sarabia,RCM,A. Hunt,Hamburger SV,7000000.0,73.0,-6,28.3,SprintSpeed,68.0,6
W. Zaha,82,28500000.0,Starter,W. Zaha,LS,K. Toko-Ekambi,Villarreal CF,15000000.0,47.0,-3,14.5,SprintSpeed,92.0,0
K. Toko-Ekambi,79,15000000.0,Backup,W. Zaha,LS,K. Toko-Ekambi,Villarreal CF,15000000.0,47.0,-3,14.5,SprintSpeed,83.0,0
W. Zaha,82,28500000.0,Starter,W. Zaha,LS,K. Toko-Ekambi,Villarreal CF,15000000.0,47.0,-3,14.5,Finishing,77.0,1
K. Toko-Ekambi,79,15000000.0,Backup,W. Zaha,LS,K. Toko-Ekambi,Villarreal CF,15000000.0,47.0,-3,14.5,Finishing,81.0,1
W. Zaha,82,28500000.0,Starter,W. Zaha,LS,K. Toko-Ekambi,Villarreal CF,15000000.0,47.0,-3,14.5,ShortPassing,75.0,2
K. Toko-Ekambi,79,15000000.0,Backup,W. Zaha,LS,K. Toko-Ekambi,Villarreal CF,15000000.0,47.0,-3,14.5,ShortPassing,69.0,2
W. Zaha,82,28500000.0,Starter,W. Zaha,LS,K. Toko-Ekambi,Villarreal CF,15000000.0,47.0,-3,14.5,Dribbling,90.0,3
K. Toko-Ekambi,79,15000000.0,Backup,W. Zaha,LS,K. Toko-Ekambi,Villarreal CF,15000000.0,47.0,-3,14.5,Dribbling,80.0,3
W. Zaha,82,28500000.0,Starter,W. Zaha,LS,K. Toko-Ekambi,Villarreal CF,15000000.0,47.0,-3,14.5,StandingTackle,29.0,4
K. Toko-Ekambi,79,15000000.0,Backup,W. Zaha,LS,K. Toko-Ekambi,Villarreal CF,15000000.0,47.0,-3,14.5,StandingTackle,14.0,4
W. Zaha,82,28500000.0,Starter,W. Zaha,LS,K. Toko-Ekambi,Villarreal CF,15000000.0,47.0,-3,14.5,Strength,75.0,5
K. Toko-Ekambi,79,15000000.0,Backup,W. Zaha,LS,K. Toko-Ekambi,Villarreal CF,15000000.0,47.0,-3,14.5,Strength,77.0,5
W. Zaha,82,28500000.0,Starter,W. Zaha,LS,K. Toko-Ekambi,Villarreal CF,15000000.0,47.0,-3,14.5,SprintSpeed,92.0,6
K. Toko-Ekambi,79,15000000.0,Backup,W. Zaha,LS,K. Toko-Ekambi,Villarreal CF,15000000.0,47.0,-3,14.5,SprintSpeed,83.0,6
Luis Alberto,82,28500000.0,Starter,Luis Alberto,CF,A. Ruiz,Club Atlético Colón,10000000.0,65.0,-6,13.6,SprintSpeed,72.0,0
A. Ruiz,76,10000000.0,Backup,Luis Alberto,CF,A. Ruiz,Club Atlético Colón,10000000.0,65.0,-6,13.6,SprintSpeed,58.0,0
Luis Alberto,82,28500000.0,Starter,Luis Alberto,CF,A. Ruiz,Club Atlético Colón,10000000.0,65.0,-6,13.6,Finishing,80.0,1
A. Ruiz,76,10000000.0,Backup,Luis Alberto,CF,A. Ruiz,Club Atlético Colón,10000000.0,65.0,-6,13.6,Finishing,72.0,1
Luis Alberto,82,28500000.0,Starter,Luis Alberto,CF,A. Ruiz,Club Atlético Colón,10000000.0,65.0,-6,13.6,ShortPassing,88.0,2
A. Ruiz,76,10000000.0,Backup,Luis Alberto,CF,A. Ruiz,Club Atlético Colón,10000000.0,65.0,-6,13.6,ShortPassing,78.0,2
Luis Alberto,82,28500000.0,Starter,Luis Alberto,CF,A. Ruiz,Club Atlético Colón,10000000.0,65.0,-6,13.6,Dribbling,86.0,3
A. Ruiz,76,10000000.0,Backup,Luis Alberto,CF,A. Ruiz,Club Atlético Colón,10000000.0,65.0,-6,13.6,Dribbling,84.0,3
Luis Alberto,82,28500000.0,Starter,Luis Alberto,CF,A. Ruiz,Club Atlético Colón,10000000.0,65.0,-6,13.6,StandingTackle,25.0,4
A. Ruiz,76,10000000.0,Backup,Luis Alberto,CF,A. Ruiz,Club Atlético Colón,10000000.0,65.0,-6,13.6,StandingTackle,33.0,4
Luis Alberto,82,28500000.0,Starter,Luis Alberto,CF,A. Ruiz,Club Atlético Colón,10000000.0,65.0,-6,13.6,Strength,67.0,5
A. Ruiz,76,10000000.0,Backup,Luis Alberto,CF,A. Ruiz,Club Atlético Colón,10000000.0,65.0,-6,13.6,Strength,78.0,5
Luis Alberto,82,28500000.0,Starter,Luis Alberto,CF,A. Ruiz,Club Atlético Colón,10000000.0,65.0,-6,13.6,SprintSpeed,72.0,6
A. Ruiz,76,10000000.0,Backup,Luis Alberto,CF,A. Ruiz,Club Atlético Colón,10000000.0,65.0,-6,13.6,SprintSpeed,58.0,6
Jonathan Viera,82,22500000.0,Starter,Jonathan Viera,LF,J. Campbell,Frosinone,9000000.0,60.0,-6,3.2,SprintSpeed,76.0,0
J. Campbell,76,9000000.0,Backup,Jonathan Viera,LF,J. Campbell,Frosinone,9000000.0,60.0,-6,3.2,SprintSpeed,83.0,0
Jonathan Viera,82,22500000.0,Starter,Jonathan Viera,LF,J. Campbell,Frosinone,9000000.0,60.0,-6,3.2,Finishing,78.0,1
J. Campbell,76,9000000.0,Backup,Jonathan Viera,LF,J. Campbell,Frosinone,9000000.0,60.0,-6,3.2,Finishing,70.0,1
Jonathan Viera,82,22500000.0,Starter,Jonathan Viera,LF,J. Campbell,Frosinone,9000000.0,60.0,-6,3.2,ShortPassing,84.0,2
J. Campbell,76,9000000.0,Backup,Jonathan Viera,LF,J. Campbell,Frosinone,9000000.0,60.0,-6,3.2,ShortPassing,73.0,2
Jonathan Viera,82,22500000.0,Starter,Jonathan Viera,LF,J. Campbell,Frosinone,9000000.0,60.0,-6,3.2,Dribbling,84.0,3
J. Campbell,76,9000000.0,Backup,Jonathan Viera,LF,J. Campbell,Frosinone,9000000.0,60.0,-6,3.2,Dribbling,78.0,3
Jonathan Viera,82,22500000.0,Starter,Jonathan Viera,LF,J. Campbell,Frosinone,9000000.0,60.0,-6,3.2,StandingTackle,68.0,4
J. Campbell,76,9000000.0,Backup,Jonathan Viera,LF,J. Campbell,Frosinone,9000000.0,60.0,-6,3.2,StandingTackle,40.0,4
Jonathan Viera,82,22500000.0,Starter,Jonathan Viera,LF,J. Campbell,Frosinone,9000000.0,60.0,-6,3.2,Strength,67.0,5
J. Campbell,76,9000000.0,Backup,Jonathan Viera,LF,J. Campbell,Frosinone,9000000.0,60.0,-6,3.2,Strength,73.0,5
Jonathan Viera,82,22500000.0,Starter,Jonathan Viera,LF,J. Campbell,Frosinone,9000000.0,60.0,-6,3.2,SprintSpeed,76.0,6
J. Campbell,76,9000000.0,Backup,Jonathan Viera,LF,J. Campbell,Frosinone,9000000.0,60.0,-6,3.2,SprintSpeed,83.0,6
Bartra,82,21000000.0,Starter,Bartra,CB,N. Aké,Bournemouth,14500000.0,31.0,-3,50.7,SprintSpeed,72.0,0
N. Aké,79,14500000.0,Backup,Bartra,CB,N. Aké,Bournemouth,14500000.0,31.0,-3,50.7,SprintSpeed,74.0,0
Bartra,82,21000000.0,Starter,Bartra,CB,N. Aké,Bournemouth,14500000.0,31.0,-3,50.7,Finishing,55.0,1
N. Aké,79,14500000.0,Backup,Bartra,CB,N. Aké,Bournemouth,14500000.0,31.0,-3,50.7,Finishing,45.0,1
Bartra,82,21000000.0,Starter,Bartra,CB,N. Aké,Bournemouth,14500000.0,31.0,-3,50.7,ShortPassing,79.0,2
N. Aké,79,14500000.0,Backup,Bartra,CB,N. Aké,Bournemouth,14500000.0,31.0,-3,50.7,ShortPassing,77.0,2
Bartra,82,21000000.0,Starter,Bartra,CB,N. Aké,Bournemouth,14500000.0,31.0,-3,50.7,Dribbling,70.0,3
N. Aké,79,14500000.0,Backup,Bartra,CB,N. Aké,Bournemouth,14500000.0,31.0,-3,50.7,Dribbling,67.0,3
Bartra,82,21000000.0,Starter,Bartra,CB,N. Aké,Bournemouth,14500000.0,31.0,-3,50.7,StandingTackle,83.0,4
N. Aké,79,14500000.0,Backup,Bartra,CB,N. Aké,Bournemouth,14500000.0,31.0,-3,50.7,StandingTackle,81.0,4
Bartra,82,21000000.0,Starter,Bartra,CB,N. Aké,Bournemouth,14500000.0,31.0,-3,50.7,Strength,71.0,5
N. Aké,79,14500000.0,Backup,Bartra,CB,N. Aké,Bournemouth,14500000.0,31.0,-3,50.7,Strength,75.0,5
Bartra,82,21000000.0,Starter,Bartra,CB,N. Aké,Bournemouth,14500000.0,31.0,-3,50.7,SprintSpeed,72.0,6
N. Aké,79,14500000.0,Backup,Bartra,CB,N. Aké,Bournemouth,14500000.0,31.0,-3,50.7,SprintSpeed,74.0,6
S. Coates,82,21000000.0,Starter,S. Coates,RCB,R. Shawcross,Stoke City,4200000.0,80.0,-8,10.4,SprintSpeed,64.0,0
R. Shawcross,74,4200000.0,Backup,S. Coates,RCB,R. Shawcross,Stoke City,4200000.0,80.0,-8,10.4,SprintSpeed,47.0,0
S. Coates,82,21000000.0,Starter,S. Coates,RCB,R. Shawcross,Stoke City,4200000.0,80.0,-8,10.4,Finishing,42.0,1
R. Shawcross,74,4200000.0,Backup,S. Coates,RCB,R. Shawcross,Stoke City,4200000.0,80.0,-8,10.4,Finishing,39.0,1
S. Coates,82,21000000.0,Starter,S. Coates,RCB,R. Shawcross,Stoke City,4200000.0,80.0,-8,10.4,ShortPassing,72.0,2
R. Shawcross,74,4200000.0,Backup,S. Coates,RCB,R. Shawcross,Stoke City,4200000.0,80.0,-8,10.4,ShortPassing,60.0,2
S. Coates,82,21000000.0,Starter,S. Coates,RCB,R. Shawcross,Stoke City,4200000.0,80.0,-8,10.4,Dribbling,64.0,3
R. Shawcross,74,4200000.0,Backup,S. Coates,RCB,R. Shawcross,Stoke City,4200000.0,80.0,-8,10.4,Dribbling,44.0,3
S. Coates,82,21000000.0,Starter,S. Coates,RCB,R. Shawcross,Stoke City,4200000.0,80.0,-8,10.4,StandingTackle,85.0,4
R. Shawcross,74,4200000.0,Backup,S. Coates,RCB,R. Shawcross,Stoke City,4200000.0,80.0,-8,10.4,StandingTackle,73.0,4
S. Coates,82,21000000.0,Starter,S. Coates,RCB,R. Shawcross,Stoke City,4200000.0,80.0,-8,10.4,Strength,94.0,5
R. Shawcross,74,4200000.0,Backup,S. Coates,RCB,R. Shawcross,Stoke City,4200000.0,80.0,-8,10.4,Strength,86.0,5
S. Coates,82,21000000.0,Starter,S. Coates,RCB,R. Shawcross,Stoke City,4200000.0,80.0,-8,10.4,SprintSpeed,64.0,6
R. Shawcross,74,4200000.0,Backup,S. Coates,RCB,R. Shawcross,Stoke City,4200000.0,80.0,-8,10.4,SprintSpeed,47.0,6
Willian José,82,26500000.0,Starter,Willian José,ST,B. Gomis,Al Hilal,14000000.0,47.0,-1,46.2,SprintSpeed,65.0,0
B. Gomis,81,14000000.0,Backup,Willian José,ST,B. Gomis,Al Hilal,14000000.0,47.0,-1,46.2,SprintSpeed,70.0,0
Willian José,82,26500000.0,Starter,Willian José,ST,B. Gomis,Al Hilal,14000000.0,47.0,-1,46.2,Finishing,84.0,1
B. Gomis,81,14000000.0,Backup,Willian José,ST,B. Gomis,Al Hilal,14000000.0,47.0,-1,46.2,Finishing,84.0,1
Willian José,82,26500000.0,Starter,Willian José,ST,B. Gomis,Al Hilal,14000000.0,47.0,-1,46.2,ShortPassing,78.0,2
B. Gomis,81,14000000.0,Backup,Willian José,ST,B. Gomis,Al Hilal,14000000.0,47.0,-1,46.2,ShortPassing,75.0,2
Willian José,82,26500000.0,Starter,Willian José,ST,B. Gomis,Al Hilal,14000000.0,47.0,-1,46.2,Dribbling,79.0,3
B. Gomis,81,14000000.0,Backup,Willian José,ST,B. Gomis,Al Hilal,14000000.0,47.0,-1,46.2,Dribbling,78.0,3
Willian José,82,26500000.0,Starter,Willian José,ST,B. Gomis,Al Hilal,14000000.0,47.0,-1,46.2,StandingTackle,32.0,4
B. Gomis,81,14000000.0,Backup,Willian José,ST,B. Gomis,Al Hilal,14000000.0,47.0,-1,46.2,StandingTackle,32.0,4
Willian José,82,26500000.0,Starter,Willian José,ST,B. Gomis,Al Hilal,14000000.0,47.0,-1,46.2,Strength,90.0,5
B. Gomis,81,14000000.0,Backup,Willian José,ST,B. Gomis,Al Hilal,14000000.0,47.0,-1,46.2,Strength,83.0,5
Willian José,82,26500000.0,Starter,Willian José,ST,B. Gomis,Al Hilal,14000000.0,47.0,-1,46.2,SprintSpeed,65.0,6
B. Gomis,81,14000000.0,Backup,Willian José,ST,B. Gomis,Al Hilal,14000000.0,47.0,-1,46.2,SprintSpeed,70.0,6
Mário Fernandes,82,18500000.0,Starter,Mário Fernandes,RB,N. Clyne,Liverpool,11500000.0,38.0,-3,48.2,SprintSpeed,85.0,0
N. Clyne,79,11500000.0,Backup,Mário Fernandes,RB,N. Clyne,Liverpool,11500000.0,38.0,-3,48.2,SprintSpeed,78.0,0
Mário Fernandes,82,18500000.0,Starter,Mário Fernandes,RB,N. Clyne,Liverpool,11500000.0,38.0,-3,48.2,Finishing,56.0,1
N. Clyne,79,11500000.0,Backup,Mário Fernandes,RB,N. Clyne,Liverpool,11500000.0,38.0,-3,48.2,Finishing,54.0,1
Mário Fernandes,82,18500000.0,Starter,Mário Fernandes,RB,N. Clyne,Liverpool,11500000.0,38.0,-3,48.2,ShortPassing,78.0,2
N. Clyne,79,11500000.0,Backup,Mário Fernandes,RB,N. Clyne,Liverpool,11500000.0,38.0,-3,48.2,ShortPassing,75.0,2
Mário Fernandes,82,18500000.0,Starter,Mário Fernandes,RB,N. Clyne,Liverpool,11500000.0,38.0,-3,48.2,Dribbling,77.0,3
N. Clyne,79,11500000.0,Backup,Mário Fernandes,RB,N. Clyne,Liverpool,11500000.0,38.0,-3,48.2,Dribbling,76.0,3
Mário Fernandes,82,18500000.0,Starter,Mário Fernandes,RB,N. Clyne,Liverpool,11500000.0,38.0,-3,48.2,StandingTackle,82.0,4
N. Clyne,79,11500000.0,Backup,Mário Fernandes,RB,N. Clyne,Liverpool,11500000.0,38.0,-3,48.2,StandingTackle,81.0,4
Mário Fernandes,82,18500000.0,Starter,Mário Fernandes,RB,N. Clyne,Liverpool,11500000.0,38.0,-3,48.2,Strength,75.0,5
N. Clyne,79,11500000.0,Backup,Mário Fernandes,RB,N. Clyne,Liverpool,11500000.0,38.0,-3,48.2,Strength,67.0,5
Mário Fernandes,82,18500000.0,Starter,Mário Fernandes,RB,N. Clyne,Liverpool,11500000.0,38.0,-3,48.2,SprintSpeed,85.0,6
N. Clyne,79,11500000.0,Backup,Mário Fernandes,RB,N. Clyne,Liverpool,11500000.0,38.0,-3,48.2,SprintSpeed,78.0,6
Víctor Ruiz,82,19500000.0,Starter,Víctor Ruiz,LCB,Sergi Gómez,Sevilla FC,11500000.0,41.0,-4,36.5,SprintSpeed,59.0,0
Sergi Gómez,78,11500000.0,Backup,Víctor Ruiz,LCB,Sergi Gómez,Sevilla FC,11500000.0,41.0,-4,36.5,SprintSpeed,44.0,0
Víctor Ruiz,82,19500000.0,Starter,Víctor Ruiz,LCB,Sergi Gómez,Sevilla FC,11500000.0,41.0,-4,36.5,Finishing,37.0,1
Sergi Gómez,78,11500000.0,Backup,Víctor Ruiz,LCB,Sergi Gómez,Sevilla FC,11500000.0,41.0,-4,36.5,Finishing,35.0,1
Víctor Ruiz,82,19500000.0,Starter,Víctor Ruiz,LCB,Sergi Gómez,Sevilla FC,11500000.0,41.0,-4,36.5,ShortPassing,74.0,2
Sergi Gómez,78,11500000.0,Backup,Víctor Ruiz,LCB,Sergi Gómez,Sevilla FC,11500000.0,41.0,-4,36.5,ShortPassing,80.0,2
Víctor Ruiz,82,19500000.0,Starter,Víctor Ruiz,LCB,Sergi Gómez,Sevilla FC,11500000.0,41.0,-4,36.5,Dribbling,53.0,3
Sergi Gómez,78,11500000.0,Backup,Víctor Ruiz,LCB,Sergi Gómez,Sevilla FC,11500000.0,41.0,-4,36.5,Dribbling,56.0,3
Víctor Ruiz,82,19500000.0,Starter,Víctor Ruiz,LCB,Sergi Gómez,Sevilla FC,11500000.0,41.0,-4,36.5,StandingTackle,84.0,4
Sergi Gómez,78,11500000.0,Backup,Víctor Ruiz,LCB,Sergi Gómez,Sevilla FC,11500000.0,41.0,-4,36.5,StandingTackle,81.0,4
Víctor Ruiz,82,19500000.0,Starter,Víctor Ruiz,LCB,Sergi Gómez,Sevilla FC,11500000.0,41.0,-4,36.5,Strength,87.0,5
Sergi Gómez,78,11500000.0,Backup,Víctor Ruiz,LCB,Sergi Gómez,Sevilla FC,11500000.0,41.0,-4,36.5,Strength,78.0,5
Víctor Ruiz,82,19500000.0,Starter,Víctor Ruiz,LCB,Sergi Gómez,Sevilla FC,11500000.0,41.0,-4,36.5,SprintSpeed,59.0,6
Sergi Gómez,78,11500000.0,Backup,Víctor Ruiz,LCB,Sergi Gómez,Sevilla FC,11500000.0,41.0,-4,36.5,SprintSpeed,44.0,6
T. Delaney,82,21500000.0,Starter,T. Delaney,LCM,Melvin Parrela,América FC (Minas Gerais),9500000.0,56.0,-3,41.6,SprintSpeed,78.0,0
Melvin Parrela,79,9500000.0,Backup,T. Delaney,LCM,Melvin Parrela,América FC (Minas Gerais),9500000.0,56.0,-3,41.6,SprintSpeed,78.0,0
T. Delaney,82,21500000.0,Starter,T. Delaney,LCM,Melvin Parrela,América FC (Minas Gerais),9500000.0,56.0,-3,41.6,Finishing,72.0,1
Melvin Parrela,79,9500000.0,Backup,T. Delaney,LCM,Melvin Parrela,América FC (Minas Gerais),9500000.0,56.0,-3,41.6,Finishing,68.0,1
T. Delaney,82,21500000.0,Starter,T. Delaney,LCM,Melvin Parrela,América FC (Minas Gerais),9500000.0,56.0,-3,41.6,ShortPassing,79.0,2
Melvin Parrela,79,9500000.0,Backup,T. Delaney,LCM,Melvin Parrela,América FC (Minas Gerais),9500000.0,56.0,-3,41.6,ShortPassing,78.0,2
T. Delaney,82,21500000.0,Starter,T. Delaney,LCM,Melvin Parrela,América FC (Minas Gerais),9500000.0,56.0,-3,41.6,Dribbling,73.0,3
Melvin Parrela,79,9500000.0,Backup,T. Delaney,LCM,Melvin Parrela,América FC (Minas Gerais),9500000.0,56.0,-3,41.6,Dribbling,72.0,3
T. Delaney,82,21500000.0,Starter,T. Delaney,LCM,Melvin Parrela,América FC (Minas Gerais),9500000.0,56.0,-3,41.6,StandingTackle,82.0,4
Melvin Parrela,79,9500000.0,Backup,T. Delaney,LCM,Melvin Parrela,América FC (Minas Gerais),9500000.0,56.0,-3,41.6,StandingTackle,84.0,4
T. Delaney,82,21500000.0,Starter,T. Delaney,LCM,Melvin Parrela,América FC (Minas Gerais),9500000.0,56.0,-3,41.6,Strength,79.0,5
Melvin Parrela,79,9500000.0,Backup,T. Delaney,LCM,Melvin Parrela,América FC (Minas Gerais),9500000.0,56.0,-3,41.6,Strength,82.0,5
T. Delaney,82,21500000.0,Starter,T. Delaney,LCM,Melvin Parrela,América FC (Minas Gerais),9500000.0,56.0,-3,41.6,SprintSpeed,78.0,6
Melvin Parrela,79,9500000.0,Backup,T. Delaney,LCM,Melvin Parrela,América FC (Minas Gerais),9500000.0,56.0,-3,41.6,SprintSpeed,78.0,6
K. Casteels,82,19500000.0,Starter,K. Casteels,GK,C. Tătăruşanu,FC Nantes,7000000.0,64.0,-3,62.5,SprintSpeed,46.0,0
C. Tătăruşanu,79,7000000.0,Backup,K. Casteels,GK,C. Tătăruşanu,FC Nantes,7000000.0,64.0,-3,62.5,SprintSpeed,47.0,0
K. Casteels,82,19500000.0,Starter,K. Casteels,GK,C. Tătăruşanu,FC Nantes,7000000.0,64.0,-3,62.5,Finishing,15.0,1
C. Tătăruşanu,79,7000000.0,Backup,K. Casteels,GK,C. Tătăruşanu,FC Nantes,7000000.0,64.0,-3,62.5,Finishing,15.0,1
K. Casteels,82,19500000.0,Starter,K. Casteels,GK,C. Tătăruşanu,FC Nantes,7000000.0,64.0,-3,62.5,ShortPassing,35.0,2
C. Tătăruşanu,79,7000000.0,Backup,K. Casteels,GK,C. Tătăruşanu,FC Nantes,7000000.0,64.0,-3,62.5,ShortPassing,37.0,2
K. Casteels,82,19500000.0,Starter,K. Casteels,GK,C. Tătăruşanu,FC Nantes,7000000.0,64.0,-3,62.5,Dribbling,14.0,3
C. Tătăruşanu,79,7000000.0,Backup,K. Casteels,GK,C. Tătăruşanu,FC Nantes,7000000.0,64.0,-3,62.5,Dribbling,16.0,3
K. Casteels,82,19500000.0,Starter,K. Casteels,GK,C. Tătăruşanu,FC Nantes,7000000.0,64.0,-3,62.5,StandingTackle,19.0,4
C. Tătăruşanu,79,7000000.0,Backup,K. Casteels,GK,C. Tătăruşanu,FC Nantes,7000000.0,64.0,-3,62.5,StandingTackle,15.0,4
K. Casteels,82,19500000.0,Starter,K. Casteels,GK,C. Tătăruşanu,FC Nantes,7000000.0,64.0,-3,62.5,Strength,72.0,5
C. Tătăruşanu,79,7000000.0,Backup,K. Casteels,GK,C. Tătăruşanu,FC Nantes,7000000.0,64.0,-3,62.5,Strength,73.0,5
K. Casteels,82,19500000.0,Starter,K. Casteels,GK,C. Tătăruşanu,FC Nantes,7000000.0,64.0,-3,62.5,SprintSpeed,46.0,6
C. Tătăruşanu,79,7000000.0,Backup,K. Casteels,GK,C. Tătăruşanu,FC Nantes,7000000.0,64.0,-3,62.5,SprintSpeed,47.0,6
M. Götze,82,27000000.0,Starter,M. Götze,CM,Andreas Pereira,Manchester United,14000000.0,48.0,-4,39.9,SprintSpeed,64.0,0
Andreas Pereira,78,14000000.0,Backup,M. Götze,CM,Andreas Pereira,Manchester United,14000000.0,48.0,-4,39.9,SprintSpeed,74.0,0
M. Götze,82,27000000.0,Starter,M. Götze,CM,Andreas Pereira,Manchester United,14000000.0,48.0,-4,39.9,Finishing,75.0,1
Andreas Pereira,78,14000000.0,Backup,M. Götze,CM,Andreas Pereira,Manchester United,14000000.0,48.0,-4,39.9,Finishing,74.0,1
M. Götze,82,27000000.0,Starter,M. Götze,CM,Andreas Pereira,Manchester United,14000000.0,48.0,-4,39.9,ShortPassing,87.0,2
Andreas Pereira,78,14000000.0,Backup,M. Götze,CM,Andreas Pereira,Manchester United,14000000.0,48.0,-4,39.9,ShortPassing,80.0,2
M. Götze,82,27000000.0,Starter,M. Götze,CM,Andreas Pereira,Manchester United,14000000.0,48.0,-4,39.9,Dribbling,84.0,3
Andreas Pereira,78,14000000.0,Backup,M. Götze,CM,Andreas Pereira,Manchester United,14000000.0,48.0,-4,39.9,Dribbling,81.0,3
M. Götze,82,27000000.0,Starter,M. Götze,CM,Andreas Pereira,Manchester United,14000000.0,48.0,-4,39.9,StandingTackle,53.0,4
Andreas Pereira,78,14000000.0,Backup,M. Götze,CM,Andreas Pereira,Manchester United,14000000.0,48.0,-4,39.9,StandingTackle,65.0,4
M. Götze,82,27000000.0,Starter,M. Götze,CM,Andreas Pereira,Manchester United,14000000.0,48.0,-4,39.9,Strength,68.0,5
Andreas Pereira,78,14000000.0,Backup,M. Götze,CM,Andreas Pereira,Manchester United,14000000.0,48.0,-4,39.9,Strength,68.0,5
M. Götze,82,27000000.0,Starter,M. Götze,CM,Andreas Pereira,Manchester United,14000000.0,48.0,-4,39.9,SprintSpeed,64.0,6
Andreas Pereira,78,14000000.0,Backup,M. Götze,CM,Andreas Pereira,Manchester United,14000000.0,48.0,-4,39.9,SprintSpeed,74.0,6
S. Mustafi,82,22500000.0,Starter,S. Mustafi,RCB,L. Perrin,AS Saint-Étienne,8500000.0,62.0,-2,52.5,SprintSpeed,65.0,0
L. Perrin,80,8500000.0,Backup,S. Mustafi,RCB,L. Perrin,AS Saint-Étienne,8500000.0,62.0,-2,52.5,SprintSpeed,63.0,0
S. Mustafi,82,22500000.0,Starter,S. Mustafi,RCB,L. Perrin,AS Saint-Étienne,8500000.0,62.0,-2,52.5,Finishing,58.0,1
L. Perrin,80,8500000.0,Backup,S. Mustafi,RCB,L. Perrin,AS Saint-Étienne,8500000.0,62.0,-2,52.5,Finishing,55.0,1
S. Mustafi,82,22500000.0,Starter,S. Mustafi,RCB,L. Perrin,AS Saint-Étienne,8500000.0,62.0,-2,52.5,ShortPassing,77.0,2
L. Perrin,80,8500000.0,Backup,S. Mustafi,RCB,L. Perrin,AS Saint-Étienne,8500000.0,62.0,-2,52.5,ShortPassing,74.0,2
S. Mustafi,82,22500000.0,Starter,S. Mustafi,RCB,L. Perrin,AS Saint-Étienne,8500000.0,62.0,-2,52.5,Dribbling,53.0,3
L. Perrin,80,8500000.0,Backup,S. Mustafi,RCB,L. Perrin,AS Saint-Étienne,8500000.0,62.0,-2,52.5,Dribbling,62.0,3
S. Mustafi,82,22500000.0,Starter,S. Mustafi,RCB,L. Perrin,AS Saint-Étienne,8500000.0,62.0,-2,52.5,StandingTackle,82.0,4
L. Perrin,80,8500000.0,Backup,S. Mustafi,RCB,L. Perrin,AS Saint-Étienne,8500000.0,62.0,-2,52.5,StandingTackle,84.0,4
S. Mustafi,82,22500000.0,Starter,S. Mustafi,RCB,L. Perrin,AS Saint-Étienne,8500000.0,62.0,-2,52.5,Strength,78.0,5
L. Perrin,80,8500000.0,Backup,S. Mustafi,RCB,L. Perrin,AS Saint-Étienne,8500000.0,62.0,-2,52.5,Strength,78.0,5
S. Mustafi,82,22500000.0,Starter,S. Mustafi,RCB,L. Perrin,AS Saint-Étienne,8500000.0,62.0,-2,52.5,SprintSpeed,65.0,6
L. Perrin,80,8500000.0,Backup,S. Mustafi,RCB,L. Perrin,AS Saint-Étienne,8500000.0,62.0,-2,52.5,SprintSpeed,63.0,6
J. Pastore,82,21500000.0,Starter,J. Pastore,CAM,P. Morales,CD Universidad de Concepción,3400000.0,84.0,-8,40.3,SprintSpeed,69.0,0
P. Morales,74,3400000.0,Backup,J. Pastore,CAM,P. Morales,CD Universidad de Concepción,3400000.0,84.0,-8,40.3,SprintSpeed,67.0,0
J. Pastore,82,21500000.0,Starter,J. Pastore,CAM,P. Morales,CD Universidad de Concepción,3400000.0,84.0,-8,40.3,Finishing,73.0,1
P. Morales,74,3400000.0,Backup,J. Pastore,CAM,P. Morales,CD Universidad de Concepción,3400000.0,84.0,-8,40.3,Finishing,65.0,1
J. Pastore,82,21500000.0,Starter,J. Pastore,CAM,P. Morales,CD Universidad de Concepción,3400000.0,84.0,-8,40.3,ShortPassing,86.0,2
P. Morales,74,3400000.0,Backup,J. Pastore,CAM,P. Morales,CD Universidad de Concepción,3400000.0,84.0,-8,40.3,ShortPassing,74.0,2
J. Pastore,82,21500000.0,Starter,J. Pastore,CAM,P. Morales,CD Universidad de Concepción,3400000.0,84.0,-8,40.3,Dribbling,87.0,3
P. Morales,74,3400000.0,Backup,J. Pastore,CAM,P. Morales,CD Universidad de Concepción,3400000.0,84.0,-8,40.3,Dribbling,72.0,3
J. Pastore,82,21500000.0,Starter,J. Pastore,CAM,P. Morales,CD Universidad de Concepción,3400000.0,84.0,-8,40.3,StandingTackle,59.0,4
P. Morales,74,3400000.0,Backup,J. Pastore,CAM,P. Morales,CD Universidad de Concepción,3400000.0,84.0,-8,40.3,StandingTackle,62.0,4
J. Pastore,82,21500000.0,Starter,J. Pastore,CAM,P. Morales,CD Universidad de Concepción,3400000.0,84.0,-8,40.3,Strength,64.0,5
P. Morales,74,3400000.0,Backup,J. Pastore,CAM,P. Morales,CD Universidad de Concepción,3400000.0,84.0,-8,40.3,Strength,62.0,5
J. Pastore,82,21500000.0,Starter,J. Pastore,CAM,P. Morales,CD Universidad de Concepción,3400000.0,84.0,-8,40.3,SprintSpeed,69.0,6
P. Morales,74,3400000.0,Backup,J. Pastore,CAM,P. Morales,CD Universidad de Concepción,3400000.0,84.0,-8,40.3,SprintSpeed,67.0,6
Pedro,82,21000000.0,Starter,Pedro,RW,S. Berghuis,Feyenoord,15000000.0,29.0,-3,43.4,SprintSpeed,74.0,0
S. Berghuis,79,15000000.0,Backup,Pedro,RW,S. Berghuis,Feyenoord,15000000.0,29.0,-3,43.4,SprintSpeed,75.0,0
Pedro,82,21000000.0,Starter,Pedro,RW,S. Berghuis,Feyenoord,15000000.0,29.0,-3,43.4,Finishing,78.0,1
S. Berghuis,79,15000000.0,Backup,Pedro,RW,S. Berghuis,Feyenoord,15000000.0,29.0,-3,43.4,Finishing,75.0,1
Pedro,82,21000000.0,Starter,Pedro,RW,S. Berghuis,Feyenoord,15000000.0,29.0,-3,43.4,ShortPassing,80.0,2
S. Berghuis,79,15000000.0,Backup,Pedro,RW,S. Berghuis,Feyenoord,15000000.0,29.0,-3,43.4,ShortPassing,76.0,2
Pedro,82,21000000.0,Starter,Pedro,RW,S. Berghuis,Feyenoord,15000000.0,29.0,-3,43.4,Dribbling,84.0,3
S. Berghuis,79,15000000.0,Backup,Pedro,RW,S. Berghuis,Feyenoord,15000000.0,29.0,-3,43.4,Dribbling,82.0,3
Pedro,82,21000000.0,Starter,Pedro,RW,S. Berghuis,Feyenoord,15000000.0,29.0,-3,43.4,StandingTackle,32.0,4
S. Berghuis,79,15000000.0,Backup,Pedro,RW,S. Berghuis,Feyenoord,15000000.0,29.0,-3,43.4,StandingTackle,36.0,4
Pedro,82,21000000.0,Starter,Pedro,RW,S. Berghuis,Feyenoord,15000000.0,29.0,-3,43.4,Strength,47.0,5
S. Berghuis,79,15000000.0,Backup,Pedro,RW,S. Berghuis,Feyenoord,15000000.0,29.0,-3,43.4,Strength,58.0,5
Pedro,82,21000000.0,Starter,Pedro,RW,S. Berghuis,Feyenoord,15000000.0,29.0,-3,43.4,SprintSpeed,74.0,6
S. Berghuis,79,15000000.0,Backup,Pedro,RW,S. Berghuis,Feyenoord,15000000.0,29.0,-3,43.4,SprintSpeed,75.0,6
G. Bonaventura,82,22000000.0,Starter,G. Bonaventura,CM,Andreas Pereira,Manchester United,14000000.0,36.0,-4,52.3,SprintSpeed,77.0,0
Andreas Pereira,78,14000000.0,Backup,G. Bonaventura,CM,Andreas Pereira,Manchester United,14000000.0,36.0,-4,52.3,SprintSpeed,74.0,0
G. Bonaventura,82,22000000.0,Starter,G. Bonaventura,CM,Andreas Pereira,Manchester United,14000000.0,36.0,-4,52.3,Finishing,70.0,1
Andreas Pereira,78,14000000.0,Backup,G. Bonaventura,CM,Andreas Pereira,Manchester United,14000000.0,36.0,-4,52.3,Finishing,74.0,1
G. Bonaventura,82,22000000.0,Starter,G. Bonaventura,CM,Andreas Pereira,Manchester United,14000000.0,36.0,-4,52.3,ShortPassing,84.0,2
Andreas Pereira,78,14000000.0,Backup,G. Bonaventura,CM,Andreas Pereira,Manchester United,14000000.0,36.0,-4,52.3,ShortPassing,80.0,2
G. Bonaventura,82,22000000.0,Starter,G. Bonaventura,CM,Andreas Pereira,Manchester United,14000000.0,36.0,-4,52.3,Dribbling,83.0,3
Andreas Pereira,78,14000000.0,Backup,G. Bonaventura,CM,Andreas Pereira,Manchester United,14000000.0,36.0,-4,52.3,Dribbling,81.0,3
G. Bonaventura,82,22000000.0,Starter,G. Bonaventura,CM,Andreas Pereira,Manchester United,14000000.0,36.0,-4,52.3,StandingTackle,72.0,4
Andreas Pereira,78,14000000.0,Backup,G. Bonaventura,CM,Andreas Pereira,Manchester United,14000000.0,36.0,-4,52.3,StandingTackle,65.0,4
G. Bonaventura,82,22000000.0,Starter,G. Bonaventura,CM,Andreas Pereira,Manchester United,14000000.0,36.0,-4,52.3,Strength,66.0,5
Andreas Pereira,78,14000000.0,Backup,G. Bonaventura,CM,Andreas Pereira,Manchester United,14000000.0,36.0,-4,52.3,Strength,68.0,5
G. Bonaventura,82,22000000.0,Starter,G. Bonaventura,CM,Andreas Pereira,Manchester United,14000000.0,36.0,-4,52.3,SprintSpeed,77.0,6
Andreas Pereira,78,14000000.0,Backup,G. Bonaventura,CM,Andreas Pereira,Manchester United,14000000.0,36.0,-4,52.3,SprintSpeed,74.0,6
R. Bürki,82,18500000.0,Starter,R. Bürki,GK,Diego López,RCD Espanyol,2000000.0,89.0,-2,66.1,SprintSpeed,54.0,0
Diego López,80,2000000.0,Backup,R. Bürki,GK,Diego López,RCD Espanyol,2000000.0,89.0,-2,66.1,SprintSpeed,52.0,0
R. Bürki,82,18500000.0,Starter,R. Bürki,GK,Diego López,RCD Espanyol,2000000.0,89.0,-2,66.1,Finishing,8.0,1
Diego López,80,2000000.0,Backup,R. Bürki,GK,Diego López,RCD Espanyol,2000000.0,89.0,-2,66.1,Finishing,12.0,1
R. Bürki,82,18500000.0,Starter,R. Bürki,GK,Diego López,RCD Espanyol,2000000.0,89.0,-2,66.1,ShortPassing,37.0,2
Diego López,80,2000000.0,Backup,R. Bürki,GK,Diego López,RCD Espanyol,2000000.0,89.0,-2,66.1,ShortPassing,28.0,2
R. Bürki,82,18500000.0,Starter,R. Bürki,GK,Diego López,RCD Espanyol,2000000.0,89.0,-2,66.1,Dribbling,12.0,3
Diego López,80,2000000.0,Backup,R. Bürki,GK,Diego López,RCD Espanyol,2000000.0,89.0,-2,66.1,Dribbling,11.0,3
R. Bürki,82,18500000.0,Starter,R. Bürki,GK,Diego López,RCD Espanyol,2000000.0,89.0,-2,66.1,StandingTackle,13.0,4
Diego López,80,2000000.0,Backup,R. Bürki,GK,Diego López,RCD Espanyol,2000000.0,89.0,-2,66.1,StandingTackle,13.0,4
R. Bürki,82,18500000.0,Starter,R. Bürki,GK,Diego López,RCD Espanyol,2000000.0,89.0,-2,66.1,Strength,74.0,5
Diego López,80,2000000.0,Backup,R. Bürki,GK,Diego López,RCD Espanyol,2000000.0,89.0,-2,66.1,Strength,66.0,5
R. Bürki,82,18500000.0,Starter,R. Bürki,GK,Diego López,RCD Espanyol,2000000.0,89.0,-2,66.1,SprintSpeed,54.0,6
Diego López,80,2000000.0,Backup,R. Bürki,GK,Diego López,RCD Espanyol,2000000.0,89.0,-2,66.1,SprintSpeed,52.0,6
Taison,82,21000000.0,Starter,Taison,LM,Garry Rodrigues,Galatasaray SK,9500000.0,55.0,-5,32.4,SprintSpeed,91.0,0
Garry Rodrigues,77,9500000.0,Backup,Taison,LM,Garry Rodrigues,Galatasaray SK,9500000.0,55.0,-5,32.4,SprintSpeed,90.0,0
Taison,82,21000000.0,Starter,Taison,LM,Garry Rodrigues,Galatasaray SK,9500000.0,55.0,-5,32.4,Finishing,76.0,1
Garry Rodrigues,77,9500000.0,Backup,Taison,LM,Garry Rodrigues,Galatasaray SK,9500000.0,55.0,-5,32.4,Finishing,71.0,1
Taison,82,21000000.0,Starter,Taison,LM,Garry Rodrigues,Galatasaray SK,9500000.0,55.0,-5,32.4,ShortPassing,77.0,2
Garry Rodrigues,77,9500000.0,Backup,Taison,LM,Garry Rodrigues,Galatasaray SK,9500000.0,55.0,-5,32.4,ShortPassing,72.0,2
Taison,82,21000000.0,Starter,Taison,LM,Garry Rodrigues,Galatasaray SK,9500000.0,55.0,-5,32.4,Dribbling,87.0,3
Garry Rodrigues,77,9500000.0,Backup,Taison,LM,Garry Rodrigues,Galatasaray SK,9500000.0,55.0,-5,32.4,Dribbling,77.0,3
Taison,82,21000000.0,Starter,Taison,LM,Garry Rodrigues,Galatasaray SK,9500000.0,55.0,-5,32.4,StandingTackle,53.0,4
Garry Rodrigues,77,9500000.0,Backup,Taison,LM,Garry Rodrigues,Galatasaray SK,9500000.0,55.0,-5,32.4,StandingTackle,40.0,4
Taison,82,21000000.0,Starter,Taison,LM,Garry Rodrigues,Galatasaray SK,9500000.0,55.0,-5,32.4,Strength,62.0,5
Garry Rodrigues,77,9500000.0,Backup,Taison,LM,Garry Rodrigues,Galatasaray SK,9500000.0,55.0,-5,32.4,Strength,60.0,5
Taison,82,21000000.0,Starter,Taison,LM,Garry Rodrigues,Galatasaray SK,9500000.0,55.0,-5,32.4,SprintSpeed,91.0,6
Garry Rodrigues,77,9500000.0,Backup,Taison,LM,Garry Rodrigues,Galatasaray SK,9500000.0,55.0,-5,32.4,SprintSpeed,90.0,6
S. Nzonzi,82,17000000.0,Starter,S. Nzonzi,CDM,P. Wernbloom,PAOK,7000000.0,59.0,-3,25.7,SprintSpeed,55.0,0
P. Wernbloom,79,7000000.0,Backup,S. Nzonzi,CDM,P. Wernbloom,PAOK,7000000.0,59.0,-3,25.7,SprintSpeed,61.0,0
S. Nzonzi,82,17000000.0,Starter,S. Nzonzi,CDM,P. Wernbloom,PAOK,7000000.0,59.0,-3,25.7,Finishing,64.0,1
P. Wernbloom,79,7000000.0,Backup,S. Nzonzi,CDM,P. Wernbloom,PAOK,7000000.0,59.0,-3,25.7,Finishing,70.0,1
S. Nzonzi,82,17000000.0,Starter,S. Nzonzi,CDM,P. Wernbloom,PAOK,7000000.0,59.0,-3,25.7,ShortPassing,79.0,2
P. Wernbloom,79,7000000.0,Backup,S. Nzonzi,CDM,P. Wernbloom,PAOK,7000000.0,59.0,-3,25.7,ShortPassing,75.0,2
S. Nzonzi,82,17000000.0,Starter,S. Nzonzi,CDM,P. Wernbloom,PAOK,7000000.0,59.0,-3,25.7,Dribbling,72.0,3
P. Wernbloom,79,7000000.0,Backup,S. Nzonzi,CDM,P. Wernbloom,PAOK,7000000.0,59.0,-3,25.7,Dribbling,68.0,3
S. Nzonzi,82,17000000.0,Starter,S. Nzonzi,CDM,P. Wernbloom,PAOK,7000000.0,59.0,-3,25.7,StandingTackle,80.0,4
P. Wernbloom,79,7000000.0,Backup,S. Nzonzi,CDM,P. Wernbloom,PAOK,7000000.0,59.0,-3,25.7,StandingTackle,79.0,4
S. Nzonzi,82,17000000.0,Starter,S. Nzonzi,CDM,P. Wernbloom,PAOK,7000000.0,59.0,-3,25.7,Strength,92.0,5
P. Wernbloom,79,7000000.0,Backup,S. Nzonzi,CDM,P. Wernbloom,PAOK,7000000.0,59.0,-3,25.7,Strength,86.0,5
S. Nzonzi,82,17000000.0,Starter,S. Nzonzi,CDM,P. Wernbloom,PAOK,7000000.0,59.0,-3,25.7,SprintSpeed,55.0,6
P. Wernbloom,79,7000000.0,Backup,S. Nzonzi,CDM,P. Wernbloom,PAOK,7000000.0,59.0,-3,25.7,SprintSpeed,61.0,6
Marlos,82,21000000.0,Starter,Marlos,RM,B. Traoré,Olympique Lyonnais,14000000.0,33.0,-4,44.5,SprintSpeed,82.0,0
B. Traoré,78,14000000.0,Backup,Marlos,RM,B. Traoré,Olympique Lyonnais,14000000.0,33.0,-4,44.5,SprintSpeed,90.0,0
Marlos,82,21000000.0,Starter,Marlos,RM,B. Traoré,Olympique Lyonnais,14000000.0,33.0,-4,44.5,Finishing,79.0,1
B. Traoré,78,14000000.0,Backup,Marlos,RM,B. Traoré,Olympique Lyonnais,14000000.0,33.0,-4,44.5,Finishing,75.0,1
Marlos,82,21000000.0,Starter,Marlos,RM,B. Traoré,Olympique Lyonnais,14000000.0,33.0,-4,44.5,ShortPassing,81.0,2
B. Traoré,78,14000000.0,Backup,Marlos,RM,B. Traoré,Olympique Lyonnais,14000000.0,33.0,-4,44.5,ShortPassing,77.0,2
Marlos,82,21000000.0,Starter,Marlos,RM,B. Traoré,Olympique Lyonnais,14000000.0,33.0,-4,44.5,Dribbling,87.0,3
B. Traoré,78,14000000.0,Backup,Marlos,RM,B. Traoré,Olympique Lyonnais,14000000.0,33.0,-4,44.5,Dribbling,85.0,3
Marlos,82,21000000.0,Starter,Marlos,RM,B. Traoré,Olympique Lyonnais,14000000.0,33.0,-4,44.5,StandingTackle,49.0,4
B. Traoré,78,14000000.0,Backup,Marlos,RM,B. Traoré,Olympique Lyonnais,14000000.0,33.0,-4,44.5,StandingTackle,40.0,4
Marlos,82,21000000.0,Starter,Marlos,RM,B. Traoré,Olympique Lyonnais,14000000.0,33.0,-4,44.5,Strength,62.0,5
B. Traoré,78,14000000.0,Backup,Marlos,RM,B. Traoré,Olympique Lyonnais,14000000.0,33.0,-4,44.5,Strength,64.0,5
Marlos,82,21000000.0,Starter,Marlos,RM,B. Traoré,Olympique Lyonnais,14000000.0,33.0,-4,44.5,SprintSpeed,82.0,6
B. Traoré,78,14000000.0,Backup,Marlos,RM,B. Traoré,Olympique Lyonnais,14000000.0,33.0,-4,44.5,SprintSpeed,90.0,6
A. Ramsey,82,25000000.0,Starter,A. Ramsey,CAM,P. Groß,Brighton & Hove Albion,10000000.0,60.0,-5,46.5,SprintSpeed,69.0,0
P. Groß,77,10000000.0,Backup,A. Ramsey,CAM,P. Groß,Brighton & Hove Albion,10000000.0,60.0,-5,46.5,SprintSpeed,65.0,0
A. Ramsey,82,25000000.0,Starter,A. Ramsey,CAM,P. Groß,Brighton & Hove Albion,10000000.0,60.0,-5,46.5,Finishing,74.0,1
P. Groß,77,10000000.0,Backup,A. Ramsey,CAM,P. Groß,Brighton & Hove Albion,10000000.0,60.0,-5,46.5,Finishing,72.0,1
A. Ramsey,82,25000000.0,Starter,A. Ramsey,CAM,P. Groß,Brighton & Hove Albion,10000000.0,60.0,-5,46.5,ShortPassing,84.0,2
P. Groß,77,10000000.0,Backup,A. Ramsey,CAM,P. Groß,Brighton & Hove Albion,10000000.0,60.0,-5,46.5,ShortPassing,80.0,2
A. Ramsey,82,25000000.0,Starter,A. Ramsey,CAM,P. Groß,Brighton & Hove Albion,10000000.0,60.0,-5,46.5,Dribbling,81.0,3
P. Groß,77,10000000.0,Backup,A. Ramsey,CAM,P. Groß,Brighton & Hove Albion,10000000.0,60.0,-5,46.5,Dribbling,75.0,3
A. Ramsey,82,25000000.0,Starter,A. Ramsey,CAM,P. Groß,Brighton & Hove Albion,10000000.0,60.0,-5,46.5,StandingTackle,70.0,4
P. Groß,77,10000000.0,Backup,A. Ramsey,CAM,P. Groß,Brighton & Hove Albion,10000000.0,60.0,-5,46.5,StandingTackle,62.0,4
A. Ramsey,82,25000000.0,Starter,A. Ramsey,CAM,P. Groß,Brighton & Hove Albion,10000000.0,60.0,-5,46.5,Strength,67.0,5
P. Groß,77,10000000.0,Backup,A. Ramsey,CAM,P. Groß,Brighton & Hove Albion,10000000.0,60.0,-5,46.5,Strength,71.0,5
A. Ramsey,82,25000000.0,Starter,A. Ramsey,CAM,P. Groß,Brighton & Hove Albion,10000000.0,60.0,-5,46.5,SprintSpeed,69.0,6
P. Groß,77,10000000.0,Backup,A. Ramsey,CAM,P. Groß,Brighton & Hove Albion,10000000.0,60.0,-5,46.5,SprintSpeed,65.0,6
K. Trippier,82,18500000.0,Starter,K. Trippier,RB,S. Corchia,SL Benfica,5500000.0,70.0,-7,45.2,SprintSpeed,75.0,0
S. Corchia,75,5500000.0,Backup,K. Trippier,RB,S. Corchia,SL Benfica,5500000.0,70.0,-7,45.2,SprintSpeed,73.0,0
K. Trippier,82,18500000.0,Starter,K. Trippier,RB,S. Corchia,SL Benfica,5500000.0,70.0,-7,45.2,Finishing,48.0,1
S. Corchia,75,5500000.0,Backup,K. Trippier,RB,S. Corchia,SL Benfica,5500000.0,70.0,-7,45.2,Finishing,58.0,1
K. Trippier,82,18500000.0,Starter,K. Trippier,RB,S. Corchia,SL Benfica,5500000.0,70.0,-7,45.2,ShortPassing,79.0,2
S. Corchia,75,5500000.0,Backup,K. Trippier,RB,S. Corchia,SL Benfica,5500000.0,70.0,-7,45.2,ShortPassing,73.0,2
K. Trippier,82,18500000.0,Starter,K. Trippier,RB,S. Corchia,SL Benfica,5500000.0,70.0,-7,45.2,Dribbling,75.0,3
S. Corchia,75,5500000.0,Backup,K. Trippier,RB,S. Corchia,SL Benfica,5500000.0,70.0,-7,45.2,Dribbling,75.0,3
K. Trippier,82,18500000.0,Starter,K. Trippier,RB,S. Corchia,SL Benfica,5500000.0,70.0,-7,45.2,StandingTackle,82.0,4
S. Corchia,75,5500000.0,Backup,K. Trippier,RB,S. Corchia,SL Benfica,5500000.0,70.0,-7,45.2,StandingTackle,74.0,4
K. Trippier,82,18500000.0,Starter,K. Trippier,RB,S. Corchia,SL Benfica,5500000.0,70.0,-7,45.2,Strength,65.0,5
S. Corchia,75,5500000.0,Backup,K. Trippier,RB,S. Corchia,SL Benfica,5500000.0,70.0,-7,45.2,Strength,67.0,5
K. Trippier,82,18500000.0,Starter,K. Trippier,RB,S. Corchia,SL Benfica,5500000.0,70.0,-7,45.2,SprintSpeed,75.0,6
S. Corchia,75,5500000.0,Backup,K. Trippier,RB,S. Corchia,SL Benfica,5500000.0,70.0,-7,45.2,SprintSpeed,73.0,6
A. Kolarov,82,12500000.0,Starter,A. Kolarov,LB,C. Fuchs,Leicester City,3700000.0,70.0,-7,32.5,SprintSpeed,70.0,0
C. Fuchs,75,3700000.0,Backup,A. Kolarov,LB,C. Fuchs,Leicester City,3700000.0,70.0,-7,32.5,SprintSpeed,56.0,0
A. Kolarov,82,12500000.0,Starter,A. Kolarov,LB,C. Fuchs,Leicester City,3700000.0,70.0,-7,32.5,Finishing,55.0,1
C. Fuchs,75,3700000.0,Backup,A. Kolarov,LB,C. Fuchs,Leicester City,3700000.0,70.0,-7,32.5,Finishing,57.0,1
A. Kolarov,82,12500000.0,Starter,A. Kolarov,LB,C. Fuchs,Leicester City,3700000.0,70.0,-7,32.5,ShortPassing,77.0,2
C. Fuchs,75,3700000.0,Backup,A. Kolarov,LB,C. Fuchs,Leicester City,3700000.0,70.0,-7,32.5,ShortPassing,78.0,2
A. Kolarov,82,12500000.0,Starter,A. Kolarov,LB,C. Fuchs,Leicester City,3700000.0,70.0,-7,32.5,Dribbling,79.0,3
C. Fuchs,75,3700000.0,Backup,A. Kolarov,LB,C. Fuchs,Leicester City,3700000.0,70.0,-7,32.5,Dribbling,70.0,3
A. Kolarov,82,12500000.0,Starter,A. Kolarov,LB,C. Fuchs,Leicester City,3700000.0,70.0,-7,32.5,StandingTackle,82.0,4
C. Fuchs,75,3700000.0,Backup,A. Kolarov,LB,C. Fuchs,Leicester City,3700000.0,70.0,-7,32.5,StandingTackle,78.0,4
A. Kolarov,82,12500000.0,Starter,A. Kolarov,LB,C. Fuchs,Leicester City,3700000.0,70.0,-7,32.5,Strength,77.0,5
C. Fuchs,75,3700000.0,Backup,A. Kolarov,LB,C. Fuchs,Leicester City,3700000.0,70.0,-7,32.5,Strength,71.0,5
A. Kolarov,82,12500000.0,Starter,A. Kolarov,LB,C. Fuchs,Leicester City,3700000.0,70.0,-7,32.5,SprintSpeed,70.0,6
C. Fuchs,75,3700000.0,Backup,A. Kolarov,LB,C. Fuchs,Leicester City,3700000.0,70.0,-7,32.5,SprintSpeed,56.0,6
G. Sigurðsson,82,22500000.0,Starter,G. Sigurðsson,CAM,P. Groß,Brighton & Hove Albion,10000000.0,56.0,-5,43.1,SprintSpeed,55.0,0
P. Groß,77,10000000.0,Backup,G. Sigurðsson,CAM,P. Groß,Brighton & Hove Albion,10000000.0,56.0,-5,43.1,SprintSpeed,65.0,0
G. Sigurðsson,82,22500000.0,Starter,G. Sigurðsson,CAM,P. Groß,Brighton & Hove Albion,10000000.0,56.0,-5,43.1,Finishing,77.0,1
P. Groß,77,10000000.0,Backup,G. Sigurðsson,CAM,P. Groß,Brighton & Hove Albion,10000000.0,56.0,-5,43.1,Finishing,72.0,1
G. Sigurðsson,82,22500000.0,Starter,G. Sigurðsson,CAM,P. Groß,Brighton & Hove Albion,10000000.0,56.0,-5,43.1,ShortPassing,84.0,2
P. Groß,77,10000000.0,Backup,G. Sigurðsson,CAM,P. Groß,Brighton & Hove Albion,10000000.0,56.0,-5,43.1,ShortPassing,80.0,2
G. Sigurðsson,82,22500000.0,Starter,G. Sigurðsson,CAM,P. Groß,Brighton & Hove Albion,10000000.0,56.0,-5,43.1,Dribbling,80.0,3
P. Groß,77,10000000.0,Backup,G. Sigurðsson,CAM,P. Groß,Brighton & Hove Albion,10000000.0,56.0,-5,43.1,Dribbling,75.0,3
G. Sigurðsson,82,22500000.0,Starter,G. Sigurðsson,CAM,P. Groß,Brighton & Hove Albion,10000000.0,56.0,-5,43.1,StandingTackle,57.0,4
P. Groß,77,10000000.0,Backup,G. Sigurðsson,CAM,P. Groß,Brighton & Hove Albion,10000000.0,56.0,-5,43.1,StandingTackle,62.0,4
G. Sigurðsson,82,22500000.0,Starter,G. Sigurðsson,CAM,P. Groß,Brighton & Hove Albion,10000000.0,56.0,-5,43.1,Strength,68.0,5
P. Groß,77,10000000.0,Backup,G. Sigurðsson,CAM,P. Groß,Brighton & Hove Albion,10000000.0,56.0,-5,43.1,Strength,71.0,5
G. Sigurðsson,82,22500000.0,Starter,G. Sigurðsson,CAM,P. Groß,Brighton & Hove Albion,10000000.0,56.0,-5,43.1,SprintSpeed,55.0,6
P. Groß,77,10000000.0,Backup,G. Sigurðsson,CAM,P. Groß,Brighton & Hove Albion,10000000.0,56.0,-5,43.1,SprintSpeed,65.0,6
S. Giovinco,82,20000000.0,Starter,S. Giovinco,CF,G. dos Santos,LA Galaxy,6500000.0,68.0,-7,10.6,SprintSpeed,80.0,0
G. dos Santos,75,6500000.0,Backup,S. Giovinco,CF,G. dos Santos,LA Galaxy,6500000.0,68.0,-7,10.6,SprintSpeed,84.0,0
S. Giovinco,82,20000000.0,Starter,S. Giovinco,CF,G. dos Santos,LA Galaxy,6500000.0,68.0,-7,10.6,Finishing,80.0,1
G. dos Santos,75,6500000.0,Backup,S. Giovinco,CF,G. dos Santos,LA Galaxy,6500000.0,68.0,-7,10.6,Finishing,72.0,1
S. Giovinco,82,20000000.0,Starter,S. Giovinco,CF,G. dos Santos,LA Galaxy,6500000.0,68.0,-7,10.6,ShortPassing,80.0,2
G. dos Santos,75,6500000.0,Backup,S. Giovinco,CF,G. dos Santos,LA Galaxy,6500000.0,68.0,-7,10.6,ShortPassing,77.0,2
S. Giovinco,82,20000000.0,Starter,S. Giovinco,CF,G. dos Santos,LA Galaxy,6500000.0,68.0,-7,10.6,Dribbling,86.0,3
G. dos Santos,75,6500000.0,Backup,S. Giovinco,CF,G. dos Santos,LA Galaxy,6500000.0,68.0,-7,10.6,Dribbling,78.0,3
S. Giovinco,82,20000000.0,Starter,S. Giovinco,CF,G. dos Santos,LA Galaxy,6500000.0,68.0,-7,10.6,StandingTackle,29.0,4
G. dos Santos,75,6500000.0,Backup,S. Giovinco,CF,G. dos Santos,LA Galaxy,6500000.0,68.0,-7,10.6,StandingTackle,28.0,4
S. Giovinco,82,20000000.0,Starter,S. Giovinco,CF,G. dos Santos,LA Galaxy,6500000.0,68.0,-7,10.6,Strength,42.0,5
G. dos Santos,75,6500000.0,Backup,S. Giovinco,CF,G. dos Santos,LA Galaxy,6500000.0,68.0,-7,10.6,Strength,44.0,5
S. Giovinco,82,20000000.0,Starter,S. Giovinco,CF,G. dos Santos,LA Galaxy,6500000.0,68.0,-7,10.6,SprintSpeed,80.0,6
G. dos Santos,75,6500000.0,Backup,S. Giovinco,CF,G. dos Santos,LA Galaxy,6500000.0,68.0,-7,10.6,SprintSpeed,84.0,6
M. Arnautović,82,22000000.0,Starter,M. Arnautović,LS,João Pedro,Cagliari,9500000.0,57.0,-6,33.0,SprintSpeed,83.0,0
João Pedro,76,9500000.0,Backup,M. Arnautović,LS,João Pedro,Cagliari,9500000.0,57.0,-6,33.0,SprintSpeed,76.0,0
M. Arnautović,82,22000000.0,Starter,M. Arnautović,LS,João Pedro,Cagliari,9500000.0,57.0,-6,33.0,Finishing,78.0,1
João Pedro,76,9500000.0,Backup,M. Arnautović,LS,João Pedro,Cagliari,9500000.0,57.0,-6,33.0,Finishing,75.0,1
M. Arnautović,82,22000000.0,Starter,M. Arnautović,LS,João Pedro,Cagliari,9500000.0,57.0,-6,33.0,ShortPassing,78.0,2
João Pedro,76,9500000.0,Backup,M. Arnautović,LS,João Pedro,Cagliari,9500000.0,57.0,-6,33.0,ShortPassing,77.0,2
M. Arnautović,82,22000000.0,Starter,M. Arnautović,LS,João Pedro,Cagliari,9500000.0,57.0,-6,33.0,Dribbling,84.0,3
João Pedro,76,9500000.0,Backup,M. Arnautović,LS,João Pedro,Cagliari,9500000.0,57.0,-6,33.0,Dribbling,75.0,3
M. Arnautović,82,22000000.0,Starter,M. Arnautović,LS,João Pedro,Cagliari,9500000.0,57.0,-6,33.0,StandingTackle,48.0,4
João Pedro,76,9500000.0,Backup,M. Arnautović,LS,João Pedro,Cagliari,9500000.0,57.0,-6,33.0,StandingTackle,44.0,4
M. Arnautović,82,22000000.0,Starter,M. Arnautović,LS,João Pedro,Cagliari,9500000.0,57.0,-6,33.0,Strength,84.0,5
João Pedro,76,9500000.0,Backup,M. Arnautović,LS,João Pedro,Cagliari,9500000.0,57.0,-6,33.0,Strength,64.0,5
M. Arnautović,82,22000000.0,Starter,M. Arnautović,LS,João Pedro,Cagliari,9500000.0,57.0,-6,33.0,SprintSpeed,83.0,6
João Pedro,76,9500000.0,Backup,M. Arnautović,LS,João Pedro,Cagliari,9500000.0,57.0,-6,33.0,SprintSpeed,76.0,6
N. Gaitán,82,21000000.0,Starter,N. Gaitán,CAM,G. Ramírez,Sampdoria,13000000.0,38.0,-3,43.9,SprintSpeed,79.0,0
G. Ramírez,79,13000000.0,Backup,N. Gaitán,CAM,G. Ramírez,Sampdoria,13000000.0,38.0,-3,43.9,SprintSpeed,69.0,0
N. Gaitán,82,21000000.0,Starter,N. Gaitán,CAM,G. Ramírez,Sampdoria,13000000.0,38.0,-3,43.9,Finishing,71.0,1
G. Ramírez,79,13000000.0,Backup,N. Gaitán,CAM,G. Ramírez,Sampdoria,13000000.0,38.0,-3,43.9,Finishing,74.0,1
N. Gaitán,82,21000000.0,Starter,N. Gaitán,CAM,G. Ramírez,Sampdoria,13000000.0,38.0,-3,43.9,ShortPassing,81.0,2
G. Ramírez,79,13000000.0,Backup,N. Gaitán,CAM,G. Ramírez,Sampdoria,13000000.0,38.0,-3,43.9,ShortPassing,81.0,2
N. Gaitán,82,21000000.0,Starter,N. Gaitán,CAM,G. Ramírez,Sampdoria,13000000.0,38.0,-3,43.9,Dribbling,84.0,3
G. Ramírez,79,13000000.0,Backup,N. Gaitán,CAM,G. Ramírez,Sampdoria,13000000.0,38.0,-3,43.9,Dribbling,80.0,3
N. Gaitán,82,21000000.0,Starter,N. Gaitán,CAM,G. Ramírez,Sampdoria,13000000.0,38.0,-3,43.9,StandingTackle,42.0,4
G. Ramírez,79,13000000.0,Backup,N. Gaitán,CAM,G. Ramírez,Sampdoria,13000000.0,38.0,-3,43.9,StandingTackle,45.0,4
N. Gaitán,82,21000000.0,Starter,N. Gaitán,CAM,G. Ramírez,Sampdoria,13000000.0,38.0,-3,43.9,Strength,46.0,5
G. Ramírez,79,13000000.0,Backup,N. Gaitán,CAM,G. Ramírez,Sampdoria,13000000.0,38.0,-3,43.9,Strength,53.0,5
N. Gaitán,82,21000000.0,Starter,N. Gaitán,CAM,G. Ramírez,Sampdoria,13000000.0,38.0,-3,43.9,SprintSpeed,79.0,6
G. Ramírez,79,13000000.0,Backup,N. Gaitán,CAM,G. Ramírez,Sampdoria,13000000.0,38.0,-3,43.9,SprintSpeed,69.0,6
J. Henderson,82,18000000.0,Starter,J. Henderson,RCM,R. Vormer,Club Brugge KV,9500000.0,47.0,-4,54.7,SprintSpeed,66.0,0
R. Vormer,78,9500000.0,Backup,J. Henderson,RCM,R. Vormer,Club Brugge KV,9500000.0,47.0,-4,54.7,SprintSpeed,60.0,0
J. Henderson,82,18000000.0,Starter,J. Henderson,RCM,R. Vormer,Club Brugge KV,9500000.0,47.0,-4,54.7,Finishing,67.0,1
R. Vormer,78,9500000.0,Backup,J. Henderson,RCM,R. Vormer,Club Brugge KV,9500000.0,47.0,-4,54.7,Finishing,71.0,1
J. Henderson,82,18000000.0,Starter,J. Henderson,RCM,R. Vormer,Club Brugge KV,9500000.0,47.0,-4,54.7,ShortPassing,84.0,2
R. Vormer,78,9500000.0,Backup,J. Henderson,RCM,R. Vormer,Club Brugge KV,9500000.0,47.0,-4,54.7,ShortPassing,81.0,2
J. Henderson,82,18000000.0,Starter,J. Henderson,RCM,R. Vormer,Club Brugge KV,9500000.0,47.0,-4,54.7,Dribbling,73.0,3
R. Vormer,78,9500000.0,Backup,J. Henderson,RCM,R. Vormer,Club Brugge KV,9500000.0,47.0,-4,54.7,Dribbling,67.0,3
J. Henderson,82,18000000.0,Starter,J. Henderson,RCM,R. Vormer,Club Brugge KV,9500000.0,47.0,-4,54.7,StandingTackle,79.0,4
R. Vormer,78,9500000.0,Backup,J. Henderson,RCM,R. Vormer,Club Brugge KV,9500000.0,47.0,-4,54.7,StandingTackle,74.0,4
J. Henderson,82,18000000.0,Starter,J. Henderson,RCM,R. Vormer,Club Brugge KV,9500000.0,47.0,-4,54.7,Strength,72.0,5
R. Vormer,78,9500000.0,Backup,J. Henderson,RCM,R. Vormer,Club Brugge KV,9500000.0,47.0,-4,54.7,Strength,75.0,5
J. Henderson,82,18000000.0,Starter,J. Henderson,RCM,R. Vormer,Club Brugge KV,9500000.0,47.0,-4,54.7,SprintSpeed,66.0,6
R. Vormer,78,9500000.0,Backup,J. Henderson,RCM,R. Vormer,Club Brugge KV,9500000.0,47.0,-4,54.7,SprintSpeed,60.0,6
M. Kruse,82,21500000.0,Starter,M. Kruse,ST,W. Rooney,DC United,12000000.0,44.0,-2,38.0,SprintSpeed,67.0,0
W. Rooney,80,12000000.0,Backup,M. Kruse,ST,W. Rooney,DC United,12000000.0,44.0,-2,38.0,SprintSpeed,65.0,0
M. Kruse,82,21500000.0,Starter,M. Kruse,ST,W. Rooney,DC United,12000000.0,44.0,-2,38.0,Finishing,83.0,1
W. Rooney,80,12000000.0,Backup,M. Kruse,ST,W. Rooney,DC United,12000000.0,44.0,-2,38.0,Finishing,80.0,1
M. Kruse,82,21500000.0,Starter,M. Kruse,ST,W. Rooney,DC United,12000000.0,44.0,-2,38.0,ShortPassing,84.0,2
W. Rooney,80,12000000.0,Backup,M. Kruse,ST,W. Rooney,DC United,12000000.0,44.0,-2,38.0,ShortPassing,81.0,2
M. Kruse,82,21500000.0,Starter,M. Kruse,ST,W. Rooney,DC United,12000000.0,44.0,-2,38.0,Dribbling,82.0,3
W. Rooney,80,12000000.0,Backup,M. Kruse,ST,W. Rooney,DC United,12000000.0,44.0,-2,38.0,Dribbling,74.0,3
M. Kruse,82,21500000.0,Starter,M. Kruse,ST,W. Rooney,DC United,12000000.0,44.0,-2,38.0,StandingTackle,38.0,4
W. Rooney,80,12000000.0,Backup,M. Kruse,ST,W. Rooney,DC United,12000000.0,44.0,-2,38.0,StandingTackle,55.0,4
M. Kruse,82,21500000.0,Starter,M. Kruse,ST,W. Rooney,DC United,12000000.0,44.0,-2,38.0,Strength,72.0,5
W. Rooney,80,12000000.0,Backup,M. Kruse,ST,W. Rooney,DC United,12000000.0,44.0,-2,38.0,Strength,78.0,5
M. Kruse,82,21500000.0,Starter,M. Kruse,ST,W. Rooney,DC United,12000000.0,44.0,-2,38.0,SprintSpeed,67.0,6
W. Rooney,80,12000000.0,Backup,M. Kruse,ST,W. Rooney,DC United,12000000.0,44.0,-2,38.0,SprintSpeed,65.0,6
M. Parolo,82,9000000.0,Starter,M. Parolo,RDM,H. Behrens,1. FC Nürnberg,6500000.0,28.0,-7,30.0,SprintSpeed,69.0,0
H. Behrens,75,6500000.0,Backup,M. Parolo,RDM,H. Behrens,1. FC Nürnberg,6500000.0,28.0,-7,30.0,SprintSpeed,69.0,0
M. Parolo,82,9000000.0,Starter,M. Parolo,RDM,H. Behrens,1. FC Nürnberg,6500000.0,28.0,-7,30.0,Finishing,70.0,1
H. Behrens,75,6500000.0,Backup,M. Parolo,RDM,H. Behrens,1. FC Nürnberg,6500000.0,28.0,-7,30.0,Finishing,68.0,1
M. Parolo,82,9000000.0,Starter,M. Parolo,RDM,H. Behrens,1. FC Nürnberg,6500000.0,28.0,-7,30.0,ShortPassing,80.0,2
H. Behrens,75,6500000.0,Backup,M. Parolo,RDM,H. Behrens,1. FC Nürnberg,6500000.0,28.0,-7,30.0,ShortPassing,74.0,2
M. Parolo,82,9000000.0,Starter,M. Parolo,RDM,H. Behrens,1. FC Nürnberg,6500000.0,28.0,-7,30.0,Dribbling,75.0,3
H. Behrens,75,6500000.0,Backup,M. Parolo,RDM,H. Behrens,1. FC Nürnberg,6500000.0,28.0,-7,30.0,Dribbling,69.0,3
M. Parolo,82,9000000.0,Starter,M. Parolo,RDM,H. Behrens,1. FC Nürnberg,6500000.0,28.0,-7,30.0,StandingTackle,80.0,4
H. Behrens,75,6500000.0,Backup,M. Parolo,RDM,H. Behrens,1. FC Nürnberg,6500000.0,28.0,-7,30.0,StandingTackle,76.0,4
M. Parolo,82,9000000.0,Starter,M. Parolo,RDM,H. Behrens,1. FC Nürnberg,6500000.0,28.0,-7,30.0,Strength,77.0,5
H. Behrens,75,6500000.0,Backup,M. Parolo,RDM,H. Behrens,1. FC Nürnberg,6500000.0,28.0,-7,30.0,Strength,79.0,5
M. Parolo,82,9000000.0,Starter,M. Parolo,RDM,H. Behrens,1. FC Nürnberg,6500000.0,28.0,-7,30.0,SprintSpeed,69.0,6
H. Behrens,75,6500000.0,Backup,M. Parolo,RDM,H. Behrens,1. FC Nürnberg,6500000.0,28.0,-7,30.0,SprintSpeed,69.0,6
L. Fejsa,82,17000000.0,Starter,L. Fejsa,CDM,Idris,Boavista FC,2700000.0,84.0,-7,45.9,SprintSpeed,55.0,0
Idris,75,2700000.0,Backup,L. Fejsa,CDM,Idris,Boavista FC,2700000.0,84.0,-7,45.9,SprintSpeed,58.0,0
L. Fejsa,82,17000000.0,Starter,L. Fejsa,CDM,Idris,Boavista FC,2700000.0,84.0,-7,45.9,Finishing,49.0,1
Idris,75,2700000.0,Backup,L. Fejsa,CDM,Idris,Boavista FC,2700000.0,84.0,-7,45.9,Finishing,40.0,1
L. Fejsa,82,17000000.0,Starter,L. Fejsa,CDM,Idris,Boavista FC,2700000.0,84.0,-7,45.9,ShortPassing,78.0,2
Idris,75,2700000.0,Backup,L. Fejsa,CDM,Idris,Boavista FC,2700000.0,84.0,-7,45.9,ShortPassing,72.0,2
L. Fejsa,82,17000000.0,Starter,L. Fejsa,CDM,Idris,Boavista FC,2700000.0,84.0,-7,45.9,Dribbling,68.0,3
Idris,75,2700000.0,Backup,L. Fejsa,CDM,Idris,Boavista FC,2700000.0,84.0,-7,45.9,Dribbling,64.0,3
L. Fejsa,82,17000000.0,Starter,L. Fejsa,CDM,Idris,Boavista FC,2700000.0,84.0,-7,45.9,StandingTackle,84.0,4
Idris,75,2700000.0,Backup,L. Fejsa,CDM,Idris,Boavista FC,2700000.0,84.0,-7,45.9,StandingTackle,77.0,4
L. Fejsa,82,17000000.0,Starter,L. Fejsa,CDM,Idris,Boavista FC,2700000.0,84.0,-7,45.9,Strength,78.0,5
Idris,75,2700000.0,Backup,L. Fejsa,CDM,Idris,Boavista FC,2700000.0,84.0,-7,45.9,Strength,81.0,5
L. Fejsa,82,17000000.0,Starter,L. Fejsa,CDM,Idris,Boavista FC,2700000.0,84.0,-7,45.9,SprintSpeed,55.0,6
Idris,75,2700000.0,Backup,L. Fejsa,CDM,Idris,Boavista FC,2700000.0,84.0,-7,45.9,SprintSpeed,58.0,6
A. Rami,82,12500000.0,Starter,A. Rami,RCB,C. Kerbrat,En Avant de Guingamp,5000000.0,60.0,-6,30.3,SprintSpeed,67.0,0
C. Kerbrat,76,5000000.0,Backup,A. Rami,RCB,C. Kerbrat,En Avant de Guingamp,5000000.0,60.0,-6,30.3,SprintSpeed,66.0,0
A. Rami,82,12500000.0,Starter,A. Rami,RCB,C. Kerbrat,En Avant de Guingamp,5000000.0,60.0,-6,30.3,Finishing,45.0,1
C. Kerbrat,76,5000000.0,Backup,A. Rami,RCB,C. Kerbrat,En Avant de Guingamp,5000000.0,60.0,-6,30.3,Finishing,49.0,1
A. Rami,82,12500000.0,Starter,A. Rami,RCB,C. Kerbrat,En Avant de Guingamp,5000000.0,60.0,-6,30.3,ShortPassing,66.0,2
C. Kerbrat,76,5000000.0,Backup,A. Rami,RCB,C. Kerbrat,En Avant de Guingamp,5000000.0,60.0,-6,30.3,ShortPassing,71.0,2
A. Rami,82,12500000.0,Starter,A. Rami,RCB,C. Kerbrat,En Avant de Guingamp,5000000.0,60.0,-6,30.3,Dribbling,56.0,3
C. Kerbrat,76,5000000.0,Backup,A. Rami,RCB,C. Kerbrat,En Avant de Guingamp,5000000.0,60.0,-6,30.3,Dribbling,60.0,3
A. Rami,82,12500000.0,Starter,A. Rami,RCB,C. Kerbrat,En Avant de Guingamp,5000000.0,60.0,-6,30.3,StandingTackle,83.0,4
C. Kerbrat,76,5000000.0,Backup,A. Rami,RCB,C. Kerbrat,En Avant de Guingamp,5000000.0,60.0,-6,30.3,StandingTackle,78.0,4
A. Rami,82,12500000.0,Starter,A. Rami,RCB,C. Kerbrat,En Avant de Guingamp,5000000.0,60.0,-6,30.3,Strength,91.0,5
C. Kerbrat,76,5000000.0,Backup,A. Rami,RCB,C. Kerbrat,En Avant de Guingamp,5000000.0,60.0,-6,30.3,Strength,77.0,5
A. Rami,82,12500000.0,Starter,A. Rami,RCB,C. Kerbrat,En Avant de Guingamp,5000000.0,60.0,-6,30.3,SprintSpeed,67.0,6
C. Kerbrat,76,5000000.0,Backup,A. Rami,RCB,C. Kerbrat,En Avant de Guingamp,5000000.0,60.0,-6,30.3,SprintSpeed,66.0,6
V. Ćorluka,82,12500000.0,Starter,V. Ćorluka,LCB,R. Funes Mori,Villarreal CF,8500000.0,32.0,-5,34.9,SprintSpeed,65.0,0
R. Funes Mori,77,8500000.0,Backup,V. Ćorluka,LCB,R. Funes Mori,Villarreal CF,8500000.0,32.0,-5,34.9,SprintSpeed,68.0,0
V. Ćorluka,82,12500000.0,Starter,V. Ćorluka,LCB,R. Funes Mori,Villarreal CF,8500000.0,32.0,-5,34.9,Finishing,44.0,1
R. Funes Mori,77,8500000.0,Backup,V. Ćorluka,LCB,R. Funes Mori,Villarreal CF,8500000.0,32.0,-5,34.9,Finishing,40.0,1
V. Ćorluka,82,12500000.0,Starter,V. Ćorluka,LCB,R. Funes Mori,Villarreal CF,8500000.0,32.0,-5,34.9,ShortPassing,70.0,2
R. Funes Mori,77,8500000.0,Backup,V. Ćorluka,LCB,R. Funes Mori,Villarreal CF,8500000.0,32.0,-5,34.9,ShortPassing,70.0,2
V. Ćorluka,82,12500000.0,Starter,V. Ćorluka,LCB,R. Funes Mori,Villarreal CF,8500000.0,32.0,-5,34.9,Dribbling,65.0,3
R. Funes Mori,77,8500000.0,Backup,V. Ćorluka,LCB,R. Funes Mori,Villarreal CF,8500000.0,32.0,-5,34.9,Dribbling,63.0,3
V. Ćorluka,82,12500000.0,Starter,V. Ćorluka,LCB,R. Funes Mori,Villarreal CF,8500000.0,32.0,-5,34.9,StandingTackle,83.0,4
R. Funes Mori,77,8500000.0,Backup,V. Ćorluka,LCB,R. Funes Mori,Villarreal CF,8500000.0,32.0,-5,34.9,StandingTackle,77.0,4
V. Ćorluka,82,12500000.0,Starter,V. Ćorluka,LCB,R. Funes Mori,Villarreal CF,8500000.0,32.0,-5,34.9,Strength,86.0,5
R. Funes Mori,77,8500000.0,Backup,V. Ćorluka,LCB,R. Funes Mori,Villarreal CF,8500000.0,32.0,-5,34.9,Strength,78.0,5
V. Ćorluka,82,12500000.0,Starter,V. Ćorluka,LCB,R. Funes Mori,Villarreal CF,8500000.0,32.0,-5,34.9,SprintSpeed,65.0,6
R. Funes Mori,77,8500000.0,Backup,V. Ćorluka,LCB,R. Funes Mori,Villarreal CF,8500000.0,32.0,-5,34.9,SprintSpeed,68.0,6
G. Wijnaldum,82,23000000.0,Starter,G. Wijnaldum,CAM,A. Ioniţă,Cagliari,6000000.0,74.0,-8,35.4,SprintSpeed,76.0,0
A. Ioniţă,74,6000000.0,Backup,G. Wijnaldum,CAM,A. Ioniţă,Cagliari,6000000.0,74.0,-8,35.4,SprintSpeed,68.0,0
G. Wijnaldum,82,23000000.0,Starter,G. Wijnaldum,CAM,A. Ioniţă,Cagliari,6000000.0,74.0,-8,35.4,Finishing,70.0,1
A. Ioniţă,74,6000000.0,Backup,G. Wijnaldum,CAM,A. Ioniţă,Cagliari,6000000.0,74.0,-8,35.4,Finishing,64.0,1
G. Wijnaldum,82,23000000.0,Starter,G. Wijnaldum,CAM,A. Ioniţă,Cagliari,6000000.0,74.0,-8,35.4,ShortPassing,84.0,2
A. Ioniţă,74,6000000.0,Backup,G. Wijnaldum,CAM,A. Ioniţă,Cagliari,6000000.0,74.0,-8,35.4,ShortPassing,75.0,2
G. Wijnaldum,82,23000000.0,Starter,G. Wijnaldum,CAM,A. Ioniţă,Cagliari,6000000.0,74.0,-8,35.4,Dribbling,84.0,3
A. Ioniţă,74,6000000.0,Backup,G. Wijnaldum,CAM,A. Ioniţă,Cagliari,6000000.0,74.0,-8,35.4,Dribbling,70.0,3
G. Wijnaldum,82,23000000.0,Starter,G. Wijnaldum,CAM,A. Ioniţă,Cagliari,6000000.0,74.0,-8,35.4,StandingTackle,75.0,4
A. Ioniţă,74,6000000.0,Backup,G. Wijnaldum,CAM,A. Ioniţă,Cagliari,6000000.0,74.0,-8,35.4,StandingTackle,75.0,4
G. Wijnaldum,82,23000000.0,Starter,G. Wijnaldum,CAM,A. Ioniţă,Cagliari,6000000.0,74.0,-8,35.4,Strength,72.0,5
A. Ioniţă,74,6000000.0,Backup,G. Wijnaldum,CAM,A. Ioniţă,Cagliari,6000000.0,74.0,-8,35.4,Strength,79.0,5
G. Wijnaldum,82,23000000.0,Starter,G. Wijnaldum,CAM,A. Ioniţă,Cagliari,6000000.0,74.0,-8,35.4,SprintSpeed,76.0,6
A. Ioniţă,74,6000000.0,Backup,G. Wijnaldum,CAM,A. Ioniţă,Cagliari,6000000.0,74.0,-8,35.4,SprintSpeed,68.0,6
F. Fazio,82,15000000.0,Starter,F. Fazio,LCB,Pedro Henrique,Vitória Guimarães,8500000.0,43.0,-6,18.7,SprintSpeed,43.0,0
Pedro Henrique,76,8500000.0,Backup,F. Fazio,LCB,Pedro Henrique,Vitória Guimarães,8500000.0,43.0,-6,18.7,SprintSpeed,47.0,0
F. Fazio,82,15000000.0,Starter,F. Fazio,LCB,Pedro Henrique,Vitória Guimarães,8500000.0,43.0,-6,18.7,Finishing,41.0,1
Pedro Henrique,76,8500000.0,Backup,F. Fazio,LCB,Pedro Henrique,Vitória Guimarães,8500000.0,43.0,-6,18.7,Finishing,35.0,1
F. Fazio,82,15000000.0,Starter,F. Fazio,LCB,Pedro Henrique,Vitória Guimarães,8500000.0,43.0,-6,18.7,ShortPassing,64.0,2
Pedro Henrique,76,8500000.0,Backup,F. Fazio,LCB,Pedro Henrique,Vitória Guimarães,8500000.0,43.0,-6,18.7,ShortPassing,67.0,2
F. Fazio,82,15000000.0,Starter,F. Fazio,LCB,Pedro Henrique,Vitória Guimarães,8500000.0,43.0,-6,18.7,Dribbling,48.0,3
Pedro Henrique,76,8500000.0,Backup,F. Fazio,LCB,Pedro Henrique,Vitória Guimarães,8500000.0,43.0,-6,18.7,Dribbling,54.0,3
F. Fazio,82,15000000.0,Starter,F. Fazio,LCB,Pedro Henrique,Vitória Guimarães,8500000.0,43.0,-6,18.7,StandingTackle,85.0,4
Pedro Henrique,76,8500000.0,Backup,F. Fazio,LCB,Pedro Henrique,Vitória Guimarães,8500000.0,43.0,-6,18.7,StandingTackle,79.0,4
F. Fazio,82,15000000.0,Starter,F. Fazio,LCB,Pedro Henrique,Vitória Guimarães,8500000.0,43.0,-6,18.7,Strength,91.0,5
Pedro Henrique,76,8500000.0,Backup,F. Fazio,LCB,Pedro Henrique,Vitória Guimarães,8500000.0,43.0,-6,18.7,Strength,90.0,5
F. Fazio,82,15000000.0,Starter,F. Fazio,LCB,Pedro Henrique,Vitória Guimarães,8500000.0,43.0,-6,18.7,SprintSpeed,43.0,6
Pedro Henrique,76,8500000.0,Backup,F. Fazio,LCB,Pedro Henrique,Vitória Guimarães,8500000.0,43.0,-6,18.7,SprintSpeed,47.0,6
O. Giroud,82,20000000.0,Starter,O. Giroud,ST,S. Vokes,Burnley,8000000.0,60.0,-6,42.0,SprintSpeed,50.0,0
S. Vokes,76,8000000.0,Backup,O. Giroud,ST,S. Vokes,Burnley,8000000.0,60.0,-6,42.0,SprintSpeed,55.0,0
O. Giroud,82,20000000.0,Starter,O. Giroud,ST,S. Vokes,Burnley,8000000.0,60.0,-6,42.0,Finishing,83.0,1
S. Vokes,76,8000000.0,Backup,O. Giroud,ST,S. Vokes,Burnley,8000000.0,60.0,-6,42.0,Finishing,77.0,1
O. Giroud,82,20000000.0,Starter,O. Giroud,ST,S. Vokes,Burnley,8000000.0,60.0,-6,42.0,ShortPassing,79.0,2
S. Vokes,76,8000000.0,Backup,O. Giroud,ST,S. Vokes,Burnley,8000000.0,60.0,-6,42.0,ShortPassing,68.0,2
O. Giroud,82,20000000.0,Starter,O. Giroud,ST,S. Vokes,Burnley,8000000.0,60.0,-6,42.0,Dribbling,70.0,3
S. Vokes,76,8000000.0,Backup,O. Giroud,ST,S. Vokes,Burnley,8000000.0,60.0,-6,42.0,Dribbling,65.0,3
O. Giroud,82,20000000.0,Starter,O. Giroud,ST,S. Vokes,Burnley,8000000.0,60.0,-6,42.0,StandingTackle,37.0,4
S. Vokes,76,8000000.0,Backup,O. Giroud,ST,S. Vokes,Burnley,8000000.0,60.0,-6,42.0,StandingTackle,38.0,4
O. Giroud,82,20000000.0,Starter,O. Giroud,ST,S. Vokes,Burnley,8000000.0,60.0,-6,42.0,Strength,88.0,5
S. Vokes,76,8000000.0,Backup,O. Giroud,ST,S. Vokes,Burnley,8000000.0,60.0,-6,42.0,Strength,84.0,5
O. Giroud,82,20000000.0,Starter,O. Giroud,ST,S. Vokes,Burnley,8000000.0,60.0,-6,42.0,SprintSpeed,50.0,6
S. Vokes,76,8000000.0,Backup,O. Giroud,ST,S. Vokes,Burnley,8000000.0,60.0,-6,42.0,SprintSpeed,55.0,6
Marcano,82,15000000.0,Starter,Marcano,CB,C. Zambrano,FC Basel 1893,7000000.0,53.0,-6,43.9,SprintSpeed,69.0,0
C. Zambrano,76,7000000.0,Backup,Marcano,CB,C. Zambrano,FC Basel 1893,7000000.0,53.0,-6,43.9,SprintSpeed,62.0,0
Marcano,82,15000000.0,Starter,Marcano,CB,C. Zambrano,FC Basel 1893,7000000.0,53.0,-6,43.9,Finishing,43.0,1
C. Zambrano,76,7000000.0,Backup,Marcano,CB,C. Zambrano,FC Basel 1893,7000000.0,53.0,-6,43.9,Finishing,41.0,1
Marcano,82,15000000.0,Starter,Marcano,CB,C. Zambrano,FC Basel 1893,7000000.0,53.0,-6,43.9,ShortPassing,76.0,2
C. Zambrano,76,7000000.0,Backup,Marcano,CB,C. Zambrano,FC Basel 1893,7000000.0,53.0,-6,43.9,ShortPassing,72.0,2
Marcano,82,15000000.0,Starter,Marcano,CB,C. Zambrano,FC Basel 1893,7000000.0,53.0,-6,43.9,Dribbling,54.0,3
C. Zambrano,76,7000000.0,Backup,Marcano,CB,C. Zambrano,FC Basel 1893,7000000.0,53.0,-6,43.9,Dribbling,66.0,3
Marcano,82,15000000.0,Starter,Marcano,CB,C. Zambrano,FC Basel 1893,7000000.0,53.0,-6,43.9,StandingTackle,84.0,4
C. Zambrano,76,7000000.0,Backup,Marcano,CB,C. Zambrano,FC Basel 1893,7000000.0,53.0,-6,43.9,StandingTackle,77.0,4
Marcano,82,15000000.0,Starter,Marcano,CB,C. Zambrano,FC Basel 1893,7000000.0,53.0,-6,43.9,Strength,77.0,5
C. Zambrano,76,7000000.0,Backup,Marcano,CB,C. Zambrano,FC Basel 1893,7000000.0,53.0,-6,43.9,Strength,74.0,5
Marcano,82,15000000.0,Starter,Marcano,CB,C. Zambrano,FC Basel 1893,7000000.0,53.0,-6,43.9,SprintSpeed,69.0,6
C. Zambrano,76,7000000.0,Backup,Marcano,CB,C. Zambrano,FC Basel 1893,7000000.0,53.0,-6,43.9,SprintSpeed,62.0,6
A. Guardado,82,19000000.0,Starter,A. Guardado,CM,L. Paredes,Free Agent,0.0,100.0,-2,52.0,SprintSpeed,73.0,0
L. Paredes,80,0.0,Backup,A. Guardado,CM,L. Paredes,Free Agent,0.0,100.0,-2,52.0,SprintSpeed,69.0,0
A. Guardado,82,19000000.0,Starter,A. Guardado,CM,L. Paredes,Free Agent,0.0,100.0,-2,52.0,Finishing,60.0,1
L. Paredes,80,0.0,Backup,A. Guardado,CM,L. Paredes,Free Agent,0.0,100.0,-2,52.0,Finishing,55.0,1
A. Guardado,82,19000000.0,Starter,A. Guardado,CM,L. Paredes,Free Agent,0.0,100.0,-2,52.0,ShortPassing,85.0,2
L. Paredes,80,0.0,Backup,A. Guardado,CM,L. Paredes,Free Agent,0.0,100.0,-2,52.0,ShortPassing,84.0,2
A. Guardado,82,19000000.0,Starter,A. Guardado,CM,L. Paredes,Free Agent,0.0,100.0,-2,52.0,Dribbling,80.0,3
L. Paredes,80,0.0,Backup,A. Guardado,CM,L. Paredes,Free Agent,0.0,100.0,-2,52.0,Dribbling,78.0,3
A. Guardado,82,19000000.0,Starter,A. Guardado,CM,L. Paredes,Free Agent,0.0,100.0,-2,52.0,StandingTackle,75.0,4
L. Paredes,80,0.0,Backup,A. Guardado,CM,L. Paredes,Free Agent,0.0,100.0,-2,52.0,StandingTackle,75.0,4
A. Guardado,82,19000000.0,Starter,A. Guardado,CM,L. Paredes,Free Agent,0.0,100.0,-2,52.0,Strength,57.0,5
L. Paredes,80,0.0,Backup,A. Guardado,CM,L. Paredes,Free Agent,0.0,100.0,-2,52.0,Strength,69.0,5
A. Guardado,82,19000000.0,Starter,A. Guardado,CM,L. Paredes,Free Agent,0.0,100.0,-2,52.0,SprintSpeed,73.0,6
L. Paredes,80,0.0,Backup,A. Guardado,CM,L. Paredes,Free Agent,0.0,100.0,-2,52.0,SprintSpeed,69.0,6
E. Garay,82,15000000.0,Starter,E. Garay,RCB,H. Nordtveit,TSG 1899 Hoffenheim,7000000.0,53.0,-6,15.0,SprintSpeed,36.0,0
H. Nordtveit,76,7000000.0,Backup,E. Garay,RCB,H. Nordtveit,TSG 1899 Hoffenheim,7000000.0,53.0,-6,15.0,SprintSpeed,62.0,0
E. Garay,82,15000000.0,Starter,E. Garay,RCB,H. Nordtveit,TSG 1899 Hoffenheim,7000000.0,53.0,-6,15.0,Finishing,58.0,1
H. Nordtveit,76,7000000.0,Backup,E. Garay,RCB,H. Nordtveit,TSG 1899 Hoffenheim,7000000.0,53.0,-6,15.0,Finishing,40.0,1
E. Garay,82,15000000.0,Starter,E. Garay,RCB,H. Nordtveit,TSG 1899 Hoffenheim,7000000.0,53.0,-6,15.0,ShortPassing,69.0,2
H. Nordtveit,76,7000000.0,Backup,E. Garay,RCB,H. Nordtveit,TSG 1899 Hoffenheim,7000000.0,53.0,-6,15.0,ShortPassing,73.0,2
E. Garay,82,15000000.0,Starter,E. Garay,RCB,H. Nordtveit,TSG 1899 Hoffenheim,7000000.0,53.0,-6,15.0,Dribbling,60.0,3
H. Nordtveit,76,7000000.0,Backup,E. Garay,RCB,H. Nordtveit,TSG 1899 Hoffenheim,7000000.0,53.0,-6,15.0,Dribbling,64.0,3
E. Garay,82,15000000.0,Starter,E. Garay,RCB,H. Nordtveit,TSG 1899 Hoffenheim,7000000.0,53.0,-6,15.0,StandingTackle,83.0,4
H. Nordtveit,76,7000000.0,Backup,E. Garay,RCB,H. Nordtveit,TSG 1899 Hoffenheim,7000000.0,53.0,-6,15.0,StandingTackle,77.0,4
E. Garay,82,15000000.0,Starter,E. Garay,RCB,H. Nordtveit,TSG 1899 Hoffenheim,7000000.0,53.0,-6,15.0,Strength,88.0,5
H. Nordtveit,76,7000000.0,Backup,E. Garay,RCB,H. Nordtveit,TSG 1899 Hoffenheim,7000000.0,53.0,-6,15.0,Strength,78.0,5
E. Garay,82,15000000.0,Starter,E. Garay,RCB,H. Nordtveit,TSG 1899 Hoffenheim,7000000.0,53.0,-6,15.0,SprintSpeed,36.0,6
H. Nordtveit,76,7000000.0,Backup,E. Garay,RCB,H. Nordtveit,TSG 1899 Hoffenheim,7000000.0,53.0,-6,15.0,SprintSpeed,62.0,6
Jardel,82,12500000.0,Starter,Jardel,LCB,W. Boly,Wolverhampton Wanderers,9000000.0,28.0,-5,31.0,SprintSpeed,63.0,0
W. Boly,77,9000000.0,Backup,Jardel,LCB,W. Boly,Wolverhampton Wanderers,9000000.0,28.0,-5,31.0,SprintSpeed,69.0,0
Jardel,82,12500000.0,Starter,Jardel,LCB,W. Boly,Wolverhampton Wanderers,9000000.0,28.0,-5,31.0,Finishing,38.0,1
W. Boly,77,9000000.0,Backup,Jardel,LCB,W. Boly,Wolverhampton Wanderers,9000000.0,28.0,-5,31.0,Finishing,32.0,1
Jardel,82,12500000.0,Starter,Jardel,LCB,W. Boly,Wolverhampton Wanderers,9000000.0,28.0,-5,31.0,ShortPassing,68.0,2
W. Boly,77,9000000.0,Backup,Jardel,LCB,W. Boly,Wolverhampton Wanderers,9000000.0,28.0,-5,31.0,ShortPassing,70.0,2
Jardel,82,12500000.0,Starter,Jardel,LCB,W. Boly,Wolverhampton Wanderers,9000000.0,28.0,-5,31.0,Dribbling,52.0,3
W. Boly,77,9000000.0,Backup,Jardel,LCB,W. Boly,Wolverhampton Wanderers,9000000.0,28.0,-5,31.0,Dribbling,48.0,3
Jardel,82,12500000.0,Starter,Jardel,LCB,W. Boly,Wolverhampton Wanderers,9000000.0,28.0,-5,31.0,StandingTackle,84.0,4
W. Boly,77,9000000.0,Backup,Jardel,LCB,W. Boly,Wolverhampton Wanderers,9000000.0,28.0,-5,31.0,StandingTackle,78.0,4
Jardel,82,12500000.0,Starter,Jardel,LCB,W. Boly,Wolverhampton Wanderers,9000000.0,28.0,-5,31.0,Strength,89.0,5
W. Boly,77,9000000.0,Backup,Jardel,LCB,W. Boly,Wolverhampton Wanderers,9000000.0,28.0,-5,31.0,Strength,93.0,5
Jardel,82,12500000.0,Starter,Jardel,LCB,W. Boly,Wolverhampton Wanderers,9000000.0,28.0,-5,31.0,SprintSpeed,63.0,6
W. Boly,77,9000000.0,Backup,Jardel,LCB,W. Boly,Wolverhampton Wanderers,9000000.0,28.0,-5,31.0,SprintSpeed,69.0,6
S. Sirigu,82,13500000.0,Starter,S. Sirigu,GK,Diego López,RCD Espanyol,2000000.0,85.0,-2,64.3,SprintSpeed,51.0,0
Diego López,80,2000000.0,Backup,S. Sirigu,GK,Diego López,RCD Espanyol,2000000.0,85.0,-2,64.3,SprintSpeed,52.0,0
S. Sirigu,82,13500000.0,Starter,S. Sirigu,GK,Diego López,RCD Espanyol,2000000.0,85.0,-2,64.3,Finishing,10.0,1
Diego López,80,2000000.0,Backup,S. Sirigu,GK,Diego López,RCD Espanyol,2000000.0,85.0,-2,64.3,Finishing,12.0,1
S. Sirigu,82,13500000.0,Starter,S. Sirigu,GK,Diego López,RCD Espanyol,2000000.0,85.0,-2,64.3,ShortPassing,23.0,2
Diego López,80,2000000.0,Backup,S. Sirigu,GK,Diego López,RCD Espanyol,2000000.0,85.0,-2,64.3,ShortPassing,28.0,2
S. Sirigu,82,13500000.0,Starter,S. Sirigu,GK,Diego López,RCD Espanyol,2000000.0,85.0,-2,64.3,Dribbling,15.0,3
Diego López,80,2000000.0,Backup,S. Sirigu,GK,Diego López,RCD Espanyol,2000000.0,85.0,-2,64.3,Dribbling,11.0,3
S. Sirigu,82,13500000.0,Starter,S. Sirigu,GK,Diego López,RCD Espanyol,2000000.0,85.0,-2,64.3,StandingTackle,11.0,4
Diego López,80,2000000.0,Backup,S. Sirigu,GK,Diego López,RCD Espanyol,2000000.0,85.0,-2,64.3,StandingTackle,13.0,4
S. Sirigu,82,13500000.0,Starter,S. Sirigu,GK,Diego López,RCD Espanyol,2000000.0,85.0,-2,64.3,Strength,66.0,5
Diego López,80,2000000.0,Backup,S. Sirigu,GK,Diego López,RCD Espanyol,2000000.0,85.0,-2,64.3,Strength,66.0,5
S. Sirigu,82,13500000.0,Starter,S. Sirigu,GK,Diego López,RCD Espanyol,2000000.0,85.0,-2,64.3,SprintSpeed,51.0,6
Diego López,80,2000000.0,Backup,S. Sirigu,GK,Diego López,RCD Espanyol,2000000.0,85.0,-2,64.3,SprintSpeed,52.0,6
E. Viviano,82,12500000.0,Starter,E. Viviano,GK,J. Lössl,Huddersfield Town,5000000.0,60.0,-6,57.7,SprintSpeed,33.0,0
J. Lössl,76,5000000.0,Backup,E. Viviano,GK,J. Lössl,Huddersfield Town,5000000.0,60.0,-6,57.7,SprintSpeed,34.0,0
E. Viviano,82,12500000.0,Starter,E. Viviano,GK,J. Lössl,Huddersfield Town,5000000.0,60.0,-6,57.7,Finishing,17.0,1
J. Lössl,76,5000000.0,Backup,E. Viviano,GK,J. Lössl,Huddersfield Town,5000000.0,60.0,-6,57.7,Finishing,12.0,1
E. Viviano,82,12500000.0,Starter,E. Viviano,GK,J. Lössl,Huddersfield Town,5000000.0,60.0,-6,57.7,ShortPassing,36.0,2
J. Lössl,76,5000000.0,Backup,E. Viviano,GK,J. Lössl,Huddersfield Town,5000000.0,60.0,-6,57.7,ShortPassing,35.0,2
E. Viviano,82,12500000.0,Starter,E. Viviano,GK,J. Lössl,Huddersfield Town,5000000.0,60.0,-6,57.7,Dribbling,18.0,3
J. Lössl,76,5000000.0,Backup,E. Viviano,GK,J. Lössl,Huddersfield Town,5000000.0,60.0,-6,57.7,Dribbling,15.0,3
E. Viviano,82,12500000.0,Starter,E. Viviano,GK,J. Lössl,Huddersfield Town,5000000.0,60.0,-6,57.7,StandingTackle,10.0,4
J. Lössl,76,5000000.0,Backup,E. Viviano,GK,J. Lössl,Huddersfield Town,5000000.0,60.0,-6,57.7,StandingTackle,13.0,4
E. Viviano,82,12500000.0,Starter,E. Viviano,GK,J. Lössl,Huddersfield Town,5000000.0,60.0,-6,57.7,Strength,58.0,5
J. Lössl,76,5000000.0,Backup,E. Viviano,GK,J. Lössl,Huddersfield Town,5000000.0,60.0,-6,57.7,Strength,67.0,5
E. Viviano,82,12500000.0,Starter,E. Viviano,GK,J. Lössl,Huddersfield Town,5000000.0,60.0,-6,57.7,SprintSpeed,33.0,6
J. Lössl,76,5000000.0,Backup,E. Viviano,GK,J. Lössl,Huddersfield Town,5000000.0,60.0,-6,57.7,SprintSpeed,34.0,6
L. Koscielny,82,12500000.0,Starter,L. Koscielny,CB,G. Jara,Universidad de Chile,3200000.0,74.0,-8,46.5,SprintSpeed,66.0,0
G. Jara,74,3200000.0,Backup,L. Koscielny,CB,G. Jara,Universidad de Chile,3200000.0,74.0,-8,46.5,SprintSpeed,66.0,0
L. Koscielny,82,12500000.0,Starter,L. Koscielny,CB,G. Jara,Universidad de Chile,3200000.0,74.0,-8,46.5,Finishing,32.0,1
G. Jara,74,3200000.0,Backup,L. Koscielny,CB,G. Jara,Universidad de Chile,3200000.0,74.0,-8,46.5,Finishing,45.0,1
L. Koscielny,82,12500000.0,Starter,L. Koscielny,CB,G. Jara,Universidad de Chile,3200000.0,74.0,-8,46.5,ShortPassing,76.0,2
G. Jara,74,3200000.0,Backup,L. Koscielny,CB,G. Jara,Universidad de Chile,3200000.0,74.0,-8,46.5,ShortPassing,71.0,2
L. Koscielny,82,12500000.0,Starter,L. Koscielny,CB,G. Jara,Universidad de Chile,3200000.0,74.0,-8,46.5,Dribbling,62.0,3
G. Jara,74,3200000.0,Backup,L. Koscielny,CB,G. Jara,Universidad de Chile,3200000.0,74.0,-8,46.5,Dribbling,62.0,3
L. Koscielny,82,12500000.0,Starter,L. Koscielny,CB,G. Jara,Universidad de Chile,3200000.0,74.0,-8,46.5,StandingTackle,84.0,4
G. Jara,74,3200000.0,Backup,L. Koscielny,CB,G. Jara,Universidad de Chile,3200000.0,74.0,-8,46.5,StandingTackle,72.0,4
L. Koscielny,82,12500000.0,Starter,L. Koscielny,CB,G. Jara,Universidad de Chile,3200000.0,74.0,-8,46.5,Strength,75.0,5
G. Jara,74,3200000.0,Backup,L. Koscielny,CB,G. Jara,Universidad de Chile,3200000.0,74.0,-8,46.5,Strength,77.0,5
L. Koscielny,82,12500000.0,Starter,L. Koscielny,CB,G. Jara,Universidad de Chile,3200000.0,74.0,-8,46.5,SprintSpeed,66.0,6
G. Jara,74,3200000.0,Backup,L. Koscielny,CB,G. Jara,Universidad de Chile,3200000.0,74.0,-8,46.5,SprintSpeed,66.0,6
A. Consigli,82,13500000.0,Starter,A. Consigli,GK,F. Bardi,Frosinone,4500000.0,67.0,-8,52.0,SprintSpeed,34.0,0
F. Bardi,74,4500000.0,Backup,A. Consigli,GK,F. Bardi,Frosinone,4500000.0,67.0,-8,52.0,SprintSpeed,46.0,0
A. Consigli,82,13500000.0,Starter,A. Consigli,GK,F. Bardi,Frosinone,4500000.0,67.0,-8,52.0,Finishing,10.0,1
F. Bardi,74,4500000.0,Backup,A. Consigli,GK,F. Bardi,Frosinone,4500000.0,67.0,-8,52.0,Finishing,10.0,1
A. Consigli,82,13500000.0,Starter,A. Consigli,GK,F. Bardi,Frosinone,4500000.0,67.0,-8,52.0,ShortPassing,31.0,2
F. Bardi,74,4500000.0,Backup,A. Consigli,GK,F. Bardi,Frosinone,4500000.0,67.0,-8,52.0,ShortPassing,31.0,2
A. Consigli,82,13500000.0,Starter,A. Consigli,GK,F. Bardi,Frosinone,4500000.0,67.0,-8,52.0,Dribbling,10.0,3
F. Bardi,74,4500000.0,Backup,A. Consigli,GK,F. Bardi,Frosinone,4500000.0,67.0,-8,52.0,Dribbling,13.0,3
A. Consigli,82,13500000.0,Starter,A. Consigli,GK,F. Bardi,Frosinone,4500000.0,67.0,-8,52.0,StandingTackle,17.0,4
F. Bardi,74,4500000.0,Backup,A. Consigli,GK,F. Bardi,Frosinone,4500000.0,67.0,-8,52.0,StandingTackle,11.0,4
A. Consigli,82,13500000.0,Starter,A. Consigli,GK,F. Bardi,Frosinone,4500000.0,67.0,-8,52.0,Strength,51.0,5
F. Bardi,74,4500000.0,Backup,A. Consigli,GK,F. Bardi,Frosinone,4500000.0,67.0,-8,52.0,Strength,54.0,5
A. Consigli,82,13500000.0,Starter,A. Consigli,GK,F. Bardi,Frosinone,4500000.0,67.0,-8,52.0,SprintSpeed,34.0,6
F. Bardi,74,4500000.0,Backup,A. Consigli,GK,F. Bardi,Frosinone,4500000.0,67.0,-8,52.0,SprintSpeed,46.0,6
L. Biglia,82,12500000.0,Starter,L. Biglia,CDM,T. Arslan,Beşiktaş JK,6500000.0,48.0,-7,41.7,SprintSpeed,65.0,0
T. Arslan,75,6500000.0,Backup,L. Biglia,CDM,T. Arslan,Beşiktaş JK,6500000.0,48.0,-7,41.7,SprintSpeed,72.0,0
L. Biglia,82,12500000.0,Starter,L. Biglia,CDM,T. Arslan,Beşiktaş JK,6500000.0,48.0,-7,41.7,Finishing,50.0,1
T. Arslan,75,6500000.0,Backup,L. Biglia,CDM,T. Arslan,Beşiktaş JK,6500000.0,48.0,-7,41.7,Finishing,64.0,1
L. Biglia,82,12500000.0,Starter,L. Biglia,CDM,T. Arslan,Beşiktaş JK,6500000.0,48.0,-7,41.7,ShortPassing,86.0,2
T. Arslan,75,6500000.0,Backup,L. Biglia,CDM,T. Arslan,Beşiktaş JK,6500000.0,48.0,-7,41.7,ShortPassing,80.0,2
L. Biglia,82,12500000.0,Starter,L. Biglia,CDM,T. Arslan,Beşiktaş JK,6500000.0,48.0,-7,41.7,Dribbling,80.0,3
T. Arslan,75,6500000.0,Backup,L. Biglia,CDM,T. Arslan,Beşiktaş JK,6500000.0,48.0,-7,41.7,Dribbling,79.0,3
L. Biglia,82,12500000.0,Starter,L. Biglia,CDM,T. Arslan,Beşiktaş JK,6500000.0,48.0,-7,41.7,StandingTackle,78.0,4
T. Arslan,75,6500000.0,Backup,L. Biglia,CDM,T. Arslan,Beşiktaş JK,6500000.0,48.0,-7,41.7,StandingTackle,74.0,4
L. Biglia,82,12500000.0,Starter,L. Biglia,CDM,T. Arslan,Beşiktaş JK,6500000.0,48.0,-7,41.7,Strength,65.0,5
T. Arslan,75,6500000.0,Backup,L. Biglia,CDM,T. Arslan,Beşiktaş JK,6500000.0,48.0,-7,41.7,Strength,65.0,5
L. Biglia,82,12500000.0,Starter,L. Biglia,CDM,T. Arslan,Beşiktaş JK,6500000.0,48.0,-7,41.7,SprintSpeed,65.0,6
T. Arslan,75,6500000.0,Backup,L. Biglia,CDM,T. Arslan,Beşiktaş JK,6500000.0,48.0,-7,41.7,SprintSpeed,72.0,6
Dani Alves,82,4800000.0,Starter,Dani Alves,RB,D. Srna,Cagliari,1700000.0,65.0,-2,30.5,SprintSpeed,79.0,0
D. Srna,80,1700000.0,Backup,Dani Alves,RB,D. Srna,Cagliari,1700000.0,65.0,-2,30.5,SprintSpeed,76.0,0
Dani Alves,82,4800000.0,Starter,Dani Alves,RB,D. Srna,Cagliari,1700000.0,65.0,-2,30.5,Finishing,61.0,1
D. Srna,80,1700000.0,Backup,Dani Alves,RB,D. Srna,Cagliari,1700000.0,65.0,-2,30.5,Finishing,69.0,1
Dani Alves,82,4800000.0,Starter,Dani Alves,RB,D. Srna,Cagliari,1700000.0,65.0,-2,30.5,ShortPassing,81.0,2
D. Srna,80,1700000.0,Backup,Dani Alves,RB,D. Srna,Cagliari,1700000.0,65.0,-2,30.5,ShortPassing,85.0,2
Dani Alves,82,4800000.0,Starter,Dani Alves,RB,D. Srna,Cagliari,1700000.0,65.0,-2,30.5,Dribbling,84.0,3
D. Srna,80,1700000.0,Backup,Dani Alves,RB,D. Srna,Cagliari,1700000.0,65.0,-2,30.5,Dribbling,72.0,3
Dani Alves,82,4800000.0,Starter,Dani Alves,RB,D. Srna,Cagliari,1700000.0,65.0,-2,30.5,StandingTackle,79.0,4
D. Srna,80,1700000.0,Backup,Dani Alves,RB,D. Srna,Cagliari,1700000.0,65.0,-2,30.5,StandingTackle,78.0,4
Dani Alves,82,4800000.0,Starter,Dani Alves,RB,D. Srna,Cagliari,1700000.0,65.0,-2,30.5,Strength,55.0,5
D. Srna,80,1700000.0,Backup,Dani Alves,RB,D. Srna,Cagliari,1700000.0,65.0,-2,30.5,Strength,72.0,5
Dani Alves,82,4800000.0,Starter,Dani Alves,RB,D. Srna,Cagliari,1700000.0,65.0,-2,30.5,SprintSpeed,79.0,6
D. Srna,80,1700000.0,Backup,Dani Alves,RB,D. Srna,Cagliari,1700000.0,65.0,-2,30.5,SprintSpeed,76.0,6
David Villa,82,8000000.0,Starter,David Villa,ST,D. Cvitanich,Club Atlético Banfield,4700000.0,41.0,-5,36.0,SprintSpeed,67.0,0
D. Cvitanich,77,4700000.0,Backup,David Villa,ST,D. Cvitanich,Club Atlético Banfield,4700000.0,41.0,-5,36.0,SprintSpeed,62.0,0
David Villa,82,8000000.0,Starter,David Villa,ST,D. Cvitanich,Club Atlético Banfield,4700000.0,41.0,-5,36.0,Finishing,86.0,1
D. Cvitanich,77,4700000.0,Backup,David Villa,ST,D. Cvitanich,Club Atlético Banfield,4700000.0,41.0,-5,36.0,Finishing,79.0,1
David Villa,82,8000000.0,Starter,David Villa,ST,D. Cvitanich,Club Atlético Banfield,4700000.0,41.0,-5,36.0,ShortPassing,76.0,2
D. Cvitanich,77,4700000.0,Backup,David Villa,ST,D. Cvitanich,Club Atlético Banfield,4700000.0,41.0,-5,36.0,ShortPassing,73.0,2
David Villa,82,8000000.0,Starter,David Villa,ST,D. Cvitanich,Club Atlético Banfield,4700000.0,41.0,-5,36.0,Dribbling,83.0,3
D. Cvitanich,77,4700000.0,Backup,David Villa,ST,D. Cvitanich,Club Atlético Banfield,4700000.0,41.0,-5,36.0,Dribbling,70.0,3
David Villa,82,8000000.0,Starter,David Villa,ST,D. Cvitanich,Club Atlético Banfield,4700000.0,41.0,-5,36.0,StandingTackle,28.0,4
D. Cvitanich,77,4700000.0,Backup,David Villa,ST,D. Cvitanich,Club Atlético Banfield,4700000.0,41.0,-5,36.0,StandingTackle,32.0,4
David Villa,82,8000000.0,Starter,David Villa,ST,D. Cvitanich,Club Atlético Banfield,4700000.0,41.0,-5,36.0,Strength,66.0,5
D. Cvitanich,77,4700000.0,Backup,David Villa,ST,D. Cvitanich,Club Atlético Banfield,4700000.0,41.0,-5,36.0,Strength,75.0,5
David Villa,82,8000000.0,Starter,David Villa,ST,D. Cvitanich,Club Atlético Banfield,4700000.0,41.0,-5,36.0,SprintSpeed,67.0,6
D. Cvitanich,77,4700000.0,Backup,David Villa,ST,D. Cvitanich,Club Atlético Banfield,4700000.0,41.0,-5,36.0,SprintSpeed,62.0,6
Aduriz,82,8000000.0,Starter,Aduriz,ST,M. Boselli,Club León,4800000.0,40.0,-6,24.3,SprintSpeed,66.0,0
M. Boselli,76,4800000.0,Backup,Aduriz,ST,M. Boselli,Club León,4800000.0,40.0,-6,24.3,SprintSpeed,55.0,0
Aduriz,82,8000000.0,Starter,Aduriz,ST,M. Boselli,Club León,4800000.0,40.0,-6,24.3,Finishing,83.0,1
M. Boselli,76,4800000.0,Backup,Aduriz,ST,M. Boselli,Club León,4800000.0,40.0,-6,24.3,Finishing,83.0,1
Aduriz,82,8000000.0,Starter,Aduriz,ST,M. Boselli,Club León,4800000.0,40.0,-6,24.3,ShortPassing,72.0,2
M. Boselli,76,4800000.0,Backup,Aduriz,ST,M. Boselli,Club León,4800000.0,40.0,-6,24.3,ShortPassing,70.0,2
Aduriz,82,8000000.0,Starter,Aduriz,ST,M. Boselli,Club León,4800000.0,40.0,-6,24.3,Dribbling,76.0,3
M. Boselli,76,4800000.0,Backup,Aduriz,ST,M. Boselli,Club León,4800000.0,40.0,-6,24.3,Dribbling,69.0,3
Aduriz,82,8000000.0,Starter,Aduriz,ST,M. Boselli,Club León,4800000.0,40.0,-6,24.3,StandingTackle,44.0,4
M. Boselli,76,4800000.0,Backup,Aduriz,ST,M. Boselli,Club León,4800000.0,40.0,-6,24.3,StandingTackle,35.0,4
Aduriz,82,8000000.0,Starter,Aduriz,ST,M. Boselli,Club León,4800000.0,40.0,-6,24.3,Strength,82.0,5
M. Boselli,76,4800000.0,Backup,Aduriz,ST,M. Boselli,Club León,4800000.0,40.0,-6,24.3,Strength,81.0,5
Aduriz,82,8000000.0,Starter,Aduriz,ST,M. Boselli,Club León,4800000.0,40.0,-6,24.3,SprintSpeed,66.0,6
M. Boselli,76,4800000.0,Backup,Aduriz,ST,M. Boselli,Club León,4800000.0,40.0,-6,24.3,SprintSpeed,55.0,6
P. Čech,82,3000000.0,Starter,P. Čech,GK,L. Butelle,Angers SCO,1600000.0,47.0,-7,48.1,SprintSpeed,38.0,0
L. Butelle,75,1600000.0,Backup,P. Čech,GK,L. Butelle,Angers SCO,1600000.0,47.0,-7,48.1,SprintSpeed,37.0,0
P. Čech,82,3000000.0,Starter,P. Čech,GK,L. Butelle,Angers SCO,1600000.0,47.0,-7,48.1,Finishing,12.0,1
L. Butelle,75,1600000.0,Backup,P. Čech,GK,L. Butelle,Angers SCO,1600000.0,47.0,-7,48.1,Finishing,11.0,1
P. Čech,82,3000000.0,Starter,P. Čech,GK,L. Butelle,Angers SCO,1600000.0,47.0,-7,48.1,ShortPassing,35.0,2
L. Butelle,75,1600000.0,Backup,P. Čech,GK,L. Butelle,Angers SCO,1600000.0,47.0,-7,48.1,ShortPassing,31.0,2
P. Čech,82,3000000.0,Starter,P. Čech,GK,L. Butelle,Angers SCO,1600000.0,47.0,-7,48.1,Dribbling,12.0,3
L. Butelle,75,1600000.0,Backup,P. Čech,GK,L. Butelle,Angers SCO,1600000.0,47.0,-7,48.1,Dribbling,11.0,3
P. Čech,82,3000000.0,Starter,P. Čech,GK,L. Butelle,Angers SCO,1600000.0,47.0,-7,48.1,StandingTackle,13.0,4
L. Butelle,75,1600000.0,Backup,P. Čech,GK,L. Butelle,Angers SCO,1600000.0,47.0,-7,48.1,StandingTackle,11.0,4
P. Čech,82,3000000.0,Starter,P. Čech,GK,L. Butelle,Angers SCO,1600000.0,47.0,-7,48.1,Strength,63.0,5
L. Butelle,75,1600000.0,Backup,P. Čech,GK,L. Butelle,Angers SCO,1600000.0,47.0,-7,48.1,Strength,69.0,5
P. Čech,82,3000000.0,Starter,P. Čech,GK,L. Butelle,Angers SCO,1600000.0,47.0,-7,48.1,SprintSpeed,38.0,6
L. Butelle,75,1600000.0,Backup,P. Čech,GK,L. Butelle,Angers SCO,1600000.0,47.0,-7,48.1,SprintSpeed,37.0,6
Casillas,82,1500000.0,Starter,Casillas,GK,Gomes,Watford,600000.0,60.0,-5,37.4,SprintSpeed,57.0,0
Gomes,77,600000.0,Backup,Casillas,GK,Gomes,Watford,600000.0,60.0,-5,37.4,SprintSpeed,52.0,0
Casillas,82,1500000.0,Starter,Casillas,GK,Gomes,Watford,600000.0,60.0,-5,37.4,Finishing,12.0,1
Gomes,77,600000.0,Backup,Casillas,GK,Gomes,Watford,600000.0,60.0,-5,37.4,Finishing,15.0,1
Casillas,82,1500000.0,Starter,Casillas,GK,Gomes,Watford,600000.0,60.0,-5,37.4,ShortPassing,21.0,2
Gomes,77,600000.0,Backup,Casillas,GK,Gomes,Watford,600000.0,60.0,-5,37.4,ShortPassing,23.0,2
Casillas,82,1500000.0,Starter,Casillas,GK,Gomes,Watford,600000.0,60.0,-5,37.4,Dribbling,25.0,3
Gomes,77,600000.0,Backup,Casillas,GK,Gomes,Watford,600000.0,60.0,-5,37.4,Dribbling,15.0,3
Casillas,82,1500000.0,Starter,Casillas,GK,Gomes,Watford,600000.0,60.0,-5,37.4,StandingTackle,11.0,4
Gomes,77,600000.0,Backup,Casillas,GK,Gomes,Watford,600000.0,60.0,-5,37.4,StandingTackle,14.0,4
Casillas,82,1500000.0,Starter,Casillas,GK,Gomes,Watford,600000.0,60.0,-5,37.4,Strength,70.0,5
Gomes,77,600000.0,Backup,Casillas,GK,Gomes,Watford,600000.0,60.0,-5,37.4,Strength,64.0,5
Casillas,82,1500000.0,Starter,Casillas,GK,Gomes,Watford,600000.0,60.0,-5,37.4,SprintSpeed,57.0,6
Gomes,77,600000.0,Backup,Casillas,GK,Gomes,Watford,600000.0,60.0,-5,37.4,SprintSpeed,52.0,6
M. Rashford,81,27000000.0,Starter,M. Rashford,LW,M. Gradel,Toulouse Football Club,10000000.0,63.0,-3,52.2,SprintSpeed,93.0,0
M. Gradel,78,10000000.0,Backup,M. Rashford,LW,M. Gradel,Toulouse Football Club,10000000.0,63.0,-3,52.2,SprintSpeed,84.0,0
M. Rashford,81,27000000.0,Starter,M. Rashford,LW,M. Gradel,Toulouse Football Club,10000000.0,63.0,-3,52.2,Finishing,78.0,1
M. Gradel,78,10000000.0,Backup,M. Rashford,LW,M. Gradel,Toulouse Football Club,10000000.0,63.0,-3,52.2,Finishing,78.0,1
M. Rashford,81,27000000.0,Starter,M. Rashford,LW,M. Gradel,Toulouse Football Club,10000000.0,63.0,-3,52.2,ShortPassing,75.0,2
M. Gradel,78,10000000.0,Backup,M. Rashford,LW,M. Gradel,Toulouse Football Club,10000000.0,63.0,-3,52.2,ShortPassing,74.0,2
M. Rashford,81,27000000.0,Starter,M. Rashford,LW,M. Gradel,Toulouse Football Club,10000000.0,63.0,-3,52.2,Dribbling,83.0,3
M. Gradel,78,10000000.0,Backup,M. Rashford,LW,M. Gradel,Toulouse Football Club,10000000.0,63.0,-3,52.2,Dribbling,82.0,3
M. Rashford,81,27000000.0,Starter,M. Rashford,LW,M. Gradel,Toulouse Football Club,10000000.0,63.0,-3,52.2,StandingTackle,40.0,4
M. Gradel,78,10000000.0,Backup,M. Rashford,LW,M. Gradel,Toulouse Football Club,10000000.0,63.0,-3,52.2,StandingTackle,40.0,4
M. Rashford,81,27000000.0,Starter,M. Rashford,LW,M. Gradel,Toulouse Football Club,10000000.0,63.0,-3,52.2,Strength,71.0,5
M. Gradel,78,10000000.0,Backup,M. Rashford,LW,M. Gradel,Toulouse Football Club,10000000.0,63.0,-3,52.2,Strength,59.0,5
M. Rashford,81,27000000.0,Starter,M. Rashford,LW,M. Gradel,Toulouse Football Club,10000000.0,63.0,-3,52.2,SprintSpeed,93.0,6
M. Gradel,78,10000000.0,Backup,M. Rashford,LW,M. Gradel,Toulouse Football Club,10000000.0,63.0,-3,52.2,SprintSpeed,84.0,6
Laure Santeiro,81,17000000.0,Starter,Laure Santeiro,CAM,Bojan,Stoke City,7000000.0,59.0,-6,34.8,SprintSpeed,78.0,0
Bojan,75,7000000.0,Backup,Laure Santeiro,CAM,Bojan,Stoke City,7000000.0,59.0,-6,34.8,SprintSpeed,68.0,0
Laure Santeiro,81,17000000.0,Starter,Laure Santeiro,CAM,Bojan,Stoke City,7000000.0,59.0,-6,34.8,Finishing,72.0,1
Bojan,75,7000000.0,Backup,Laure Santeiro,CAM,Bojan,Stoke City,7000000.0,59.0,-6,34.8,Finishing,70.0,1
Laure Santeiro,81,17000000.0,Starter,Laure Santeiro,CAM,Bojan,Stoke City,7000000.0,59.0,-6,34.8,ShortPassing,79.0,2
Bojan,75,7000000.0,Backup,Laure Santeiro,CAM,Bojan,Stoke City,7000000.0,59.0,-6,34.8,ShortPassing,76.0,2
Laure Santeiro,81,17000000.0,Starter,Laure Santeiro,CAM,Bojan,Stoke City,7000000.0,59.0,-6,34.8,Dribbling,82.0,3
Bojan,75,7000000.0,Backup,Laure Santeiro,CAM,Bojan,Stoke City,7000000.0,59.0,-6,34.8,Dribbling,75.0,3
Laure Santeiro,81,17000000.0,Starter,Laure Santeiro,CAM,Bojan,Stoke City,7000000.0,59.0,-6,34.8,StandingTackle,13.0,4
Bojan,75,7000000.0,Backup,Laure Santeiro,CAM,Bojan,Stoke City,7000000.0,59.0,-6,34.8,StandingTackle,22.0,4
Laure Santeiro,81,17000000.0,Starter,Laure Santeiro,CAM,Bojan,Stoke City,7000000.0,59.0,-6,34.8,Strength,48.0,5
Bojan,75,7000000.0,Backup,Laure Santeiro,CAM,Bojan,Stoke City,7000000.0,59.0,-6,34.8,Strength,40.0,5
Laure Santeiro,81,17000000.0,Starter,Laure Santeiro,CAM,Bojan,Stoke City,7000000.0,59.0,-6,34.8,SprintSpeed,78.0,6
Bojan,75,7000000.0,Backup,Laure Santeiro,CAM,Bojan,Stoke City,7000000.0,59.0,-6,34.8,SprintSpeed,68.0,6
L. Bailey,81,26500000.0,Starter,L. Bailey,LM,L. Trossard,KRC Genk,14000000.0,47.0,-3,55.8,SprintSpeed,90.0,0
L. Trossard,78,14000000.0,Backup,L. Bailey,LM,L. Trossard,KRC Genk,14000000.0,47.0,-3,55.8,SprintSpeed,76.0,0
L. Bailey,81,26500000.0,Starter,L. Bailey,LM,L. Trossard,KRC Genk,14000000.0,47.0,-3,55.8,Finishing,75.0,1
L. Trossard,78,14000000.0,Backup,L. Bailey,LM,L. Trossard,KRC Genk,14000000.0,47.0,-3,55.8,Finishing,80.0,1
L. Bailey,81,26500000.0,Starter,L. Bailey,LM,L. Trossard,KRC Genk,14000000.0,47.0,-3,55.8,ShortPassing,75.0,2
L. Trossard,78,14000000.0,Backup,L. Bailey,LM,L. Trossard,KRC Genk,14000000.0,47.0,-3,55.8,ShortPassing,76.0,2
L. Bailey,81,26500000.0,Starter,L. Bailey,LM,L. Trossard,KRC Genk,14000000.0,47.0,-3,55.8,Dribbling,86.0,3
L. Trossard,78,14000000.0,Backup,L. Bailey,LM,L. Trossard,KRC Genk,14000000.0,47.0,-3,55.8,Dribbling,83.0,3
L. Bailey,81,26500000.0,Starter,L. Bailey,LM,L. Trossard,KRC Genk,14000000.0,47.0,-3,55.8,StandingTackle,27.0,4
L. Trossard,78,14000000.0,Backup,L. Bailey,LM,L. Trossard,KRC Genk,14000000.0,47.0,-3,55.8,StandingTackle,31.0,4
L. Bailey,81,26500000.0,Starter,L. Bailey,LM,L. Trossard,KRC Genk,14000000.0,47.0,-3,55.8,Strength,59.0,5
L. Trossard,78,14000000.0,Backup,L. Bailey,LM,L. Trossard,KRC Genk,14000000.0,47.0,-3,55.8,Strength,60.0,5
L. Bailey,81,26500000.0,Starter,L. Bailey,LM,L. Trossard,KRC Genk,14000000.0,47.0,-3,55.8,SprintSpeed,90.0,6
L. Trossard,78,14000000.0,Backup,L. Bailey,LM,L. Trossard,KRC Genk,14000000.0,47.0,-3,55.8,SprintSpeed,76.0,6
M. Akanji,81,21000000.0,Starter,M. Akanji,LCB,J. Figal,Independiente,8000000.0,62.0,-6,48.3,SprintSpeed,86.0,0
J. Figal,75,8000000.0,Backup,M. Akanji,LCB,J. Figal,Independiente,8000000.0,62.0,-6,48.3,SprintSpeed,71.0,0
M. Akanji,81,21000000.0,Starter,M. Akanji,LCB,J. Figal,Independiente,8000000.0,62.0,-6,48.3,Finishing,36.0,1
J. Figal,75,8000000.0,Backup,M. Akanji,LCB,J. Figal,Independiente,8000000.0,62.0,-6,48.3,Finishing,42.0,1
M. Akanji,81,21000000.0,Starter,M. Akanji,LCB,J. Figal,Independiente,8000000.0,62.0,-6,48.3,ShortPassing,78.0,2
J. Figal,75,8000000.0,Backup,M. Akanji,LCB,J. Figal,Independiente,8000000.0,62.0,-6,48.3,ShortPassing,73.0,2
M. Akanji,81,21000000.0,Starter,M. Akanji,LCB,J. Figal,Independiente,8000000.0,62.0,-6,48.3,Dribbling,67.0,3
J. Figal,75,8000000.0,Backup,M. Akanji,LCB,J. Figal,Independiente,8000000.0,62.0,-6,48.3,Dribbling,69.0,3
M. Akanji,81,21000000.0,Starter,M. Akanji,LCB,J. Figal,Independiente,8000000.0,62.0,-6,48.3,StandingTackle,84.0,4
J. Figal,75,8000000.0,Backup,M. Akanji,LCB,J. Figal,Independiente,8000000.0,62.0,-6,48.3,StandingTackle,76.0,4
M. Akanji,81,21000000.0,Starter,M. Akanji,LCB,J. Figal,Independiente,8000000.0,62.0,-6,48.3,Strength,84.0,5
J. Figal,75,8000000.0,Backup,M. Akanji,LCB,J. Figal,Independiente,8000000.0,62.0,-6,48.3,Strength,73.0,5
M. Akanji,81,21000000.0,Starter,M. Akanji,LCB,J. Figal,Independiente,8000000.0,62.0,-6,48.3,SprintSpeed,86.0,6
J. Figal,75,8000000.0,Backup,M. Akanji,LCB,J. Figal,Independiente,8000000.0,62.0,-6,48.3,SprintSpeed,71.0,6
F. de Jong,81,26000000.0,Starter,F. de Jong,LDM,R. Zobnin,Spartak Moscow,15000000.0,42.0,-2,29.7,SprintSpeed,76.0,0
R. Zobnin,79,15000000.0,Backup,F. de Jong,LDM,R. Zobnin,Spartak Moscow,15000000.0,42.0,-2,29.7,SprintSpeed,78.0,0
F. de Jong,81,26000000.0,Starter,F. de Jong,LDM,R. Zobnin,Spartak Moscow,15000000.0,42.0,-2,29.7,Finishing,52.0,1
R. Zobnin,79,15000000.0,Backup,F. de Jong,LDM,R. Zobnin,Spartak Moscow,15000000.0,42.0,-2,29.7,Finishing,65.0,1
F. de Jong,81,26000000.0,Starter,F. de Jong,LDM,R. Zobnin,Spartak Moscow,15000000.0,42.0,-2,29.7,ShortPassing,87.0,2
R. Zobnin,79,15000000.0,Backup,F. de Jong,LDM,R. Zobnin,Spartak Moscow,15000000.0,42.0,-2,29.7,ShortPassing,81.0,2
F. de Jong,81,26000000.0,Starter,F. de Jong,LDM,R. Zobnin,Spartak Moscow,15000000.0,42.0,-2,29.7,Dribbling,86.0,3
R. Zobnin,79,15000000.0,Backup,F. de Jong,LDM,R. Zobnin,Spartak Moscow,15000000.0,42.0,-2,29.7,Dribbling,82.0,3
F. de Jong,81,26000000.0,Starter,F. de Jong,LDM,R. Zobnin,Spartak Moscow,15000000.0,42.0,-2,29.7,StandingTackle,73.0,4
R. Zobnin,79,15000000.0,Backup,F. de Jong,LDM,R. Zobnin,Spartak Moscow,15000000.0,42.0,-2,29.7,StandingTackle,79.0,4
F. de Jong,81,26000000.0,Starter,F. de Jong,LDM,R. Zobnin,Spartak Moscow,15000000.0,42.0,-2,29.7,Strength,69.0,5
R. Zobnin,79,15000000.0,Backup,F. de Jong,LDM,R. Zobnin,Spartak Moscow,15000000.0,42.0,-2,29.7,Strength,63.0,5
F. de Jong,81,26000000.0,Starter,F. de Jong,LDM,R. Zobnin,Spartak Moscow,15000000.0,42.0,-2,29.7,SprintSpeed,76.0,6
R. Zobnin,79,15000000.0,Backup,F. de Jong,LDM,R. Zobnin,Spartak Moscow,15000000.0,42.0,-2,29.7,SprintSpeed,78.0,6
Nélson Semedo,81,20000000.0,Starter,Nélson Semedo,RB,D. Yedlin,Newcastle United,8500000.0,57.0,-5,45.5,SprintSpeed,92.0,0
D. Yedlin,76,8500000.0,Backup,Nélson Semedo,RB,D. Yedlin,Newcastle United,8500000.0,57.0,-5,45.5,SprintSpeed,93.0,0
Nélson Semedo,81,20000000.0,Starter,Nélson Semedo,RB,D. Yedlin,Newcastle United,8500000.0,57.0,-5,45.5,Finishing,50.0,1
D. Yedlin,76,8500000.0,Backup,Nélson Semedo,RB,D. Yedlin,Newcastle United,8500000.0,57.0,-5,45.5,Finishing,40.0,1
Nélson Semedo,81,20000000.0,Starter,Nélson Semedo,RB,D. Yedlin,Newcastle United,8500000.0,57.0,-5,45.5,ShortPassing,73.0,2
D. Yedlin,76,8500000.0,Backup,Nélson Semedo,RB,D. Yedlin,Newcastle United,8500000.0,57.0,-5,45.5,ShortPassing,70.0,2
Nélson Semedo,81,20000000.0,Starter,Nélson Semedo,RB,D. Yedlin,Newcastle United,8500000.0,57.0,-5,45.5,Dribbling,80.0,3
D. Yedlin,76,8500000.0,Backup,Nélson Semedo,RB,D. Yedlin,Newcastle United,8500000.0,57.0,-5,45.5,Dribbling,75.0,3
Nélson Semedo,81,20000000.0,Starter,Nélson Semedo,RB,D. Yedlin,Newcastle United,8500000.0,57.0,-5,45.5,StandingTackle,78.0,4
D. Yedlin,76,8500000.0,Backup,Nélson Semedo,RB,D. Yedlin,Newcastle United,8500000.0,57.0,-5,45.5,StandingTackle,75.0,4
Nélson Semedo,81,20000000.0,Starter,Nélson Semedo,RB,D. Yedlin,Newcastle United,8500000.0,57.0,-5,45.5,Strength,62.0,5
D. Yedlin,76,8500000.0,Backup,Nélson Semedo,RB,D. Yedlin,Newcastle United,8500000.0,57.0,-5,45.5,Strength,66.0,5
Nélson Semedo,81,20000000.0,Starter,Nélson Semedo,RB,D. Yedlin,Newcastle United,8500000.0,57.0,-5,45.5,SprintSpeed,92.0,6
D. Yedlin,76,8500000.0,Backup,Nélson Semedo,RB,D. Yedlin,Newcastle United,8500000.0,57.0,-5,45.5,SprintSpeed,93.0,6
Pablo Fornals,81,24000000.0,Starter,Pablo Fornals,CAM,L. Zuffi,FC Basel 1893,7000000.0,71.0,-5,40.1,SprintSpeed,66.0,0
L. Zuffi,76,7000000.0,Backup,Pablo Fornals,CAM,L. Zuffi,FC Basel 1893,7000000.0,71.0,-5,40.1,SprintSpeed,66.0,0
Pablo Fornals,81,24000000.0,Starter,Pablo Fornals,CAM,L. Zuffi,FC Basel 1893,7000000.0,71.0,-5,40.1,Finishing,77.0,1
L. Zuffi,76,7000000.0,Backup,Pablo Fornals,CAM,L. Zuffi,FC Basel 1893,7000000.0,71.0,-5,40.1,Finishing,72.0,1
Pablo Fornals,81,24000000.0,Starter,Pablo Fornals,CAM,L. Zuffi,FC Basel 1893,7000000.0,71.0,-5,40.1,ShortPassing,84.0,2
L. Zuffi,76,7000000.0,Backup,Pablo Fornals,CAM,L. Zuffi,FC Basel 1893,7000000.0,71.0,-5,40.1,ShortPassing,84.0,2
Pablo Fornals,81,24000000.0,Starter,Pablo Fornals,CAM,L. Zuffi,FC Basel 1893,7000000.0,71.0,-5,40.1,Dribbling,81.0,3
L. Zuffi,76,7000000.0,Backup,Pablo Fornals,CAM,L. Zuffi,FC Basel 1893,7000000.0,71.0,-5,40.1,Dribbling,73.0,3
Pablo Fornals,81,24000000.0,Starter,Pablo Fornals,CAM,L. Zuffi,FC Basel 1893,7000000.0,71.0,-5,40.1,StandingTackle,74.0,4
L. Zuffi,76,7000000.0,Backup,Pablo Fornals,CAM,L. Zuffi,FC Basel 1893,7000000.0,71.0,-5,40.1,StandingTackle,72.0,4
Pablo Fornals,81,24000000.0,Starter,Pablo Fornals,CAM,L. Zuffi,FC Basel 1893,7000000.0,71.0,-5,40.1,Strength,67.0,5
L. Zuffi,76,7000000.0,Backup,Pablo Fornals,CAM,L. Zuffi,FC Basel 1893,7000000.0,71.0,-5,40.1,Strength,73.0,5
Pablo Fornals,81,24000000.0,Starter,Pablo Fornals,CAM,L. Zuffi,FC Basel 1893,7000000.0,71.0,-5,40.1,SprintSpeed,66.0,6
L. Zuffi,76,7000000.0,Backup,Pablo Fornals,CAM,L. Zuffi,FC Basel 1893,7000000.0,71.0,-5,40.1,SprintSpeed,66.0,6
Fabián,81,26000000.0,Starter,Fabián,LM,M. Vecino,Inter,14500000.0,44.0,-1,41.1,SprintSpeed,67.0,0
M. Vecino,80,14500000.0,Backup,Fabián,LM,M. Vecino,Inter,14500000.0,44.0,-1,41.1,SprintSpeed,69.0,0
Fabián,81,26000000.0,Starter,Fabián,LM,M. Vecino,Inter,14500000.0,44.0,-1,41.1,Finishing,79.0,1
M. Vecino,80,14500000.0,Backup,Fabián,LM,M. Vecino,Inter,14500000.0,44.0,-1,41.1,Finishing,61.0,1
Fabián,81,26000000.0,Starter,Fabián,LM,M. Vecino,Inter,14500000.0,44.0,-1,41.1,ShortPassing,80.0,2
M. Vecino,80,14500000.0,Backup,Fabián,LM,M. Vecino,Inter,14500000.0,44.0,-1,41.1,ShortPassing,83.0,2
Fabián,81,26000000.0,Starter,Fabián,LM,M. Vecino,Inter,14500000.0,44.0,-1,41.1,Dribbling,81.0,3
M. Vecino,80,14500000.0,Backup,Fabián,LM,M. Vecino,Inter,14500000.0,44.0,-1,41.1,Dribbling,84.0,3
Fabián,81,26000000.0,Starter,Fabián,LM,M. Vecino,Inter,14500000.0,44.0,-1,41.1,StandingTackle,78.0,4
M. Vecino,80,14500000.0,Backup,Fabián,LM,M. Vecino,Inter,14500000.0,44.0,-1,41.1,StandingTackle,77.0,4
Fabián,81,26000000.0,Starter,Fabián,LM,M. Vecino,Inter,14500000.0,44.0,-1,41.1,Strength,69.0,5
M. Vecino,80,14500000.0,Backup,Fabián,LM,M. Vecino,Inter,14500000.0,44.0,-1,41.1,Strength,75.0,5
Fabián,81,26000000.0,Starter,Fabián,LM,M. Vecino,Inter,14500000.0,44.0,-1,41.1,SprintSpeed,67.0,6
M. Vecino,80,14500000.0,Backup,Fabián,LM,M. Vecino,Inter,14500000.0,44.0,-1,41.1,SprintSpeed,69.0,6
E. Bailly,81,21000000.0,Starter,E. Bailly,CB,K. Rekik,Hertha BSC,14000000.0,33.0,-2,49.5,SprintSpeed,79.0,0
K. Rekik,79,14000000.0,Backup,E. Bailly,CB,K. Rekik,Hertha BSC,14000000.0,33.0,-2,49.5,SprintSpeed,69.0,0
E. Bailly,81,21000000.0,Starter,E. Bailly,CB,K. Rekik,Hertha BSC,14000000.0,33.0,-2,49.5,Finishing,33.0,1
K. Rekik,79,14000000.0,Backup,E. Bailly,CB,K. Rekik,Hertha BSC,14000000.0,33.0,-2,49.5,Finishing,33.0,1
E. Bailly,81,21000000.0,Starter,E. Bailly,CB,K. Rekik,Hertha BSC,14000000.0,33.0,-2,49.5,ShortPassing,70.0,2
K. Rekik,79,14000000.0,Backup,E. Bailly,CB,K. Rekik,Hertha BSC,14000000.0,33.0,-2,49.5,ShortPassing,75.0,2
E. Bailly,81,21000000.0,Starter,E. Bailly,CB,K. Rekik,Hertha BSC,14000000.0,33.0,-2,49.5,Dribbling,60.0,3
K. Rekik,79,14000000.0,Backup,E. Bailly,CB,K. Rekik,Hertha BSC,14000000.0,33.0,-2,49.5,Dribbling,57.0,3
E. Bailly,81,21000000.0,Starter,E. Bailly,CB,K. Rekik,Hertha BSC,14000000.0,33.0,-2,49.5,StandingTackle,82.0,4
K. Rekik,79,14000000.0,Backup,E. Bailly,CB,K. Rekik,Hertha BSC,14000000.0,33.0,-2,49.5,StandingTackle,81.0,4
E. Bailly,81,21000000.0,Starter,E. Bailly,CB,K. Rekik,Hertha BSC,14000000.0,33.0,-2,49.5,Strength,85.0,5
K. Rekik,79,14000000.0,Backup,E. Bailly,CB,K. Rekik,Hertha BSC,14000000.0,33.0,-2,49.5,Strength,80.0,5
E. Bailly,81,21000000.0,Starter,E. Bailly,CB,K. Rekik,Hertha BSC,14000000.0,33.0,-2,49.5,SprintSpeed,79.0,6
K. Rekik,79,14000000.0,Backup,E. Bailly,CB,K. Rekik,Hertha BSC,14000000.0,33.0,-2,49.5,SprintSpeed,69.0,6
Dani Ceballos,81,25000000.0,Starter,Dani Ceballos,LCM,J. dos Santos,LA Galaxy,9000000.0,64.0,-4,47.6,SprintSpeed,67.0,0
J. dos Santos,77,9000000.0,Backup,Dani Ceballos,LCM,J. dos Santos,LA Galaxy,9000000.0,64.0,-4,47.6,SprintSpeed,68.0,0
Dani Ceballos,81,25000000.0,Starter,Dani Ceballos,LCM,J. dos Santos,LA Galaxy,9000000.0,64.0,-4,47.6,Finishing,68.0,1
J. dos Santos,77,9000000.0,Backup,Dani Ceballos,LCM,J. dos Santos,LA Galaxy,9000000.0,64.0,-4,47.6,Finishing,61.0,1
Dani Ceballos,81,25000000.0,Starter,Dani Ceballos,LCM,J. dos Santos,LA Galaxy,9000000.0,64.0,-4,47.6,ShortPassing,83.0,2
J. dos Santos,77,9000000.0,Backup,Dani Ceballos,LCM,J. dos Santos,LA Galaxy,9000000.0,64.0,-4,47.6,ShortPassing,81.0,2
Dani Ceballos,81,25000000.0,Starter,Dani Ceballos,LCM,J. dos Santos,LA Galaxy,9000000.0,64.0,-4,47.6,Dribbling,85.0,3
J. dos Santos,77,9000000.0,Backup,Dani Ceballos,LCM,J. dos Santos,LA Galaxy,9000000.0,64.0,-4,47.6,Dribbling,78.0,3
Dani Ceballos,81,25000000.0,Starter,Dani Ceballos,LCM,J. dos Santos,LA Galaxy,9000000.0,64.0,-4,47.6,StandingTackle,75.0,4
J. dos Santos,77,9000000.0,Backup,Dani Ceballos,LCM,J. dos Santos,LA Galaxy,9000000.0,64.0,-4,47.6,StandingTackle,69.0,4
Dani Ceballos,81,25000000.0,Starter,Dani Ceballos,LCM,J. dos Santos,LA Galaxy,9000000.0,64.0,-4,47.6,Strength,62.0,5
J. dos Santos,77,9000000.0,Backup,Dani Ceballos,LCM,J. dos Santos,LA Galaxy,9000000.0,64.0,-4,47.6,Strength,65.0,5
Dani Ceballos,81,25000000.0,Starter,Dani Ceballos,LCM,J. dos Santos,LA Galaxy,9000000.0,64.0,-4,47.6,SprintSpeed,67.0,6
J. dos Santos,77,9000000.0,Backup,Dani Ceballos,LCM,J. dos Santos,LA Galaxy,9000000.0,64.0,-4,47.6,SprintSpeed,68.0,6
H. Lozano,81,24000000.0,Starter,H. Lozano,LS,S. Skrzybski,FC Schalke 04,4800000.0,80.0,-8,38.7,SprintSpeed,93.0,0
S. Skrzybski,73,4800000.0,Backup,H. Lozano,LS,S. Skrzybski,FC Schalke 04,4800000.0,80.0,-8,38.7,SprintSpeed,84.0,0
H. Lozano,81,24000000.0,Starter,H. Lozano,LS,S. Skrzybski,FC Schalke 04,4800000.0,80.0,-8,38.7,Finishing,77.0,1
S. Skrzybski,73,4800000.0,Backup,H. Lozano,LS,S. Skrzybski,FC Schalke 04,4800000.0,80.0,-8,38.7,Finishing,73.0,1
H. Lozano,81,24000000.0,Starter,H. Lozano,LS,S. Skrzybski,FC Schalke 04,4800000.0,80.0,-8,38.7,ShortPassing,74.0,2
S. Skrzybski,73,4800000.0,Backup,H. Lozano,LS,S. Skrzybski,FC Schalke 04,4800000.0,80.0,-8,38.7,ShortPassing,69.0,2
H. Lozano,81,24000000.0,Starter,H. Lozano,LS,S. Skrzybski,FC Schalke 04,4800000.0,80.0,-8,38.7,Dribbling,84.0,3
S. Skrzybski,73,4800000.0,Backup,H. Lozano,LS,S. Skrzybski,FC Schalke 04,4800000.0,80.0,-8,38.7,Dribbling,75.0,3
H. Lozano,81,24000000.0,Starter,H. Lozano,LS,S. Skrzybski,FC Schalke 04,4800000.0,80.0,-8,38.7,StandingTackle,35.0,4
S. Skrzybski,73,4800000.0,Backup,H. Lozano,LS,S. Skrzybski,FC Schalke 04,4800000.0,80.0,-8,38.7,StandingTackle,28.0,4
H. Lozano,81,24000000.0,Starter,H. Lozano,LS,S. Skrzybski,FC Schalke 04,4800000.0,80.0,-8,38.7,Strength,59.0,5
S. Skrzybski,73,4800000.0,Backup,H. Lozano,LS,S. Skrzybski,FC Schalke 04,4800000.0,80.0,-8,38.7,Strength,55.0,5
H. Lozano,81,24000000.0,Starter,H. Lozano,LS,S. Skrzybski,FC Schalke 04,4800000.0,80.0,-8,38.7,SprintSpeed,93.0,6
S. Skrzybski,73,4800000.0,Backup,H. Lozano,LS,S. Skrzybski,FC Schalke 04,4800000.0,80.0,-8,38.7,SprintSpeed,84.0,6
Morales,81,17000000.0,Starter,Morales,LS,Diego Tardelli,Shandong Luneng TaiShan FC,4700000.0,72.0,-5,19.0,SprintSpeed,88.0,0
Diego Tardelli,76,4700000.0,Backup,Morales,LS,Diego Tardelli,Shandong Luneng TaiShan FC,4700000.0,72.0,-5,19.0,SprintSpeed,71.0,0
Morales,81,17000000.0,Starter,Morales,LS,Diego Tardelli,Shandong Luneng TaiShan FC,4700000.0,72.0,-5,19.0,Finishing,80.0,1
Diego Tardelli,76,4700000.0,Backup,Morales,LS,Diego Tardelli,Shandong Luneng TaiShan FC,4700000.0,72.0,-5,19.0,Finishing,73.0,1
Morales,81,17000000.0,Starter,Morales,LS,Diego Tardelli,Shandong Luneng TaiShan FC,4700000.0,72.0,-5,19.0,ShortPassing,75.0,2
Diego Tardelli,76,4700000.0,Backup,Morales,LS,Diego Tardelli,Shandong Luneng TaiShan FC,4700000.0,72.0,-5,19.0,ShortPassing,74.0,2
Morales,81,17000000.0,Starter,Morales,LS,Diego Tardelli,Shandong Luneng TaiShan FC,4700000.0,72.0,-5,19.0,Dribbling,87.0,3
Diego Tardelli,76,4700000.0,Backup,Morales,LS,Diego Tardelli,Shandong Luneng TaiShan FC,4700000.0,72.0,-5,19.0,Dribbling,78.0,3
Morales,81,17000000.0,Starter,Morales,LS,Diego Tardelli,Shandong Luneng TaiShan FC,4700000.0,72.0,-5,19.0,StandingTackle,54.0,4
Diego Tardelli,76,4700000.0,Backup,Morales,LS,Diego Tardelli,Shandong Luneng TaiShan FC,4700000.0,72.0,-5,19.0,StandingTackle,35.0,4
Morales,81,17000000.0,Starter,Morales,LS,Diego Tardelli,Shandong Luneng TaiShan FC,4700000.0,72.0,-5,19.0,Strength,60.0,5
Diego Tardelli,76,4700000.0,Backup,Morales,LS,Diego Tardelli,Shandong Luneng TaiShan FC,4700000.0,72.0,-5,19.0,Strength,63.0,5
Morales,81,17000000.0,Starter,Morales,LS,Diego Tardelli,Shandong Luneng TaiShan FC,4700000.0,72.0,-5,19.0,SprintSpeed,88.0,6
Diego Tardelli,76,4700000.0,Backup,Morales,LS,Diego Tardelli,Shandong Luneng TaiShan FC,4700000.0,72.0,-5,19.0,SprintSpeed,71.0,6
J. Seri,81,20500000.0,Starter,J. Seri,LDM,A. Fernández,Beijing Renhe FC,11000000.0,46.0,-1,44.8,SprintSpeed,70.0,0
A. Fernández,80,11000000.0,Backup,J. Seri,LDM,A. Fernández,Beijing Renhe FC,11000000.0,46.0,-1,44.8,SprintSpeed,71.0,0
J. Seri,81,20500000.0,Starter,J. Seri,LDM,A. Fernández,Beijing Renhe FC,11000000.0,46.0,-1,44.8,Finishing,69.0,1
A. Fernández,80,11000000.0,Backup,J. Seri,LDM,A. Fernández,Beijing Renhe FC,11000000.0,46.0,-1,44.8,Finishing,69.0,1
J. Seri,81,20500000.0,Starter,J. Seri,LDM,A. Fernández,Beijing Renhe FC,11000000.0,46.0,-1,44.8,ShortPassing,86.0,2
A. Fernández,80,11000000.0,Backup,J. Seri,LDM,A. Fernández,Beijing Renhe FC,11000000.0,46.0,-1,44.8,ShortPassing,81.0,2
J. Seri,81,20500000.0,Starter,J. Seri,LDM,A. Fernández,Beijing Renhe FC,11000000.0,46.0,-1,44.8,Dribbling,78.0,3
A. Fernández,80,11000000.0,Backup,J. Seri,LDM,A. Fernández,Beijing Renhe FC,11000000.0,46.0,-1,44.8,Dribbling,78.0,3
J. Seri,81,20500000.0,Starter,J. Seri,LDM,A. Fernández,Beijing Renhe FC,11000000.0,46.0,-1,44.8,StandingTackle,73.0,4
A. Fernández,80,11000000.0,Backup,J. Seri,LDM,A. Fernández,Beijing Renhe FC,11000000.0,46.0,-1,44.8,StandingTackle,76.0,4
J. Seri,81,20500000.0,Starter,J. Seri,LDM,A. Fernández,Beijing Renhe FC,11000000.0,46.0,-1,44.8,Strength,63.0,5
A. Fernández,80,11000000.0,Backup,J. Seri,LDM,A. Fernández,Beijing Renhe FC,11000000.0,46.0,-1,44.8,Strength,73.0,5
J. Seri,81,20500000.0,Starter,J. Seri,LDM,A. Fernández,Beijing Renhe FC,11000000.0,46.0,-1,44.8,SprintSpeed,70.0,6
A. Fernández,80,11000000.0,Backup,J. Seri,LDM,A. Fernández,Beijing Renhe FC,11000000.0,46.0,-1,44.8,SprintSpeed,71.0,6
M. Politano,81,22500000.0,Starter,M. Politano,RM,M. Stoch,SK Slavia Praha,6500000.0,71.0,-6,45.0,SprintSpeed,84.0,0
M. Stoch,75,6500000.0,Backup,M. Politano,RM,M. Stoch,SK Slavia Praha,6500000.0,71.0,-6,45.0,SprintSpeed,82.0,0
M. Politano,81,22500000.0,Starter,M. Politano,RM,M. Stoch,SK Slavia Praha,6500000.0,71.0,-6,45.0,Finishing,74.0,1
M. Stoch,75,6500000.0,Backup,M. Politano,RM,M. Stoch,SK Slavia Praha,6500000.0,71.0,-6,45.0,Finishing,70.0,1
M. Politano,81,22500000.0,Starter,M. Politano,RM,M. Stoch,SK Slavia Praha,6500000.0,71.0,-6,45.0,ShortPassing,78.0,2
M. Stoch,75,6500000.0,Backup,M. Politano,RM,M. Stoch,SK Slavia Praha,6500000.0,71.0,-6,45.0,ShortPassing,69.0,2
M. Politano,81,22500000.0,Starter,M. Politano,RM,M. Stoch,SK Slavia Praha,6500000.0,71.0,-6,45.0,Dribbling,84.0,3
M. Stoch,75,6500000.0,Backup,M. Politano,RM,M. Stoch,SK Slavia Praha,6500000.0,71.0,-6,45.0,Dribbling,80.0,3
M. Politano,81,22500000.0,Starter,M. Politano,RM,M. Stoch,SK Slavia Praha,6500000.0,71.0,-6,45.0,StandingTackle,29.0,4
M. Stoch,75,6500000.0,Backup,M. Politano,RM,M. Stoch,SK Slavia Praha,6500000.0,71.0,-6,45.0,StandingTackle,30.0,4
M. Politano,81,22500000.0,Starter,M. Politano,RM,M. Stoch,SK Slavia Praha,6500000.0,71.0,-6,45.0,Strength,45.0,5
M. Stoch,75,6500000.0,Backup,M. Politano,RM,M. Stoch,SK Slavia Praha,6500000.0,71.0,-6,45.0,Strength,34.0,5
M. Politano,81,22500000.0,Starter,M. Politano,RM,M. Stoch,SK Slavia Praha,6500000.0,71.0,-6,45.0,SprintSpeed,84.0,6
M. Stoch,75,6500000.0,Backup,M. Politano,RM,M. Stoch,SK Slavia Praha,6500000.0,71.0,-6,45.0,SprintSpeed,82.0,6
M. Brozović,81,18500000.0,Starter,M. Brozović,LDM,Maurício,PAOK,6000000.0,68.0,-5,54.4,SprintSpeed,70.0,0
Maurício,76,6000000.0,Backup,M. Brozović,LDM,Maurício,PAOK,6000000.0,68.0,-5,54.4,SprintSpeed,72.0,0
M. Brozović,81,18500000.0,Starter,M. Brozović,LDM,Maurício,PAOK,6000000.0,68.0,-5,54.4,Finishing,69.0,1
Maurício,76,6000000.0,Backup,M. Brozović,LDM,Maurício,PAOK,6000000.0,68.0,-5,54.4,Finishing,65.0,1
M. Brozović,81,18500000.0,Starter,M. Brozović,LDM,Maurício,PAOK,6000000.0,68.0,-5,54.4,ShortPassing,83.0,2
Maurício,76,6000000.0,Backup,M. Brozović,LDM,Maurício,PAOK,6000000.0,68.0,-5,54.4,ShortPassing,80.0,2
M. Brozović,81,18500000.0,Starter,M. Brozović,LDM,Maurício,PAOK,6000000.0,68.0,-5,54.4,Dribbling,81.0,3
Maurício,76,6000000.0,Backup,M. Brozović,LDM,Maurício,PAOK,6000000.0,68.0,-5,54.4,Dribbling,75.0,3
M. Brozović,81,18500000.0,Starter,M. Brozović,LDM,Maurício,PAOK,6000000.0,68.0,-5,54.4,StandingTackle,77.0,4
Maurício,76,6000000.0,Backup,M. Brozović,LDM,Maurício,PAOK,6000000.0,68.0,-5,54.4,StandingTackle,75.0,4
M. Brozović,81,18500000.0,Starter,M. Brozović,LDM,Maurício,PAOK,6000000.0,68.0,-5,54.4,Strength,66.0,5
Maurício,76,6000000.0,Backup,M. Brozović,LDM,Maurício,PAOK,6000000.0,68.0,-5,54.4,Strength,67.0,5
M. Brozović,81,18500000.0,Starter,M. Brozović,LDM,Maurício,PAOK,6000000.0,68.0,-5,54.4,SprintSpeed,70.0,6
Maurício,76,6000000.0,Backup,M. Brozović,LDM,Maurício,PAOK,6000000.0,68.0,-5,54.4,SprintSpeed,72.0,6
Williams,81,24500000.0,Starter,Williams,LW,D. Welbeck,Arsenal,9500000.0,61.0,-4,41.7,SprintSpeed,94.0,0
D. Welbeck,77,9500000.0,Backup,Williams,LW,D. Welbeck,Arsenal,9500000.0,61.0,-4,41.7,SprintSpeed,83.0,0
Williams,81,24500000.0,Starter,Williams,LW,D. Welbeck,Arsenal,9500000.0,61.0,-4,41.7,Finishing,77.0,1
D. Welbeck,77,9500000.0,Backup,Williams,LW,D. Welbeck,Arsenal,9500000.0,61.0,-4,41.7,Finishing,75.0,1
Williams,81,24500000.0,Starter,Williams,LW,D. Welbeck,Arsenal,9500000.0,61.0,-4,41.7,ShortPassing,79.0,2
D. Welbeck,77,9500000.0,Backup,Williams,LW,D. Welbeck,Arsenal,9500000.0,61.0,-4,41.7,ShortPassing,75.0,2
Williams,81,24500000.0,Starter,Williams,LW,D. Welbeck,Arsenal,9500000.0,61.0,-4,41.7,Dribbling,82.0,3
D. Welbeck,77,9500000.0,Backup,Williams,LW,D. Welbeck,Arsenal,9500000.0,61.0,-4,41.7,Dribbling,78.0,3
Williams,81,24500000.0,Starter,Williams,LW,D. Welbeck,Arsenal,9500000.0,61.0,-4,41.7,StandingTackle,38.0,4
D. Welbeck,77,9500000.0,Backup,Williams,LW,D. Welbeck,Arsenal,9500000.0,61.0,-4,41.7,StandingTackle,38.0,4
Williams,81,24500000.0,Starter,Williams,LW,D. Welbeck,Arsenal,9500000.0,61.0,-4,41.7,Strength,85.0,5
D. Welbeck,77,9500000.0,Backup,Williams,LW,D. Welbeck,Arsenal,9500000.0,61.0,-4,41.7,Strength,75.0,5
Williams,81,24500000.0,Starter,Williams,LW,D. Welbeck,Arsenal,9500000.0,61.0,-4,41.7,SprintSpeed,94.0,6
D. Welbeck,77,9500000.0,Backup,Williams,LW,D. Welbeck,Arsenal,9500000.0,61.0,-4,41.7,SprintSpeed,83.0,6
A. Correa,81,24500000.0,Starter,A. Correa,RM,E. Rigoni,Atalanta,13000000.0,47.0,-3,35.5,SprintSpeed,82.0,0
E. Rigoni,78,13000000.0,Backup,A. Correa,RM,E. Rigoni,Atalanta,13000000.0,47.0,-3,35.5,SprintSpeed,90.0,0
A. Correa,81,24500000.0,Starter,A. Correa,RM,E. Rigoni,Atalanta,13000000.0,47.0,-3,35.5,Finishing,82.0,1
E. Rigoni,78,13000000.0,Backup,A. Correa,RM,E. Rigoni,Atalanta,13000000.0,47.0,-3,35.5,Finishing,73.0,1
A. Correa,81,24500000.0,Starter,A. Correa,RM,E. Rigoni,Atalanta,13000000.0,47.0,-3,35.5,ShortPassing,73.0,2
E. Rigoni,78,13000000.0,Backup,A. Correa,RM,E. Rigoni,Atalanta,13000000.0,47.0,-3,35.5,ShortPassing,73.0,2
A. Correa,81,24500000.0,Starter,A. Correa,RM,E. Rigoni,Atalanta,13000000.0,47.0,-3,35.5,Dribbling,87.0,3
E. Rigoni,78,13000000.0,Backup,A. Correa,RM,E. Rigoni,Atalanta,13000000.0,47.0,-3,35.5,Dribbling,82.0,3
A. Correa,81,24500000.0,Starter,A. Correa,RM,E. Rigoni,Atalanta,13000000.0,47.0,-3,35.5,StandingTackle,53.0,4
E. Rigoni,78,13000000.0,Backup,A. Correa,RM,E. Rigoni,Atalanta,13000000.0,47.0,-3,35.5,StandingTackle,41.0,4
A. Correa,81,24500000.0,Starter,A. Correa,RM,E. Rigoni,Atalanta,13000000.0,47.0,-3,35.5,Strength,63.0,5
E. Rigoni,78,13000000.0,Backup,A. Correa,RM,E. Rigoni,Atalanta,13000000.0,47.0,-3,35.5,Strength,58.0,5
A. Correa,81,24500000.0,Starter,A. Correa,RM,E. Rigoni,Atalanta,13000000.0,47.0,-3,35.5,SprintSpeed,82.0,6
E. Rigoni,78,13000000.0,Backup,A. Correa,RM,E. Rigoni,Atalanta,13000000.0,47.0,-3,35.5,SprintSpeed,90.0,6
A. Christensen,81,21500000.0,Starter,A. Christensen,LCB,Calero,Real Valladolid CF,5500000.0,74.0,-8,45.0,SprintSpeed,70.0,0
Calero,73,5500000.0,Backup,A. Christensen,LCB,Calero,Real Valladolid CF,5500000.0,74.0,-8,45.0,SprintSpeed,69.0,0
A. Christensen,81,21500000.0,Starter,A. Christensen,LCB,Calero,Real Valladolid CF,5500000.0,74.0,-8,45.0,Finishing,36.0,1
Calero,73,5500000.0,Backup,A. Christensen,LCB,Calero,Real Valladolid CF,5500000.0,74.0,-8,45.0,Finishing,23.0,1
A. Christensen,81,21500000.0,Starter,A. Christensen,LCB,Calero,Real Valladolid CF,5500000.0,74.0,-8,45.0,ShortPassing,77.0,2
Calero,73,5500000.0,Backup,A. Christensen,LCB,Calero,Real Valladolid CF,5500000.0,74.0,-8,45.0,ShortPassing,69.0,2
A. Christensen,81,21500000.0,Starter,A. Christensen,LCB,Calero,Real Valladolid CF,5500000.0,74.0,-8,45.0,Dribbling,68.0,3
Calero,73,5500000.0,Backup,A. Christensen,LCB,Calero,Real Valladolid CF,5500000.0,74.0,-8,45.0,Dribbling,61.0,3
A. Christensen,81,21500000.0,Starter,A. Christensen,LCB,Calero,Real Valladolid CF,5500000.0,74.0,-8,45.0,StandingTackle,86.0,4
Calero,73,5500000.0,Backup,A. Christensen,LCB,Calero,Real Valladolid CF,5500000.0,74.0,-8,45.0,StandingTackle,73.0,4
A. Christensen,81,21500000.0,Starter,A. Christensen,LCB,Calero,Real Valladolid CF,5500000.0,74.0,-8,45.0,Strength,73.0,5
Calero,73,5500000.0,Backup,A. Christensen,LCB,Calero,Real Valladolid CF,5500000.0,74.0,-8,45.0,Strength,67.0,5
A. Christensen,81,21500000.0,Starter,A. Christensen,LCB,Calero,Real Valladolid CF,5500000.0,74.0,-8,45.0,SprintSpeed,70.0,6
Calero,73,5500000.0,Backup,A. Christensen,LCB,Calero,Real Valladolid CF,5500000.0,74.0,-8,45.0,SprintSpeed,69.0,6
João Mário,81,22500000.0,Starter,João Mário,CAM,F. Krovinović,SL Benfica,14000000.0,38.0,-3,51.2,SprintSpeed,69.0,0
F. Krovinović,78,14000000.0,Backup,João Mário,CAM,F. Krovinović,SL Benfica,14000000.0,38.0,-3,51.2,SprintSpeed,69.0,0
João Mário,81,22500000.0,Starter,João Mário,CAM,F. Krovinović,SL Benfica,14000000.0,38.0,-3,51.2,Finishing,64.0,1
F. Krovinović,78,14000000.0,Backup,João Mário,CAM,F. Krovinović,SL Benfica,14000000.0,38.0,-3,51.2,Finishing,64.0,1
João Mário,81,22500000.0,Starter,João Mário,CAM,F. Krovinović,SL Benfica,14000000.0,38.0,-3,51.2,ShortPassing,83.0,2
F. Krovinović,78,14000000.0,Backup,João Mário,CAM,F. Krovinović,SL Benfica,14000000.0,38.0,-3,51.2,ShortPassing,80.0,2
João Mário,81,22500000.0,Starter,João Mário,CAM,F. Krovinović,SL Benfica,14000000.0,38.0,-3,51.2,Dribbling,83.0,3
F. Krovinović,78,14000000.0,Backup,João Mário,CAM,F. Krovinović,SL Benfica,14000000.0,38.0,-3,51.2,Dribbling,79.0,3
João Mário,81,22500000.0,Starter,João Mário,CAM,F. Krovinović,SL Benfica,14000000.0,38.0,-3,51.2,StandingTackle,70.0,4
F. Krovinović,78,14000000.0,Backup,João Mário,CAM,F. Krovinović,SL Benfica,14000000.0,38.0,-3,51.2,StandingTackle,57.0,4
João Mário,81,22500000.0,Starter,João Mário,CAM,F. Krovinović,SL Benfica,14000000.0,38.0,-3,51.2,Strength,68.0,5
F. Krovinović,78,14000000.0,Backup,João Mário,CAM,F. Krovinović,SL Benfica,14000000.0,38.0,-3,51.2,Strength,60.0,5
João Mário,81,22500000.0,Starter,João Mário,CAM,F. Krovinović,SL Benfica,14000000.0,38.0,-3,51.2,SprintSpeed,69.0,6
F. Krovinović,78,14000000.0,Backup,João Mário,CAM,F. Krovinović,SL Benfica,14000000.0,38.0,-3,51.2,SprintSpeed,69.0,6
T. Strakosha,81,17000000.0,Starter,T. Strakosha,GK,N. Vikonis,Puebla FC,2700000.0,84.0,-6,61.3,SprintSpeed,46.0,0
N. Vikonis,75,2700000.0,Backup,T. Strakosha,GK,N. Vikonis,Puebla FC,2700000.0,84.0,-6,61.3,SprintSpeed,43.0,0
T. Strakosha,81,17000000.0,Starter,T. Strakosha,GK,N. Vikonis,Puebla FC,2700000.0,84.0,-6,61.3,Finishing,18.0,1
N. Vikonis,75,2700000.0,Backup,T. Strakosha,GK,N. Vikonis,Puebla FC,2700000.0,84.0,-6,61.3,Finishing,17.0,1
T. Strakosha,81,17000000.0,Starter,T. Strakosha,GK,N. Vikonis,Puebla FC,2700000.0,84.0,-6,61.3,ShortPassing,26.0,2
N. Vikonis,75,2700000.0,Backup,T. Strakosha,GK,N. Vikonis,Puebla FC,2700000.0,84.0,-6,61.3,ShortPassing,26.0,2
T. Strakosha,81,17000000.0,Starter,T. Strakosha,GK,N. Vikonis,Puebla FC,2700000.0,84.0,-6,61.3,Dribbling,14.0,3
N. Vikonis,75,2700000.0,Backup,T. Strakosha,GK,N. Vikonis,Puebla FC,2700000.0,84.0,-6,61.3,Dribbling,17.0,3
T. Strakosha,81,17000000.0,Starter,T. Strakosha,GK,N. Vikonis,Puebla FC,2700000.0,84.0,-6,61.3,StandingTackle,18.0,4
N. Vikonis,75,2700000.0,Backup,T. Strakosha,GK,N. Vikonis,Puebla FC,2700000.0,84.0,-6,61.3,StandingTackle,14.0,4
T. Strakosha,81,17000000.0,Starter,T. Strakosha,GK,N. Vikonis,Puebla FC,2700000.0,84.0,-6,61.3,Strength,56.0,5
N. Vikonis,75,2700000.0,Backup,T. Strakosha,GK,N. Vikonis,Puebla FC,2700000.0,84.0,-6,61.3,Strength,60.0,5
T. Strakosha,81,17000000.0,Starter,T. Strakosha,GK,N. Vikonis,Puebla FC,2700000.0,84.0,-6,61.3,SprintSpeed,46.0,6
N. Vikonis,75,2700000.0,Backup,T. Strakosha,GK,N. Vikonis,Puebla FC,2700000.0,84.0,-6,61.3,SprintSpeed,43.0,6
E. Hysaj,81,20000000.0,Starter,E. Hysaj,RB,K. Tete,Olympique Lyonnais,11500000.0,42.0,-3,52.0,SprintSpeed,82.0,0
K. Tete,78,11500000.0,Backup,E. Hysaj,RB,K. Tete,Olympique Lyonnais,11500000.0,42.0,-3,52.0,SprintSpeed,79.0,0
E. Hysaj,81,20000000.0,Starter,E. Hysaj,RB,K. Tete,Olympique Lyonnais,11500000.0,42.0,-3,52.0,Finishing,47.0,1
K. Tete,78,11500000.0,Backup,E. Hysaj,RB,K. Tete,Olympique Lyonnais,11500000.0,42.0,-3,52.0,Finishing,42.0,1
E. Hysaj,81,20000000.0,Starter,E. Hysaj,RB,K. Tete,Olympique Lyonnais,11500000.0,42.0,-3,52.0,ShortPassing,77.0,2
K. Tete,78,11500000.0,Backup,E. Hysaj,RB,K. Tete,Olympique Lyonnais,11500000.0,42.0,-3,52.0,ShortPassing,73.0,2
E. Hysaj,81,20000000.0,Starter,E. Hysaj,RB,K. Tete,Olympique Lyonnais,11500000.0,42.0,-3,52.0,Dribbling,75.0,3
K. Tete,78,11500000.0,Backup,E. Hysaj,RB,K. Tete,Olympique Lyonnais,11500000.0,42.0,-3,52.0,Dribbling,68.0,3
E. Hysaj,81,20000000.0,Starter,E. Hysaj,RB,K. Tete,Olympique Lyonnais,11500000.0,42.0,-3,52.0,StandingTackle,81.0,4
K. Tete,78,11500000.0,Backup,E. Hysaj,RB,K. Tete,Olympique Lyonnais,11500000.0,42.0,-3,52.0,StandingTackle,81.0,4
E. Hysaj,81,20000000.0,Starter,E. Hysaj,RB,K. Tete,Olympique Lyonnais,11500000.0,42.0,-3,52.0,Strength,69.0,5
K. Tete,78,11500000.0,Backup,E. Hysaj,RB,K. Tete,Olympique Lyonnais,11500000.0,42.0,-3,52.0,Strength,76.0,5
E. Hysaj,81,20000000.0,Starter,E. Hysaj,RB,K. Tete,Olympique Lyonnais,11500000.0,42.0,-3,52.0,SprintSpeed,82.0,6
K. Tete,78,11500000.0,Backup,E. Hysaj,RB,K. Tete,Olympique Lyonnais,11500000.0,42.0,-3,52.0,SprintSpeed,79.0,6
P. Zieliński,81,24500000.0,Starter,P. Zieliński,RCM,Wendel,Sporting CP,12500000.0,49.0,-5,43.3,SprintSpeed,84.0,0
Wendel,76,12500000.0,Backup,P. Zieliński,RCM,Wendel,Sporting CP,12500000.0,49.0,-5,43.3,SprintSpeed,80.0,0
P. Zieliński,81,24500000.0,Starter,P. Zieliński,RCM,Wendel,Sporting CP,12500000.0,49.0,-5,43.3,Finishing,65.0,1
Wendel,76,12500000.0,Backup,P. Zieliński,RCM,Wendel,Sporting CP,12500000.0,49.0,-5,43.3,Finishing,64.0,1
P. Zieliński,81,24500000.0,Starter,P. Zieliński,RCM,Wendel,Sporting CP,12500000.0,49.0,-5,43.3,ShortPassing,82.0,2
Wendel,76,12500000.0,Backup,P. Zieliński,RCM,Wendel,Sporting CP,12500000.0,49.0,-5,43.3,ShortPassing,77.0,2
P. Zieliński,81,24500000.0,Starter,P. Zieliński,RCM,Wendel,Sporting CP,12500000.0,49.0,-5,43.3,Dribbling,84.0,3
Wendel,76,12500000.0,Backup,P. Zieliński,RCM,Wendel,Sporting CP,12500000.0,49.0,-5,43.3,Dribbling,79.0,3
P. Zieliński,81,24500000.0,Starter,P. Zieliński,RCM,Wendel,Sporting CP,12500000.0,49.0,-5,43.3,StandingTackle,72.0,4
Wendel,76,12500000.0,Backup,P. Zieliński,RCM,Wendel,Sporting CP,12500000.0,49.0,-5,43.3,StandingTackle,75.0,4
P. Zieliński,81,24500000.0,Starter,P. Zieliński,RCM,Wendel,Sporting CP,12500000.0,49.0,-5,43.3,Strength,54.0,5
Wendel,76,12500000.0,Backup,P. Zieliński,RCM,Wendel,Sporting CP,12500000.0,49.0,-5,43.3,Strength,68.0,5
P. Zieliński,81,24500000.0,Starter,P. Zieliński,RCM,Wendel,Sporting CP,12500000.0,49.0,-5,43.3,SprintSpeed,84.0,6
Wendel,76,12500000.0,Backup,P. Zieliński,RCM,Wendel,Sporting CP,12500000.0,49.0,-5,43.3,SprintSpeed,80.0,6
Ricardo Pereira,81,19000000.0,Starter,Ricardo Pereira,RB,M. Weiser,Bayer 04 Leverkusen,10000000.0,47.0,-4,60.0,SprintSpeed,87.0,0
M. Weiser,77,10000000.0,Backup,Ricardo Pereira,RB,M. Weiser,Bayer 04 Leverkusen,10000000.0,47.0,-4,60.0,SprintSpeed,77.0,0
Ricardo Pereira,81,19000000.0,Starter,Ricardo Pereira,RB,M. Weiser,Bayer 04 Leverkusen,10000000.0,47.0,-4,60.0,Finishing,61.0,1
M. Weiser,77,10000000.0,Backup,Ricardo Pereira,RB,M. Weiser,Bayer 04 Leverkusen,10000000.0,47.0,-4,60.0,Finishing,63.0,1
Ricardo Pereira,81,19000000.0,Starter,Ricardo Pereira,RB,M. Weiser,Bayer 04 Leverkusen,10000000.0,47.0,-4,60.0,ShortPassing,80.0,2
M. Weiser,77,10000000.0,Backup,Ricardo Pereira,RB,M. Weiser,Bayer 04 Leverkusen,10000000.0,47.0,-4,60.0,ShortPassing,79.0,2
Ricardo Pereira,81,19000000.0,Starter,Ricardo Pereira,RB,M. Weiser,Bayer 04 Leverkusen,10000000.0,47.0,-4,60.0,Dribbling,83.0,3
M. Weiser,77,10000000.0,Backup,Ricardo Pereira,RB,M. Weiser,Bayer 04 Leverkusen,10000000.0,47.0,-4,60.0,Dribbling,85.0,3
Ricardo Pereira,81,19000000.0,Starter,Ricardo Pereira,RB,M. Weiser,Bayer 04 Leverkusen,10000000.0,47.0,-4,60.0,StandingTackle,80.0,4
M. Weiser,77,10000000.0,Backup,Ricardo Pereira,RB,M. Weiser,Bayer 04 Leverkusen,10000000.0,47.0,-4,60.0,StandingTackle,74.0,4
Ricardo Pereira,81,19000000.0,Starter,Ricardo Pereira,RB,M. Weiser,Bayer 04 Leverkusen,10000000.0,47.0,-4,60.0,Strength,60.0,5
M. Weiser,77,10000000.0,Backup,Ricardo Pereira,RB,M. Weiser,Bayer 04 Leverkusen,10000000.0,47.0,-4,60.0,Strength,64.0,5
Ricardo Pereira,81,19000000.0,Starter,Ricardo Pereira,RB,M. Weiser,Bayer 04 Leverkusen,10000000.0,47.0,-4,60.0,SprintSpeed,87.0,6
M. Weiser,77,10000000.0,Backup,Ricardo Pereira,RB,M. Weiser,Bayer 04 Leverkusen,10000000.0,47.0,-4,60.0,SprintSpeed,77.0,6
Grimaldo,81,20500000.0,Starter,Grimaldo,LB,Antunes,Getafe CF,9500000.0,54.0,-1,49.8,SprintSpeed,83.0,0
Antunes,80,9500000.0,Backup,Grimaldo,LB,Antunes,Getafe CF,9500000.0,54.0,-1,49.8,SprintSpeed,79.0,0
Grimaldo,81,20500000.0,Starter,Grimaldo,LB,Antunes,Getafe CF,9500000.0,54.0,-1,49.8,Finishing,50.0,1
Antunes,80,9500000.0,Backup,Grimaldo,LB,Antunes,Getafe CF,9500000.0,54.0,-1,49.8,Finishing,56.0,1
Grimaldo,81,20500000.0,Starter,Grimaldo,LB,Antunes,Getafe CF,9500000.0,54.0,-1,49.8,ShortPassing,79.0,2
Antunes,80,9500000.0,Backup,Grimaldo,LB,Antunes,Getafe CF,9500000.0,54.0,-1,49.8,ShortPassing,77.0,2
Grimaldo,81,20500000.0,Starter,Grimaldo,LB,Antunes,Getafe CF,9500000.0,54.0,-1,49.8,Dribbling,83.0,3
Antunes,80,9500000.0,Backup,Grimaldo,LB,Antunes,Getafe CF,9500000.0,54.0,-1,49.8,Dribbling,74.0,3
Grimaldo,81,20500000.0,Starter,Grimaldo,LB,Antunes,Getafe CF,9500000.0,54.0,-1,49.8,StandingTackle,78.0,4
Antunes,80,9500000.0,Backup,Grimaldo,LB,Antunes,Getafe CF,9500000.0,54.0,-1,49.8,StandingTackle,81.0,4
Grimaldo,81,20500000.0,Starter,Grimaldo,LB,Antunes,Getafe CF,9500000.0,54.0,-1,49.8,Strength,63.0,5
Antunes,80,9500000.0,Backup,Grimaldo,LB,Antunes,Getafe CF,9500000.0,54.0,-1,49.8,Strength,68.0,5
Grimaldo,81,20500000.0,Starter,Grimaldo,LB,Antunes,Getafe CF,9500000.0,54.0,-1,49.8,SprintSpeed,83.0,6
Antunes,80,9500000.0,Backup,Grimaldo,LB,Antunes,Getafe CF,9500000.0,54.0,-1,49.8,SprintSpeed,79.0,6
R. Guerreiro,81,24000000.0,Starter,R. Guerreiro,LM,R. Pereyra,Watford,15500000.0,35.0,-1,23.6,SprintSpeed,68.0,0
R. Pereyra,80,15500000.0,Backup,R. Guerreiro,LM,R. Pereyra,Watford,15500000.0,35.0,-1,23.6,SprintSpeed,76.0,0
R. Guerreiro,81,24000000.0,Starter,R. Guerreiro,LM,R. Pereyra,Watford,15500000.0,35.0,-1,23.6,Finishing,75.0,1
R. Pereyra,80,15500000.0,Backup,R. Guerreiro,LM,R. Pereyra,Watford,15500000.0,35.0,-1,23.6,Finishing,74.0,1
R. Guerreiro,81,24000000.0,Starter,R. Guerreiro,LM,R. Pereyra,Watford,15500000.0,35.0,-1,23.6,ShortPassing,84.0,2
R. Pereyra,80,15500000.0,Backup,R. Guerreiro,LM,R. Pereyra,Watford,15500000.0,35.0,-1,23.6,ShortPassing,82.0,2
R. Guerreiro,81,24000000.0,Starter,R. Guerreiro,LM,R. Pereyra,Watford,15500000.0,35.0,-1,23.6,Dribbling,83.0,3
R. Pereyra,80,15500000.0,Backup,R. Guerreiro,LM,R. Pereyra,Watford,15500000.0,35.0,-1,23.6,Dribbling,84.0,3
R. Guerreiro,81,24000000.0,Starter,R. Guerreiro,LM,R. Pereyra,Watford,15500000.0,35.0,-1,23.6,StandingTackle,70.0,4
R. Pereyra,80,15500000.0,Backup,R. Guerreiro,LM,R. Pereyra,Watford,15500000.0,35.0,-1,23.6,StandingTackle,64.0,4
R. Guerreiro,81,24000000.0,Starter,R. Guerreiro,LM,R. Pereyra,Watford,15500000.0,35.0,-1,23.6,Strength,49.0,5
R. Pereyra,80,15500000.0,Backup,R. Guerreiro,LM,R. Pereyra,Watford,15500000.0,35.0,-1,23.6,Strength,63.0,5
R. Guerreiro,81,24000000.0,Starter,R. Guerreiro,LM,R. Pereyra,Watford,15500000.0,35.0,-1,23.6,SprintSpeed,68.0,6
R. Pereyra,80,15500000.0,Backup,R. Guerreiro,LM,R. Pereyra,Watford,15500000.0,35.0,-1,23.6,SprintSpeed,76.0,6
A. Doucouré,81,19500000.0,Starter,A. Doucouré,RDM,M. de Roon,Atalanta,8000000.0,59.0,-5,51.0,SprintSpeed,70.0,0
M. de Roon,76,8000000.0,Backup,A. Doucouré,RDM,M. de Roon,Atalanta,8000000.0,59.0,-5,51.0,SprintSpeed,68.0,0
A. Doucouré,81,19500000.0,Starter,A. Doucouré,RDM,M. de Roon,Atalanta,8000000.0,59.0,-5,51.0,Finishing,73.0,1
M. de Roon,76,8000000.0,Backup,A. Doucouré,RDM,M. de Roon,Atalanta,8000000.0,59.0,-5,51.0,Finishing,60.0,1
A. Doucouré,81,19500000.0,Starter,A. Doucouré,RDM,M. de Roon,Atalanta,8000000.0,59.0,-5,51.0,ShortPassing,82.0,2
M. de Roon,76,8000000.0,Backup,A. Doucouré,RDM,M. de Roon,Atalanta,8000000.0,59.0,-5,51.0,ShortPassing,76.0,2
A. Doucouré,81,19500000.0,Starter,A. Doucouré,RDM,M. de Roon,Atalanta,8000000.0,59.0,-5,51.0,Dribbling,78.0,3
M. de Roon,76,8000000.0,Backup,A. Doucouré,RDM,M. de Roon,Atalanta,8000000.0,59.0,-5,51.0,Dribbling,68.0,3
A. Doucouré,81,19500000.0,Starter,A. Doucouré,RDM,M. de Roon,Atalanta,8000000.0,59.0,-5,51.0,StandingTackle,83.0,4
M. de Roon,76,8000000.0,Backup,A. Doucouré,RDM,M. de Roon,Atalanta,8000000.0,59.0,-5,51.0,StandingTackle,78.0,4
A. Doucouré,81,19500000.0,Starter,A. Doucouré,RDM,M. de Roon,Atalanta,8000000.0,59.0,-5,51.0,Strength,81.0,5
M. de Roon,76,8000000.0,Backup,A. Doucouré,RDM,M. de Roon,Atalanta,8000000.0,59.0,-5,51.0,Strength,75.0,5
A. Doucouré,81,19500000.0,Starter,A. Doucouré,RDM,M. de Roon,Atalanta,8000000.0,59.0,-5,51.0,SprintSpeed,70.0,6
M. de Roon,76,8000000.0,Backup,A. Doucouré,RDM,M. de Roon,Atalanta,8000000.0,59.0,-5,51.0,SprintSpeed,68.0,6
J. Martínez,81,22500000.0,Starter,J. Martínez,LS,F. Caputo,Empoli,6500000.0,71.0,-6,41.7,SprintSpeed,92.0,0
F. Caputo,75,6500000.0,Backup,J. Martínez,LS,F. Caputo,Empoli,6500000.0,71.0,-6,41.7,SprintSpeed,88.0,0
J. Martínez,81,22500000.0,Starter,J. Martínez,LS,F. Caputo,Empoli,6500000.0,71.0,-6,41.7,Finishing,84.0,1
F. Caputo,75,6500000.0,Backup,J. Martínez,LS,F. Caputo,Empoli,6500000.0,71.0,-6,41.7,Finishing,77.0,1
J. Martínez,81,22500000.0,Starter,J. Martínez,LS,F. Caputo,Empoli,6500000.0,71.0,-6,41.7,ShortPassing,68.0,2
F. Caputo,75,6500000.0,Backup,J. Martínez,LS,F. Caputo,Empoli,6500000.0,71.0,-6,41.7,ShortPassing,66.0,2
J. Martínez,81,22500000.0,Starter,J. Martínez,LS,F. Caputo,Empoli,6500000.0,71.0,-6,41.7,Dribbling,75.0,3
F. Caputo,75,6500000.0,Backup,J. Martínez,LS,F. Caputo,Empoli,6500000.0,71.0,-6,41.7,Dribbling,72.0,3
J. Martínez,81,22500000.0,Starter,J. Martínez,LS,F. Caputo,Empoli,6500000.0,71.0,-6,41.7,StandingTackle,20.0,4
F. Caputo,75,6500000.0,Backup,J. Martínez,LS,F. Caputo,Empoli,6500000.0,71.0,-6,41.7,StandingTackle,20.0,4
J. Martínez,81,22500000.0,Starter,J. Martínez,LS,F. Caputo,Empoli,6500000.0,71.0,-6,41.7,Strength,73.0,5
F. Caputo,75,6500000.0,Backup,J. Martínez,LS,F. Caputo,Empoli,6500000.0,71.0,-6,41.7,Strength,74.0,5
J. Martínez,81,22500000.0,Starter,J. Martínez,LS,F. Caputo,Empoli,6500000.0,71.0,-6,41.7,SprintSpeed,92.0,6
F. Caputo,75,6500000.0,Backup,J. Martínez,LS,F. Caputo,Empoli,6500000.0,71.0,-6,41.7,SprintSpeed,88.0,6
C. Bacca,81,16000000.0,Starter,C. Bacca,LS,O. Kamara,LA Galaxy,7000000.0,56.0,-6,45.4,SprintSpeed,75.0,0
O. Kamara,75,7000000.0,Backup,C. Bacca,LS,O. Kamara,LA Galaxy,7000000.0,56.0,-6,45.4,SprintSpeed,77.0,0
C. Bacca,81,16000000.0,Starter,C. Bacca,LS,O. Kamara,LA Galaxy,7000000.0,56.0,-6,45.4,Finishing,84.0,1
O. Kamara,75,7000000.0,Backup,C. Bacca,LS,O. Kamara,LA Galaxy,7000000.0,56.0,-6,45.4,Finishing,77.0,1
C. Bacca,81,16000000.0,Starter,C. Bacca,LS,O. Kamara,LA Galaxy,7000000.0,56.0,-6,45.4,ShortPassing,68.0,2
O. Kamara,75,7000000.0,Backup,C. Bacca,LS,O. Kamara,LA Galaxy,7000000.0,56.0,-6,45.4,ShortPassing,64.0,2
C. Bacca,81,16000000.0,Starter,C. Bacca,LS,O. Kamara,LA Galaxy,7000000.0,56.0,-6,45.4,Dribbling,80.0,3
O. Kamara,75,7000000.0,Backup,C. Bacca,LS,O. Kamara,LA Galaxy,7000000.0,56.0,-6,45.4,Dribbling,69.0,3
C. Bacca,81,16000000.0,Starter,C. Bacca,LS,O. Kamara,LA Galaxy,7000000.0,56.0,-6,45.4,StandingTackle,16.0,4
O. Kamara,75,7000000.0,Backup,C. Bacca,LS,O. Kamara,LA Galaxy,7000000.0,56.0,-6,45.4,StandingTackle,20.0,4
C. Bacca,81,16000000.0,Starter,C. Bacca,LS,O. Kamara,LA Galaxy,7000000.0,56.0,-6,45.4,Strength,74.0,5
O. Kamara,75,7000000.0,Backup,C. Bacca,LS,O. Kamara,LA Galaxy,7000000.0,56.0,-6,45.4,Strength,77.0,5
C. Bacca,81,16000000.0,Starter,C. Bacca,LS,O. Kamara,LA Galaxy,7000000.0,56.0,-6,45.4,SprintSpeed,75.0,6
O. Kamara,75,7000000.0,Backup,C. Bacca,LS,O. Kamara,LA Galaxy,7000000.0,56.0,-6,45.4,SprintSpeed,77.0,6
A. Plea,81,22000000.0,Starter,A. Plea,LW,M. Gradel,Toulouse Football Club,10000000.0,55.0,-3,40.1,SprintSpeed,77.0,0
M. Gradel,78,10000000.0,Backup,A. Plea,LW,M. Gradel,Toulouse Football Club,10000000.0,55.0,-3,40.1,SprintSpeed,84.0,0
A. Plea,81,22000000.0,Starter,A. Plea,LW,M. Gradel,Toulouse Football Club,10000000.0,55.0,-3,40.1,Finishing,82.0,1
M. Gradel,78,10000000.0,Backup,A. Plea,LW,M. Gradel,Toulouse Football Club,10000000.0,55.0,-3,40.1,Finishing,78.0,1
A. Plea,81,22000000.0,Starter,A. Plea,LW,M. Gradel,Toulouse Football Club,10000000.0,55.0,-3,40.1,ShortPassing,76.0,2
M. Gradel,78,10000000.0,Backup,A. Plea,LW,M. Gradel,Toulouse Football Club,10000000.0,55.0,-3,40.1,ShortPassing,74.0,2
A. Plea,81,22000000.0,Starter,A. Plea,LW,M. Gradel,Toulouse Football Club,10000000.0,55.0,-3,40.1,Dribbling,78.0,3
M. Gradel,78,10000000.0,Backup,A. Plea,LW,M. Gradel,Toulouse Football Club,10000000.0,55.0,-3,40.1,Dribbling,82.0,3
A. Plea,81,22000000.0,Starter,A. Plea,LW,M. Gradel,Toulouse Football Club,10000000.0,55.0,-3,40.1,StandingTackle,40.0,4
M. Gradel,78,10000000.0,Backup,A. Plea,LW,M. Gradel,Toulouse Football Club,10000000.0,55.0,-3,40.1,StandingTackle,40.0,4
A. Plea,81,22000000.0,Starter,A. Plea,LW,M. Gradel,Toulouse Football Club,10000000.0,55.0,-3,40.1,Strength,77.0,5
M. Gradel,78,10000000.0,Backup,A. Plea,LW,M. Gradel,Toulouse Football Club,10000000.0,55.0,-3,40.1,Strength,59.0,5
A. Plea,81,22000000.0,Starter,A. Plea,LW,M. Gradel,Toulouse Football Club,10000000.0,55.0,-3,40.1,SprintSpeed,77.0,6
M. Gradel,78,10000000.0,Backup,A. Plea,LW,M. Gradel,Toulouse Football Club,10000000.0,55.0,-3,40.1,SprintSpeed,84.0,6
B. Davies,81,18500000.0,Starter,B. Davies,LB,Marçal,Olympique Lyonnais,6500000.0,65.0,-4,59.3,SprintSpeed,74.0,0
Marçal,77,6500000.0,Backup,B. Davies,LB,Marçal,Olympique Lyonnais,6500000.0,65.0,-4,59.3,SprintSpeed,77.0,0
B. Davies,81,18500000.0,Starter,B. Davies,LB,Marçal,Olympique Lyonnais,6500000.0,65.0,-4,59.3,Finishing,58.0,1
Marçal,77,6500000.0,Backup,B. Davies,LB,Marçal,Olympique Lyonnais,6500000.0,65.0,-4,59.3,Finishing,57.0,1
B. Davies,81,18500000.0,Starter,B. Davies,LB,Marçal,Olympique Lyonnais,6500000.0,65.0,-4,59.3,ShortPassing,79.0,2
Marçal,77,6500000.0,Backup,B. Davies,LB,Marçal,Olympique Lyonnais,6500000.0,65.0,-4,59.3,ShortPassing,74.0,2
B. Davies,81,18500000.0,Starter,B. Davies,LB,Marçal,Olympique Lyonnais,6500000.0,65.0,-4,59.3,Dribbling,76.0,3
Marçal,77,6500000.0,Backup,B. Davies,LB,Marçal,Olympique Lyonnais,6500000.0,65.0,-4,59.3,Dribbling,74.0,3
B. Davies,81,18500000.0,Starter,B. Davies,LB,Marçal,Olympique Lyonnais,6500000.0,65.0,-4,59.3,StandingTackle,83.0,4
Marçal,77,6500000.0,Backup,B. Davies,LB,Marçal,Olympique Lyonnais,6500000.0,65.0,-4,59.3,StandingTackle,76.0,4
B. Davies,81,18500000.0,Starter,B. Davies,LB,Marçal,Olympique Lyonnais,6500000.0,65.0,-4,59.3,Strength,69.0,5
Marçal,77,6500000.0,Backup,B. Davies,LB,Marçal,Olympique Lyonnais,6500000.0,65.0,-4,59.3,Strength,71.0,5
B. Davies,81,18500000.0,Starter,B. Davies,LB,Marçal,Olympique Lyonnais,6500000.0,65.0,-4,59.3,SprintSpeed,74.0,6
Marçal,77,6500000.0,Backup,B. Davies,LB,Marçal,Olympique Lyonnais,6500000.0,65.0,-4,59.3,SprintSpeed,77.0,6
M. Nastasić,81,18500000.0,Starter,M. Nastasić,LCB,D. Vida,Beşiktaş JK,11500000.0,38.0,-1,14.2,SprintSpeed,77.0,0
D. Vida,80,11500000.0,Backup,M. Nastasić,LCB,D. Vida,Beşiktaş JK,11500000.0,38.0,-1,14.2,SprintSpeed,80.0,0
M. Nastasić,81,18500000.0,Starter,M. Nastasić,LCB,D. Vida,Beşiktaş JK,11500000.0,38.0,-1,14.2,Finishing,30.0,1
D. Vida,80,11500000.0,Backup,M. Nastasić,LCB,D. Vida,Beşiktaş JK,11500000.0,38.0,-1,14.2,Finishing,41.0,1
M. Nastasić,81,18500000.0,Starter,M. Nastasić,LCB,D. Vida,Beşiktaş JK,11500000.0,38.0,-1,14.2,ShortPassing,73.0,2
D. Vida,80,11500000.0,Backup,M. Nastasić,LCB,D. Vida,Beşiktaş JK,11500000.0,38.0,-1,14.2,ShortPassing,66.0,2
M. Nastasić,81,18500000.0,Starter,M. Nastasić,LCB,D. Vida,Beşiktaş JK,11500000.0,38.0,-1,14.2,Dribbling,43.0,3
D. Vida,80,11500000.0,Backup,M. Nastasić,LCB,D. Vida,Beşiktaş JK,11500000.0,38.0,-1,14.2,Dribbling,53.0,3
M. Nastasić,81,18500000.0,Starter,M. Nastasić,LCB,D. Vida,Beşiktaş JK,11500000.0,38.0,-1,14.2,StandingTackle,83.0,4
D. Vida,80,11500000.0,Backup,M. Nastasić,LCB,D. Vida,Beşiktaş JK,11500000.0,38.0,-1,14.2,StandingTackle,79.0,4
M. Nastasić,81,18500000.0,Starter,M. Nastasić,LCB,D. Vida,Beşiktaş JK,11500000.0,38.0,-1,14.2,Strength,78.0,5
D. Vida,80,11500000.0,Backup,M. Nastasić,LCB,D. Vida,Beşiktaş JK,11500000.0,38.0,-1,14.2,Strength,77.0,5
M. Nastasić,81,18500000.0,Starter,M. Nastasić,LCB,D. Vida,Beşiktaş JK,11500000.0,38.0,-1,14.2,SprintSpeed,77.0,6
D. Vida,80,11500000.0,Backup,M. Nastasić,LCB,D. Vida,Beşiktaş JK,11500000.0,38.0,-1,14.2,SprintSpeed,80.0,6
A. Milik,81,25500000.0,Starter,A. Milik,CF,Ricardo Goulart,Guangzhou Evergrande Taobao FC,14500000.0,43.0,-2,30.7,SprintSpeed,74.0,0
Ricardo Goulart,79,14500000.0,Backup,A. Milik,CF,Ricardo Goulart,Guangzhou Evergrande Taobao FC,14500000.0,43.0,-2,30.7,SprintSpeed,77.0,0
A. Milik,81,25500000.0,Starter,A. Milik,CF,Ricardo Goulart,Guangzhou Evergrande Taobao FC,14500000.0,43.0,-2,30.7,Finishing,88.0,1
Ricardo Goulart,79,14500000.0,Backup,A. Milik,CF,Ricardo Goulart,Guangzhou Evergrande Taobao FC,14500000.0,43.0,-2,30.7,Finishing,77.0,1
A. Milik,81,25500000.0,Starter,A. Milik,CF,Ricardo Goulart,Guangzhou Evergrande Taobao FC,14500000.0,43.0,-2,30.7,ShortPassing,63.0,2
Ricardo Goulart,79,14500000.0,Backup,A. Milik,CF,Ricardo Goulart,Guangzhou Evergrande Taobao FC,14500000.0,43.0,-2,30.7,ShortPassing,81.0,2
A. Milik,81,25500000.0,Starter,A. Milik,CF,Ricardo Goulart,Guangzhou Evergrande Taobao FC,14500000.0,43.0,-2,30.7,Dribbling,74.0,3
Ricardo Goulart,79,14500000.0,Backup,A. Milik,CF,Ricardo Goulart,Guangzhou Evergrande Taobao FC,14500000.0,43.0,-2,30.7,Dribbling,78.0,3
A. Milik,81,25500000.0,Starter,A. Milik,CF,Ricardo Goulart,Guangzhou Evergrande Taobao FC,14500000.0,43.0,-2,30.7,StandingTackle,34.0,4
Ricardo Goulart,79,14500000.0,Backup,A. Milik,CF,Ricardo Goulart,Guangzhou Evergrande Taobao FC,14500000.0,43.0,-2,30.7,StandingTackle,41.0,4
A. Milik,81,25500000.0,Starter,A. Milik,CF,Ricardo Goulart,Guangzhou Evergrande Taobao FC,14500000.0,43.0,-2,30.7,Strength,78.0,5
Ricardo Goulart,79,14500000.0,Backup,A. Milik,CF,Ricardo Goulart,Guangzhou Evergrande Taobao FC,14500000.0,43.0,-2,30.7,Strength,65.0,5
A. Milik,81,25500000.0,Starter,A. Milik,CF,Ricardo Goulart,Guangzhou Evergrande Taobao FC,14500000.0,43.0,-2,30.7,SprintSpeed,74.0,6
Ricardo Goulart,79,14500000.0,Backup,A. Milik,CF,Ricardo Goulart,Guangzhou Evergrande Taobao FC,14500000.0,43.0,-2,30.7,SprintSpeed,77.0,6
M. Sabitzer,81,22500000.0,Starter,M. Sabitzer,LM,D. Cheryshev,Valencia CF,9500000.0,58.0,-4,45.3,SprintSpeed,77.0,0
D. Cheryshev,77,9500000.0,Backup,M. Sabitzer,LM,D. Cheryshev,Valencia CF,9500000.0,58.0,-4,45.3,SprintSpeed,79.0,0
M. Sabitzer,81,22500000.0,Starter,M. Sabitzer,LM,D. Cheryshev,Valencia CF,9500000.0,58.0,-4,45.3,Finishing,79.0,1
D. Cheryshev,77,9500000.0,Backup,M. Sabitzer,LM,D. Cheryshev,Valencia CF,9500000.0,58.0,-4,45.3,Finishing,78.0,1
M. Sabitzer,81,22500000.0,Starter,M. Sabitzer,LM,D. Cheryshev,Valencia CF,9500000.0,58.0,-4,45.3,ShortPassing,79.0,2
D. Cheryshev,77,9500000.0,Backup,M. Sabitzer,LM,D. Cheryshev,Valencia CF,9500000.0,58.0,-4,45.3,ShortPassing,72.0,2
M. Sabitzer,81,22500000.0,Starter,M. Sabitzer,LM,D. Cheryshev,Valencia CF,9500000.0,58.0,-4,45.3,Dribbling,79.0,3
D. Cheryshev,77,9500000.0,Backup,M. Sabitzer,LM,D. Cheryshev,Valencia CF,9500000.0,58.0,-4,45.3,Dribbling,80.0,3
M. Sabitzer,81,22500000.0,Starter,M. Sabitzer,LM,D. Cheryshev,Valencia CF,9500000.0,58.0,-4,45.3,StandingTackle,55.0,4
D. Cheryshev,77,9500000.0,Backup,M. Sabitzer,LM,D. Cheryshev,Valencia CF,9500000.0,58.0,-4,45.3,StandingTackle,55.0,4
M. Sabitzer,81,22500000.0,Starter,M. Sabitzer,LM,D. Cheryshev,Valencia CF,9500000.0,58.0,-4,45.3,Strength,76.0,5
D. Cheryshev,77,9500000.0,Backup,M. Sabitzer,LM,D. Cheryshev,Valencia CF,9500000.0,58.0,-4,45.3,Strength,67.0,5
M. Sabitzer,81,22500000.0,Starter,M. Sabitzer,LM,D. Cheryshev,Valencia CF,9500000.0,58.0,-4,45.3,SprintSpeed,77.0,6
D. Cheryshev,77,9500000.0,Backup,M. Sabitzer,LM,D. Cheryshev,Valencia CF,9500000.0,58.0,-4,45.3,SprintSpeed,79.0,6
B. Mendy,81,20000000.0,Starter,B. Mendy,LB,F. Mendy,Olympique Lyonnais,13000000.0,35.0,-3,34.1,SprintSpeed,86.0,0
F. Mendy,78,13000000.0,Backup,B. Mendy,LB,F. Mendy,Olympique Lyonnais,13000000.0,35.0,-3,34.1,SprintSpeed,86.0,0
B. Mendy,81,20000000.0,Starter,B. Mendy,LB,F. Mendy,Olympique Lyonnais,13000000.0,35.0,-3,34.1,Finishing,33.0,1
F. Mendy,78,13000000.0,Backup,B. Mendy,LB,F. Mendy,Olympique Lyonnais,13000000.0,35.0,-3,34.1,Finishing,62.0,1
B. Mendy,81,20000000.0,Starter,B. Mendy,LB,F. Mendy,Olympique Lyonnais,13000000.0,35.0,-3,34.1,ShortPassing,80.0,2
F. Mendy,78,13000000.0,Backup,B. Mendy,LB,F. Mendy,Olympique Lyonnais,13000000.0,35.0,-3,34.1,ShortPassing,76.0,2
B. Mendy,81,20000000.0,Starter,B. Mendy,LB,F. Mendy,Olympique Lyonnais,13000000.0,35.0,-3,34.1,Dribbling,80.0,3
F. Mendy,78,13000000.0,Backup,B. Mendy,LB,F. Mendy,Olympique Lyonnais,13000000.0,35.0,-3,34.1,Dribbling,81.0,3
B. Mendy,81,20000000.0,Starter,B. Mendy,LB,F. Mendy,Olympique Lyonnais,13000000.0,35.0,-3,34.1,StandingTackle,79.0,4
F. Mendy,78,13000000.0,Backup,B. Mendy,LB,F. Mendy,Olympique Lyonnais,13000000.0,35.0,-3,34.1,StandingTackle,75.0,4
B. Mendy,81,20000000.0,Starter,B. Mendy,LB,F. Mendy,Olympique Lyonnais,13000000.0,35.0,-3,34.1,Strength,81.0,5
F. Mendy,78,13000000.0,Backup,B. Mendy,LB,F. Mendy,Olympique Lyonnais,13000000.0,35.0,-3,34.1,Strength,76.0,5
B. Mendy,81,20000000.0,Starter,B. Mendy,LB,F. Mendy,Olympique Lyonnais,13000000.0,35.0,-3,34.1,SprintSpeed,86.0,6
F. Mendy,78,13000000.0,Backup,B. Mendy,LB,F. Mendy,Olympique Lyonnais,13000000.0,35.0,-3,34.1,SprintSpeed,86.0,6
C. Kramer,81,17000000.0,Starter,C. Kramer,CDM,L. Deaux,En Avant de Guingamp,5000000.0,71.0,-6,29.5,SprintSpeed,52.0,0
L. Deaux,75,5000000.0,Backup,C. Kramer,CDM,L. Deaux,En Avant de Guingamp,5000000.0,71.0,-6,29.5,SprintSpeed,63.0,0
C. Kramer,81,17000000.0,Starter,C. Kramer,CDM,L. Deaux,En Avant de Guingamp,5000000.0,71.0,-6,29.5,Finishing,45.0,1
L. Deaux,75,5000000.0,Backup,C. Kramer,CDM,L. Deaux,En Avant de Guingamp,5000000.0,71.0,-6,29.5,Finishing,51.0,1
C. Kramer,81,17000000.0,Starter,C. Kramer,CDM,L. Deaux,En Avant de Guingamp,5000000.0,71.0,-6,29.5,ShortPassing,80.0,2
L. Deaux,75,5000000.0,Backup,C. Kramer,CDM,L. Deaux,En Avant de Guingamp,5000000.0,71.0,-6,29.5,ShortPassing,76.0,2
C. Kramer,81,17000000.0,Starter,C. Kramer,CDM,L. Deaux,En Avant de Guingamp,5000000.0,71.0,-6,29.5,Dribbling,71.0,3
L. Deaux,75,5000000.0,Backup,C. Kramer,CDM,L. Deaux,En Avant de Guingamp,5000000.0,71.0,-6,29.5,Dribbling,65.0,3
C. Kramer,81,17000000.0,Starter,C. Kramer,CDM,L. Deaux,En Avant de Guingamp,5000000.0,71.0,-6,29.5,StandingTackle,80.0,4
L. Deaux,75,5000000.0,Backup,C. Kramer,CDM,L. Deaux,En Avant de Guingamp,5000000.0,71.0,-6,29.5,StandingTackle,76.0,4
C. Kramer,81,17000000.0,Starter,C. Kramer,CDM,L. Deaux,En Avant de Guingamp,5000000.0,71.0,-6,29.5,Strength,69.0,5
L. Deaux,75,5000000.0,Backup,C. Kramer,CDM,L. Deaux,En Avant de Guingamp,5000000.0,71.0,-6,29.5,Strength,80.0,5
C. Kramer,81,17000000.0,Starter,C. Kramer,CDM,L. Deaux,En Avant de Guingamp,5000000.0,71.0,-6,29.5,SprintSpeed,52.0,6
L. Deaux,75,5000000.0,Backup,C. Kramer,CDM,L. Deaux,En Avant de Guingamp,5000000.0,71.0,-6,29.5,SprintSpeed,63.0,6
S. Vrsaljko,81,18000000.0,Starter,S. Vrsaljko,RB,Miguel Lopes,Akhisar Belediyespor,5000000.0,72.0,-5,55.5,SprintSpeed,79.0,0
Miguel Lopes,76,5000000.0,Backup,S. Vrsaljko,RB,Miguel Lopes,Akhisar Belediyespor,5000000.0,72.0,-5,55.5,SprintSpeed,77.0,0
S. Vrsaljko,81,18000000.0,Starter,S. Vrsaljko,RB,Miguel Lopes,Akhisar Belediyespor,5000000.0,72.0,-5,55.5,Finishing,44.0,1
Miguel Lopes,76,5000000.0,Backup,S. Vrsaljko,RB,Miguel Lopes,Akhisar Belediyespor,5000000.0,72.0,-5,55.5,Finishing,40.0,1
S. Vrsaljko,81,18000000.0,Starter,S. Vrsaljko,RB,Miguel Lopes,Akhisar Belediyespor,5000000.0,72.0,-5,55.5,ShortPassing,77.0,2
Miguel Lopes,76,5000000.0,Backup,S. Vrsaljko,RB,Miguel Lopes,Akhisar Belediyespor,5000000.0,72.0,-5,55.5,ShortPassing,70.0,2
S. Vrsaljko,81,18000000.0,Starter,S. Vrsaljko,RB,Miguel Lopes,Akhisar Belediyespor,5000000.0,72.0,-5,55.5,Dribbling,74.0,3
Miguel Lopes,76,5000000.0,Backup,S. Vrsaljko,RB,Miguel Lopes,Akhisar Belediyespor,5000000.0,72.0,-5,55.5,Dribbling,72.0,3
S. Vrsaljko,81,18000000.0,Starter,S. Vrsaljko,RB,Miguel Lopes,Akhisar Belediyespor,5000000.0,72.0,-5,55.5,StandingTackle,81.0,4
Miguel Lopes,76,5000000.0,Backup,S. Vrsaljko,RB,Miguel Lopes,Akhisar Belediyespor,5000000.0,72.0,-5,55.5,StandingTackle,76.0,4
S. Vrsaljko,81,18000000.0,Starter,S. Vrsaljko,RB,Miguel Lopes,Akhisar Belediyespor,5000000.0,72.0,-5,55.5,Strength,73.0,5
Miguel Lopes,76,5000000.0,Backup,S. Vrsaljko,RB,Miguel Lopes,Akhisar Belediyespor,5000000.0,72.0,-5,55.5,Strength,75.0,5
S. Vrsaljko,81,18000000.0,Starter,S. Vrsaljko,RB,Miguel Lopes,Akhisar Belediyespor,5000000.0,72.0,-5,55.5,SprintSpeed,79.0,6
Miguel Lopes,76,5000000.0,Backup,S. Vrsaljko,RB,Miguel Lopes,Akhisar Belediyespor,5000000.0,72.0,-5,55.5,SprintSpeed,77.0,6
T. Hazard,81,21500000.0,Starter,T. Hazard,RW,S. Berghuis,Feyenoord,15000000.0,30.0,-2,47.8,SprintSpeed,77.0,0
S. Berghuis,79,15000000.0,Backup,T. Hazard,RW,S. Berghuis,Feyenoord,15000000.0,30.0,-2,47.8,SprintSpeed,75.0,0
T. Hazard,81,21500000.0,Starter,T. Hazard,RW,S. Berghuis,Feyenoord,15000000.0,30.0,-2,47.8,Finishing,69.0,1
S. Berghuis,79,15000000.0,Backup,T. Hazard,RW,S. Berghuis,Feyenoord,15000000.0,30.0,-2,47.8,Finishing,75.0,1
T. Hazard,81,21500000.0,Starter,T. Hazard,RW,S. Berghuis,Feyenoord,15000000.0,30.0,-2,47.8,ShortPassing,81.0,2
S. Berghuis,79,15000000.0,Backup,T. Hazard,RW,S. Berghuis,Feyenoord,15000000.0,30.0,-2,47.8,ShortPassing,76.0,2
T. Hazard,81,21500000.0,Starter,T. Hazard,RW,S. Berghuis,Feyenoord,15000000.0,30.0,-2,47.8,Dribbling,85.0,3
S. Berghuis,79,15000000.0,Backup,T. Hazard,RW,S. Berghuis,Feyenoord,15000000.0,30.0,-2,47.8,Dribbling,82.0,3
T. Hazard,81,21500000.0,Starter,T. Hazard,RW,S. Berghuis,Feyenoord,15000000.0,30.0,-2,47.8,StandingTackle,47.0,4
S. Berghuis,79,15000000.0,Backup,T. Hazard,RW,S. Berghuis,Feyenoord,15000000.0,30.0,-2,47.8,StandingTackle,36.0,4
T. Hazard,81,21500000.0,Starter,T. Hazard,RW,S. Berghuis,Feyenoord,15000000.0,30.0,-2,47.8,Strength,62.0,5
S. Berghuis,79,15000000.0,Backup,T. Hazard,RW,S. Berghuis,Feyenoord,15000000.0,30.0,-2,47.8,Strength,58.0,5
T. Hazard,81,21500000.0,Starter,T. Hazard,RW,S. Berghuis,Feyenoord,15000000.0,30.0,-2,47.8,SprintSpeed,77.0,6
S. Berghuis,79,15000000.0,Backup,T. Hazard,RW,S. Berghuis,Feyenoord,15000000.0,30.0,-2,47.8,SprintSpeed,75.0,6
K. Bellarabi,81,18000000.0,Starter,K. Bellarabi,RM,S. Feghouli,Galatasaray SK,12500000.0,31.0,-2,53.6,SprintSpeed,91.0,0
S. Feghouli,79,12500000.0,Backup,K. Bellarabi,RM,S. Feghouli,Galatasaray SK,12500000.0,31.0,-2,53.6,SprintSpeed,89.0,0
K. Bellarabi,81,18000000.0,Starter,K. Bellarabi,RM,S. Feghouli,Galatasaray SK,12500000.0,31.0,-2,53.6,Finishing,72.0,1
S. Feghouli,79,12500000.0,Backup,K. Bellarabi,RM,S. Feghouli,Galatasaray SK,12500000.0,31.0,-2,53.6,Finishing,68.0,1
K. Bellarabi,81,18000000.0,Starter,K. Bellarabi,RM,S. Feghouli,Galatasaray SK,12500000.0,31.0,-2,53.6,ShortPassing,78.0,2
S. Feghouli,79,12500000.0,Backup,K. Bellarabi,RM,S. Feghouli,Galatasaray SK,12500000.0,31.0,-2,53.6,ShortPassing,74.0,2
K. Bellarabi,81,18000000.0,Starter,K. Bellarabi,RM,S. Feghouli,Galatasaray SK,12500000.0,31.0,-2,53.6,Dribbling,87.0,3
S. Feghouli,79,12500000.0,Backup,K. Bellarabi,RM,S. Feghouli,Galatasaray SK,12500000.0,31.0,-2,53.6,Dribbling,85.0,3
K. Bellarabi,81,18000000.0,Starter,K. Bellarabi,RM,S. Feghouli,Galatasaray SK,12500000.0,31.0,-2,53.6,StandingTackle,30.0,4
S. Feghouli,79,12500000.0,Backup,K. Bellarabi,RM,S. Feghouli,Galatasaray SK,12500000.0,31.0,-2,53.6,StandingTackle,32.0,4
K. Bellarabi,81,18000000.0,Starter,K. Bellarabi,RM,S. Feghouli,Galatasaray SK,12500000.0,31.0,-2,53.6,Strength,68.0,5
S. Feghouli,79,12500000.0,Backup,K. Bellarabi,RM,S. Feghouli,Galatasaray SK,12500000.0,31.0,-2,53.6,Strength,58.0,5
K. Bellarabi,81,18000000.0,Starter,K. Bellarabi,RM,S. Feghouli,Galatasaray SK,12500000.0,31.0,-2,53.6,SprintSpeed,91.0,6
S. Feghouli,79,12500000.0,Backup,K. Bellarabi,RM,S. Feghouli,Galatasaray SK,12500000.0,31.0,-2,53.6,SprintSpeed,89.0,6
S. Zaza,81,21000000.0,Starter,S. Zaza,RS,J. Córdoba,1. FC Köln,7500000.0,64.0,-7,36.8,SprintSpeed,79.0,0
J. Córdoba,74,7500000.0,Backup,S. Zaza,RS,J. Córdoba,1. FC Köln,7500000.0,64.0,-7,36.8,SprintSpeed,84.0,0
S. Zaza,81,21000000.0,Starter,S. Zaza,RS,J. Córdoba,1. FC Köln,7500000.0,64.0,-7,36.8,Finishing,80.0,1
J. Córdoba,74,7500000.0,Backup,S. Zaza,RS,J. Córdoba,1. FC Köln,7500000.0,64.0,-7,36.8,Finishing,67.0,1
S. Zaza,81,21000000.0,Starter,S. Zaza,RS,J. Córdoba,1. FC Köln,7500000.0,64.0,-7,36.8,ShortPassing,71.0,2
J. Córdoba,74,7500000.0,Backup,S. Zaza,RS,J. Córdoba,1. FC Köln,7500000.0,64.0,-7,36.8,ShortPassing,67.0,2
S. Zaza,81,21000000.0,Starter,S. Zaza,RS,J. Córdoba,1. FC Köln,7500000.0,64.0,-7,36.8,Dribbling,77.0,3
J. Córdoba,74,7500000.0,Backup,S. Zaza,RS,J. Córdoba,1. FC Köln,7500000.0,64.0,-7,36.8,Dribbling,72.0,3
S. Zaza,81,21000000.0,Starter,S. Zaza,RS,J. Córdoba,1. FC Köln,7500000.0,64.0,-7,36.8,StandingTackle,42.0,4
J. Córdoba,74,7500000.0,Backup,S. Zaza,RS,J. Córdoba,1. FC Köln,7500000.0,64.0,-7,36.8,StandingTackle,39.0,4
S. Zaza,81,21000000.0,Starter,S. Zaza,RS,J. Córdoba,1. FC Köln,7500000.0,64.0,-7,36.8,Strength,88.0,5
J. Córdoba,74,7500000.0,Backup,S. Zaza,RS,J. Córdoba,1. FC Köln,7500000.0,64.0,-7,36.8,Strength,89.0,5
S. Zaza,81,21000000.0,Starter,S. Zaza,RS,J. Córdoba,1. FC Köln,7500000.0,64.0,-7,36.8,SprintSpeed,79.0,6
J. Córdoba,74,7500000.0,Backup,S. Zaza,RS,J. Córdoba,1. FC Köln,7500000.0,64.0,-7,36.8,SprintSpeed,84.0,6
F. Ghoulam,81,16500000.0,Starter,F. Ghoulam,LB,O. Wendt,Borussia Mönchengladbach,4300000.0,74.0,-5,54.0,SprintSpeed,82.0,0
O. Wendt,76,4300000.0,Backup,F. Ghoulam,LB,O. Wendt,Borussia Mönchengladbach,4300000.0,74.0,-5,54.0,SprintSpeed,76.0,0
F. Ghoulam,81,16500000.0,Starter,F. Ghoulam,LB,O. Wendt,Borussia Mönchengladbach,4300000.0,74.0,-5,54.0,Finishing,54.0,1
O. Wendt,76,4300000.0,Backup,F. Ghoulam,LB,O. Wendt,Borussia Mönchengladbach,4300000.0,74.0,-5,54.0,Finishing,56.0,1
F. Ghoulam,81,16500000.0,Starter,F. Ghoulam,LB,O. Wendt,Borussia Mönchengladbach,4300000.0,74.0,-5,54.0,ShortPassing,79.0,2
O. Wendt,76,4300000.0,Backup,F. Ghoulam,LB,O. Wendt,Borussia Mönchengladbach,4300000.0,74.0,-5,54.0,ShortPassing,77.0,2
F. Ghoulam,81,16500000.0,Starter,F. Ghoulam,LB,O. Wendt,Borussia Mönchengladbach,4300000.0,74.0,-5,54.0,Dribbling,79.0,3
O. Wendt,76,4300000.0,Backup,F. Ghoulam,LB,O. Wendt,Borussia Mönchengladbach,4300000.0,74.0,-5,54.0,Dribbling,73.0,3
F. Ghoulam,81,16500000.0,Starter,F. Ghoulam,LB,O. Wendt,Borussia Mönchengladbach,4300000.0,74.0,-5,54.0,StandingTackle,81.0,4
O. Wendt,76,4300000.0,Backup,F. Ghoulam,LB,O. Wendt,Borussia Mönchengladbach,4300000.0,74.0,-5,54.0,StandingTackle,77.0,4
F. Ghoulam,81,16500000.0,Starter,F. Ghoulam,LB,O. Wendt,Borussia Mönchengladbach,4300000.0,74.0,-5,54.0,Strength,68.0,5
O. Wendt,76,4300000.0,Backup,F. Ghoulam,LB,O. Wendt,Borussia Mönchengladbach,4300000.0,74.0,-5,54.0,Strength,67.0,5
F. Ghoulam,81,16500000.0,Starter,F. Ghoulam,LB,O. Wendt,Borussia Mönchengladbach,4300000.0,74.0,-5,54.0,SprintSpeed,82.0,6
O. Wendt,76,4300000.0,Backup,F. Ghoulam,LB,O. Wendt,Borussia Mönchengladbach,4300000.0,74.0,-5,54.0,SprintSpeed,76.0,6
B. Lecomte,81,15000000.0,Starter,B. Lecomte,GK,H. Tekin,Fenerbahçe SK,6000000.0,60.0,-5,58.3,SprintSpeed,40.0,0
H. Tekin,76,6000000.0,Backup,B. Lecomte,GK,H. Tekin,Fenerbahçe SK,6000000.0,60.0,-5,58.3,SprintSpeed,37.0,0
B. Lecomte,81,15000000.0,Starter,B. Lecomte,GK,H. Tekin,Fenerbahçe SK,6000000.0,60.0,-5,58.3,Finishing,11.0,1
H. Tekin,76,6000000.0,Backup,B. Lecomte,GK,H. Tekin,Fenerbahçe SK,6000000.0,60.0,-5,58.3,Finishing,10.0,1
B. Lecomte,81,15000000.0,Starter,B. Lecomte,GK,H. Tekin,Fenerbahçe SK,6000000.0,60.0,-5,58.3,ShortPassing,17.0,2
H. Tekin,76,6000000.0,Backup,B. Lecomte,GK,H. Tekin,Fenerbahçe SK,6000000.0,60.0,-5,58.3,ShortPassing,23.0,2
B. Lecomte,81,15000000.0,Starter,B. Lecomte,GK,H. Tekin,Fenerbahçe SK,6000000.0,60.0,-5,58.3,Dribbling,11.0,3
H. Tekin,76,6000000.0,Backup,B. Lecomte,GK,H. Tekin,Fenerbahçe SK,6000000.0,60.0,-5,58.3,Dribbling,14.0,3
B. Lecomte,81,15000000.0,Starter,B. Lecomte,GK,H. Tekin,Fenerbahçe SK,6000000.0,60.0,-5,58.3,StandingTackle,11.0,4
H. Tekin,76,6000000.0,Backup,B. Lecomte,GK,H. Tekin,Fenerbahçe SK,6000000.0,60.0,-5,58.3,StandingTackle,14.0,4
B. Lecomte,81,15000000.0,Starter,B. Lecomte,GK,H. Tekin,Fenerbahçe SK,6000000.0,60.0,-5,58.3,Strength,55.0,5
H. Tekin,76,6000000.0,Backup,B. Lecomte,GK,H. Tekin,Fenerbahçe SK,6000000.0,60.0,-5,58.3,Strength,51.0,5
B. Lecomte,81,15000000.0,Starter,B. Lecomte,GK,H. Tekin,Fenerbahçe SK,6000000.0,60.0,-5,58.3,SprintSpeed,40.0,6
H. Tekin,76,6000000.0,Backup,B. Lecomte,GK,H. Tekin,Fenerbahçe SK,6000000.0,60.0,-5,58.3,SprintSpeed,37.0,6
J. Iličić,81,17000000.0,Starter,J. Iličić,CAM,K. Fortounis,Olympiacos CFP,11000000.0,35.0,-4,29.6,SprintSpeed,70.0,0
K. Fortounis,77,11000000.0,Backup,J. Iličić,CAM,K. Fortounis,Olympiacos CFP,11000000.0,35.0,-4,29.6,SprintSpeed,77.0,0
J. Iličić,81,17000000.0,Starter,J. Iličić,CAM,K. Fortounis,Olympiacos CFP,11000000.0,35.0,-4,29.6,Finishing,78.0,1
K. Fortounis,77,11000000.0,Backup,J. Iličić,CAM,K. Fortounis,Olympiacos CFP,11000000.0,35.0,-4,29.6,Finishing,72.0,1
J. Iličić,81,17000000.0,Starter,J. Iličić,CAM,K. Fortounis,Olympiacos CFP,11000000.0,35.0,-4,29.6,ShortPassing,82.0,2
K. Fortounis,77,11000000.0,Backup,J. Iličić,CAM,K. Fortounis,Olympiacos CFP,11000000.0,35.0,-4,29.6,ShortPassing,77.0,2
J. Iličić,81,17000000.0,Starter,J. Iličić,CAM,K. Fortounis,Olympiacos CFP,11000000.0,35.0,-4,29.6,Dribbling,83.0,3
K. Fortounis,77,11000000.0,Backup,J. Iličić,CAM,K. Fortounis,Olympiacos CFP,11000000.0,35.0,-4,29.6,Dribbling,81.0,3
J. Iličić,81,17000000.0,Starter,J. Iličić,CAM,K. Fortounis,Olympiacos CFP,11000000.0,35.0,-4,29.6,StandingTackle,32.0,4
K. Fortounis,77,11000000.0,Backup,J. Iličić,CAM,K. Fortounis,Olympiacos CFP,11000000.0,35.0,-4,29.6,StandingTackle,35.0,4
J. Iličić,81,17000000.0,Starter,J. Iličić,CAM,K. Fortounis,Olympiacos CFP,11000000.0,35.0,-4,29.6,Strength,74.0,5
K. Fortounis,77,11000000.0,Backup,J. Iličić,CAM,K. Fortounis,Olympiacos CFP,11000000.0,35.0,-4,29.6,Strength,66.0,5
J. Iličić,81,17000000.0,Starter,J. Iličić,CAM,K. Fortounis,Olympiacos CFP,11000000.0,35.0,-4,29.6,SprintSpeed,70.0,6
K. Fortounis,77,11000000.0,Backup,J. Iličić,CAM,K. Fortounis,Olympiacos CFP,11000000.0,35.0,-4,29.6,SprintSpeed,77.0,6
K. Volland,81,22000000.0,Starter,K. Volland,ST,Elkeson,Shanghai SIPG FC,13000000.0,41.0,-2,44.7,SprintSpeed,77.0,0
Elkeson,79,13000000.0,Backup,K. Volland,ST,Elkeson,Shanghai SIPG FC,13000000.0,41.0,-2,44.7,SprintSpeed,76.0,0
K. Volland,81,22000000.0,Starter,K. Volland,ST,Elkeson,Shanghai SIPG FC,13000000.0,41.0,-2,44.7,Finishing,81.0,1
Elkeson,79,13000000.0,Backup,K. Volland,ST,Elkeson,Shanghai SIPG FC,13000000.0,41.0,-2,44.7,Finishing,75.0,1
K. Volland,81,22000000.0,Starter,K. Volland,ST,Elkeson,Shanghai SIPG FC,13000000.0,41.0,-2,44.7,ShortPassing,81.0,2
Elkeson,79,13000000.0,Backup,K. Volland,ST,Elkeson,Shanghai SIPG FC,13000000.0,41.0,-2,44.7,ShortPassing,75.0,2
K. Volland,81,22000000.0,Starter,K. Volland,ST,Elkeson,Shanghai SIPG FC,13000000.0,41.0,-2,44.7,Dribbling,79.0,3
Elkeson,79,13000000.0,Backup,K. Volland,ST,Elkeson,Shanghai SIPG FC,13000000.0,41.0,-2,44.7,Dribbling,76.0,3
K. Volland,81,22000000.0,Starter,K. Volland,ST,Elkeson,Shanghai SIPG FC,13000000.0,41.0,-2,44.7,StandingTackle,50.0,4
Elkeson,79,13000000.0,Backup,K. Volland,ST,Elkeson,Shanghai SIPG FC,13000000.0,41.0,-2,44.7,StandingTackle,57.0,4
K. Volland,81,22000000.0,Starter,K. Volland,ST,Elkeson,Shanghai SIPG FC,13000000.0,41.0,-2,44.7,Strength,82.0,5
Elkeson,79,13000000.0,Backup,K. Volland,ST,Elkeson,Shanghai SIPG FC,13000000.0,41.0,-2,44.7,Strength,77.0,5
K. Volland,81,22000000.0,Starter,K. Volland,ST,Elkeson,Shanghai SIPG FC,13000000.0,41.0,-2,44.7,SprintSpeed,77.0,6
Elkeson,79,13000000.0,Backup,K. Volland,ST,Elkeson,Shanghai SIPG FC,13000000.0,41.0,-2,44.7,SprintSpeed,76.0,6
Paco Alcácer,81,23500000.0,Starter,Paco Alcácer,ST,G. Simeone,Fiorentina,15000000.0,36.0,-3,46.1,SprintSpeed,80.0,0
G. Simeone,78,15000000.0,Backup,Paco Alcácer,ST,G. Simeone,Fiorentina,15000000.0,36.0,-3,46.1,SprintSpeed,78.0,0
Paco Alcácer,81,23500000.0,Starter,Paco Alcácer,ST,G. Simeone,Fiorentina,15000000.0,36.0,-3,46.1,Finishing,85.0,1
G. Simeone,78,15000000.0,Backup,Paco Alcácer,ST,G. Simeone,Fiorentina,15000000.0,36.0,-3,46.1,Finishing,80.0,1
Paco Alcácer,81,23500000.0,Starter,Paco Alcácer,ST,G. Simeone,Fiorentina,15000000.0,36.0,-3,46.1,ShortPassing,76.0,2
G. Simeone,78,15000000.0,Backup,Paco Alcácer,ST,G. Simeone,Fiorentina,15000000.0,36.0,-3,46.1,ShortPassing,68.0,2
Paco Alcácer,81,23500000.0,Starter,Paco Alcácer,ST,G. Simeone,Fiorentina,15000000.0,36.0,-3,46.1,Dribbling,78.0,3
G. Simeone,78,15000000.0,Backup,Paco Alcácer,ST,G. Simeone,Fiorentina,15000000.0,36.0,-3,46.1,Dribbling,76.0,3
Paco Alcácer,81,23500000.0,Starter,Paco Alcácer,ST,G. Simeone,Fiorentina,15000000.0,36.0,-3,46.1,StandingTackle,21.0,4
G. Simeone,78,15000000.0,Backup,Paco Alcácer,ST,G. Simeone,Fiorentina,15000000.0,36.0,-3,46.1,StandingTackle,29.0,4
Paco Alcácer,81,23500000.0,Starter,Paco Alcácer,ST,G. Simeone,Fiorentina,15000000.0,36.0,-3,46.1,Strength,64.0,5
G. Simeone,78,15000000.0,Backup,Paco Alcácer,ST,G. Simeone,Fiorentina,15000000.0,36.0,-3,46.1,Strength,72.0,5
Paco Alcácer,81,23500000.0,Starter,Paco Alcácer,ST,G. Simeone,Fiorentina,15000000.0,36.0,-3,46.1,SprintSpeed,80.0,6
G. Simeone,78,15000000.0,Backup,Paco Alcácer,ST,G. Simeone,Fiorentina,15000000.0,36.0,-3,46.1,SprintSpeed,78.0,6
Vitolo,81,18000000.0,Starter,Vitolo,LM,Bebé,Rayo Vallecano,6000000.0,67.0,-7,36.3,SprintSpeed,77.0,0
Bebé,74,6000000.0,Backup,Vitolo,LM,Bebé,Rayo Vallecano,6000000.0,67.0,-7,36.3,SprintSpeed,88.0,0
Vitolo,81,18000000.0,Starter,Vitolo,LM,Bebé,Rayo Vallecano,6000000.0,67.0,-7,36.3,Finishing,77.0,1
Bebé,74,6000000.0,Backup,Vitolo,LM,Bebé,Rayo Vallecano,6000000.0,67.0,-7,36.3,Finishing,73.0,1
Vitolo,81,18000000.0,Starter,Vitolo,LM,Bebé,Rayo Vallecano,6000000.0,67.0,-7,36.3,ShortPassing,79.0,2
Bebé,74,6000000.0,Backup,Vitolo,LM,Bebé,Rayo Vallecano,6000000.0,67.0,-7,36.3,ShortPassing,71.0,2
Vitolo,81,18000000.0,Starter,Vitolo,LM,Bebé,Rayo Vallecano,6000000.0,67.0,-7,36.3,Dribbling,84.0,3
Bebé,74,6000000.0,Backup,Vitolo,LM,Bebé,Rayo Vallecano,6000000.0,67.0,-7,36.3,Dribbling,76.0,3
Vitolo,81,18000000.0,Starter,Vitolo,LM,Bebé,Rayo Vallecano,6000000.0,67.0,-7,36.3,StandingTackle,21.0,4
Bebé,74,6000000.0,Backup,Vitolo,LM,Bebé,Rayo Vallecano,6000000.0,67.0,-7,36.3,StandingTackle,28.0,4
Vitolo,81,18000000.0,Starter,Vitolo,LM,Bebé,Rayo Vallecano,6000000.0,67.0,-7,36.3,Strength,81.0,5
Bebé,74,6000000.0,Backup,Vitolo,LM,Bebé,Rayo Vallecano,6000000.0,67.0,-7,36.3,Strength,89.0,5
Vitolo,81,18000000.0,Starter,Vitolo,LM,Bebé,Rayo Vallecano,6000000.0,67.0,-7,36.3,SprintSpeed,77.0,6
Bebé,74,6000000.0,Backup,Vitolo,LM,Bebé,Rayo Vallecano,6000000.0,67.0,-7,36.3,SprintSpeed,88.0,6
G. Xhaka,81,22000000.0,Starter,G. Xhaka,LDM,Abraham González,Lobos BUAP,3000000.0,86.0,-8,16.9,SprintSpeed,49.0,0
Abraham González,73,3000000.0,Backup,G. Xhaka,LDM,Abraham González,Lobos BUAP,3000000.0,86.0,-8,16.9,SprintSpeed,64.0,0
G. Xhaka,81,22000000.0,Starter,G. Xhaka,LDM,Abraham González,Lobos BUAP,3000000.0,86.0,-8,16.9,Finishing,49.0,1
Abraham González,73,3000000.0,Backup,G. Xhaka,LDM,Abraham González,Lobos BUAP,3000000.0,86.0,-8,16.9,Finishing,59.0,1
G. Xhaka,81,22000000.0,Starter,G. Xhaka,LDM,Abraham González,Lobos BUAP,3000000.0,86.0,-8,16.9,ShortPassing,85.0,2
Abraham González,73,3000000.0,Backup,G. Xhaka,LDM,Abraham González,Lobos BUAP,3000000.0,86.0,-8,16.9,ShortPassing,80.0,2
G. Xhaka,81,22000000.0,Starter,G. Xhaka,LDM,Abraham González,Lobos BUAP,3000000.0,86.0,-8,16.9,Dribbling,70.0,3
Abraham González,73,3000000.0,Backup,G. Xhaka,LDM,Abraham González,Lobos BUAP,3000000.0,86.0,-8,16.9,Dribbling,64.0,3
G. Xhaka,81,22000000.0,Starter,G. Xhaka,LDM,Abraham González,Lobos BUAP,3000000.0,86.0,-8,16.9,StandingTackle,72.0,4
Abraham González,73,3000000.0,Backup,G. Xhaka,LDM,Abraham González,Lobos BUAP,3000000.0,86.0,-8,16.9,StandingTackle,68.0,4
G. Xhaka,81,22000000.0,Starter,G. Xhaka,LDM,Abraham González,Lobos BUAP,3000000.0,86.0,-8,16.9,Strength,75.0,5
Abraham González,73,3000000.0,Backup,G. Xhaka,LDM,Abraham González,Lobos BUAP,3000000.0,86.0,-8,16.9,Strength,68.0,5
G. Xhaka,81,22000000.0,Starter,G. Xhaka,LDM,Abraham González,Lobos BUAP,3000000.0,86.0,-8,16.9,SprintSpeed,49.0,6
Abraham González,73,3000000.0,Backup,G. Xhaka,LDM,Abraham González,Lobos BUAP,3000000.0,86.0,-8,16.9,SprintSpeed,64.0,6
D. Tadić,81,17500000.0,Starter,D. Tadić,LAM,Leo Caldeirinha,Vitória,2800000.0,84.0,-7,29.6,SprintSpeed,68.0,0
Leo Caldeirinha,74,2800000.0,Backup,D. Tadić,LAM,Leo Caldeirinha,Vitória,2800000.0,84.0,-7,29.6,SprintSpeed,69.0,0
D. Tadić,81,17500000.0,Starter,D. Tadić,LAM,Leo Caldeirinha,Vitória,2800000.0,84.0,-7,29.6,Finishing,74.0,1
Leo Caldeirinha,74,2800000.0,Backup,D. Tadić,LAM,Leo Caldeirinha,Vitória,2800000.0,84.0,-7,29.6,Finishing,72.0,1
D. Tadić,81,17500000.0,Starter,D. Tadić,LAM,Leo Caldeirinha,Vitória,2800000.0,84.0,-7,29.6,ShortPassing,81.0,2
Leo Caldeirinha,74,2800000.0,Backup,D. Tadić,LAM,Leo Caldeirinha,Vitória,2800000.0,84.0,-7,29.6,ShortPassing,73.0,2
D. Tadić,81,17500000.0,Starter,D. Tadić,LAM,Leo Caldeirinha,Vitória,2800000.0,84.0,-7,29.6,Dribbling,85.0,3
Leo Caldeirinha,74,2800000.0,Backup,D. Tadić,LAM,Leo Caldeirinha,Vitória,2800000.0,84.0,-7,29.6,Dribbling,75.0,3
D. Tadić,81,17500000.0,Starter,D. Tadić,LAM,Leo Caldeirinha,Vitória,2800000.0,84.0,-7,29.6,StandingTackle,34.0,4
Leo Caldeirinha,74,2800000.0,Backup,D. Tadić,LAM,Leo Caldeirinha,Vitória,2800000.0,84.0,-7,29.6,StandingTackle,24.0,4
D. Tadić,81,17500000.0,Starter,D. Tadić,LAM,Leo Caldeirinha,Vitória,2800000.0,84.0,-7,29.6,Strength,62.0,5
Leo Caldeirinha,74,2800000.0,Backup,D. Tadić,LAM,Leo Caldeirinha,Vitória,2800000.0,84.0,-7,29.6,Strength,64.0,5
D. Tadić,81,17500000.0,Starter,D. Tadić,LAM,Leo Caldeirinha,Vitória,2800000.0,84.0,-7,29.6,SprintSpeed,68.0,6
Leo Caldeirinha,74,2800000.0,Backup,D. Tadić,LAM,Leo Caldeirinha,Vitória,2800000.0,84.0,-7,29.6,SprintSpeed,69.0,6
C. Aránguiz,81,17000000.0,Starter,C. Aránguiz,LDM,A. Fernández,Beijing Renhe FC,11000000.0,35.0,-1,43.6,SprintSpeed,65.0,0
A. Fernández,80,11000000.0,Backup,C. Aránguiz,LDM,A. Fernández,Beijing Renhe FC,11000000.0,35.0,-1,43.6,SprintSpeed,71.0,0
C. Aránguiz,81,17000000.0,Starter,C. Aránguiz,LDM,A. Fernández,Beijing Renhe FC,11000000.0,35.0,-1,43.6,Finishing,64.0,1
A. Fernández,80,11000000.0,Backup,C. Aránguiz,LDM,A. Fernández,Beijing Renhe FC,11000000.0,35.0,-1,43.6,Finishing,69.0,1
C. Aránguiz,81,17000000.0,Starter,C. Aránguiz,LDM,A. Fernández,Beijing Renhe FC,11000000.0,35.0,-1,43.6,ShortPassing,84.0,2
A. Fernández,80,11000000.0,Backup,C. Aránguiz,LDM,A. Fernández,Beijing Renhe FC,11000000.0,35.0,-1,43.6,ShortPassing,81.0,2
C. Aránguiz,81,17000000.0,Starter,C. Aránguiz,LDM,A. Fernández,Beijing Renhe FC,11000000.0,35.0,-1,43.6,Dribbling,75.0,3
A. Fernández,80,11000000.0,Backup,C. Aránguiz,LDM,A. Fernández,Beijing Renhe FC,11000000.0,35.0,-1,43.6,Dribbling,78.0,3
C. Aránguiz,81,17000000.0,Starter,C. Aránguiz,LDM,A. Fernández,Beijing Renhe FC,11000000.0,35.0,-1,43.6,StandingTackle,71.0,4
A. Fernández,80,11000000.0,Backup,C. Aránguiz,LDM,A. Fernández,Beijing Renhe FC,11000000.0,35.0,-1,43.6,StandingTackle,76.0,4
C. Aránguiz,81,17000000.0,Starter,C. Aránguiz,LDM,A. Fernández,Beijing Renhe FC,11000000.0,35.0,-1,43.6,Strength,63.0,5
A. Fernández,80,11000000.0,Backup,C. Aránguiz,LDM,A. Fernández,Beijing Renhe FC,11000000.0,35.0,-1,43.6,Strength,73.0,5
C. Aránguiz,81,17000000.0,Starter,C. Aránguiz,LDM,A. Fernández,Beijing Renhe FC,11000000.0,35.0,-1,43.6,SprintSpeed,65.0,6
A. Fernández,80,11000000.0,Backup,C. Aránguiz,LDM,A. Fernández,Beijing Renhe FC,11000000.0,35.0,-1,43.6,SprintSpeed,71.0,6
S. Verdi,81,19500000.0,Starter,S. Verdi,RW,Gabriel Boschilia,FC Nantes,10500000.0,46.0,-5,28.5,SprintSpeed,86.0,0
Gabriel Boschilia,76,10500000.0,Backup,S. Verdi,RW,Gabriel Boschilia,FC Nantes,10500000.0,46.0,-5,28.5,SprintSpeed,73.0,0
S. Verdi,81,19500000.0,Starter,S. Verdi,RW,Gabriel Boschilia,FC Nantes,10500000.0,46.0,-5,28.5,Finishing,67.0,1
Gabriel Boschilia,76,10500000.0,Backup,S. Verdi,RW,Gabriel Boschilia,FC Nantes,10500000.0,46.0,-5,28.5,Finishing,73.0,1
S. Verdi,81,19500000.0,Starter,S. Verdi,RW,Gabriel Boschilia,FC Nantes,10500000.0,46.0,-5,28.5,ShortPassing,82.0,2
Gabriel Boschilia,76,10500000.0,Backup,S. Verdi,RW,Gabriel Boschilia,FC Nantes,10500000.0,46.0,-5,28.5,ShortPassing,75.0,2
S. Verdi,81,19500000.0,Starter,S. Verdi,RW,Gabriel Boschilia,FC Nantes,10500000.0,46.0,-5,28.5,Dribbling,84.0,3
Gabriel Boschilia,76,10500000.0,Backup,S. Verdi,RW,Gabriel Boschilia,FC Nantes,10500000.0,46.0,-5,28.5,Dribbling,80.0,3
S. Verdi,81,19500000.0,Starter,S. Verdi,RW,Gabriel Boschilia,FC Nantes,10500000.0,46.0,-5,28.5,StandingTackle,48.0,4
Gabriel Boschilia,76,10500000.0,Backup,S. Verdi,RW,Gabriel Boschilia,FC Nantes,10500000.0,46.0,-5,28.5,StandingTackle,48.0,4
S. Verdi,81,19500000.0,Starter,S. Verdi,RW,Gabriel Boschilia,FC Nantes,10500000.0,46.0,-5,28.5,Strength,48.0,5
Gabriel Boschilia,76,10500000.0,Backup,S. Verdi,RW,Gabriel Boschilia,FC Nantes,10500000.0,46.0,-5,28.5,Strength,43.0,5
S. Verdi,81,19500000.0,Starter,S. Verdi,RW,Gabriel Boschilia,FC Nantes,10500000.0,46.0,-5,28.5,SprintSpeed,86.0,6
Gabriel Boschilia,76,10500000.0,Backup,S. Verdi,RW,Gabriel Boschilia,FC Nantes,10500000.0,46.0,-5,28.5,SprintSpeed,73.0,6
D. Lovren,81,16000000.0,Starter,D. Lovren,RCB,S. Cook,Bournemouth,8500000.0,47.0,-3,28.6,SprintSpeed,55.0,0
S. Cook,78,8500000.0,Backup,D. Lovren,RCB,S. Cook,Bournemouth,8500000.0,47.0,-3,28.6,SprintSpeed,53.0,0
D. Lovren,81,16000000.0,Starter,D. Lovren,RCB,S. Cook,Bournemouth,8500000.0,47.0,-3,28.6,Finishing,33.0,1
S. Cook,78,8500000.0,Backup,D. Lovren,RCB,S. Cook,Bournemouth,8500000.0,47.0,-3,28.6,Finishing,31.0,1
D. Lovren,81,16000000.0,Starter,D. Lovren,RCB,S. Cook,Bournemouth,8500000.0,47.0,-3,28.6,ShortPassing,69.0,2
S. Cook,78,8500000.0,Backup,D. Lovren,RCB,S. Cook,Bournemouth,8500000.0,47.0,-3,28.6,ShortPassing,70.0,2
D. Lovren,81,16000000.0,Starter,D. Lovren,RCB,S. Cook,Bournemouth,8500000.0,47.0,-3,28.6,Dribbling,63.0,3
S. Cook,78,8500000.0,Backup,D. Lovren,RCB,S. Cook,Bournemouth,8500000.0,47.0,-3,28.6,Dribbling,54.0,3
D. Lovren,81,16000000.0,Starter,D. Lovren,RCB,S. Cook,Bournemouth,8500000.0,47.0,-3,28.6,StandingTackle,83.0,4
S. Cook,78,8500000.0,Backup,D. Lovren,RCB,S. Cook,Bournemouth,8500000.0,47.0,-3,28.6,StandingTackle,78.0,4
D. Lovren,81,16000000.0,Starter,D. Lovren,RCB,S. Cook,Bournemouth,8500000.0,47.0,-3,28.6,Strength,82.0,5
S. Cook,78,8500000.0,Backup,D. Lovren,RCB,S. Cook,Bournemouth,8500000.0,47.0,-3,28.6,Strength,78.0,5
D. Lovren,81,16000000.0,Starter,D. Lovren,RCB,S. Cook,Bournemouth,8500000.0,47.0,-3,28.6,SprintSpeed,55.0,6
S. Cook,78,8500000.0,Backup,D. Lovren,RCB,S. Cook,Bournemouth,8500000.0,47.0,-3,28.6,SprintSpeed,53.0,6
G. Medel,81,13000000.0,Starter,G. Medel,RCB,Luís Hernández,Málaga CF,5000000.0,62.0,-6,17.5,SprintSpeed,70.0,0
Luís Hernández,75,5000000.0,Backup,G. Medel,RCB,Luís Hernández,Málaga CF,5000000.0,62.0,-6,17.5,SprintSpeed,69.0,0
G. Medel,81,13000000.0,Starter,G. Medel,RCB,Luís Hernández,Málaga CF,5000000.0,62.0,-6,17.5,Finishing,31.0,1
Luís Hernández,75,5000000.0,Backup,G. Medel,RCB,Luís Hernández,Málaga CF,5000000.0,62.0,-6,17.5,Finishing,37.0,1
G. Medel,81,13000000.0,Starter,G. Medel,RCB,Luís Hernández,Málaga CF,5000000.0,62.0,-6,17.5,ShortPassing,79.0,2
Luís Hernández,75,5000000.0,Backup,G. Medel,RCB,Luís Hernández,Málaga CF,5000000.0,62.0,-6,17.5,ShortPassing,72.0,2
G. Medel,81,13000000.0,Starter,G. Medel,RCB,Luís Hernández,Málaga CF,5000000.0,62.0,-6,17.5,Dribbling,63.0,3
Luís Hernández,75,5000000.0,Backup,G. Medel,RCB,Luís Hernández,Málaga CF,5000000.0,62.0,-6,17.5,Dribbling,59.0,3
G. Medel,81,13000000.0,Starter,G. Medel,RCB,Luís Hernández,Málaga CF,5000000.0,62.0,-6,17.5,StandingTackle,84.0,4
Luís Hernández,75,5000000.0,Backup,G. Medel,RCB,Luís Hernández,Málaga CF,5000000.0,62.0,-6,17.5,StandingTackle,75.0,4
G. Medel,81,13000000.0,Starter,G. Medel,RCB,Luís Hernández,Málaga CF,5000000.0,62.0,-6,17.5,Strength,83.0,5
Luís Hernández,75,5000000.0,Backup,G. Medel,RCB,Luís Hernández,Málaga CF,5000000.0,62.0,-6,17.5,Strength,75.0,5
G. Medel,81,13000000.0,Starter,G. Medel,RCB,Luís Hernández,Málaga CF,5000000.0,62.0,-6,17.5,SprintSpeed,70.0,6
Luís Hernández,75,5000000.0,Backup,G. Medel,RCB,Luís Hernández,Málaga CF,5000000.0,62.0,-6,17.5,SprintSpeed,69.0,6
X. Shaqiri,81,19000000.0,Starter,X. Shaqiri,CAM,João Novais,SC Braga,13000000.0,32.0,-3,41.2,SprintSpeed,77.0,0
João Novais,78,13000000.0,Backup,X. Shaqiri,CAM,João Novais,SC Braga,13000000.0,32.0,-3,41.2,SprintSpeed,70.0,0
X. Shaqiri,81,19000000.0,Starter,X. Shaqiri,CAM,João Novais,SC Braga,13000000.0,32.0,-3,41.2,Finishing,71.0,1
João Novais,78,13000000.0,Backup,X. Shaqiri,CAM,João Novais,SC Braga,13000000.0,32.0,-3,41.2,Finishing,72.0,1
X. Shaqiri,81,19000000.0,Starter,X. Shaqiri,CAM,João Novais,SC Braga,13000000.0,32.0,-3,41.2,ShortPassing,81.0,2
João Novais,78,13000000.0,Backup,X. Shaqiri,CAM,João Novais,SC Braga,13000000.0,32.0,-3,41.2,ShortPassing,78.0,2
X. Shaqiri,81,19000000.0,Starter,X. Shaqiri,CAM,João Novais,SC Braga,13000000.0,32.0,-3,41.2,Dribbling,86.0,3
João Novais,78,13000000.0,Backup,X. Shaqiri,CAM,João Novais,SC Braga,13000000.0,32.0,-3,41.2,Dribbling,78.0,3
X. Shaqiri,81,19000000.0,Starter,X. Shaqiri,CAM,João Novais,SC Braga,13000000.0,32.0,-3,41.2,StandingTackle,49.0,4
João Novais,78,13000000.0,Backup,X. Shaqiri,CAM,João Novais,SC Braga,13000000.0,32.0,-3,41.2,StandingTackle,57.0,4
X. Shaqiri,81,19000000.0,Starter,X. Shaqiri,CAM,João Novais,SC Braga,13000000.0,32.0,-3,41.2,Strength,73.0,5
João Novais,78,13000000.0,Backup,X. Shaqiri,CAM,João Novais,SC Braga,13000000.0,32.0,-3,41.2,Strength,68.0,5
X. Shaqiri,81,19000000.0,Starter,X. Shaqiri,CAM,João Novais,SC Braga,13000000.0,32.0,-3,41.2,SprintSpeed,77.0,6
João Novais,78,13000000.0,Backup,X. Shaqiri,CAM,João Novais,SC Braga,13000000.0,32.0,-3,41.2,SprintSpeed,70.0,6
J. Corona,81,21500000.0,Starter,J. Corona,RM,I. Traoré,Borussia Mönchengladbach,12000000.0,44.0,-2,38.3,SprintSpeed,79.0,0
I. Traoré,79,12000000.0,Backup,J. Corona,RM,I. Traoré,Borussia Mönchengladbach,12000000.0,44.0,-2,38.3,SprintSpeed,79.0,0
J. Corona,81,21500000.0,Starter,J. Corona,RM,I. Traoré,Borussia Mönchengladbach,12000000.0,44.0,-2,38.3,Finishing,76.0,1
I. Traoré,79,12000000.0,Backup,J. Corona,RM,I. Traoré,Borussia Mönchengladbach,12000000.0,44.0,-2,38.3,Finishing,66.0,1
J. Corona,81,21500000.0,Starter,J. Corona,RM,I. Traoré,Borussia Mönchengladbach,12000000.0,44.0,-2,38.3,ShortPassing,76.0,2
I. Traoré,79,12000000.0,Backup,J. Corona,RM,I. Traoré,Borussia Mönchengladbach,12000000.0,44.0,-2,38.3,ShortPassing,76.0,2
J. Corona,81,21500000.0,Starter,J. Corona,RM,I. Traoré,Borussia Mönchengladbach,12000000.0,44.0,-2,38.3,Dribbling,91.0,3
I. Traoré,79,12000000.0,Backup,J. Corona,RM,I. Traoré,Borussia Mönchengladbach,12000000.0,44.0,-2,38.3,Dribbling,85.0,3
J. Corona,81,21500000.0,Starter,J. Corona,RM,I. Traoré,Borussia Mönchengladbach,12000000.0,44.0,-2,38.3,StandingTackle,40.0,4
I. Traoré,79,12000000.0,Backup,J. Corona,RM,I. Traoré,Borussia Mönchengladbach,12000000.0,44.0,-2,38.3,StandingTackle,43.0,4
J. Corona,81,21500000.0,Starter,J. Corona,RM,I. Traoré,Borussia Mönchengladbach,12000000.0,44.0,-2,38.3,Strength,39.0,5
I. Traoré,79,12000000.0,Backup,J. Corona,RM,I. Traoré,Borussia Mönchengladbach,12000000.0,44.0,-2,38.3,Strength,43.0,5
J. Corona,81,21500000.0,Starter,J. Corona,RM,I. Traoré,Borussia Mönchengladbach,12000000.0,44.0,-2,38.3,SprintSpeed,79.0,6
I. Traoré,79,12000000.0,Backup,J. Corona,RM,I. Traoré,Borussia Mönchengladbach,12000000.0,44.0,-2,38.3,SprintSpeed,79.0,6
A. Areola,81,16500000.0,Starter,A. Areola,GK,Rafael,Sampdoria,4900000.0,70.0,-7,51.9,SprintSpeed,52.0,0
Rafael,74,4900000.0,Backup,A. Areola,GK,Rafael,Sampdoria,4900000.0,70.0,-7,51.9,SprintSpeed,56.0,0
A. Areola,81,16500000.0,Starter,A. Areola,GK,Rafael,Sampdoria,4900000.0,70.0,-7,51.9,Finishing,19.0,1
Rafael,74,4900000.0,Backup,A. Areola,GK,Rafael,Sampdoria,4900000.0,70.0,-7,51.9,Finishing,10.0,1
A. Areola,81,16500000.0,Starter,A. Areola,GK,Rafael,Sampdoria,4900000.0,70.0,-7,51.9,ShortPassing,41.0,2
Rafael,74,4900000.0,Backup,A. Areola,GK,Rafael,Sampdoria,4900000.0,70.0,-7,51.9,ShortPassing,33.0,2
A. Areola,81,16500000.0,Starter,A. Areola,GK,Rafael,Sampdoria,4900000.0,70.0,-7,51.9,Dribbling,12.0,3
Rafael,74,4900000.0,Backup,A. Areola,GK,Rafael,Sampdoria,4900000.0,70.0,-7,51.9,Dribbling,17.0,3
A. Areola,81,16500000.0,Starter,A. Areola,GK,Rafael,Sampdoria,4900000.0,70.0,-7,51.9,StandingTackle,18.0,4
Rafael,74,4900000.0,Backup,A. Areola,GK,Rafael,Sampdoria,4900000.0,70.0,-7,51.9,StandingTackle,11.0,4
A. Areola,81,16500000.0,Starter,A. Areola,GK,Rafael,Sampdoria,4900000.0,70.0,-7,51.9,Strength,80.0,5
Rafael,74,4900000.0,Backup,A. Areola,GK,Rafael,Sampdoria,4900000.0,70.0,-7,51.9,Strength,68.0,5
A. Areola,81,16500000.0,Starter,A. Areola,GK,Rafael,Sampdoria,4900000.0,70.0,-7,51.9,SprintSpeed,52.0,6
Rafael,74,4900000.0,Backup,A. Areola,GK,Rafael,Sampdoria,4900000.0,70.0,-7,51.9,SprintSpeed,56.0,6
K. Vogt,81,17500000.0,Starter,K. Vogt,CB,N. Stark,Hertha BSC,12000000.0,31.0,-3,29.5,SprintSpeed,82.0,0
N. Stark,78,12000000.0,Backup,K. Vogt,CB,N. Stark,Hertha BSC,12000000.0,31.0,-3,29.5,SprintSpeed,79.0,0
K. Vogt,81,17500000.0,Starter,K. Vogt,CB,N. Stark,Hertha BSC,12000000.0,31.0,-3,29.5,Finishing,50.0,1
N. Stark,78,12000000.0,Backup,K. Vogt,CB,N. Stark,Hertha BSC,12000000.0,31.0,-3,29.5,Finishing,50.0,1
K. Vogt,81,17500000.0,Starter,K. Vogt,CB,N. Stark,Hertha BSC,12000000.0,31.0,-3,29.5,ShortPassing,79.0,2
N. Stark,78,12000000.0,Backup,K. Vogt,CB,N. Stark,Hertha BSC,12000000.0,31.0,-3,29.5,ShortPassing,76.0,2
K. Vogt,81,17500000.0,Starter,K. Vogt,CB,N. Stark,Hertha BSC,12000000.0,31.0,-3,29.5,Dribbling,67.0,3
N. Stark,78,12000000.0,Backup,K. Vogt,CB,N. Stark,Hertha BSC,12000000.0,31.0,-3,29.5,Dribbling,65.0,3
K. Vogt,81,17500000.0,Starter,K. Vogt,CB,N. Stark,Hertha BSC,12000000.0,31.0,-3,29.5,StandingTackle,80.0,4
N. Stark,78,12000000.0,Backup,K. Vogt,CB,N. Stark,Hertha BSC,12000000.0,31.0,-3,29.5,StandingTackle,79.0,4
K. Vogt,81,17500000.0,Starter,K. Vogt,CB,N. Stark,Hertha BSC,12000000.0,31.0,-3,29.5,Strength,85.0,5
N. Stark,78,12000000.0,Backup,K. Vogt,CB,N. Stark,Hertha BSC,12000000.0,31.0,-3,29.5,Strength,79.0,5
K. Vogt,81,17500000.0,Starter,K. Vogt,CB,N. Stark,Hertha BSC,12000000.0,31.0,-3,29.5,SprintSpeed,82.0,6
N. Stark,78,12000000.0,Backup,K. Vogt,CB,N. Stark,Hertha BSC,12000000.0,31.0,-3,29.5,SprintSpeed,79.0,6
Ander Herrera,81,17500000.0,Starter,Ander Herrera,CM,J. Hendrick,Burnley,8000000.0,54.0,-6,40.4,SprintSpeed,68.0,0
J. Hendrick,75,8000000.0,Backup,Ander Herrera,CM,J. Hendrick,Burnley,8000000.0,54.0,-6,40.4,SprintSpeed,67.0,0
Ander Herrera,81,17500000.0,Starter,Ander Herrera,CM,J. Hendrick,Burnley,8000000.0,54.0,-6,40.4,Finishing,71.0,1
J. Hendrick,75,8000000.0,Backup,Ander Herrera,CM,J. Hendrick,Burnley,8000000.0,54.0,-6,40.4,Finishing,67.0,1
Ander Herrera,81,17500000.0,Starter,Ander Herrera,CM,J. Hendrick,Burnley,8000000.0,54.0,-6,40.4,ShortPassing,83.0,2
J. Hendrick,75,8000000.0,Backup,Ander Herrera,CM,J. Hendrick,Burnley,8000000.0,54.0,-6,40.4,ShortPassing,78.0,2
Ander Herrera,81,17500000.0,Starter,Ander Herrera,CM,J. Hendrick,Burnley,8000000.0,54.0,-6,40.4,Dribbling,77.0,3
J. Hendrick,75,8000000.0,Backup,Ander Herrera,CM,J. Hendrick,Burnley,8000000.0,54.0,-6,40.4,Dribbling,76.0,3
Ander Herrera,81,17500000.0,Starter,Ander Herrera,CM,J. Hendrick,Burnley,8000000.0,54.0,-6,40.4,StandingTackle,80.0,4
J. Hendrick,75,8000000.0,Backup,Ander Herrera,CM,J. Hendrick,Burnley,8000000.0,54.0,-6,40.4,StandingTackle,71.0,4
Ander Herrera,81,17500000.0,Starter,Ander Herrera,CM,J. Hendrick,Burnley,8000000.0,54.0,-6,40.4,Strength,67.0,5
J. Hendrick,75,8000000.0,Backup,Ander Herrera,CM,J. Hendrick,Burnley,8000000.0,54.0,-6,40.4,Strength,71.0,5
Ander Herrera,81,17500000.0,Starter,Ander Herrera,CM,J. Hendrick,Burnley,8000000.0,54.0,-6,40.4,SprintSpeed,68.0,6
J. Hendrick,75,8000000.0,Backup,Ander Herrera,CM,J. Hendrick,Burnley,8000000.0,54.0,-6,40.4,SprintSpeed,67.0,6
E. Salvio,81,18500000.0,Starter,E. Salvio,RW,A. Silva,Montreal Impact,6500000.0,65.0,-6,26.6,SprintSpeed,87.0,0
A. Silva,75,6500000.0,Backup,E. Salvio,RW,A. Silva,Montreal Impact,6500000.0,65.0,-6,26.6,SprintSpeed,84.0,0
E. Salvio,81,18500000.0,Starter,E. Salvio,RW,A. Silva,Montreal Impact,6500000.0,65.0,-6,26.6,Finishing,77.0,1
A. Silva,75,6500000.0,Backup,E. Salvio,RW,A. Silva,Montreal Impact,6500000.0,65.0,-6,26.6,Finishing,63.0,1
E. Salvio,81,18500000.0,Starter,E. Salvio,RW,A. Silva,Montreal Impact,6500000.0,65.0,-6,26.6,ShortPassing,75.0,2
A. Silva,75,6500000.0,Backup,E. Salvio,RW,A. Silva,Montreal Impact,6500000.0,65.0,-6,26.6,ShortPassing,74.0,2
E. Salvio,81,18500000.0,Starter,E. Salvio,RW,A. Silva,Montreal Impact,6500000.0,65.0,-6,26.6,Dribbling,85.0,3
A. Silva,75,6500000.0,Backup,E. Salvio,RW,A. Silva,Montreal Impact,6500000.0,65.0,-6,26.6,Dribbling,78.0,3
E. Salvio,81,18500000.0,Starter,E. Salvio,RW,A. Silva,Montreal Impact,6500000.0,65.0,-6,26.6,StandingTackle,60.0,4
A. Silva,75,6500000.0,Backup,E. Salvio,RW,A. Silva,Montreal Impact,6500000.0,65.0,-6,26.6,StandingTackle,68.0,4
E. Salvio,81,18500000.0,Starter,E. Salvio,RW,A. Silva,Montreal Impact,6500000.0,65.0,-6,26.6,Strength,63.0,5
A. Silva,75,6500000.0,Backup,E. Salvio,RW,A. Silva,Montreal Impact,6500000.0,65.0,-6,26.6,Strength,60.0,5
E. Salvio,81,18500000.0,Starter,E. Salvio,RW,A. Silva,Montreal Impact,6500000.0,65.0,-6,26.6,SprintSpeed,87.0,6
A. Silva,75,6500000.0,Backup,E. Salvio,RW,A. Silva,Montreal Impact,6500000.0,65.0,-6,26.6,SprintSpeed,84.0,6
S. El Shaarawy,81,21000000.0,Starter,S. El Shaarawy,LM,A. Mounier,Panathinaikos FC,6500000.0,69.0,-6,51.1,SprintSpeed,87.0,0
A. Mounier,75,6500000.0,Backup,S. El Shaarawy,LM,A. Mounier,Panathinaikos FC,6500000.0,69.0,-6,51.1,SprintSpeed,77.0,0
S. El Shaarawy,81,21000000.0,Starter,S. El Shaarawy,LM,A. Mounier,Panathinaikos FC,6500000.0,69.0,-6,51.1,Finishing,78.0,1
A. Mounier,75,6500000.0,Backup,S. El Shaarawy,LM,A. Mounier,Panathinaikos FC,6500000.0,69.0,-6,51.1,Finishing,66.0,1
S. El Shaarawy,81,21000000.0,Starter,S. El Shaarawy,LM,A. Mounier,Panathinaikos FC,6500000.0,69.0,-6,51.1,ShortPassing,74.0,2
A. Mounier,75,6500000.0,Backup,S. El Shaarawy,LM,A. Mounier,Panathinaikos FC,6500000.0,69.0,-6,51.1,ShortPassing,76.0,2
S. El Shaarawy,81,21000000.0,Starter,S. El Shaarawy,LM,A. Mounier,Panathinaikos FC,6500000.0,69.0,-6,51.1,Dribbling,84.0,3
A. Mounier,75,6500000.0,Backup,S. El Shaarawy,LM,A. Mounier,Panathinaikos FC,6500000.0,69.0,-6,51.1,Dribbling,80.0,3
S. El Shaarawy,81,21000000.0,Starter,S. El Shaarawy,LM,A. Mounier,Panathinaikos FC,6500000.0,69.0,-6,51.1,StandingTackle,30.0,4
A. Mounier,75,6500000.0,Backup,S. El Shaarawy,LM,A. Mounier,Panathinaikos FC,6500000.0,69.0,-6,51.1,StandingTackle,32.0,4
S. El Shaarawy,81,21000000.0,Starter,S. El Shaarawy,LM,A. Mounier,Panathinaikos FC,6500000.0,69.0,-6,51.1,Strength,54.0,5
A. Mounier,75,6500000.0,Backup,S. El Shaarawy,LM,A. Mounier,Panathinaikos FC,6500000.0,69.0,-6,51.1,Strength,60.0,5
S. El Shaarawy,81,21000000.0,Starter,S. El Shaarawy,LM,A. Mounier,Panathinaikos FC,6500000.0,69.0,-6,51.1,SprintSpeed,87.0,6
A. Mounier,75,6500000.0,Backup,S. El Shaarawy,LM,A. Mounier,Panathinaikos FC,6500000.0,69.0,-6,51.1,SprintSpeed,77.0,6
C. Smalling,81,16000000.0,Starter,C. Smalling,RCB,W. Anton,Hannover 96,11000000.0,31.0,-4,33.6,SprintSpeed,74.0,0
W. Anton,77,11000000.0,Backup,C. Smalling,RCB,W. Anton,Hannover 96,11000000.0,31.0,-4,33.6,SprintSpeed,73.0,0
C. Smalling,81,16000000.0,Starter,C. Smalling,RCB,W. Anton,Hannover 96,11000000.0,31.0,-4,33.6,Finishing,54.0,1
W. Anton,77,11000000.0,Backup,C. Smalling,RCB,W. Anton,Hannover 96,11000000.0,31.0,-4,33.6,Finishing,42.0,1
C. Smalling,81,16000000.0,Starter,C. Smalling,RCB,W. Anton,Hannover 96,11000000.0,31.0,-4,33.6,ShortPassing,63.0,2
W. Anton,77,11000000.0,Backup,C. Smalling,RCB,W. Anton,Hannover 96,11000000.0,31.0,-4,33.6,ShortPassing,71.0,2
C. Smalling,81,16000000.0,Starter,C. Smalling,RCB,W. Anton,Hannover 96,11000000.0,31.0,-4,33.6,Dribbling,59.0,3
W. Anton,77,11000000.0,Backup,C. Smalling,RCB,W. Anton,Hannover 96,11000000.0,31.0,-4,33.6,Dribbling,66.0,3
C. Smalling,81,16000000.0,Starter,C. Smalling,RCB,W. Anton,Hannover 96,11000000.0,31.0,-4,33.6,StandingTackle,82.0,4
W. Anton,77,11000000.0,Backup,C. Smalling,RCB,W. Anton,Hannover 96,11000000.0,31.0,-4,33.6,StandingTackle,79.0,4
C. Smalling,81,16000000.0,Starter,C. Smalling,RCB,W. Anton,Hannover 96,11000000.0,31.0,-4,33.6,Strength,87.0,5
W. Anton,77,11000000.0,Backup,C. Smalling,RCB,W. Anton,Hannover 96,11000000.0,31.0,-4,33.6,Strength,78.0,5
C. Smalling,81,16000000.0,Starter,C. Smalling,RCB,W. Anton,Hannover 96,11000000.0,31.0,-4,33.6,SprintSpeed,74.0,6
W. Anton,77,11000000.0,Backup,C. Smalling,RCB,W. Anton,Hannover 96,11000000.0,31.0,-4,33.6,SprintSpeed,73.0,6
Hulk,81,15500000.0,Starter,Hulk,RCM,Rochina,Levante UD,7000000.0,55.0,-6,20.9,SprintSpeed,80.0,0
Rochina,75,7000000.0,Backup,Hulk,RCM,Rochina,Levante UD,7000000.0,55.0,-6,20.9,SprintSpeed,72.0,0
Hulk,81,15500000.0,Starter,Hulk,RCM,Rochina,Levante UD,7000000.0,55.0,-6,20.9,Finishing,81.0,1
Rochina,75,7000000.0,Backup,Hulk,RCM,Rochina,Levante UD,7000000.0,55.0,-6,20.9,Finishing,72.0,1
Hulk,81,15500000.0,Starter,Hulk,RCM,Rochina,Levante UD,7000000.0,55.0,-6,20.9,ShortPassing,78.0,2
Rochina,75,7000000.0,Backup,Hulk,RCM,Rochina,Levante UD,7000000.0,55.0,-6,20.9,ShortPassing,77.0,2
Hulk,81,15500000.0,Starter,Hulk,RCM,Rochina,Levante UD,7000000.0,55.0,-6,20.9,Dribbling,82.0,3
Rochina,75,7000000.0,Backup,Hulk,RCM,Rochina,Levante UD,7000000.0,55.0,-6,20.9,Dribbling,80.0,3
Hulk,81,15500000.0,Starter,Hulk,RCM,Rochina,Levante UD,7000000.0,55.0,-6,20.9,StandingTackle,41.0,4
Rochina,75,7000000.0,Backup,Hulk,RCM,Rochina,Levante UD,7000000.0,55.0,-6,20.9,StandingTackle,54.0,4
Hulk,81,15500000.0,Starter,Hulk,RCM,Rochina,Levante UD,7000000.0,55.0,-6,20.9,Strength,92.0,5
Rochina,75,7000000.0,Backup,Hulk,RCM,Rochina,Levante UD,7000000.0,55.0,-6,20.9,Strength,73.0,5
Hulk,81,15500000.0,Starter,Hulk,RCM,Rochina,Levante UD,7000000.0,55.0,-6,20.9,SprintSpeed,80.0,6
Rochina,75,7000000.0,Backup,Hulk,RCM,Rochina,Levante UD,7000000.0,55.0,-6,20.9,SprintSpeed,72.0,6
S. Kagawa,81,17500000.0,Starter,S. Kagawa,CAM,Pozuelo,KRC Genk,12000000.0,31.0,-3,26.0,SprintSpeed,60.0,0
Pozuelo,78,12000000.0,Backup,S. Kagawa,CAM,Pozuelo,KRC Genk,12000000.0,31.0,-3,26.0,SprintSpeed,57.0,0
S. Kagawa,81,17500000.0,Starter,S. Kagawa,CAM,Pozuelo,KRC Genk,12000000.0,31.0,-3,26.0,Finishing,76.0,1
Pozuelo,78,12000000.0,Backup,S. Kagawa,CAM,Pozuelo,KRC Genk,12000000.0,31.0,-3,26.0,Finishing,66.0,1
S. Kagawa,81,17500000.0,Starter,S. Kagawa,CAM,Pozuelo,KRC Genk,12000000.0,31.0,-3,26.0,ShortPassing,83.0,2
Pozuelo,78,12000000.0,Backup,S. Kagawa,CAM,Pozuelo,KRC Genk,12000000.0,31.0,-3,26.0,ShortPassing,82.0,2
S. Kagawa,81,17500000.0,Starter,S. Kagawa,CAM,Pozuelo,KRC Genk,12000000.0,31.0,-3,26.0,Dribbling,86.0,3
Pozuelo,78,12000000.0,Backup,S. Kagawa,CAM,Pozuelo,KRC Genk,12000000.0,31.0,-3,26.0,Dribbling,81.0,3
S. Kagawa,81,17500000.0,Starter,S. Kagawa,CAM,Pozuelo,KRC Genk,12000000.0,31.0,-3,26.0,StandingTackle,53.0,4
Pozuelo,78,12000000.0,Backup,S. Kagawa,CAM,Pozuelo,KRC Genk,12000000.0,31.0,-3,26.0,StandingTackle,52.0,4
S. Kagawa,81,17500000.0,Starter,S. Kagawa,CAM,Pozuelo,KRC Genk,12000000.0,31.0,-3,26.0,Strength,39.0,5
Pozuelo,78,12000000.0,Backup,S. Kagawa,CAM,Pozuelo,KRC Genk,12000000.0,31.0,-3,26.0,Strength,50.0,5
S. Kagawa,81,17500000.0,Starter,S. Kagawa,CAM,Pozuelo,KRC Genk,12000000.0,31.0,-3,26.0,SprintSpeed,60.0,6
Pozuelo,78,12000000.0,Backup,S. Kagawa,CAM,Pozuelo,KRC Genk,12000000.0,31.0,-3,26.0,SprintSpeed,57.0,6
M. Lanzini,81,23000000.0,Starter,M. Lanzini,CAM,J. Ananidze,Spartak Moscow,8500000.0,63.0,-6,46.4,SprintSpeed,78.0,0
J. Ananidze,75,8500000.0,Backup,M. Lanzini,CAM,J. Ananidze,Spartak Moscow,8500000.0,63.0,-6,46.4,SprintSpeed,67.0,0
M. Lanzini,81,23000000.0,Starter,M. Lanzini,CAM,J. Ananidze,Spartak Moscow,8500000.0,63.0,-6,46.4,Finishing,70.0,1
J. Ananidze,75,8500000.0,Backup,M. Lanzini,CAM,J. Ananidze,Spartak Moscow,8500000.0,63.0,-6,46.4,Finishing,70.0,1
M. Lanzini,81,23000000.0,Starter,M. Lanzini,CAM,J. Ananidze,Spartak Moscow,8500000.0,63.0,-6,46.4,ShortPassing,80.0,2
J. Ananidze,75,8500000.0,Backup,M. Lanzini,CAM,J. Ananidze,Spartak Moscow,8500000.0,63.0,-6,46.4,ShortPassing,78.0,2
M. Lanzini,81,23000000.0,Starter,M. Lanzini,CAM,J. Ananidze,Spartak Moscow,8500000.0,63.0,-6,46.4,Dribbling,87.0,3
J. Ananidze,75,8500000.0,Backup,M. Lanzini,CAM,J. Ananidze,Spartak Moscow,8500000.0,63.0,-6,46.4,Dribbling,76.0,3
M. Lanzini,81,23000000.0,Starter,M. Lanzini,CAM,J. Ananidze,Spartak Moscow,8500000.0,63.0,-6,46.4,StandingTackle,36.0,4
J. Ananidze,75,8500000.0,Backup,M. Lanzini,CAM,J. Ananidze,Spartak Moscow,8500000.0,63.0,-6,46.4,StandingTackle,45.0,4
M. Lanzini,81,23000000.0,Starter,M. Lanzini,CAM,J. Ananidze,Spartak Moscow,8500000.0,63.0,-6,46.4,Strength,39.0,5
J. Ananidze,75,8500000.0,Backup,M. Lanzini,CAM,J. Ananidze,Spartak Moscow,8500000.0,63.0,-6,46.4,Strength,27.0,5
M. Lanzini,81,23000000.0,Starter,M. Lanzini,CAM,J. Ananidze,Spartak Moscow,8500000.0,63.0,-6,46.4,SprintSpeed,78.0,6
J. Ananidze,75,8500000.0,Backup,M. Lanzini,CAM,J. Ananidze,Spartak Moscow,8500000.0,63.0,-6,46.4,SprintSpeed,67.0,6
F. Smolov,81,18500000.0,Starter,F. Smolov,ST,Lucas Pérez,West Ham United,10500000.0,43.0,-3,51.5,SprintSpeed,85.0,0
Lucas Pérez,78,10500000.0,Backup,F. Smolov,ST,Lucas Pérez,West Ham United,10500000.0,43.0,-3,51.5,SprintSpeed,78.0,0
F. Smolov,81,18500000.0,Starter,F. Smolov,ST,Lucas Pérez,West Ham United,10500000.0,43.0,-3,51.5,Finishing,84.0,1
Lucas Pérez,78,10500000.0,Backup,F. Smolov,ST,Lucas Pérez,West Ham United,10500000.0,43.0,-3,51.5,Finishing,78.0,1
F. Smolov,81,18500000.0,Starter,F. Smolov,ST,Lucas Pérez,West Ham United,10500000.0,43.0,-3,51.5,ShortPassing,77.0,2
Lucas Pérez,78,10500000.0,Backup,F. Smolov,ST,Lucas Pérez,West Ham United,10500000.0,43.0,-3,51.5,ShortPassing,75.0,2
F. Smolov,81,18500000.0,Starter,F. Smolov,ST,Lucas Pérez,West Ham United,10500000.0,43.0,-3,51.5,Dribbling,77.0,3
Lucas Pérez,78,10500000.0,Backup,F. Smolov,ST,Lucas Pérez,West Ham United,10500000.0,43.0,-3,51.5,Dribbling,79.0,3
F. Smolov,81,18500000.0,Starter,F. Smolov,ST,Lucas Pérez,West Ham United,10500000.0,43.0,-3,51.5,StandingTackle,28.0,4
Lucas Pérez,78,10500000.0,Backup,F. Smolov,ST,Lucas Pérez,West Ham United,10500000.0,43.0,-3,51.5,StandingTackle,24.0,4
F. Smolov,81,18500000.0,Starter,F. Smolov,ST,Lucas Pérez,West Ham United,10500000.0,43.0,-3,51.5,Strength,75.0,5
Lucas Pérez,78,10500000.0,Backup,F. Smolov,ST,Lucas Pérez,West Ham United,10500000.0,43.0,-3,51.5,Strength,69.0,5
F. Smolov,81,18500000.0,Starter,F. Smolov,ST,Lucas Pérez,West Ham United,10500000.0,43.0,-3,51.5,SprintSpeed,85.0,6
Lucas Pérez,78,10500000.0,Backup,F. Smolov,ST,Lucas Pérez,West Ham United,10500000.0,43.0,-3,51.5,SprintSpeed,78.0,6
L. Stindl,81,18000000.0,Starter,L. Stindl,CF,S. Okazaki,Leicester City,5500000.0,69.0,-6,14.3,SprintSpeed,67.0,0
S. Okazaki,75,5500000.0,Backup,L. Stindl,CF,S. Okazaki,Leicester City,5500000.0,69.0,-6,14.3,SprintSpeed,61.0,0
L. Stindl,81,18000000.0,Starter,L. Stindl,CF,S. Okazaki,Leicester City,5500000.0,69.0,-6,14.3,Finishing,79.0,1
S. Okazaki,75,5500000.0,Backup,L. Stindl,CF,S. Okazaki,Leicester City,5500000.0,69.0,-6,14.3,Finishing,70.0,1
L. Stindl,81,18000000.0,Starter,L. Stindl,CF,S. Okazaki,Leicester City,5500000.0,69.0,-6,14.3,ShortPassing,85.0,2
S. Okazaki,75,5500000.0,Backup,L. Stindl,CF,S. Okazaki,Leicester City,5500000.0,69.0,-6,14.3,ShortPassing,74.0,2
L. Stindl,81,18000000.0,Starter,L. Stindl,CF,S. Okazaki,Leicester City,5500000.0,69.0,-6,14.3,Dribbling,78.0,3
S. Okazaki,75,5500000.0,Backup,L. Stindl,CF,S. Okazaki,Leicester City,5500000.0,69.0,-6,14.3,Dribbling,77.0,3
L. Stindl,81,18000000.0,Starter,L. Stindl,CF,S. Okazaki,Leicester City,5500000.0,69.0,-6,14.3,StandingTackle,61.0,4
S. Okazaki,75,5500000.0,Backup,L. Stindl,CF,S. Okazaki,Leicester City,5500000.0,69.0,-6,14.3,StandingTackle,58.0,4
L. Stindl,81,18000000.0,Starter,L. Stindl,CF,S. Okazaki,Leicester City,5500000.0,69.0,-6,14.3,Strength,69.0,5
S. Okazaki,75,5500000.0,Backup,L. Stindl,CF,S. Okazaki,Leicester City,5500000.0,69.0,-6,14.3,Strength,65.0,5
L. Stindl,81,18000000.0,Starter,L. Stindl,CF,S. Okazaki,Leicester City,5500000.0,69.0,-6,14.3,SprintSpeed,67.0,6
S. Okazaki,75,5500000.0,Backup,L. Stindl,CF,S. Okazaki,Leicester City,5500000.0,69.0,-6,14.3,SprintSpeed,61.0,6
O. Toprak,81,16000000.0,Starter,O. Toprak,CB,M. Holgate,Everton,9000000.0,44.0,-5,41.1,SprintSpeed,83.0,0
M. Holgate,76,9000000.0,Backup,O. Toprak,CB,M. Holgate,Everton,9000000.0,44.0,-5,41.1,SprintSpeed,71.0,0
O. Toprak,81,16000000.0,Starter,O. Toprak,CB,M. Holgate,Everton,9000000.0,44.0,-5,41.1,Finishing,28.0,1
M. Holgate,76,9000000.0,Backup,O. Toprak,CB,M. Holgate,Everton,9000000.0,44.0,-5,41.1,Finishing,37.0,1
O. Toprak,81,16000000.0,Starter,O. Toprak,CB,M. Holgate,Everton,9000000.0,44.0,-5,41.1,ShortPassing,75.0,2
M. Holgate,76,9000000.0,Backup,O. Toprak,CB,M. Holgate,Everton,9000000.0,44.0,-5,41.1,ShortPassing,74.0,2
O. Toprak,81,16000000.0,Starter,O. Toprak,CB,M. Holgate,Everton,9000000.0,44.0,-5,41.1,Dribbling,63.0,3
M. Holgate,76,9000000.0,Backup,O. Toprak,CB,M. Holgate,Everton,9000000.0,44.0,-5,41.1,Dribbling,65.0,3
O. Toprak,81,16000000.0,Starter,O. Toprak,CB,M. Holgate,Everton,9000000.0,44.0,-5,41.1,StandingTackle,83.0,4
M. Holgate,76,9000000.0,Backup,O. Toprak,CB,M. Holgate,Everton,9000000.0,44.0,-5,41.1,StandingTackle,78.0,4
O. Toprak,81,16000000.0,Starter,O. Toprak,CB,M. Holgate,Everton,9000000.0,44.0,-5,41.1,Strength,78.0,5
M. Holgate,76,9000000.0,Backup,O. Toprak,CB,M. Holgate,Everton,9000000.0,44.0,-5,41.1,Strength,72.0,5
O. Toprak,81,16000000.0,Starter,O. Toprak,CB,M. Holgate,Everton,9000000.0,44.0,-5,41.1,SprintSpeed,83.0,6
M. Holgate,76,9000000.0,Backup,O. Toprak,CB,M. Holgate,Everton,9000000.0,44.0,-5,41.1,SprintSpeed,71.0,6
D. Perotti,81,17500000.0,Starter,D. Perotti,LW,F. Borini,Milan,8000000.0,54.0,-5,30.9,SprintSpeed,76.0,0
F. Borini,76,8000000.0,Backup,D. Perotti,LW,F. Borini,Milan,8000000.0,54.0,-5,30.9,SprintSpeed,75.0,0
D. Perotti,81,17500000.0,Starter,D. Perotti,LW,F. Borini,Milan,8000000.0,54.0,-5,30.9,Finishing,66.0,1
F. Borini,76,8000000.0,Backup,D. Perotti,LW,F. Borini,Milan,8000000.0,54.0,-5,30.9,Finishing,72.0,1
D. Perotti,81,17500000.0,Starter,D. Perotti,LW,F. Borini,Milan,8000000.0,54.0,-5,30.9,ShortPassing,81.0,2
F. Borini,76,8000000.0,Backup,D. Perotti,LW,F. Borini,Milan,8000000.0,54.0,-5,30.9,ShortPassing,76.0,2
D. Perotti,81,17500000.0,Starter,D. Perotti,LW,F. Borini,Milan,8000000.0,54.0,-5,30.9,Dribbling,88.0,3
F. Borini,76,8000000.0,Backup,D. Perotti,LW,F. Borini,Milan,8000000.0,54.0,-5,30.9,Dribbling,78.0,3
D. Perotti,81,17500000.0,Starter,D. Perotti,LW,F. Borini,Milan,8000000.0,54.0,-5,30.9,StandingTackle,31.0,4
F. Borini,76,8000000.0,Backup,D. Perotti,LW,F. Borini,Milan,8000000.0,54.0,-5,30.9,StandingTackle,30.0,4
D. Perotti,81,17500000.0,Starter,D. Perotti,LW,F. Borini,Milan,8000000.0,54.0,-5,30.9,Strength,60.0,5
F. Borini,76,8000000.0,Backup,D. Perotti,LW,F. Borini,Milan,8000000.0,54.0,-5,30.9,Strength,68.0,5
D. Perotti,81,17500000.0,Starter,D. Perotti,LW,F. Borini,Milan,8000000.0,54.0,-5,30.9,SprintSpeed,76.0,6
F. Borini,76,8000000.0,Backup,D. Perotti,LW,F. Borini,Milan,8000000.0,54.0,-5,30.9,SprintSpeed,75.0,6
F. Muslera,81,10000000.0,Starter,F. Muslera,GK,O. Kıvrak,Trabzonspor,5500000.0,45.0,-4,65.3,SprintSpeed,62.0,0
O. Kıvrak,77,5500000.0,Backup,F. Muslera,GK,O. Kıvrak,Trabzonspor,5500000.0,45.0,-4,65.3,SprintSpeed,60.0,0
F. Muslera,81,10000000.0,Starter,F. Muslera,GK,O. Kıvrak,Trabzonspor,5500000.0,45.0,-4,65.3,Finishing,10.0,1
O. Kıvrak,77,5500000.0,Backup,F. Muslera,GK,O. Kıvrak,Trabzonspor,5500000.0,45.0,-4,65.3,Finishing,10.0,1
F. Muslera,81,10000000.0,Starter,F. Muslera,GK,O. Kıvrak,Trabzonspor,5500000.0,45.0,-4,65.3,ShortPassing,44.0,2
O. Kıvrak,77,5500000.0,Backup,F. Muslera,GK,O. Kıvrak,Trabzonspor,5500000.0,45.0,-4,65.3,ShortPassing,38.0,2
F. Muslera,81,10000000.0,Starter,F. Muslera,GK,O. Kıvrak,Trabzonspor,5500000.0,45.0,-4,65.3,Dribbling,25.0,3
O. Kıvrak,77,5500000.0,Backup,F. Muslera,GK,O. Kıvrak,Trabzonspor,5500000.0,45.0,-4,65.3,Dribbling,25.0,3
F. Muslera,81,10000000.0,Starter,F. Muslera,GK,O. Kıvrak,Trabzonspor,5500000.0,45.0,-4,65.3,StandingTackle,16.0,4
O. Kıvrak,77,5500000.0,Backup,F. Muslera,GK,O. Kıvrak,Trabzonspor,5500000.0,45.0,-4,65.3,StandingTackle,13.0,4
F. Muslera,81,10000000.0,Starter,F. Muslera,GK,O. Kıvrak,Trabzonspor,5500000.0,45.0,-4,65.3,Strength,68.0,5
O. Kıvrak,77,5500000.0,Backup,F. Muslera,GK,O. Kıvrak,Trabzonspor,5500000.0,45.0,-4,65.3,Strength,68.0,5
F. Muslera,81,10000000.0,Starter,F. Muslera,GK,O. Kıvrak,Trabzonspor,5500000.0,45.0,-4,65.3,SprintSpeed,62.0,6
O. Kıvrak,77,5500000.0,Backup,F. Muslera,GK,O. Kıvrak,Trabzonspor,5500000.0,45.0,-4,65.3,SprintSpeed,60.0,6
B. Höwedes,81,13000000.0,Starter,B. Höwedes,RCB,D. Schwaab,PSV,7000000.0,46.0,-4,30.2,SprintSpeed,52.0,0
D. Schwaab,77,7000000.0,Backup,B. Höwedes,RCB,D. Schwaab,PSV,7000000.0,46.0,-4,30.2,SprintSpeed,72.0,0
B. Höwedes,81,13000000.0,Starter,B. Höwedes,RCB,D. Schwaab,PSV,7000000.0,46.0,-4,30.2,Finishing,51.0,1
D. Schwaab,77,7000000.0,Backup,B. Höwedes,RCB,D. Schwaab,PSV,7000000.0,46.0,-4,30.2,Finishing,32.0,1
B. Höwedes,81,13000000.0,Starter,B. Höwedes,RCB,D. Schwaab,PSV,7000000.0,46.0,-4,30.2,ShortPassing,72.0,2
D. Schwaab,77,7000000.0,Backup,B. Höwedes,RCB,D. Schwaab,PSV,7000000.0,46.0,-4,30.2,ShortPassing,72.0,2
B. Höwedes,81,13000000.0,Starter,B. Höwedes,RCB,D. Schwaab,PSV,7000000.0,46.0,-4,30.2,Dribbling,59.0,3
D. Schwaab,77,7000000.0,Backup,B. Höwedes,RCB,D. Schwaab,PSV,7000000.0,46.0,-4,30.2,Dribbling,62.0,3
B. Höwedes,81,13000000.0,Starter,B. Höwedes,RCB,D. Schwaab,PSV,7000000.0,46.0,-4,30.2,StandingTackle,83.0,4
D. Schwaab,77,7000000.0,Backup,B. Höwedes,RCB,D. Schwaab,PSV,7000000.0,46.0,-4,30.2,StandingTackle,76.0,4
B. Höwedes,81,13000000.0,Starter,B. Höwedes,RCB,D. Schwaab,PSV,7000000.0,46.0,-4,30.2,Strength,78.0,5
D. Schwaab,77,7000000.0,Backup,B. Höwedes,RCB,D. Schwaab,PSV,7000000.0,46.0,-4,30.2,Strength,76.0,5
B. Höwedes,81,13000000.0,Starter,B. Höwedes,RCB,D. Schwaab,PSV,7000000.0,46.0,-4,30.2,SprintSpeed,52.0,6
D. Schwaab,77,7000000.0,Backup,B. Höwedes,RCB,D. Schwaab,PSV,7000000.0,46.0,-4,30.2,SprintSpeed,72.0,6
S. Kjær,81,14000000.0,Starter,S. Kjær,RCB,Bruno Viana,SC Braga,10500000.0,25.0,-4,28.1,SprintSpeed,65.0,0
Bruno Viana,77,10500000.0,Backup,S. Kjær,RCB,Bruno Viana,SC Braga,10500000.0,25.0,-4,28.1,SprintSpeed,64.0,0
S. Kjær,81,14000000.0,Starter,S. Kjær,RCB,Bruno Viana,SC Braga,10500000.0,25.0,-4,28.1,Finishing,55.0,1
Bruno Viana,77,10500000.0,Backup,S. Kjær,RCB,Bruno Viana,SC Braga,10500000.0,25.0,-4,28.1,Finishing,37.0,1
S. Kjær,81,14000000.0,Starter,S. Kjær,RCB,Bruno Viana,SC Braga,10500000.0,25.0,-4,28.1,ShortPassing,73.0,2
Bruno Viana,77,10500000.0,Backup,S. Kjær,RCB,Bruno Viana,SC Braga,10500000.0,25.0,-4,28.1,ShortPassing,72.0,2
S. Kjær,81,14000000.0,Starter,S. Kjær,RCB,Bruno Viana,SC Braga,10500000.0,25.0,-4,28.1,Dribbling,46.0,3
Bruno Viana,77,10500000.0,Backup,S. Kjær,RCB,Bruno Viana,SC Braga,10500000.0,25.0,-4,28.1,Dribbling,52.0,3
S. Kjær,81,14000000.0,Starter,S. Kjær,RCB,Bruno Viana,SC Braga,10500000.0,25.0,-4,28.1,StandingTackle,82.0,4
Bruno Viana,77,10500000.0,Backup,S. Kjær,RCB,Bruno Viana,SC Braga,10500000.0,25.0,-4,28.1,StandingTackle,78.0,4
S. Kjær,81,14000000.0,Starter,S. Kjær,RCB,Bruno Viana,SC Braga,10500000.0,25.0,-4,28.1,Strength,80.0,5
Bruno Viana,77,10500000.0,Backup,S. Kjær,RCB,Bruno Viana,SC Braga,10500000.0,25.0,-4,28.1,Strength,74.0,5
S. Kjær,81,14000000.0,Starter,S. Kjær,RCB,Bruno Viana,SC Braga,10500000.0,25.0,-4,28.1,SprintSpeed,65.0,6
Bruno Viana,77,10500000.0,Backup,S. Kjær,RCB,Bruno Viana,SC Braga,10500000.0,25.0,-4,28.1,SprintSpeed,64.0,6
S. Bender,81,14000000.0,Starter,S. Bender,LCB,E. Sviatchenko,FC Midtjylland,6000000.0,57.0,-7,31.5,SprintSpeed,72.0,0
E. Sviatchenko,74,6000000.0,Backup,S. Bender,LCB,E. Sviatchenko,FC Midtjylland,6000000.0,57.0,-7,31.5,SprintSpeed,71.0,0
S. Bender,81,14000000.0,Starter,S. Bender,LCB,E. Sviatchenko,FC Midtjylland,6000000.0,57.0,-7,31.5,Finishing,39.0,1
E. Sviatchenko,74,6000000.0,Backup,S. Bender,LCB,E. Sviatchenko,FC Midtjylland,6000000.0,57.0,-7,31.5,Finishing,39.0,1
S. Bender,81,14000000.0,Starter,S. Bender,LCB,E. Sviatchenko,FC Midtjylland,6000000.0,57.0,-7,31.5,ShortPassing,74.0,2
E. Sviatchenko,74,6000000.0,Backup,S. Bender,LCB,E. Sviatchenko,FC Midtjylland,6000000.0,57.0,-7,31.5,ShortPassing,69.0,2
S. Bender,81,14000000.0,Starter,S. Bender,LCB,E. Sviatchenko,FC Midtjylland,6000000.0,57.0,-7,31.5,Dribbling,58.0,3
E. Sviatchenko,74,6000000.0,Backup,S. Bender,LCB,E. Sviatchenko,FC Midtjylland,6000000.0,57.0,-7,31.5,Dribbling,43.0,3
S. Bender,81,14000000.0,Starter,S. Bender,LCB,E. Sviatchenko,FC Midtjylland,6000000.0,57.0,-7,31.5,StandingTackle,86.0,4
E. Sviatchenko,74,6000000.0,Backup,S. Bender,LCB,E. Sviatchenko,FC Midtjylland,6000000.0,57.0,-7,31.5,StandingTackle,74.0,4
S. Bender,81,14000000.0,Starter,S. Bender,LCB,E. Sviatchenko,FC Midtjylland,6000000.0,57.0,-7,31.5,Strength,77.0,5
E. Sviatchenko,74,6000000.0,Backup,S. Bender,LCB,E. Sviatchenko,FC Midtjylland,6000000.0,57.0,-7,31.5,Strength,79.0,5
S. Bender,81,14000000.0,Starter,S. Bender,LCB,E. Sviatchenko,FC Midtjylland,6000000.0,57.0,-7,31.5,SprintSpeed,72.0,6
E. Sviatchenko,74,6000000.0,Backup,S. Bender,LCB,E. Sviatchenko,FC Midtjylland,6000000.0,57.0,-7,31.5,SprintSpeed,71.0,6
M. Valbuena,81,11000000.0,Starter,M. Valbuena,LM,M. Lestienne,Standard de Liège,8000000.0,27.0,-6,38.9,SprintSpeed,79.0,0
M. Lestienne,75,8000000.0,Backup,M. Valbuena,LM,M. Lestienne,Standard de Liège,8000000.0,27.0,-6,38.9,SprintSpeed,81.0,0
M. Valbuena,81,11000000.0,Starter,M. Valbuena,LM,M. Lestienne,Standard de Liège,8000000.0,27.0,-6,38.9,Finishing,74.0,1
M. Lestienne,75,8000000.0,Backup,M. Valbuena,LM,M. Lestienne,Standard de Liège,8000000.0,27.0,-6,38.9,Finishing,71.0,1
M. Valbuena,81,11000000.0,Starter,M. Valbuena,LM,M. Lestienne,Standard de Liège,8000000.0,27.0,-6,38.9,ShortPassing,82.0,2
M. Lestienne,75,8000000.0,Backup,M. Valbuena,LM,M. Lestienne,Standard de Liège,8000000.0,27.0,-6,38.9,ShortPassing,73.0,2
M. Valbuena,81,11000000.0,Starter,M. Valbuena,LM,M. Lestienne,Standard de Liège,8000000.0,27.0,-6,38.9,Dribbling,83.0,3
M. Lestienne,75,8000000.0,Backup,M. Valbuena,LM,M. Lestienne,Standard de Liège,8000000.0,27.0,-6,38.9,Dribbling,79.0,3
M. Valbuena,81,11000000.0,Starter,M. Valbuena,LM,M. Lestienne,Standard de Liège,8000000.0,27.0,-6,38.9,StandingTackle,26.0,4
M. Lestienne,75,8000000.0,Backup,M. Valbuena,LM,M. Lestienne,Standard de Liège,8000000.0,27.0,-6,38.9,StandingTackle,27.0,4
M. Valbuena,81,11000000.0,Starter,M. Valbuena,LM,M. Lestienne,Standard de Liège,8000000.0,27.0,-6,38.9,Strength,37.0,5
M. Lestienne,75,8000000.0,Backup,M. Valbuena,LM,M. Lestienne,Standard de Liège,8000000.0,27.0,-6,38.9,Strength,31.0,5
M. Valbuena,81,11000000.0,Starter,M. Valbuena,LM,M. Lestienne,Standard de Liège,8000000.0,27.0,-6,38.9,SprintSpeed,79.0,6
M. Lestienne,75,8000000.0,Backup,M. Valbuena,LM,M. Lestienne,Standard de Liège,8000000.0,27.0,-6,38.9,SprintSpeed,81.0,6
Pedro León,81,15500000.0,Starter,Pedro León,RM,R. Snodgrass,West Ham United,7500000.0,52.0,-5,31.8,SprintSpeed,63.0,0
R. Snodgrass,76,7500000.0,Backup,Pedro León,RM,R. Snodgrass,West Ham United,7500000.0,52.0,-5,31.8,SprintSpeed,65.0,0
Pedro León,81,15500000.0,Starter,Pedro León,RM,R. Snodgrass,West Ham United,7500000.0,52.0,-5,31.8,Finishing,76.0,1
R. Snodgrass,76,7500000.0,Backup,Pedro León,RM,R. Snodgrass,West Ham United,7500000.0,52.0,-5,31.8,Finishing,71.0,1
Pedro León,81,15500000.0,Starter,Pedro León,RM,R. Snodgrass,West Ham United,7500000.0,52.0,-5,31.8,ShortPassing,83.0,2
R. Snodgrass,76,7500000.0,Backup,Pedro León,RM,R. Snodgrass,West Ham United,7500000.0,52.0,-5,31.8,ShortPassing,74.0,2
Pedro León,81,15500000.0,Starter,Pedro León,RM,R. Snodgrass,West Ham United,7500000.0,52.0,-5,31.8,Dribbling,84.0,3
R. Snodgrass,76,7500000.0,Backup,Pedro León,RM,R. Snodgrass,West Ham United,7500000.0,52.0,-5,31.8,Dribbling,76.0,3
Pedro León,81,15500000.0,Starter,Pedro León,RM,R. Snodgrass,West Ham United,7500000.0,52.0,-5,31.8,StandingTackle,46.0,4
R. Snodgrass,76,7500000.0,Backup,Pedro León,RM,R. Snodgrass,West Ham United,7500000.0,52.0,-5,31.8,StandingTackle,56.0,4
Pedro León,81,15500000.0,Starter,Pedro León,RM,R. Snodgrass,West Ham United,7500000.0,52.0,-5,31.8,Strength,63.0,5
R. Snodgrass,76,7500000.0,Backup,Pedro León,RM,R. Snodgrass,West Ham United,7500000.0,52.0,-5,31.8,Strength,70.0,5
Pedro León,81,15500000.0,Starter,Pedro León,RM,R. Snodgrass,West Ham United,7500000.0,52.0,-5,31.8,SprintSpeed,63.0,6
R. Snodgrass,76,7500000.0,Backup,Pedro León,RM,R. Snodgrass,West Ham United,7500000.0,52.0,-5,31.8,SprintSpeed,65.0,6
K. Boateng,81,15000000.0,Starter,K. Boateng,CM,A. Turan,Medipol Başakşehir FK,7500000.0,50.0,-4,44.4,SprintSpeed,65.0,0
A. Turan,77,7500000.0,Backup,K. Boateng,CM,A. Turan,Medipol Başakşehir FK,7500000.0,50.0,-4,44.4,SprintSpeed,68.0,0
K. Boateng,81,15000000.0,Starter,K. Boateng,CM,A. Turan,Medipol Başakşehir FK,7500000.0,50.0,-4,44.4,Finishing,78.0,1
A. Turan,77,7500000.0,Backup,K. Boateng,CM,A. Turan,Medipol Başakşehir FK,7500000.0,50.0,-4,44.4,Finishing,71.0,1
K. Boateng,81,15000000.0,Starter,K. Boateng,CM,A. Turan,Medipol Başakşehir FK,7500000.0,50.0,-4,44.4,ShortPassing,82.0,2
A. Turan,77,7500000.0,Backup,K. Boateng,CM,A. Turan,Medipol Başakşehir FK,7500000.0,50.0,-4,44.4,ShortPassing,79.0,2
K. Boateng,81,15000000.0,Starter,K. Boateng,CM,A. Turan,Medipol Başakşehir FK,7500000.0,50.0,-4,44.4,Dribbling,79.0,3
A. Turan,77,7500000.0,Backup,K. Boateng,CM,A. Turan,Medipol Başakşehir FK,7500000.0,50.0,-4,44.4,Dribbling,79.0,3
K. Boateng,81,15000000.0,Starter,K. Boateng,CM,A. Turan,Medipol Başakşehir FK,7500000.0,50.0,-4,44.4,StandingTackle,78.0,4
A. Turan,77,7500000.0,Backup,K. Boateng,CM,A. Turan,Medipol Başakşehir FK,7500000.0,50.0,-4,44.4,StandingTackle,63.0,4
K. Boateng,81,15000000.0,Starter,K. Boateng,CM,A. Turan,Medipol Başakşehir FK,7500000.0,50.0,-4,44.4,Strength,78.0,5
A. Turan,77,7500000.0,Backup,K. Boateng,CM,A. Turan,Medipol Başakşehir FK,7500000.0,50.0,-4,44.4,Strength,68.0,5
K. Boateng,81,15000000.0,Starter,K. Boateng,CM,A. Turan,Medipol Başakşehir FK,7500000.0,50.0,-4,44.4,SprintSpeed,65.0,6
A. Turan,77,7500000.0,Backup,K. Boateng,CM,A. Turan,Medipol Başakşehir FK,7500000.0,50.0,-4,44.4,SprintSpeed,68.0,6
L. Piszczek,81,7000000.0,Starter,L. Piszczek,RB,D. Basta,Lazio,3400000.0,51.0,-4,43.2,SprintSpeed,83.0,0
D. Basta,77,3400000.0,Backup,L. Piszczek,RB,D. Basta,Lazio,3400000.0,51.0,-4,43.2,SprintSpeed,75.0,0
L. Piszczek,81,7000000.0,Starter,L. Piszczek,RB,D. Basta,Lazio,3400000.0,51.0,-4,43.2,Finishing,65.0,1
D. Basta,77,3400000.0,Backup,L. Piszczek,RB,D. Basta,Lazio,3400000.0,51.0,-4,43.2,Finishing,58.0,1
L. Piszczek,81,7000000.0,Starter,L. Piszczek,RB,D. Basta,Lazio,3400000.0,51.0,-4,43.2,ShortPassing,76.0,2
D. Basta,77,3400000.0,Backup,L. Piszczek,RB,D. Basta,Lazio,3400000.0,51.0,-4,43.2,ShortPassing,76.0,2
L. Piszczek,81,7000000.0,Starter,L. Piszczek,RB,D. Basta,Lazio,3400000.0,51.0,-4,43.2,Dribbling,72.0,3
D. Basta,77,3400000.0,Backup,L. Piszczek,RB,D. Basta,Lazio,3400000.0,51.0,-4,43.2,Dribbling,74.0,3
L. Piszczek,81,7000000.0,Starter,L. Piszczek,RB,D. Basta,Lazio,3400000.0,51.0,-4,43.2,StandingTackle,82.0,4
D. Basta,77,3400000.0,Backup,L. Piszczek,RB,D. Basta,Lazio,3400000.0,51.0,-4,43.2,StandingTackle,77.0,4
L. Piszczek,81,7000000.0,Starter,L. Piszczek,RB,D. Basta,Lazio,3400000.0,51.0,-4,43.2,Strength,78.0,5
D. Basta,77,3400000.0,Backup,L. Piszczek,RB,D. Basta,Lazio,3400000.0,51.0,-4,43.2,Strength,72.0,5
L. Piszczek,81,7000000.0,Starter,L. Piszczek,RB,D. Basta,Lazio,3400000.0,51.0,-4,43.2,SprintSpeed,83.0,6
D. Basta,77,3400000.0,Backup,L. Piszczek,RB,D. Basta,Lazio,3400000.0,51.0,-4,43.2,SprintSpeed,75.0,6
A. Candreva,81,15500000.0,Starter,A. Candreva,RM,D. Türüç,Kayserispor,8500000.0,45.0,-6,31.4,SprintSpeed,78.0,0
D. Türüç,75,8500000.0,Backup,A. Candreva,RM,D. Türüç,Kayserispor,8500000.0,45.0,-6,31.4,SprintSpeed,74.0,0
A. Candreva,81,15500000.0,Starter,A. Candreva,RM,D. Türüç,Kayserispor,8500000.0,45.0,-6,31.4,Finishing,73.0,1
D. Türüç,75,8500000.0,Backup,A. Candreva,RM,D. Türüç,Kayserispor,8500000.0,45.0,-6,31.4,Finishing,61.0,1
A. Candreva,81,15500000.0,Starter,A. Candreva,RM,D. Türüç,Kayserispor,8500000.0,45.0,-6,31.4,ShortPassing,78.0,2
D. Türüç,75,8500000.0,Backup,A. Candreva,RM,D. Türüç,Kayserispor,8500000.0,45.0,-6,31.4,ShortPassing,79.0,2
A. Candreva,81,15500000.0,Starter,A. Candreva,RM,D. Türüç,Kayserispor,8500000.0,45.0,-6,31.4,Dribbling,82.0,3
D. Türüç,75,8500000.0,Backup,A. Candreva,RM,D. Türüç,Kayserispor,8500000.0,45.0,-6,31.4,Dribbling,76.0,3
A. Candreva,81,15500000.0,Starter,A. Candreva,RM,D. Türüç,Kayserispor,8500000.0,45.0,-6,31.4,StandingTackle,63.0,4
D. Türüç,75,8500000.0,Backup,A. Candreva,RM,D. Türüç,Kayserispor,8500000.0,45.0,-6,31.4,StandingTackle,61.0,4
A. Candreva,81,15500000.0,Starter,A. Candreva,RM,D. Türüç,Kayserispor,8500000.0,45.0,-6,31.4,Strength,69.0,5
D. Türüç,75,8500000.0,Backup,A. Candreva,RM,D. Türüç,Kayserispor,8500000.0,45.0,-6,31.4,Strength,65.0,5
A. Candreva,81,15500000.0,Starter,A. Candreva,RM,D. Türüç,Kayserispor,8500000.0,45.0,-6,31.4,SprintSpeed,78.0,6
D. Türüç,75,8500000.0,Backup,A. Candreva,RM,D. Türüç,Kayserispor,8500000.0,45.0,-6,31.4,SprintSpeed,74.0,6
D. Wass,81,17000000.0,Starter,D. Wass,RB,Danilo,Manchester City,12000000.0,29.0,-2,40.1,SprintSpeed,76.0,0
Danilo,79,12000000.0,Backup,D. Wass,RB,Danilo,Manchester City,12000000.0,29.0,-2,40.1,SprintSpeed,76.0,0
D. Wass,81,17000000.0,Starter,D. Wass,RB,Danilo,Manchester City,12000000.0,29.0,-2,40.1,Finishing,74.0,1
Danilo,79,12000000.0,Backup,D. Wass,RB,Danilo,Manchester City,12000000.0,29.0,-2,40.1,Finishing,61.0,1
D. Wass,81,17000000.0,Starter,D. Wass,RB,Danilo,Manchester City,12000000.0,29.0,-2,40.1,ShortPassing,82.0,2
Danilo,79,12000000.0,Backup,D. Wass,RB,Danilo,Manchester City,12000000.0,29.0,-2,40.1,ShortPassing,77.0,2
D. Wass,81,17000000.0,Starter,D. Wass,RB,Danilo,Manchester City,12000000.0,29.0,-2,40.1,Dribbling,80.0,3
Danilo,79,12000000.0,Backup,D. Wass,RB,Danilo,Manchester City,12000000.0,29.0,-2,40.1,Dribbling,73.0,3
D. Wass,81,17000000.0,Starter,D. Wass,RB,Danilo,Manchester City,12000000.0,29.0,-2,40.1,StandingTackle,74.0,4
Danilo,79,12000000.0,Backup,D. Wass,RB,Danilo,Manchester City,12000000.0,29.0,-2,40.1,StandingTackle,77.0,4
D. Wass,81,17000000.0,Starter,D. Wass,RB,Danilo,Manchester City,12000000.0,29.0,-2,40.1,Strength,70.0,5
Danilo,79,12000000.0,Backup,D. Wass,RB,Danilo,Manchester City,12000000.0,29.0,-2,40.1,Strength,76.0,5
D. Wass,81,17000000.0,Starter,D. Wass,RB,Danilo,Manchester City,12000000.0,29.0,-2,40.1,SprintSpeed,76.0,6
Danilo,79,12000000.0,Backup,D. Wass,RB,Danilo,Manchester City,12000000.0,29.0,-2,40.1,SprintSpeed,76.0,6
E. Lamela,81,21000000.0,Starter,E. Lamela,RM,A. Schürrle,Fulham,9500000.0,55.0,-4,47.3,SprintSpeed,74.0,0
A. Schürrle,77,9500000.0,Backup,E. Lamela,RM,A. Schürrle,Fulham,9500000.0,55.0,-4,47.3,SprintSpeed,78.0,0
E. Lamela,81,21000000.0,Starter,E. Lamela,RM,A. Schürrle,Fulham,9500000.0,55.0,-4,47.3,Finishing,74.0,1
A. Schürrle,77,9500000.0,Backup,E. Lamela,RM,A. Schürrle,Fulham,9500000.0,55.0,-4,47.3,Finishing,78.0,1
E. Lamela,81,21000000.0,Starter,E. Lamela,RM,A. Schürrle,Fulham,9500000.0,55.0,-4,47.3,ShortPassing,83.0,2
A. Schürrle,77,9500000.0,Backup,E. Lamela,RM,A. Schürrle,Fulham,9500000.0,55.0,-4,47.3,ShortPassing,75.0,2
E. Lamela,81,21000000.0,Starter,E. Lamela,RM,A. Schürrle,Fulham,9500000.0,55.0,-4,47.3,Dribbling,86.0,3
A. Schürrle,77,9500000.0,Backup,E. Lamela,RM,A. Schürrle,Fulham,9500000.0,55.0,-4,47.3,Dribbling,79.0,3
E. Lamela,81,21000000.0,Starter,E. Lamela,RM,A. Schürrle,Fulham,9500000.0,55.0,-4,47.3,StandingTackle,51.0,4
A. Schürrle,77,9500000.0,Backup,E. Lamela,RM,A. Schürrle,Fulham,9500000.0,55.0,-4,47.3,StandingTackle,39.0,4
E. Lamela,81,21000000.0,Starter,E. Lamela,RM,A. Schürrle,Fulham,9500000.0,55.0,-4,47.3,Strength,68.0,5
A. Schürrle,77,9500000.0,Backup,E. Lamela,RM,A. Schürrle,Fulham,9500000.0,55.0,-4,47.3,Strength,67.0,5
E. Lamela,81,21000000.0,Starter,E. Lamela,RM,A. Schürrle,Fulham,9500000.0,55.0,-4,47.3,SprintSpeed,74.0,6
A. Schürrle,77,9500000.0,Backup,E. Lamela,RM,A. Schürrle,Fulham,9500000.0,55.0,-4,47.3,SprintSpeed,78.0,6
D. Rose,81,14500000.0,Starter,D. Rose,LB,Nacho Monreal,Arsenal,8000000.0,45.0,-1,55.5,SprintSpeed,78.0,0
Nacho Monreal,80,8000000.0,Backup,D. Rose,LB,Nacho Monreal,Arsenal,8000000.0,45.0,-1,55.5,SprintSpeed,67.0,0
D. Rose,81,14500000.0,Starter,D. Rose,LB,Nacho Monreal,Arsenal,8000000.0,45.0,-1,55.5,Finishing,57.0,1
Nacho Monreal,80,8000000.0,Backup,D. Rose,LB,Nacho Monreal,Arsenal,8000000.0,45.0,-1,55.5,Finishing,55.0,1
D. Rose,81,14500000.0,Starter,D. Rose,LB,Nacho Monreal,Arsenal,8000000.0,45.0,-1,55.5,ShortPassing,76.0,2
Nacho Monreal,80,8000000.0,Backup,D. Rose,LB,Nacho Monreal,Arsenal,8000000.0,45.0,-1,55.5,ShortPassing,77.0,2
D. Rose,81,14500000.0,Starter,D. Rose,LB,Nacho Monreal,Arsenal,8000000.0,45.0,-1,55.5,Dribbling,80.0,3
Nacho Monreal,80,8000000.0,Backup,D. Rose,LB,Nacho Monreal,Arsenal,8000000.0,45.0,-1,55.5,Dribbling,73.0,3
D. Rose,81,14500000.0,Starter,D. Rose,LB,Nacho Monreal,Arsenal,8000000.0,45.0,-1,55.5,StandingTackle,83.0,4
Nacho Monreal,80,8000000.0,Backup,D. Rose,LB,Nacho Monreal,Arsenal,8000000.0,45.0,-1,55.5,StandingTackle,83.0,4
D. Rose,81,14500000.0,Starter,D. Rose,LB,Nacho Monreal,Arsenal,8000000.0,45.0,-1,55.5,Strength,72.0,5
Nacho Monreal,80,8000000.0,Backup,D. Rose,LB,Nacho Monreal,Arsenal,8000000.0,45.0,-1,55.5,Strength,65.0,5
D. Rose,81,14500000.0,Starter,D. Rose,LB,Nacho Monreal,Arsenal,8000000.0,45.0,-1,55.5,SprintSpeed,78.0,6
Nacho Monreal,80,8000000.0,Backup,D. Rose,LB,Nacho Monreal,Arsenal,8000000.0,45.0,-1,55.5,SprintSpeed,67.0,6
C. Vela,81,17500000.0,Starter,C. Vela,RW,Leo Baptistao,RCD Espanyol,12500000.0,29.0,-3,44.9,SprintSpeed,80.0,0
Leo Baptistao,78,12500000.0,Backup,C. Vela,RW,Leo Baptistao,RCD Espanyol,12500000.0,29.0,-3,44.9,SprintSpeed,78.0,0
C. Vela,81,17500000.0,Starter,C. Vela,RW,Leo Baptistao,RCD Espanyol,12500000.0,29.0,-3,44.9,Finishing,81.0,1
Leo Baptistao,78,12500000.0,Backup,C. Vela,RW,Leo Baptistao,RCD Espanyol,12500000.0,29.0,-3,44.9,Finishing,75.0,1
C. Vela,81,17500000.0,Starter,C. Vela,RW,Leo Baptistao,RCD Espanyol,12500000.0,29.0,-3,44.9,ShortPassing,81.0,2
Leo Baptistao,78,12500000.0,Backup,C. Vela,RW,Leo Baptistao,RCD Espanyol,12500000.0,29.0,-3,44.9,ShortPassing,77.0,2
C. Vela,81,17500000.0,Starter,C. Vela,RW,Leo Baptistao,RCD Espanyol,12500000.0,29.0,-3,44.9,Dribbling,83.0,3
Leo Baptistao,78,12500000.0,Backup,C. Vela,RW,Leo Baptistao,RCD Espanyol,12500000.0,29.0,-3,44.9,Dribbling,80.0,3
C. Vela,81,17500000.0,Starter,C. Vela,RW,Leo Baptistao,RCD Espanyol,12500000.0,29.0,-3,44.9,StandingTackle,22.0,4
Leo Baptistao,78,12500000.0,Backup,C. Vela,RW,Leo Baptistao,RCD Espanyol,12500000.0,29.0,-3,44.9,StandingTackle,24.0,4
C. Vela,81,17500000.0,Starter,C. Vela,RW,Leo Baptistao,RCD Espanyol,12500000.0,29.0,-3,44.9,Strength,67.0,5
Leo Baptistao,78,12500000.0,Backup,C. Vela,RW,Leo Baptistao,RCD Espanyol,12500000.0,29.0,-3,44.9,Strength,71.0,5
C. Vela,81,17500000.0,Starter,C. Vela,RW,Leo Baptistao,RCD Espanyol,12500000.0,29.0,-3,44.9,SprintSpeed,80.0,6
Leo Baptistao,78,12500000.0,Backup,C. Vela,RW,Leo Baptistao,RCD Espanyol,12500000.0,29.0,-3,44.9,SprintSpeed,78.0,6
Renato Augusto,81,16500000.0,Starter,Renato Augusto,LCM,B. Džemaili,Bologna,6500000.0,61.0,-4,50.0,SprintSpeed,67.0,0
B. Džemaili,77,6500000.0,Backup,Renato Augusto,LCM,B. Džemaili,Bologna,6500000.0,61.0,-4,50.0,SprintSpeed,65.0,0
Renato Augusto,81,16500000.0,Starter,Renato Augusto,LCM,B. Džemaili,Bologna,6500000.0,61.0,-4,50.0,Finishing,65.0,1
B. Džemaili,77,6500000.0,Backup,Renato Augusto,LCM,B. Džemaili,Bologna,6500000.0,61.0,-4,50.0,Finishing,70.0,1
Renato Augusto,81,16500000.0,Starter,Renato Augusto,LCM,B. Džemaili,Bologna,6500000.0,61.0,-4,50.0,ShortPassing,81.0,2
B. Džemaili,77,6500000.0,Backup,Renato Augusto,LCM,B. Džemaili,Bologna,6500000.0,61.0,-4,50.0,ShortPassing,78.0,2
Renato Augusto,81,16500000.0,Starter,Renato Augusto,LCM,B. Džemaili,Bologna,6500000.0,61.0,-4,50.0,Dribbling,82.0,3
B. Džemaili,77,6500000.0,Backup,Renato Augusto,LCM,B. Džemaili,Bologna,6500000.0,61.0,-4,50.0,Dribbling,77.0,3
Renato Augusto,81,16500000.0,Starter,Renato Augusto,LCM,B. Džemaili,Bologna,6500000.0,61.0,-4,50.0,StandingTackle,73.0,4
B. Džemaili,77,6500000.0,Backup,Renato Augusto,LCM,B. Džemaili,Bologna,6500000.0,61.0,-4,50.0,StandingTackle,70.0,4
Renato Augusto,81,16500000.0,Starter,Renato Augusto,LCM,B. Džemaili,Bologna,6500000.0,61.0,-4,50.0,Strength,76.0,5
B. Džemaili,77,6500000.0,Backup,Renato Augusto,LCM,B. Džemaili,Bologna,6500000.0,61.0,-4,50.0,Strength,67.0,5
Renato Augusto,81,16500000.0,Starter,Renato Augusto,LCM,B. Džemaili,Bologna,6500000.0,61.0,-4,50.0,SprintSpeed,67.0,6
B. Džemaili,77,6500000.0,Backup,Renato Augusto,LCM,B. Džemaili,Bologna,6500000.0,61.0,-4,50.0,SprintSpeed,65.0,6
A. Valencia,81,10000000.0,Starter,A. Valencia,RM,Rômulo,Genoa,6500000.0,35.0,-5,36.6,SprintSpeed,85.0,0
Rômulo,76,6500000.0,Backup,A. Valencia,RM,Rômulo,Genoa,6500000.0,35.0,-5,36.6,SprintSpeed,74.0,0
A. Valencia,81,10000000.0,Starter,A. Valencia,RM,Rômulo,Genoa,6500000.0,35.0,-5,36.6,Finishing,60.0,1
Rômulo,76,6500000.0,Backup,A. Valencia,RM,Rômulo,Genoa,6500000.0,35.0,-5,36.6,Finishing,60.0,1
A. Valencia,81,10000000.0,Starter,A. Valencia,RM,Rômulo,Genoa,6500000.0,35.0,-5,36.6,ShortPassing,81.0,2
Rômulo,76,6500000.0,Backup,A. Valencia,RM,Rômulo,Genoa,6500000.0,35.0,-5,36.6,ShortPassing,76.0,2
A. Valencia,81,10000000.0,Starter,A. Valencia,RM,Rômulo,Genoa,6500000.0,35.0,-5,36.6,Dribbling,80.0,3
Rômulo,76,6500000.0,Backup,A. Valencia,RM,Rômulo,Genoa,6500000.0,35.0,-5,36.6,Dribbling,77.0,3
A. Valencia,81,10000000.0,Starter,A. Valencia,RM,Rômulo,Genoa,6500000.0,35.0,-5,36.6,StandingTackle,82.0,4
Rômulo,76,6500000.0,Backup,A. Valencia,RM,Rômulo,Genoa,6500000.0,35.0,-5,36.6,StandingTackle,74.0,4
A. Valencia,81,10000000.0,Starter,A. Valencia,RM,Rômulo,Genoa,6500000.0,35.0,-5,36.6,Strength,79.0,5
Rômulo,76,6500000.0,Backup,A. Valencia,RM,Rômulo,Genoa,6500000.0,35.0,-5,36.6,Strength,68.0,5
A. Valencia,81,10000000.0,Starter,A. Valencia,RM,Rômulo,Genoa,6500000.0,35.0,-5,36.6,SprintSpeed,85.0,6
Rômulo,76,6500000.0,Backup,A. Valencia,RM,Rômulo,Genoa,6500000.0,35.0,-5,36.6,SprintSpeed,74.0,6
L. Fabiański,81,9000000.0,Starter,L. Fabiański,GK,A. Bizzarri,Foggia,525000.0,94.0,-5,66.6,SprintSpeed,47.0,0
A. Bizzarri,76,525000.0,Backup,L. Fabiański,GK,A. Bizzarri,Foggia,525000.0,94.0,-5,66.6,SprintSpeed,45.0,0
L. Fabiański,81,9000000.0,Starter,L. Fabiański,GK,A. Bizzarri,Foggia,525000.0,94.0,-5,66.6,Finishing,13.0,1
A. Bizzarri,76,525000.0,Backup,L. Fabiański,GK,A. Bizzarri,Foggia,525000.0,94.0,-5,66.6,Finishing,17.0,1
L. Fabiański,81,9000000.0,Starter,L. Fabiański,GK,A. Bizzarri,Foggia,525000.0,94.0,-5,66.6,ShortPassing,20.0,2
A. Bizzarri,76,525000.0,Backup,L. Fabiański,GK,A. Bizzarri,Foggia,525000.0,94.0,-5,66.6,ShortPassing,27.0,2
L. Fabiański,81,9000000.0,Starter,L. Fabiański,GK,A. Bizzarri,Foggia,525000.0,94.0,-5,66.6,Dribbling,14.0,3
A. Bizzarri,76,525000.0,Backup,L. Fabiański,GK,A. Bizzarri,Foggia,525000.0,94.0,-5,66.6,Dribbling,18.0,3
L. Fabiański,81,9000000.0,Starter,L. Fabiański,GK,A. Bizzarri,Foggia,525000.0,94.0,-5,66.6,StandingTackle,12.0,4
A. Bizzarri,76,525000.0,Backup,L. Fabiański,GK,A. Bizzarri,Foggia,525000.0,94.0,-5,66.6,StandingTackle,12.0,4
L. Fabiański,81,9000000.0,Starter,L. Fabiański,GK,A. Bizzarri,Foggia,525000.0,94.0,-5,66.6,Strength,65.0,5
A. Bizzarri,76,525000.0,Backup,L. Fabiański,GK,A. Bizzarri,Foggia,525000.0,94.0,-5,66.6,Strength,55.0,5
L. Fabiański,81,9000000.0,Starter,L. Fabiański,GK,A. Bizzarri,Foggia,525000.0,94.0,-5,66.6,SprintSpeed,47.0,6
A. Bizzarri,76,525000.0,Backup,L. Fabiański,GK,A. Bizzarri,Foggia,525000.0,94.0,-5,66.6,SprintSpeed,45.0,6
João Moutinho,81,15000000.0,Starter,João Moutinho,RCM,M. Layún,Villarreal CF,6500000.0,57.0,-4,44.5,SprintSpeed,59.0,0
M. Layún,77,6500000.0,Backup,João Moutinho,RCM,M. Layún,Villarreal CF,6500000.0,57.0,-4,44.5,SprintSpeed,76.0,0
João Moutinho,81,15000000.0,Starter,João Moutinho,RCM,M. Layún,Villarreal CF,6500000.0,57.0,-4,44.5,Finishing,74.0,1
M. Layún,77,6500000.0,Backup,João Moutinho,RCM,M. Layún,Villarreal CF,6500000.0,57.0,-4,44.5,Finishing,67.0,1
João Moutinho,81,15000000.0,Starter,João Moutinho,RCM,M. Layún,Villarreal CF,6500000.0,57.0,-4,44.5,ShortPassing,83.0,2
M. Layún,77,6500000.0,Backup,João Moutinho,RCM,M. Layún,Villarreal CF,6500000.0,57.0,-4,44.5,ShortPassing,76.0,2
João Moutinho,81,15000000.0,Starter,João Moutinho,RCM,M. Layún,Villarreal CF,6500000.0,57.0,-4,44.5,Dribbling,79.0,3
M. Layún,77,6500000.0,Backup,João Moutinho,RCM,M. Layún,Villarreal CF,6500000.0,57.0,-4,44.5,Dribbling,75.0,3
João Moutinho,81,15000000.0,Starter,João Moutinho,RCM,M. Layún,Villarreal CF,6500000.0,57.0,-4,44.5,StandingTackle,72.0,4
M. Layún,77,6500000.0,Backup,João Moutinho,RCM,M. Layún,Villarreal CF,6500000.0,57.0,-4,44.5,StandingTackle,75.0,4
João Moutinho,81,15000000.0,Starter,João Moutinho,RCM,M. Layún,Villarreal CF,6500000.0,57.0,-4,44.5,Strength,63.0,5
M. Layún,77,6500000.0,Backup,João Moutinho,RCM,M. Layún,Villarreal CF,6500000.0,57.0,-4,44.5,Strength,66.0,5
João Moutinho,81,15000000.0,Starter,João Moutinho,RCM,M. Layún,Villarreal CF,6500000.0,57.0,-4,44.5,SprintSpeed,59.0,6
M. Layún,77,6500000.0,Backup,João Moutinho,RCM,M. Layún,Villarreal CF,6500000.0,57.0,-4,44.5,SprintSpeed,76.0,6
Borja Valero,81,11000000.0,Starter,Borja Valero,CAM,K. Nakamura,Kawasaki Frontale,1300000.0,88.0,-8,41.0,SprintSpeed,52.0,0
K. Nakamura,73,1300000.0,Backup,Borja Valero,CAM,K. Nakamura,Kawasaki Frontale,1300000.0,88.0,-8,41.0,SprintSpeed,51.0,0
Borja Valero,81,11000000.0,Starter,Borja Valero,CAM,K. Nakamura,Kawasaki Frontale,1300000.0,88.0,-8,41.0,Finishing,67.0,1
K. Nakamura,73,1300000.0,Backup,Borja Valero,CAM,K. Nakamura,Kawasaki Frontale,1300000.0,88.0,-8,41.0,Finishing,70.0,1
Borja Valero,81,11000000.0,Starter,Borja Valero,CAM,K. Nakamura,Kawasaki Frontale,1300000.0,88.0,-8,41.0,ShortPassing,89.0,2
K. Nakamura,73,1300000.0,Backup,Borja Valero,CAM,K. Nakamura,Kawasaki Frontale,1300000.0,88.0,-8,41.0,ShortPassing,76.0,2
Borja Valero,81,11000000.0,Starter,Borja Valero,CAM,K. Nakamura,Kawasaki Frontale,1300000.0,88.0,-8,41.0,Dribbling,85.0,3
K. Nakamura,73,1300000.0,Backup,Borja Valero,CAM,K. Nakamura,Kawasaki Frontale,1300000.0,88.0,-8,41.0,Dribbling,72.0,3
Borja Valero,81,11000000.0,Starter,Borja Valero,CAM,K. Nakamura,Kawasaki Frontale,1300000.0,88.0,-8,41.0,StandingTackle,66.0,4
K. Nakamura,73,1300000.0,Backup,Borja Valero,CAM,K. Nakamura,Kawasaki Frontale,1300000.0,88.0,-8,41.0,StandingTackle,62.0,4
Borja Valero,81,11000000.0,Starter,Borja Valero,CAM,K. Nakamura,Kawasaki Frontale,1300000.0,88.0,-8,41.0,Strength,66.0,5
K. Nakamura,73,1300000.0,Backup,Borja Valero,CAM,K. Nakamura,Kawasaki Frontale,1300000.0,88.0,-8,41.0,Strength,58.0,5
Borja Valero,81,11000000.0,Starter,Borja Valero,CAM,K. Nakamura,Kawasaki Frontale,1300000.0,88.0,-8,41.0,SprintSpeed,52.0,6
K. Nakamura,73,1300000.0,Backup,Borja Valero,CAM,K. Nakamura,Kawasaki Frontale,1300000.0,88.0,-8,41.0,SprintSpeed,51.0,6
F. Quagliarella,81,8000000.0,Starter,F. Quagliarella,RS,E. Paredes,Colo-Colo,2400000.0,70.0,-6,32.8,SprintSpeed,67.0,0
E. Paredes,75,2400000.0,Backup,F. Quagliarella,RS,E. Paredes,Colo-Colo,2400000.0,70.0,-6,32.8,SprintSpeed,67.0,0
F. Quagliarella,81,8000000.0,Starter,F. Quagliarella,RS,E. Paredes,Colo-Colo,2400000.0,70.0,-6,32.8,Finishing,84.0,1
E. Paredes,75,2400000.0,Backup,F. Quagliarella,RS,E. Paredes,Colo-Colo,2400000.0,70.0,-6,32.8,Finishing,81.0,1
F. Quagliarella,81,8000000.0,Starter,F. Quagliarella,RS,E. Paredes,Colo-Colo,2400000.0,70.0,-6,32.8,ShortPassing,76.0,2
E. Paredes,75,2400000.0,Backup,F. Quagliarella,RS,E. Paredes,Colo-Colo,2400000.0,70.0,-6,32.8,ShortPassing,69.0,2
F. Quagliarella,81,8000000.0,Starter,F. Quagliarella,RS,E. Paredes,Colo-Colo,2400000.0,70.0,-6,32.8,Dribbling,76.0,3
E. Paredes,75,2400000.0,Backup,F. Quagliarella,RS,E. Paredes,Colo-Colo,2400000.0,70.0,-6,32.8,Dribbling,73.0,3
F. Quagliarella,81,8000000.0,Starter,F. Quagliarella,RS,E. Paredes,Colo-Colo,2400000.0,70.0,-6,32.8,StandingTackle,21.0,4
E. Paredes,75,2400000.0,Backup,F. Quagliarella,RS,E. Paredes,Colo-Colo,2400000.0,70.0,-6,32.8,StandingTackle,22.0,4
F. Quagliarella,81,8000000.0,Starter,F. Quagliarella,RS,E. Paredes,Colo-Colo,2400000.0,70.0,-6,32.8,Strength,76.0,5
E. Paredes,75,2400000.0,Backup,F. Quagliarella,RS,E. Paredes,Colo-Colo,2400000.0,70.0,-6,32.8,Strength,80.0,5
F. Quagliarella,81,8000000.0,Starter,F. Quagliarella,RS,E. Paredes,Colo-Colo,2400000.0,70.0,-6,32.8,SprintSpeed,67.0,6
E. Paredes,75,2400000.0,Backup,F. Quagliarella,RS,E. Paredes,Colo-Colo,2400000.0,70.0,-6,32.8,SprintSpeed,67.0,6
B. Gomis,81,14000000.0,Starter,B. Gomis,ST,Jô,Nagoya Grampus,8000000.0,43.0,-4,51.2,SprintSpeed,70.0,0
Jô,77,8000000.0,Backup,B. Gomis,ST,Jô,Nagoya Grampus,8000000.0,43.0,-4,51.2,SprintSpeed,72.0,0
B. Gomis,81,14000000.0,Starter,B. Gomis,ST,Jô,Nagoya Grampus,8000000.0,43.0,-4,51.2,Finishing,84.0,1
Jô,77,8000000.0,Backup,B. Gomis,ST,Jô,Nagoya Grampus,8000000.0,43.0,-4,51.2,Finishing,78.0,1
B. Gomis,81,14000000.0,Starter,B. Gomis,ST,Jô,Nagoya Grampus,8000000.0,43.0,-4,51.2,ShortPassing,75.0,2
Jô,77,8000000.0,Backup,B. Gomis,ST,Jô,Nagoya Grampus,8000000.0,43.0,-4,51.2,ShortPassing,67.0,2
B. Gomis,81,14000000.0,Starter,B. Gomis,ST,Jô,Nagoya Grampus,8000000.0,43.0,-4,51.2,Dribbling,78.0,3
Jô,77,8000000.0,Backup,B. Gomis,ST,Jô,Nagoya Grampus,8000000.0,43.0,-4,51.2,Dribbling,73.0,3
B. Gomis,81,14000000.0,Starter,B. Gomis,ST,Jô,Nagoya Grampus,8000000.0,43.0,-4,51.2,StandingTackle,32.0,4
Jô,77,8000000.0,Backup,B. Gomis,ST,Jô,Nagoya Grampus,8000000.0,43.0,-4,51.2,StandingTackle,21.0,4
B. Gomis,81,14000000.0,Starter,B. Gomis,ST,Jô,Nagoya Grampus,8000000.0,43.0,-4,51.2,Strength,83.0,5
Jô,77,8000000.0,Backup,B. Gomis,ST,Jô,Nagoya Grampus,8000000.0,43.0,-4,51.2,Strength,85.0,5
B. Gomis,81,14000000.0,Starter,B. Gomis,ST,Jô,Nagoya Grampus,8000000.0,43.0,-4,51.2,SprintSpeed,70.0,6
Jô,77,8000000.0,Backup,B. Gomis,ST,Jô,Nagoya Grampus,8000000.0,43.0,-4,51.2,SprintSpeed,72.0,6
Manuel Fernandes,81,14000000.0,Starter,Manuel Fernandes,LM,N. Cardozo,Racing Club,5500000.0,61.0,-6,41.8,SprintSpeed,76.0,0
N. Cardozo,75,5500000.0,Backup,Manuel Fernandes,LM,N. Cardozo,Racing Club,5500000.0,61.0,-6,41.8,SprintSpeed,80.0,0
Manuel Fernandes,81,14000000.0,Starter,Manuel Fernandes,LM,N. Cardozo,Racing Club,5500000.0,61.0,-6,41.8,Finishing,70.0,1
N. Cardozo,75,5500000.0,Backup,Manuel Fernandes,LM,N. Cardozo,Racing Club,5500000.0,61.0,-6,41.8,Finishing,67.0,1
Manuel Fernandes,81,14000000.0,Starter,Manuel Fernandes,LM,N. Cardozo,Racing Club,5500000.0,61.0,-6,41.8,ShortPassing,80.0,2
N. Cardozo,75,5500000.0,Backup,Manuel Fernandes,LM,N. Cardozo,Racing Club,5500000.0,61.0,-6,41.8,ShortPassing,75.0,2
Manuel Fernandes,81,14000000.0,Starter,Manuel Fernandes,LM,N. Cardozo,Racing Club,5500000.0,61.0,-6,41.8,Dribbling,86.0,3
N. Cardozo,75,5500000.0,Backup,Manuel Fernandes,LM,N. Cardozo,Racing Club,5500000.0,61.0,-6,41.8,Dribbling,72.0,3
Manuel Fernandes,81,14000000.0,Starter,Manuel Fernandes,LM,N. Cardozo,Racing Club,5500000.0,61.0,-6,41.8,StandingTackle,69.0,4
N. Cardozo,75,5500000.0,Backup,Manuel Fernandes,LM,N. Cardozo,Racing Club,5500000.0,61.0,-6,41.8,StandingTackle,70.0,4
Manuel Fernandes,81,14000000.0,Starter,Manuel Fernandes,LM,N. Cardozo,Racing Club,5500000.0,61.0,-6,41.8,Strength,71.0,5
N. Cardozo,75,5500000.0,Backup,Manuel Fernandes,LM,N. Cardozo,Racing Club,5500000.0,61.0,-6,41.8,Strength,75.0,5
Manuel Fernandes,81,14000000.0,Starter,Manuel Fernandes,LM,N. Cardozo,Racing Club,5500000.0,61.0,-6,41.8,SprintSpeed,76.0,6
N. Cardozo,75,5500000.0,Backup,Manuel Fernandes,LM,N. Cardozo,Racing Club,5500000.0,61.0,-6,41.8,SprintSpeed,80.0,6
H. Herrera,81,17500000.0,Starter,H. Herrera,CM,J. Hendrick,Burnley,8000000.0,54.0,-6,49.3,SprintSpeed,73.0,0
J. Hendrick,75,8000000.0,Backup,H. Herrera,CM,J. Hendrick,Burnley,8000000.0,54.0,-6,49.3,SprintSpeed,67.0,0
H. Herrera,81,17500000.0,Starter,H. Herrera,CM,J. Hendrick,Burnley,8000000.0,54.0,-6,49.3,Finishing,68.0,1
J. Hendrick,75,8000000.0,Backup,H. Herrera,CM,J. Hendrick,Burnley,8000000.0,54.0,-6,49.3,Finishing,67.0,1
H. Herrera,81,17500000.0,Starter,H. Herrera,CM,J. Hendrick,Burnley,8000000.0,54.0,-6,49.3,ShortPassing,78.0,2
J. Hendrick,75,8000000.0,Backup,H. Herrera,CM,J. Hendrick,Burnley,8000000.0,54.0,-6,49.3,ShortPassing,78.0,2
H. Herrera,81,17500000.0,Starter,H. Herrera,CM,J. Hendrick,Burnley,8000000.0,54.0,-6,49.3,Dribbling,76.0,3
J. Hendrick,75,8000000.0,Backup,H. Herrera,CM,J. Hendrick,Burnley,8000000.0,54.0,-6,49.3,Dribbling,76.0,3
H. Herrera,81,17500000.0,Starter,H. Herrera,CM,J. Hendrick,Burnley,8000000.0,54.0,-6,49.3,StandingTackle,80.0,4
J. Hendrick,75,8000000.0,Backup,H. Herrera,CM,J. Hendrick,Burnley,8000000.0,54.0,-6,49.3,StandingTackle,71.0,4
H. Herrera,81,17500000.0,Starter,H. Herrera,CM,J. Hendrick,Burnley,8000000.0,54.0,-6,49.3,Strength,73.0,5
J. Hendrick,75,8000000.0,Backup,H. Herrera,CM,J. Hendrick,Burnley,8000000.0,54.0,-6,49.3,Strength,71.0,5
H. Herrera,81,17500000.0,Starter,H. Herrera,CM,J. Hendrick,Burnley,8000000.0,54.0,-6,49.3,SprintSpeed,73.0,6
J. Hendrick,75,8000000.0,Backup,H. Herrera,CM,J. Hendrick,Burnley,8000000.0,54.0,-6,49.3,SprintSpeed,67.0,6
Raffael,81,11000000.0,Starter,Raffael,CF,G. dos Santos,LA Galaxy,6500000.0,41.0,-6,23.0,SprintSpeed,66.0,0
G. dos Santos,75,6500000.0,Backup,Raffael,CF,G. dos Santos,LA Galaxy,6500000.0,41.0,-6,23.0,SprintSpeed,84.0,0
Raffael,81,11000000.0,Starter,Raffael,CF,G. dos Santos,LA Galaxy,6500000.0,41.0,-6,23.0,Finishing,78.0,1
G. dos Santos,75,6500000.0,Backup,Raffael,CF,G. dos Santos,LA Galaxy,6500000.0,41.0,-6,23.0,Finishing,72.0,1
Raffael,81,11000000.0,Starter,Raffael,CF,G. dos Santos,LA Galaxy,6500000.0,41.0,-6,23.0,ShortPassing,83.0,2
G. dos Santos,75,6500000.0,Backup,Raffael,CF,G. dos Santos,LA Galaxy,6500000.0,41.0,-6,23.0,ShortPassing,77.0,2
Raffael,81,11000000.0,Starter,Raffael,CF,G. dos Santos,LA Galaxy,6500000.0,41.0,-6,23.0,Dribbling,87.0,3
G. dos Santos,75,6500000.0,Backup,Raffael,CF,G. dos Santos,LA Galaxy,6500000.0,41.0,-6,23.0,Dribbling,78.0,3
Raffael,81,11000000.0,Starter,Raffael,CF,G. dos Santos,LA Galaxy,6500000.0,41.0,-6,23.0,StandingTackle,42.0,4
G. dos Santos,75,6500000.0,Backup,Raffael,CF,G. dos Santos,LA Galaxy,6500000.0,41.0,-6,23.0,StandingTackle,28.0,4
Raffael,81,11000000.0,Starter,Raffael,CF,G. dos Santos,LA Galaxy,6500000.0,41.0,-6,23.0,Strength,62.0,5
G. dos Santos,75,6500000.0,Backup,Raffael,CF,G. dos Santos,LA Galaxy,6500000.0,41.0,-6,23.0,Strength,44.0,5
Raffael,81,11000000.0,Starter,Raffael,CF,G. dos Santos,LA Galaxy,6500000.0,41.0,-6,23.0,SprintSpeed,66.0,6
G. dos Santos,75,6500000.0,Backup,Raffael,CF,G. dos Santos,LA Galaxy,6500000.0,41.0,-6,23.0,SprintSpeed,84.0,6
Nani,81,15500000.0,Starter,Nani,LM,V. Grifo,TSG 1899 Hoffenheim,11000000.0,29.0,-4,36.8,SprintSpeed,74.0,0
V. Grifo,77,11000000.0,Backup,Nani,LM,V. Grifo,TSG 1899 Hoffenheim,11000000.0,29.0,-4,36.8,SprintSpeed,66.0,0
Nani,81,15500000.0,Starter,Nani,LM,V. Grifo,TSG 1899 Hoffenheim,11000000.0,29.0,-4,36.8,Finishing,70.0,1
V. Grifo,77,11000000.0,Backup,Nani,LM,V. Grifo,TSG 1899 Hoffenheim,11000000.0,29.0,-4,36.8,Finishing,72.0,1
Nani,81,15500000.0,Starter,Nani,LM,V. Grifo,TSG 1899 Hoffenheim,11000000.0,29.0,-4,36.8,ShortPassing,79.0,2
V. Grifo,77,11000000.0,Backup,Nani,LM,V. Grifo,TSG 1899 Hoffenheim,11000000.0,29.0,-4,36.8,ShortPassing,73.0,2
Nani,81,15500000.0,Starter,Nani,LM,V. Grifo,TSG 1899 Hoffenheim,11000000.0,29.0,-4,36.8,Dribbling,87.0,3
V. Grifo,77,11000000.0,Backup,Nani,LM,V. Grifo,TSG 1899 Hoffenheim,11000000.0,29.0,-4,36.8,Dribbling,83.0,3
Nani,81,15500000.0,Starter,Nani,LM,V. Grifo,TSG 1899 Hoffenheim,11000000.0,29.0,-4,36.8,StandingTackle,22.0,4
V. Grifo,77,11000000.0,Backup,Nani,LM,V. Grifo,TSG 1899 Hoffenheim,11000000.0,29.0,-4,36.8,StandingTackle,31.0,4
Nani,81,15500000.0,Starter,Nani,LM,V. Grifo,TSG 1899 Hoffenheim,11000000.0,29.0,-4,36.8,Strength,62.0,5
V. Grifo,77,11000000.0,Backup,Nani,LM,V. Grifo,TSG 1899 Hoffenheim,11000000.0,29.0,-4,36.8,Strength,62.0,5
Nani,81,15500000.0,Starter,Nani,LM,V. Grifo,TSG 1899 Hoffenheim,11000000.0,29.0,-4,36.8,SprintSpeed,74.0,6
V. Grifo,77,11000000.0,Backup,Nani,LM,V. Grifo,TSG 1899 Hoffenheim,11000000.0,29.0,-4,36.8,SprintSpeed,66.0,6
J. Milner,81,13500000.0,Starter,J. Milner,CM,T. Mangani,Angers SCO,6500000.0,52.0,-5,40.5,SprintSpeed,62.0,0
T. Mangani,76,6500000.0,Backup,J. Milner,CM,T. Mangani,Angers SCO,6500000.0,52.0,-5,40.5,SprintSpeed,60.0,0
J. Milner,81,13500000.0,Starter,J. Milner,CM,T. Mangani,Angers SCO,6500000.0,52.0,-5,40.5,Finishing,62.0,1
T. Mangani,76,6500000.0,Backup,J. Milner,CM,T. Mangani,Angers SCO,6500000.0,52.0,-5,40.5,Finishing,63.0,1
J. Milner,81,13500000.0,Starter,J. Milner,CM,T. Mangani,Angers SCO,6500000.0,52.0,-5,40.5,ShortPassing,84.0,2
T. Mangani,76,6500000.0,Backup,J. Milner,CM,T. Mangani,Angers SCO,6500000.0,52.0,-5,40.5,ShortPassing,79.0,2
J. Milner,81,13500000.0,Starter,J. Milner,CM,T. Mangani,Angers SCO,6500000.0,52.0,-5,40.5,Dribbling,76.0,3
T. Mangani,76,6500000.0,Backup,J. Milner,CM,T. Mangani,Angers SCO,6500000.0,52.0,-5,40.5,Dribbling,70.0,3
J. Milner,81,13500000.0,Starter,J. Milner,CM,T. Mangani,Angers SCO,6500000.0,52.0,-5,40.5,StandingTackle,80.0,4
T. Mangani,76,6500000.0,Backup,J. Milner,CM,T. Mangani,Angers SCO,6500000.0,52.0,-5,40.5,StandingTackle,72.0,4
J. Milner,81,13500000.0,Starter,J. Milner,CM,T. Mangani,Angers SCO,6500000.0,52.0,-5,40.5,Strength,71.0,5
T. Mangani,76,6500000.0,Backup,J. Milner,CM,T. Mangani,Angers SCO,6500000.0,52.0,-5,40.5,Strength,72.0,5
J. Milner,81,13500000.0,Starter,J. Milner,CM,T. Mangani,Angers SCO,6500000.0,52.0,-5,40.5,SprintSpeed,62.0,6
T. Mangani,76,6500000.0,Backup,J. Milner,CM,T. Mangani,Angers SCO,6500000.0,52.0,-5,40.5,SprintSpeed,60.0,6
J. Mathieu,81,5500000.0,Starter,J. Mathieu,LCB,L. Marrone,Hellas Verona,3200000.0,42.0,-8,23.2,SprintSpeed,74.0,0
L. Marrone,73,3200000.0,Backup,J. Mathieu,LCB,L. Marrone,Hellas Verona,3200000.0,42.0,-8,23.2,SprintSpeed,61.0,0
J. Mathieu,81,5500000.0,Starter,J. Mathieu,LCB,L. Marrone,Hellas Verona,3200000.0,42.0,-8,23.2,Finishing,52.0,1
L. Marrone,73,3200000.0,Backup,J. Mathieu,LCB,L. Marrone,Hellas Verona,3200000.0,42.0,-8,23.2,Finishing,40.0,1
J. Mathieu,81,5500000.0,Starter,J. Mathieu,LCB,L. Marrone,Hellas Verona,3200000.0,42.0,-8,23.2,ShortPassing,73.0,2
L. Marrone,73,3200000.0,Backup,J. Mathieu,LCB,L. Marrone,Hellas Verona,3200000.0,42.0,-8,23.2,ShortPassing,75.0,2
J. Mathieu,81,5500000.0,Starter,J. Mathieu,LCB,L. Marrone,Hellas Verona,3200000.0,42.0,-8,23.2,Dribbling,65.0,3
L. Marrone,73,3200000.0,Backup,J. Mathieu,LCB,L. Marrone,Hellas Verona,3200000.0,42.0,-8,23.2,Dribbling,72.0,3
J. Mathieu,81,5500000.0,Starter,J. Mathieu,LCB,L. Marrone,Hellas Verona,3200000.0,42.0,-8,23.2,StandingTackle,84.0,4
L. Marrone,73,3200000.0,Backup,J. Mathieu,LCB,L. Marrone,Hellas Verona,3200000.0,42.0,-8,23.2,StandingTackle,72.0,4
J. Mathieu,81,5500000.0,Starter,J. Mathieu,LCB,L. Marrone,Hellas Verona,3200000.0,42.0,-8,23.2,Strength,89.0,5
L. Marrone,73,3200000.0,Backup,J. Mathieu,LCB,L. Marrone,Hellas Verona,3200000.0,42.0,-8,23.2,Strength,73.0,5
J. Mathieu,81,5500000.0,Starter,J. Mathieu,LCB,L. Marrone,Hellas Verona,3200000.0,42.0,-8,23.2,SprintSpeed,74.0,6
L. Marrone,73,3200000.0,Backup,J. Mathieu,LCB,L. Marrone,Hellas Verona,3200000.0,42.0,-8,23.2,SprintSpeed,61.0,6
Joaquín,81,6000000.0,Starter,Joaquín,LS,P. Barrientos,Deportivo Toluca,3400000.0,43.0,-7,30.0,SprintSpeed,65.0,0
P. Barrientos,74,3400000.0,Backup,Joaquín,LS,P. Barrientos,Deportivo Toluca,3400000.0,43.0,-7,30.0,SprintSpeed,61.0,0
Joaquín,81,6000000.0,Starter,Joaquín,LS,P. Barrientos,Deportivo Toluca,3400000.0,43.0,-7,30.0,Finishing,80.0,1
P. Barrientos,74,3400000.0,Backup,Joaquín,LS,P. Barrientos,Deportivo Toluca,3400000.0,43.0,-7,30.0,Finishing,60.0,1
Joaquín,81,6000000.0,Starter,Joaquín,LS,P. Barrientos,Deportivo Toluca,3400000.0,43.0,-7,30.0,ShortPassing,82.0,2
P. Barrientos,74,3400000.0,Backup,Joaquín,LS,P. Barrientos,Deportivo Toluca,3400000.0,43.0,-7,30.0,ShortPassing,77.0,2
Joaquín,81,6000000.0,Starter,Joaquín,LS,P. Barrientos,Deportivo Toluca,3400000.0,43.0,-7,30.0,Dribbling,85.0,3
P. Barrientos,74,3400000.0,Backup,Joaquín,LS,P. Barrientos,Deportivo Toluca,3400000.0,43.0,-7,30.0,Dribbling,78.0,3
Joaquín,81,6000000.0,Starter,Joaquín,LS,P. Barrientos,Deportivo Toluca,3400000.0,43.0,-7,30.0,StandingTackle,41.0,4
P. Barrientos,74,3400000.0,Backup,Joaquín,LS,P. Barrientos,Deportivo Toluca,3400000.0,43.0,-7,30.0,StandingTackle,31.0,4
Joaquín,81,6000000.0,Starter,Joaquín,LS,P. Barrientos,Deportivo Toluca,3400000.0,43.0,-7,30.0,Strength,64.0,5
P. Barrientos,74,3400000.0,Backup,Joaquín,LS,P. Barrientos,Deportivo Toluca,3400000.0,43.0,-7,30.0,Strength,58.0,5
Joaquín,81,6000000.0,Starter,Joaquín,LS,P. Barrientos,Deportivo Toluca,3400000.0,43.0,-7,30.0,SprintSpeed,65.0,6
P. Barrientos,74,3400000.0,Backup,Joaquín,LS,P. Barrientos,Deportivo Toluca,3400000.0,43.0,-7,30.0,SprintSpeed,61.0,6
M. Gómez,80,20500000.0,Starter,M. Gómez,ST,R. Berić,AS Saint-Étienne,8000000.0,61.0,-5,45.6,SprintSpeed,65.0,0
R. Berić,75,8000000.0,Backup,M. Gómez,ST,R. Berić,AS Saint-Étienne,8000000.0,61.0,-5,45.6,SprintSpeed,58.0,0
M. Gómez,80,20500000.0,Starter,M. Gómez,ST,R. Berić,AS Saint-Étienne,8000000.0,61.0,-5,45.6,Finishing,85.0,1
R. Berić,75,8000000.0,Backup,M. Gómez,ST,R. Berić,AS Saint-Étienne,8000000.0,61.0,-5,45.6,Finishing,80.0,1
M. Gómez,80,20500000.0,Starter,M. Gómez,ST,R. Berić,AS Saint-Étienne,8000000.0,61.0,-5,45.6,ShortPassing,76.0,2
R. Berić,75,8000000.0,Backup,M. Gómez,ST,R. Berić,AS Saint-Étienne,8000000.0,61.0,-5,45.6,ShortPassing,72.0,2
M. Gómez,80,20500000.0,Starter,M. Gómez,ST,R. Berić,AS Saint-Étienne,8000000.0,61.0,-5,45.6,Dribbling,76.0,3
R. Berić,75,8000000.0,Backup,M. Gómez,ST,R. Berić,AS Saint-Étienne,8000000.0,61.0,-5,45.6,Dribbling,67.0,3
M. Gómez,80,20500000.0,Starter,M. Gómez,ST,R. Berić,AS Saint-Étienne,8000000.0,61.0,-5,45.6,StandingTackle,20.0,4
R. Berić,75,8000000.0,Backup,M. Gómez,ST,R. Berić,AS Saint-Étienne,8000000.0,61.0,-5,45.6,StandingTackle,30.0,4
M. Gómez,80,20500000.0,Starter,M. Gómez,ST,R. Berić,AS Saint-Étienne,8000000.0,61.0,-5,45.6,Strength,80.0,5
R. Berić,75,8000000.0,Backup,M. Gómez,ST,R. Berić,AS Saint-Étienne,8000000.0,61.0,-5,45.6,Strength,77.0,5
M. Gómez,80,20500000.0,Starter,M. Gómez,ST,R. Berić,AS Saint-Étienne,8000000.0,61.0,-5,45.6,SprintSpeed,65.0,6
R. Berić,75,8000000.0,Backup,M. Gómez,ST,R. Berić,AS Saint-Étienne,8000000.0,61.0,-5,45.6,SprintSpeed,58.0,6
K. Havertz,80,22000000.0,Starter,K. Havertz,CAM,A. Miranchuk,Lokomotiv Moscow,12000000.0,45.0,-3,47.9,SprintSpeed,86.0,0
A. Miranchuk,77,12000000.0,Backup,K. Havertz,CAM,A. Miranchuk,Lokomotiv Moscow,12000000.0,45.0,-3,47.9,SprintSpeed,75.0,0
K. Havertz,80,22000000.0,Starter,K. Havertz,CAM,A. Miranchuk,Lokomotiv Moscow,12000000.0,45.0,-3,47.9,Finishing,72.0,1
A. Miranchuk,77,12000000.0,Backup,K. Havertz,CAM,A. Miranchuk,Lokomotiv Moscow,12000000.0,45.0,-3,47.9,Finishing,64.0,1
K. Havertz,80,22000000.0,Starter,K. Havertz,CAM,A. Miranchuk,Lokomotiv Moscow,12000000.0,45.0,-3,47.9,ShortPassing,82.0,2
A. Miranchuk,77,12000000.0,Backup,K. Havertz,CAM,A. Miranchuk,Lokomotiv Moscow,12000000.0,45.0,-3,47.9,ShortPassing,82.0,2
K. Havertz,80,22000000.0,Starter,K. Havertz,CAM,A. Miranchuk,Lokomotiv Moscow,12000000.0,45.0,-3,47.9,Dribbling,81.0,3
A. Miranchuk,77,12000000.0,Backup,K. Havertz,CAM,A. Miranchuk,Lokomotiv Moscow,12000000.0,45.0,-3,47.9,Dribbling,78.0,3
K. Havertz,80,22000000.0,Starter,K. Havertz,CAM,A. Miranchuk,Lokomotiv Moscow,12000000.0,45.0,-3,47.9,StandingTackle,42.0,4
A. Miranchuk,77,12000000.0,Backup,K. Havertz,CAM,A. Miranchuk,Lokomotiv Moscow,12000000.0,45.0,-3,47.9,StandingTackle,28.0,4
K. Havertz,80,22000000.0,Starter,K. Havertz,CAM,A. Miranchuk,Lokomotiv Moscow,12000000.0,45.0,-3,47.9,Strength,61.0,5
A. Miranchuk,77,12000000.0,Backup,K. Havertz,CAM,A. Miranchuk,Lokomotiv Moscow,12000000.0,45.0,-3,47.9,Strength,64.0,5
K. Havertz,80,22000000.0,Starter,K. Havertz,CAM,A. Miranchuk,Lokomotiv Moscow,12000000.0,45.0,-3,47.9,SprintSpeed,86.0,6
A. Miranchuk,77,12000000.0,Backup,K. Havertz,CAM,A. Miranchuk,Lokomotiv Moscow,12000000.0,45.0,-3,47.9,SprintSpeed,75.0,6
T. Ndombele,80,22500000.0,Starter,T. Ndombele,CM,F. Midtsjø,AZ Alkmaar,8500000.0,62.0,-5,53.8,SprintSpeed,76.0,0
F. Midtsjø,75,8500000.0,Backup,T. Ndombele,CM,F. Midtsjø,AZ Alkmaar,8500000.0,62.0,-5,53.8,SprintSpeed,73.0,0
T. Ndombele,80,22500000.0,Starter,T. Ndombele,CM,F. Midtsjø,AZ Alkmaar,8500000.0,62.0,-5,53.8,Finishing,59.0,1
F. Midtsjø,75,8500000.0,Backup,T. Ndombele,CM,F. Midtsjø,AZ Alkmaar,8500000.0,62.0,-5,53.8,Finishing,62.0,1
T. Ndombele,80,22500000.0,Starter,T. Ndombele,CM,F. Midtsjø,AZ Alkmaar,8500000.0,62.0,-5,53.8,ShortPassing,82.0,2
F. Midtsjø,75,8500000.0,Backup,T. Ndombele,CM,F. Midtsjø,AZ Alkmaar,8500000.0,62.0,-5,53.8,ShortPassing,78.0,2
T. Ndombele,80,22500000.0,Starter,T. Ndombele,CM,F. Midtsjø,AZ Alkmaar,8500000.0,62.0,-5,53.8,Dribbling,86.0,3
F. Midtsjø,75,8500000.0,Backup,T. Ndombele,CM,F. Midtsjø,AZ Alkmaar,8500000.0,62.0,-5,53.8,Dribbling,73.0,3
T. Ndombele,80,22500000.0,Starter,T. Ndombele,CM,F. Midtsjø,AZ Alkmaar,8500000.0,62.0,-5,53.8,StandingTackle,73.0,4
F. Midtsjø,75,8500000.0,Backup,T. Ndombele,CM,F. Midtsjø,AZ Alkmaar,8500000.0,62.0,-5,53.8,StandingTackle,68.0,4
T. Ndombele,80,22500000.0,Starter,T. Ndombele,CM,F. Midtsjø,AZ Alkmaar,8500000.0,62.0,-5,53.8,Strength,78.0,5
F. Midtsjø,75,8500000.0,Backup,T. Ndombele,CM,F. Midtsjø,AZ Alkmaar,8500000.0,62.0,-5,53.8,Strength,73.0,5
T. Ndombele,80,22500000.0,Starter,T. Ndombele,CM,F. Midtsjø,AZ Alkmaar,8500000.0,62.0,-5,53.8,SprintSpeed,76.0,6
F. Midtsjø,75,8500000.0,Backup,T. Ndombele,CM,F. Midtsjø,AZ Alkmaar,8500000.0,62.0,-5,53.8,SprintSpeed,73.0,6
H. Aouar,80,23500000.0,Starter,H. Aouar,LM,G. Shibasaki,Getafe CF,11000000.0,53.0,-3,45.9,SprintSpeed,79.0,0
G. Shibasaki,77,11000000.0,Backup,H. Aouar,LM,G. Shibasaki,Getafe CF,11000000.0,53.0,-3,45.9,SprintSpeed,67.0,0
H. Aouar,80,23500000.0,Starter,H. Aouar,LM,G. Shibasaki,Getafe CF,11000000.0,53.0,-3,45.9,Finishing,72.0,1
G. Shibasaki,77,11000000.0,Backup,H. Aouar,LM,G. Shibasaki,Getafe CF,11000000.0,53.0,-3,45.9,Finishing,70.0,1
H. Aouar,80,23500000.0,Starter,H. Aouar,LM,G. Shibasaki,Getafe CF,11000000.0,53.0,-3,45.9,ShortPassing,84.0,2
G. Shibasaki,77,11000000.0,Backup,H. Aouar,LM,G. Shibasaki,Getafe CF,11000000.0,53.0,-3,45.9,ShortPassing,81.0,2
H. Aouar,80,23500000.0,Starter,H. Aouar,LM,G. Shibasaki,Getafe CF,11000000.0,53.0,-3,45.9,Dribbling,84.0,3
G. Shibasaki,77,11000000.0,Backup,H. Aouar,LM,G. Shibasaki,Getafe CF,11000000.0,53.0,-3,45.9,Dribbling,77.0,3
H. Aouar,80,23500000.0,Starter,H. Aouar,LM,G. Shibasaki,Getafe CF,11000000.0,53.0,-3,45.9,StandingTackle,64.0,4
G. Shibasaki,77,11000000.0,Backup,H. Aouar,LM,G. Shibasaki,Getafe CF,11000000.0,53.0,-3,45.9,StandingTackle,73.0,4
H. Aouar,80,23500000.0,Starter,H. Aouar,LM,G. Shibasaki,Getafe CF,11000000.0,53.0,-3,45.9,Strength,61.0,5
G. Shibasaki,77,11000000.0,Backup,H. Aouar,LM,G. Shibasaki,Getafe CF,11000000.0,53.0,-3,45.9,Strength,60.0,5
H. Aouar,80,23500000.0,Starter,H. Aouar,LM,G. Shibasaki,Getafe CF,11000000.0,53.0,-3,45.9,SprintSpeed,79.0,6
G. Shibasaki,77,11000000.0,Backup,H. Aouar,LM,G. Shibasaki,Getafe CF,11000000.0,53.0,-3,45.9,SprintSpeed,67.0,6
Carlos Soler,80,21000000.0,Starter,Carlos Soler,RM,J. Guðmundsson,Burnley,13000000.0,38.0,-1,45.3,SprintSpeed,77.0,0
J. Guðmundsson,79,13000000.0,Backup,Carlos Soler,RM,J. Guðmundsson,Burnley,13000000.0,38.0,-1,45.3,SprintSpeed,77.0,0
Carlos Soler,80,21000000.0,Starter,Carlos Soler,RM,J. Guðmundsson,Burnley,13000000.0,38.0,-1,45.3,Finishing,74.0,1
J. Guðmundsson,79,13000000.0,Backup,Carlos Soler,RM,J. Guðmundsson,Burnley,13000000.0,38.0,-1,45.3,Finishing,70.0,1
Carlos Soler,80,21000000.0,Starter,Carlos Soler,RM,J. Guðmundsson,Burnley,13000000.0,38.0,-1,45.3,ShortPassing,84.0,2
J. Guðmundsson,79,13000000.0,Backup,Carlos Soler,RM,J. Guðmundsson,Burnley,13000000.0,38.0,-1,45.3,ShortPassing,78.0,2
Carlos Soler,80,21000000.0,Starter,Carlos Soler,RM,J. Guðmundsson,Burnley,13000000.0,38.0,-1,45.3,Dribbling,79.0,3
J. Guðmundsson,79,13000000.0,Backup,Carlos Soler,RM,J. Guðmundsson,Burnley,13000000.0,38.0,-1,45.3,Dribbling,81.0,3
Carlos Soler,80,21000000.0,Starter,Carlos Soler,RM,J. Guðmundsson,Burnley,13000000.0,38.0,-1,45.3,StandingTackle,65.0,4
J. Guðmundsson,79,13000000.0,Backup,Carlos Soler,RM,J. Guðmundsson,Burnley,13000000.0,38.0,-1,45.3,StandingTackle,59.0,4
Carlos Soler,80,21000000.0,Starter,Carlos Soler,RM,J. Guðmundsson,Burnley,13000000.0,38.0,-1,45.3,Strength,65.0,5
J. Guðmundsson,79,13000000.0,Backup,Carlos Soler,RM,J. Guðmundsson,Burnley,13000000.0,38.0,-1,45.3,Strength,70.0,5
Carlos Soler,80,21000000.0,Starter,Carlos Soler,RM,J. Guðmundsson,Burnley,13000000.0,38.0,-1,45.3,SprintSpeed,77.0,6
J. Guðmundsson,79,13000000.0,Backup,Carlos Soler,RM,J. Guðmundsson,Burnley,13000000.0,38.0,-1,45.3,SprintSpeed,77.0,6
Odriozola,80,18500000.0,Starter,Odriozola,RB,M. De Sciglio,Juventus,10500000.0,43.0,-2,51.4,SprintSpeed,82.0,0
M. De Sciglio,78,10500000.0,Backup,Odriozola,RB,M. De Sciglio,Juventus,10500000.0,43.0,-2,51.4,SprintSpeed,79.0,0
Odriozola,80,18500000.0,Starter,Odriozola,RB,M. De Sciglio,Juventus,10500000.0,43.0,-2,51.4,Finishing,45.0,1
M. De Sciglio,78,10500000.0,Backup,Odriozola,RB,M. De Sciglio,Juventus,10500000.0,43.0,-2,51.4,Finishing,33.0,1
Odriozola,80,18500000.0,Starter,Odriozola,RB,M. De Sciglio,Juventus,10500000.0,43.0,-2,51.4,ShortPassing,77.0,2
M. De Sciglio,78,10500000.0,Backup,Odriozola,RB,M. De Sciglio,Juventus,10500000.0,43.0,-2,51.4,ShortPassing,74.0,2
Odriozola,80,18500000.0,Starter,Odriozola,RB,M. De Sciglio,Juventus,10500000.0,43.0,-2,51.4,Dribbling,69.0,3
M. De Sciglio,78,10500000.0,Backup,Odriozola,RB,M. De Sciglio,Juventus,10500000.0,43.0,-2,51.4,Dribbling,74.0,3
Odriozola,80,18500000.0,Starter,Odriozola,RB,M. De Sciglio,Juventus,10500000.0,43.0,-2,51.4,StandingTackle,79.0,4
M. De Sciglio,78,10500000.0,Backup,Odriozola,RB,M. De Sciglio,Juventus,10500000.0,43.0,-2,51.4,StandingTackle,78.0,4
Odriozola,80,18500000.0,Starter,Odriozola,RB,M. De Sciglio,Juventus,10500000.0,43.0,-2,51.4,Strength,63.0,5
M. De Sciglio,78,10500000.0,Backup,Odriozola,RB,M. De Sciglio,Juventus,10500000.0,43.0,-2,51.4,Strength,68.0,5
Odriozola,80,18500000.0,Starter,Odriozola,RB,M. De Sciglio,Juventus,10500000.0,43.0,-2,51.4,SprintSpeed,82.0,6
M. De Sciglio,78,10500000.0,Backup,Odriozola,RB,M. De Sciglio,Juventus,10500000.0,43.0,-2,51.4,SprintSpeed,79.0,6
M. Almirón,80,19500000.0,Starter,M. Almirón,CAM,A. Rusnák,Real Salt Lake,10000000.0,49.0,-4,44.2,SprintSpeed,89.0,0
A. Rusnák,76,10000000.0,Backup,M. Almirón,CAM,A. Rusnák,Real Salt Lake,10000000.0,49.0,-4,44.2,SprintSpeed,73.0,0
M. Almirón,80,19500000.0,Starter,M. Almirón,CAM,A. Rusnák,Real Salt Lake,10000000.0,49.0,-4,44.2,Finishing,74.0,1
A. Rusnák,76,10000000.0,Backup,M. Almirón,CAM,A. Rusnák,Real Salt Lake,10000000.0,49.0,-4,44.2,Finishing,71.0,1
M. Almirón,80,19500000.0,Starter,M. Almirón,CAM,A. Rusnák,Real Salt Lake,10000000.0,49.0,-4,44.2,ShortPassing,79.0,2
A. Rusnák,76,10000000.0,Backup,M. Almirón,CAM,A. Rusnák,Real Salt Lake,10000000.0,49.0,-4,44.2,ShortPassing,77.0,2
M. Almirón,80,19500000.0,Starter,M. Almirón,CAM,A. Rusnák,Real Salt Lake,10000000.0,49.0,-4,44.2,Dribbling,81.0,3
A. Rusnák,76,10000000.0,Backup,M. Almirón,CAM,A. Rusnák,Real Salt Lake,10000000.0,49.0,-4,44.2,Dribbling,73.0,3
M. Almirón,80,19500000.0,Starter,M. Almirón,CAM,A. Rusnák,Real Salt Lake,10000000.0,49.0,-4,44.2,StandingTackle,53.0,4
A. Rusnák,76,10000000.0,Backup,M. Almirón,CAM,A. Rusnák,Real Salt Lake,10000000.0,49.0,-4,44.2,StandingTackle,49.0,4
M. Almirón,80,19500000.0,Starter,M. Almirón,CAM,A. Rusnák,Real Salt Lake,10000000.0,49.0,-4,44.2,Strength,52.0,5
A. Rusnák,76,10000000.0,Backup,M. Almirón,CAM,A. Rusnák,Real Salt Lake,10000000.0,49.0,-4,44.2,Strength,53.0,5
M. Almirón,80,19500000.0,Starter,M. Almirón,CAM,A. Rusnák,Real Salt Lake,10000000.0,49.0,-4,44.2,SprintSpeed,89.0,6
A. Rusnák,76,10000000.0,Backup,M. Almirón,CAM,A. Rusnák,Real Salt Lake,10000000.0,49.0,-4,44.2,SprintSpeed,73.0,6
Welington Dano,80,10500000.0,Starter,Welington Dano,LB,Bernat,Paris Saint-Germain,7500000.0,29.0,-4,42.5,SprintSpeed,80.0,0
Bernat,76,7500000.0,Backup,Welington Dano,LB,Bernat,Paris Saint-Germain,7500000.0,29.0,-4,42.5,SprintSpeed,78.0,0
Welington Dano,80,10500000.0,Starter,Welington Dano,LB,Bernat,Paris Saint-Germain,7500000.0,29.0,-4,42.5,Finishing,51.0,1
Bernat,76,7500000.0,Backup,Welington Dano,LB,Bernat,Paris Saint-Germain,7500000.0,29.0,-4,42.5,Finishing,57.0,1
Welington Dano,80,10500000.0,Starter,Welington Dano,LB,Bernat,Paris Saint-Germain,7500000.0,29.0,-4,42.5,ShortPassing,78.0,2
Bernat,76,7500000.0,Backup,Welington Dano,LB,Bernat,Paris Saint-Germain,7500000.0,29.0,-4,42.5,ShortPassing,79.0,2
Welington Dano,80,10500000.0,Starter,Welington Dano,LB,Bernat,Paris Saint-Germain,7500000.0,29.0,-4,42.5,Dribbling,77.0,3
Bernat,76,7500000.0,Backup,Welington Dano,LB,Bernat,Paris Saint-Germain,7500000.0,29.0,-4,42.5,Dribbling,84.0,3
Welington Dano,80,10500000.0,Starter,Welington Dano,LB,Bernat,Paris Saint-Germain,7500000.0,29.0,-4,42.5,StandingTackle,77.0,4
Bernat,76,7500000.0,Backup,Welington Dano,LB,Bernat,Paris Saint-Germain,7500000.0,29.0,-4,42.5,StandingTackle,75.0,4
Welington Dano,80,10500000.0,Starter,Welington Dano,LB,Bernat,Paris Saint-Germain,7500000.0,29.0,-4,42.5,Strength,68.0,5
Bernat,76,7500000.0,Backup,Welington Dano,LB,Bernat,Paris Saint-Germain,7500000.0,29.0,-4,42.5,Strength,55.0,5
Welington Dano,80,10500000.0,Starter,Welington Dano,LB,Bernat,Paris Saint-Germain,7500000.0,29.0,-4,42.5,SprintSpeed,80.0,6
Bernat,76,7500000.0,Backup,Welington Dano,LB,Bernat,Paris Saint-Germain,7500000.0,29.0,-4,42.5,SprintSpeed,78.0,6
Everton Andrão,80,4500000.0,Starter,Everton Andrão,CDM,D. Arias,Once Caldas,1300000.0,71.0,-8,39.2,SprintSpeed,68.0,0
D. Arias,72,1300000.0,Backup,Everton Andrão,CDM,D. Arias,Once Caldas,1300000.0,71.0,-8,39.2,SprintSpeed,66.0,0
Everton Andrão,80,4500000.0,Starter,Everton Andrão,CDM,D. Arias,Once Caldas,1300000.0,71.0,-8,39.2,Finishing,58.0,1
D. Arias,72,1300000.0,Backup,Everton Andrão,CDM,D. Arias,Once Caldas,1300000.0,71.0,-8,39.2,Finishing,53.0,1
Everton Andrão,80,4500000.0,Starter,Everton Andrão,CDM,D. Arias,Once Caldas,1300000.0,71.0,-8,39.2,ShortPassing,78.0,2
D. Arias,72,1300000.0,Backup,Everton Andrão,CDM,D. Arias,Once Caldas,1300000.0,71.0,-8,39.2,ShortPassing,73.0,2
Everton Andrão,80,4500000.0,Starter,Everton Andrão,CDM,D. Arias,Once Caldas,1300000.0,71.0,-8,39.2,Dribbling,75.0,3
D. Arias,72,1300000.0,Backup,Everton Andrão,CDM,D. Arias,Once Caldas,1300000.0,71.0,-8,39.2,Dribbling,67.0,3
Everton Andrão,80,4500000.0,Starter,Everton Andrão,CDM,D. Arias,Once Caldas,1300000.0,71.0,-8,39.2,StandingTackle,81.0,4
D. Arias,72,1300000.0,Backup,Everton Andrão,CDM,D. Arias,Once Caldas,1300000.0,71.0,-8,39.2,StandingTackle,73.0,4
Everton Andrão,80,4500000.0,Starter,Everton Andrão,CDM,D. Arias,Once Caldas,1300000.0,71.0,-8,39.2,Strength,71.0,5
D. Arias,72,1300000.0,Backup,Everton Andrão,CDM,D. Arias,Once Caldas,1300000.0,71.0,-8,39.2,Strength,64.0,5
Everton Andrão,80,4500000.0,Starter,Everton Andrão,CDM,D. Arias,Once Caldas,1300000.0,71.0,-8,39.2,SprintSpeed,68.0,6
D. Arias,72,1300000.0,Backup,Everton Andrão,CDM,D. Arias,Once Caldas,1300000.0,71.0,-8,39.2,SprintSpeed,66.0,6
Oyarzabal,80,21000000.0,Starter,Oyarzabal,CAM,Dani Olmo,Dinamo Zagreb,11000000.0,48.0,-5,47.4,SprintSpeed,75.0,0
Dani Olmo,75,11000000.0,Backup,Oyarzabal,CAM,Dani Olmo,Dinamo Zagreb,11000000.0,48.0,-5,47.4,SprintSpeed,80.0,0
Oyarzabal,80,21000000.0,Starter,Oyarzabal,CAM,Dani Olmo,Dinamo Zagreb,11000000.0,48.0,-5,47.4,Finishing,78.0,1
Dani Olmo,75,11000000.0,Backup,Oyarzabal,CAM,Dani Olmo,Dinamo Zagreb,11000000.0,48.0,-5,47.4,Finishing,70.0,1
Oyarzabal,80,21000000.0,Starter,Oyarzabal,CAM,Dani Olmo,Dinamo Zagreb,11000000.0,48.0,-5,47.4,ShortPassing,80.0,2
Dani Olmo,75,11000000.0,Backup,Oyarzabal,CAM,Dani Olmo,Dinamo Zagreb,11000000.0,48.0,-5,47.4,ShortPassing,75.0,2
Oyarzabal,80,21000000.0,Starter,Oyarzabal,CAM,Dani Olmo,Dinamo Zagreb,11000000.0,48.0,-5,47.4,Dribbling,84.0,3
Dani Olmo,75,11000000.0,Backup,Oyarzabal,CAM,Dani Olmo,Dinamo Zagreb,11000000.0,48.0,-5,47.4,Dribbling,74.0,3
Oyarzabal,80,21000000.0,Starter,Oyarzabal,CAM,Dani Olmo,Dinamo Zagreb,11000000.0,48.0,-5,47.4,StandingTackle,32.0,4
Dani Olmo,75,11000000.0,Backup,Oyarzabal,CAM,Dani Olmo,Dinamo Zagreb,11000000.0,48.0,-5,47.4,StandingTackle,35.0,4
Oyarzabal,80,21000000.0,Starter,Oyarzabal,CAM,Dani Olmo,Dinamo Zagreb,11000000.0,48.0,-5,47.4,Strength,59.0,5
Dani Olmo,75,11000000.0,Backup,Oyarzabal,CAM,Dani Olmo,Dinamo Zagreb,11000000.0,48.0,-5,47.4,Strength,53.0,5
Oyarzabal,80,21000000.0,Starter,Oyarzabal,CAM,Dani Olmo,Dinamo Zagreb,11000000.0,48.0,-5,47.4,SprintSpeed,75.0,6
Dani Olmo,75,11000000.0,Backup,Oyarzabal,CAM,Dani Olmo,Dinamo Zagreb,11000000.0,48.0,-5,47.4,SprintSpeed,80.0,6
F. Balbuena,80,15500000.0,Starter,F. Balbuena,RCB,S. Bell,1. FSV Mainz 05,7500000.0,52.0,-4,47.3,SprintSpeed,65.0,0
S. Bell,76,7500000.0,Backup,F. Balbuena,RCB,S. Bell,1. FSV Mainz 05,7500000.0,52.0,-4,47.3,SprintSpeed,61.0,0
F. Balbuena,80,15500000.0,Starter,F. Balbuena,RCB,S. Bell,1. FSV Mainz 05,7500000.0,52.0,-4,47.3,Finishing,31.0,1
S. Bell,76,7500000.0,Backup,F. Balbuena,RCB,S. Bell,1. FSV Mainz 05,7500000.0,52.0,-4,47.3,Finishing,34.0,1
F. Balbuena,80,15500000.0,Starter,F. Balbuena,RCB,S. Bell,1. FSV Mainz 05,7500000.0,52.0,-4,47.3,ShortPassing,71.0,2
S. Bell,76,7500000.0,Backup,F. Balbuena,RCB,S. Bell,1. FSV Mainz 05,7500000.0,52.0,-4,47.3,ShortPassing,66.0,2
F. Balbuena,80,15500000.0,Starter,F. Balbuena,RCB,S. Bell,1. FSV Mainz 05,7500000.0,52.0,-4,47.3,Dribbling,47.0,3
S. Bell,76,7500000.0,Backup,F. Balbuena,RCB,S. Bell,1. FSV Mainz 05,7500000.0,52.0,-4,47.3,Dribbling,49.0,3
F. Balbuena,80,15500000.0,Starter,F. Balbuena,RCB,S. Bell,1. FSV Mainz 05,7500000.0,52.0,-4,47.3,StandingTackle,82.0,4
S. Bell,76,7500000.0,Backup,F. Balbuena,RCB,S. Bell,1. FSV Mainz 05,7500000.0,52.0,-4,47.3,StandingTackle,81.0,4
F. Balbuena,80,15500000.0,Starter,F. Balbuena,RCB,S. Bell,1. FSV Mainz 05,7500000.0,52.0,-4,47.3,Strength,84.0,5
S. Bell,76,7500000.0,Backup,F. Balbuena,RCB,S. Bell,1. FSV Mainz 05,7500000.0,52.0,-4,47.3,Strength,85.0,5
F. Balbuena,80,15500000.0,Starter,F. Balbuena,RCB,S. Bell,1. FSV Mainz 05,7500000.0,52.0,-4,47.3,SprintSpeed,65.0,6
S. Bell,76,7500000.0,Backup,F. Balbuena,RCB,S. Bell,1. FSV Mainz 05,7500000.0,52.0,-4,47.3,SprintSpeed,61.0,6
M. Marega,80,16000000.0,Starter,M. Marega,RS,M. Kanazaki,Sagan Tosu,4000000.0,75.0,-7,26.1,SprintSpeed,88.0,0
M. Kanazaki,73,4000000.0,Backup,M. Marega,RS,M. Kanazaki,Sagan Tosu,4000000.0,75.0,-7,26.1,SprintSpeed,78.0,0
M. Marega,80,16000000.0,Starter,M. Marega,RS,M. Kanazaki,Sagan Tosu,4000000.0,75.0,-7,26.1,Finishing,80.0,1
M. Kanazaki,73,4000000.0,Backup,M. Marega,RS,M. Kanazaki,Sagan Tosu,4000000.0,75.0,-7,26.1,Finishing,72.0,1
M. Marega,80,16000000.0,Starter,M. Marega,RS,M. Kanazaki,Sagan Tosu,4000000.0,75.0,-7,26.1,ShortPassing,68.0,2
M. Kanazaki,73,4000000.0,Backup,M. Marega,RS,M. Kanazaki,Sagan Tosu,4000000.0,75.0,-7,26.1,ShortPassing,74.0,2
M. Marega,80,16000000.0,Starter,M. Marega,RS,M. Kanazaki,Sagan Tosu,4000000.0,75.0,-7,26.1,Dribbling,62.0,3
M. Kanazaki,73,4000000.0,Backup,M. Marega,RS,M. Kanazaki,Sagan Tosu,4000000.0,75.0,-7,26.1,Dribbling,71.0,3
M. Marega,80,16000000.0,Starter,M. Marega,RS,M. Kanazaki,Sagan Tosu,4000000.0,75.0,-7,26.1,StandingTackle,34.0,4
M. Kanazaki,73,4000000.0,Backup,M. Marega,RS,M. Kanazaki,Sagan Tosu,4000000.0,75.0,-7,26.1,StandingTackle,24.0,4
M. Marega,80,16000000.0,Starter,M. Marega,RS,M. Kanazaki,Sagan Tosu,4000000.0,75.0,-7,26.1,Strength,90.0,5
M. Kanazaki,73,4000000.0,Backup,M. Marega,RS,M. Kanazaki,Sagan Tosu,4000000.0,75.0,-7,26.1,Strength,82.0,5
M. Marega,80,16000000.0,Starter,M. Marega,RS,M. Kanazaki,Sagan Tosu,4000000.0,75.0,-7,26.1,SprintSpeed,88.0,6
M. Kanazaki,73,4000000.0,Backup,M. Marega,RS,M. Kanazaki,Sagan Tosu,4000000.0,75.0,-7,26.1,SprintSpeed,78.0,6
B. Pavard,80,17500000.0,Starter,B. Pavard,RB,B. Sagna,Montreal Impact,1200000.0,93.0,-6,45.2,SprintSpeed,73.0,0
B. Sagna,74,1200000.0,Backup,B. Pavard,RB,B. Sagna,Montreal Impact,1200000.0,93.0,-6,45.2,SprintSpeed,68.0,0
B. Pavard,80,17500000.0,Starter,B. Pavard,RB,B. Sagna,Montreal Impact,1200000.0,93.0,-6,45.2,Finishing,37.0,1
B. Sagna,74,1200000.0,Backup,B. Pavard,RB,B. Sagna,Montreal Impact,1200000.0,93.0,-6,45.2,Finishing,44.0,1
B. Pavard,80,17500000.0,Starter,B. Pavard,RB,B. Sagna,Montreal Impact,1200000.0,93.0,-6,45.2,ShortPassing,78.0,2
B. Sagna,74,1200000.0,Backup,B. Pavard,RB,B. Sagna,Montreal Impact,1200000.0,93.0,-6,45.2,ShortPassing,72.0,2
B. Pavard,80,17500000.0,Starter,B. Pavard,RB,B. Sagna,Montreal Impact,1200000.0,93.0,-6,45.2,Dribbling,66.0,3
B. Sagna,74,1200000.0,Backup,B. Pavard,RB,B. Sagna,Montreal Impact,1200000.0,93.0,-6,45.2,Dribbling,73.0,3
B. Pavard,80,17500000.0,Starter,B. Pavard,RB,B. Sagna,Montreal Impact,1200000.0,93.0,-6,45.2,StandingTackle,80.0,4
B. Sagna,74,1200000.0,Backup,B. Pavard,RB,B. Sagna,Montreal Impact,1200000.0,93.0,-6,45.2,StandingTackle,74.0,4
B. Pavard,80,17500000.0,Starter,B. Pavard,RB,B. Sagna,Montreal Impact,1200000.0,93.0,-6,45.2,Strength,74.0,5
B. Sagna,74,1200000.0,Backup,B. Pavard,RB,B. Sagna,Montreal Impact,1200000.0,93.0,-6,45.2,Strength,80.0,5
B. Pavard,80,17500000.0,Starter,B. Pavard,RB,B. Sagna,Montreal Impact,1200000.0,93.0,-6,45.2,SprintSpeed,73.0,6
B. Sagna,74,1200000.0,Backup,B. Pavard,RB,B. Sagna,Montreal Impact,1200000.0,93.0,-6,45.2,SprintSpeed,68.0,6
W. Ndidi,80,17000000.0,Starter,W. Ndidi,LDM,S. Prediger,Club Atlético Tigre,2700000.0,84.0,-7,37.2,SprintSpeed,73.0,0
S. Prediger,73,2700000.0,Backup,W. Ndidi,LDM,S. Prediger,Club Atlético Tigre,2700000.0,84.0,-7,37.2,SprintSpeed,72.0,0
W. Ndidi,80,17000000.0,Starter,W. Ndidi,LDM,S. Prediger,Club Atlético Tigre,2700000.0,84.0,-7,37.2,Finishing,50.0,1
S. Prediger,73,2700000.0,Backup,W. Ndidi,LDM,S. Prediger,Club Atlético Tigre,2700000.0,84.0,-7,37.2,Finishing,55.0,1
W. Ndidi,80,17000000.0,Starter,W. Ndidi,LDM,S. Prediger,Club Atlético Tigre,2700000.0,84.0,-7,37.2,ShortPassing,74.0,2
S. Prediger,73,2700000.0,Backup,W. Ndidi,LDM,S. Prediger,Club Atlético Tigre,2700000.0,84.0,-7,37.2,ShortPassing,65.0,2
W. Ndidi,80,17000000.0,Starter,W. Ndidi,LDM,S. Prediger,Club Atlético Tigre,2700000.0,84.0,-7,37.2,Dribbling,74.0,3
S. Prediger,73,2700000.0,Backup,W. Ndidi,LDM,S. Prediger,Club Atlético Tigre,2700000.0,84.0,-7,37.2,Dribbling,68.0,3
W. Ndidi,80,17000000.0,Starter,W. Ndidi,LDM,S. Prediger,Club Atlético Tigre,2700000.0,84.0,-7,37.2,StandingTackle,84.0,4
S. Prediger,73,2700000.0,Backup,W. Ndidi,LDM,S. Prediger,Club Atlético Tigre,2700000.0,84.0,-7,37.2,StandingTackle,78.0,4
W. Ndidi,80,17000000.0,Starter,W. Ndidi,LDM,S. Prediger,Club Atlético Tigre,2700000.0,84.0,-7,37.2,Strength,75.0,5
S. Prediger,73,2700000.0,Backup,W. Ndidi,LDM,S. Prediger,Club Atlético Tigre,2700000.0,84.0,-7,37.2,Strength,73.0,5
W. Ndidi,80,17000000.0,Starter,W. Ndidi,LDM,S. Prediger,Club Atlético Tigre,2700000.0,84.0,-7,37.2,SprintSpeed,73.0,6
S. Prediger,73,2700000.0,Backup,W. Ndidi,LDM,S. Prediger,Club Atlético Tigre,2700000.0,84.0,-7,37.2,SprintSpeed,72.0,6
A. Onana,80,14500000.0,Starter,A. Onana,GK,K. Vermeer,Feyenoord,3800000.0,74.0,-5,47.0,SprintSpeed,62.0,0
K. Vermeer,75,3800000.0,Backup,A. Onana,GK,K. Vermeer,Feyenoord,3800000.0,74.0,-5,47.0,SprintSpeed,55.0,0
A. Onana,80,14500000.0,Starter,A. Onana,GK,K. Vermeer,Feyenoord,3800000.0,74.0,-5,47.0,Finishing,12.0,1
K. Vermeer,75,3800000.0,Backup,A. Onana,GK,K. Vermeer,Feyenoord,3800000.0,74.0,-5,47.0,Finishing,13.0,1
A. Onana,80,14500000.0,Starter,A. Onana,GK,K. Vermeer,Feyenoord,3800000.0,74.0,-5,47.0,ShortPassing,33.0,2
K. Vermeer,75,3800000.0,Backup,A. Onana,GK,K. Vermeer,Feyenoord,3800000.0,74.0,-5,47.0,ShortPassing,53.0,2
A. Onana,80,14500000.0,Starter,A. Onana,GK,K. Vermeer,Feyenoord,3800000.0,74.0,-5,47.0,Dribbling,26.0,3
K. Vermeer,75,3800000.0,Backup,A. Onana,GK,K. Vermeer,Feyenoord,3800000.0,74.0,-5,47.0,Dribbling,25.0,3
A. Onana,80,14500000.0,Starter,A. Onana,GK,K. Vermeer,Feyenoord,3800000.0,74.0,-5,47.0,StandingTackle,18.0,4
K. Vermeer,75,3800000.0,Backup,A. Onana,GK,K. Vermeer,Feyenoord,3800000.0,74.0,-5,47.0,StandingTackle,16.0,4
A. Onana,80,14500000.0,Starter,A. Onana,GK,K. Vermeer,Feyenoord,3800000.0,74.0,-5,47.0,Strength,67.0,5
K. Vermeer,75,3800000.0,Backup,A. Onana,GK,K. Vermeer,Feyenoord,3800000.0,74.0,-5,47.0,Strength,57.0,5
A. Onana,80,14500000.0,Starter,A. Onana,GK,K. Vermeer,Feyenoord,3800000.0,74.0,-5,47.0,SprintSpeed,62.0,6
K. Vermeer,75,3800000.0,Backup,A. Onana,GK,K. Vermeer,Feyenoord,3800000.0,74.0,-5,47.0,SprintSpeed,55.0,6
G. Lo Celso,80,20000000.0,Starter,G. Lo Celso,RCM,D. Praet,Sampdoria,10000000.0,50.0,-4,58.8,SprintSpeed,75.0,0
D. Praet,76,10000000.0,Backup,G. Lo Celso,RCM,D. Praet,Sampdoria,10000000.0,50.0,-4,58.8,SprintSpeed,69.0,0
G. Lo Celso,80,20000000.0,Starter,G. Lo Celso,RCM,D. Praet,Sampdoria,10000000.0,50.0,-4,58.8,Finishing,73.0,1
D. Praet,76,10000000.0,Backup,G. Lo Celso,RCM,D. Praet,Sampdoria,10000000.0,50.0,-4,58.8,Finishing,66.0,1
G. Lo Celso,80,20000000.0,Starter,G. Lo Celso,RCM,D. Praet,Sampdoria,10000000.0,50.0,-4,58.8,ShortPassing,81.0,2
D. Praet,76,10000000.0,Backup,G. Lo Celso,RCM,D. Praet,Sampdoria,10000000.0,50.0,-4,58.8,ShortPassing,81.0,2
G. Lo Celso,80,20000000.0,Starter,G. Lo Celso,RCM,D. Praet,Sampdoria,10000000.0,50.0,-4,58.8,Dribbling,81.0,3
D. Praet,76,10000000.0,Backup,G. Lo Celso,RCM,D. Praet,Sampdoria,10000000.0,50.0,-4,58.8,Dribbling,78.0,3
G. Lo Celso,80,20000000.0,Starter,G. Lo Celso,RCM,D. Praet,Sampdoria,10000000.0,50.0,-4,58.8,StandingTackle,67.0,4
D. Praet,76,10000000.0,Backup,G. Lo Celso,RCM,D. Praet,Sampdoria,10000000.0,50.0,-4,58.8,StandingTackle,62.0,4
G. Lo Celso,80,20000000.0,Starter,G. Lo Celso,RCM,D. Praet,Sampdoria,10000000.0,50.0,-4,58.8,Strength,67.0,5
D. Praet,76,10000000.0,Backup,G. Lo Celso,RCM,D. Praet,Sampdoria,10000000.0,50.0,-4,58.8,Strength,64.0,5
G. Lo Celso,80,20000000.0,Starter,G. Lo Celso,RCM,D. Praet,Sampdoria,10000000.0,50.0,-4,58.8,SprintSpeed,75.0,6
D. Praet,76,10000000.0,Backup,G. Lo Celso,RCM,D. Praet,Sampdoria,10000000.0,50.0,-4,58.8,SprintSpeed,69.0,6
M. Acuña,80,12500000.0,Starter,M. Acuña,LB,C. Erkin,Beşiktaş JK,6000000.0,52.0,-4,44.4,SprintSpeed,75.0,0
C. Erkin,76,6000000.0,Backup,M. Acuña,LB,C. Erkin,Beşiktaş JK,6000000.0,52.0,-4,44.4,SprintSpeed,79.0,0
M. Acuña,80,12500000.0,Starter,M. Acuña,LB,C. Erkin,Beşiktaş JK,6000000.0,52.0,-4,44.4,Finishing,65.0,1
C. Erkin,76,6000000.0,Backup,M. Acuña,LB,C. Erkin,Beşiktaş JK,6000000.0,52.0,-4,44.4,Finishing,67.0,1
M. Acuña,80,12500000.0,Starter,M. Acuña,LB,C. Erkin,Beşiktaş JK,6000000.0,52.0,-4,44.4,ShortPassing,78.0,2
C. Erkin,76,6000000.0,Backup,M. Acuña,LB,C. Erkin,Beşiktaş JK,6000000.0,52.0,-4,44.4,ShortPassing,74.0,2
M. Acuña,80,12500000.0,Starter,M. Acuña,LB,C. Erkin,Beşiktaş JK,6000000.0,52.0,-4,44.4,Dribbling,85.0,3
C. Erkin,76,6000000.0,Backup,M. Acuña,LB,C. Erkin,Beşiktaş JK,6000000.0,52.0,-4,44.4,Dribbling,80.0,3
M. Acuña,80,12500000.0,Starter,M. Acuña,LB,C. Erkin,Beşiktaş JK,6000000.0,52.0,-4,44.4,StandingTackle,80.0,4
C. Erkin,76,6000000.0,Backup,M. Acuña,LB,C. Erkin,Beşiktaş JK,6000000.0,52.0,-4,44.4,StandingTackle,73.0,4
M. Acuña,80,12500000.0,Starter,M. Acuña,LB,C. Erkin,Beşiktaş JK,6000000.0,52.0,-4,44.4,Strength,84.0,5
C. Erkin,76,6000000.0,Backup,M. Acuña,LB,C. Erkin,Beşiktaş JK,6000000.0,52.0,-4,44.4,Strength,66.0,5
M. Acuña,80,12500000.0,Starter,M. Acuña,LB,C. Erkin,Beşiktaş JK,6000000.0,52.0,-4,44.4,SprintSpeed,75.0,6
C. Erkin,76,6000000.0,Backup,M. Acuña,LB,C. Erkin,Beşiktaş JK,6000000.0,52.0,-4,44.4,SprintSpeed,79.0,6
Rúben Neves,80,20500000.0,Starter,Rúben Neves,LCM,B. Džemaili,Bologna,6500000.0,68.0,-3,46.0,SprintSpeed,64.0,0
B. Džemaili,77,6500000.0,Backup,Rúben Neves,LCM,B. Džemaili,Bologna,6500000.0,68.0,-3,46.0,SprintSpeed,65.0,0
Rúben Neves,80,20500000.0,Starter,Rúben Neves,LCM,B. Džemaili,Bologna,6500000.0,68.0,-3,46.0,Finishing,61.0,1
B. Džemaili,77,6500000.0,Backup,Rúben Neves,LCM,B. Džemaili,Bologna,6500000.0,68.0,-3,46.0,Finishing,70.0,1
Rúben Neves,80,20500000.0,Starter,Rúben Neves,LCM,B. Džemaili,Bologna,6500000.0,68.0,-3,46.0,ShortPassing,84.0,2
B. Džemaili,77,6500000.0,Backup,Rúben Neves,LCM,B. Džemaili,Bologna,6500000.0,68.0,-3,46.0,ShortPassing,78.0,2
Rúben Neves,80,20500000.0,Starter,Rúben Neves,LCM,B. Džemaili,Bologna,6500000.0,68.0,-3,46.0,Dribbling,73.0,3
B. Džemaili,77,6500000.0,Backup,Rúben Neves,LCM,B. Džemaili,Bologna,6500000.0,68.0,-3,46.0,Dribbling,77.0,3
Rúben Neves,80,20500000.0,Starter,Rúben Neves,LCM,B. Džemaili,Bologna,6500000.0,68.0,-3,46.0,StandingTackle,74.0,4
B. Džemaili,77,6500000.0,Backup,Rúben Neves,LCM,B. Džemaili,Bologna,6500000.0,68.0,-3,46.0,StandingTackle,70.0,4
Rúben Neves,80,20500000.0,Starter,Rúben Neves,LCM,B. Džemaili,Bologna,6500000.0,68.0,-3,46.0,Strength,70.0,5
B. Džemaili,77,6500000.0,Backup,Rúben Neves,LCM,B. Džemaili,Bologna,6500000.0,68.0,-3,46.0,Strength,67.0,5
Rúben Neves,80,20500000.0,Starter,Rúben Neves,LCM,B. Džemaili,Bologna,6500000.0,68.0,-3,46.0,SprintSpeed,64.0,6
B. Džemaili,77,6500000.0,Backup,Rúben Neves,LCM,B. Džemaili,Bologna,6500000.0,68.0,-3,46.0,SprintSpeed,65.0,6
Mariano,80,20000000.0,Starter,Mariano,ST,D. Lezcano,FC Ingolstadt 04,3200000.0,84.0,-8,37.5,SprintSpeed,85.0,0
D. Lezcano,72,3200000.0,Backup,Mariano,ST,D. Lezcano,FC Ingolstadt 04,3200000.0,84.0,-8,37.5,SprintSpeed,83.0,0
Mariano,80,20000000.0,Starter,Mariano,ST,D. Lezcano,FC Ingolstadt 04,3200000.0,84.0,-8,37.5,Finishing,81.0,1
D. Lezcano,72,3200000.0,Backup,Mariano,ST,D. Lezcano,FC Ingolstadt 04,3200000.0,84.0,-8,37.5,Finishing,71.0,1
Mariano,80,20000000.0,Starter,Mariano,ST,D. Lezcano,FC Ingolstadt 04,3200000.0,84.0,-8,37.5,ShortPassing,69.0,2
D. Lezcano,72,3200000.0,Backup,Mariano,ST,D. Lezcano,FC Ingolstadt 04,3200000.0,84.0,-8,37.5,ShortPassing,68.0,2
Mariano,80,20000000.0,Starter,Mariano,ST,D. Lezcano,FC Ingolstadt 04,3200000.0,84.0,-8,37.5,Dribbling,75.0,3
D. Lezcano,72,3200000.0,Backup,Mariano,ST,D. Lezcano,FC Ingolstadt 04,3200000.0,84.0,-8,37.5,Dribbling,72.0,3
Mariano,80,20000000.0,Starter,Mariano,ST,D. Lezcano,FC Ingolstadt 04,3200000.0,84.0,-8,37.5,StandingTackle,40.0,4
D. Lezcano,72,3200000.0,Backup,Mariano,ST,D. Lezcano,FC Ingolstadt 04,3200000.0,84.0,-8,37.5,StandingTackle,36.0,4
Mariano,80,20000000.0,Starter,Mariano,ST,D. Lezcano,FC Ingolstadt 04,3200000.0,84.0,-8,37.5,Strength,79.0,5
D. Lezcano,72,3200000.0,Backup,Mariano,ST,D. Lezcano,FC Ingolstadt 04,3200000.0,84.0,-8,37.5,Strength,67.0,5
Mariano,80,20000000.0,Starter,Mariano,ST,D. Lezcano,FC Ingolstadt 04,3200000.0,84.0,-8,37.5,SprintSpeed,85.0,6
D. Lezcano,72,3200000.0,Backup,Mariano,ST,D. Lezcano,FC Ingolstadt 04,3200000.0,84.0,-8,37.5,SprintSpeed,83.0,6
Raúl,80,12000000.0,Starter,Raúl,CB,A. Abdennour,Olympique de Marseille,3200000.0,73.0,-7,41.7,SprintSpeed,51.0,0
A. Abdennour,73,3200000.0,Backup,Raúl,CB,A. Abdennour,Olympique de Marseille,3200000.0,73.0,-7,41.7,SprintSpeed,54.0,0
Raúl,80,12000000.0,Starter,Raúl,CB,A. Abdennour,Olympique de Marseille,3200000.0,73.0,-7,41.7,Finishing,50.0,1
A. Abdennour,73,3200000.0,Backup,Raúl,CB,A. Abdennour,Olympique de Marseille,3200000.0,73.0,-7,41.7,Finishing,48.0,1
Raúl,80,12000000.0,Starter,Raúl,CB,A. Abdennour,Olympique de Marseille,3200000.0,73.0,-7,41.7,ShortPassing,68.0,2
A. Abdennour,73,3200000.0,Backup,Raúl,CB,A. Abdennour,Olympique de Marseille,3200000.0,73.0,-7,41.7,ShortPassing,58.0,2
Raúl,80,12000000.0,Starter,Raúl,CB,A. Abdennour,Olympique de Marseille,3200000.0,73.0,-7,41.7,Dribbling,56.0,3
A. Abdennour,73,3200000.0,Backup,Raúl,CB,A. Abdennour,Olympique de Marseille,3200000.0,73.0,-7,41.7,Dribbling,48.0,3
Raúl,80,12000000.0,Starter,Raúl,CB,A. Abdennour,Olympique de Marseille,3200000.0,73.0,-7,41.7,StandingTackle,82.0,4
A. Abdennour,73,3200000.0,Backup,Raúl,CB,A. Abdennour,Olympique de Marseille,3200000.0,73.0,-7,41.7,StandingTackle,73.0,4
Raúl,80,12000000.0,Starter,Raúl,CB,A. Abdennour,Olympique de Marseille,3200000.0,73.0,-7,41.7,Strength,85.0,5
A. Abdennour,73,3200000.0,Backup,Raúl,CB,A. Abdennour,Olympique de Marseille,3200000.0,73.0,-7,41.7,Strength,83.0,5
Raúl,80,12000000.0,Starter,Raúl,CB,A. Abdennour,Olympique de Marseille,3200000.0,73.0,-7,41.7,SprintSpeed,51.0,6
A. Abdennour,73,3200000.0,Backup,Raúl,CB,A. Abdennour,Olympique de Marseille,3200000.0,73.0,-7,41.7,SprintSpeed,54.0,6
M. Caldara,80,17500000.0,Starter,M. Caldara,CB,N. Maksimović,Napoli,11000000.0,37.0,-2,40.3,SprintSpeed,69.0,0
N. Maksimović,78,11000000.0,Backup,M. Caldara,CB,N. Maksimović,Napoli,11000000.0,37.0,-2,40.3,SprintSpeed,68.0,0
M. Caldara,80,17500000.0,Starter,M. Caldara,CB,N. Maksimović,Napoli,11000000.0,37.0,-2,40.3,Finishing,36.0,1
N. Maksimović,78,11000000.0,Backup,M. Caldara,CB,N. Maksimović,Napoli,11000000.0,37.0,-2,40.3,Finishing,22.0,1
M. Caldara,80,17500000.0,Starter,M. Caldara,CB,N. Maksimović,Napoli,11000000.0,37.0,-2,40.3,ShortPassing,63.0,2
N. Maksimović,78,11000000.0,Backup,M. Caldara,CB,N. Maksimović,Napoli,11000000.0,37.0,-2,40.3,ShortPassing,59.0,2
M. Caldara,80,17500000.0,Starter,M. Caldara,CB,N. Maksimović,Napoli,11000000.0,37.0,-2,40.3,Dribbling,62.0,3
N. Maksimović,78,11000000.0,Backup,M. Caldara,CB,N. Maksimović,Napoli,11000000.0,37.0,-2,40.3,Dribbling,49.0,3
M. Caldara,80,17500000.0,Starter,M. Caldara,CB,N. Maksimović,Napoli,11000000.0,37.0,-2,40.3,StandingTackle,84.0,4
N. Maksimović,78,11000000.0,Backup,M. Caldara,CB,N. Maksimović,Napoli,11000000.0,37.0,-2,40.3,StandingTackle,80.0,4
M. Caldara,80,17500000.0,Starter,M. Caldara,CB,N. Maksimović,Napoli,11000000.0,37.0,-2,40.3,Strength,79.0,5
N. Maksimović,78,11000000.0,Backup,M. Caldara,CB,N. Maksimović,Napoli,11000000.0,37.0,-2,40.3,Strength,86.0,5
M. Caldara,80,17500000.0,Starter,M. Caldara,CB,N. Maksimović,Napoli,11000000.0,37.0,-2,40.3,SprintSpeed,69.0,6
N. Maksimović,78,11000000.0,Backup,M. Caldara,CB,N. Maksimović,Napoli,11000000.0,37.0,-2,40.3,SprintSpeed,68.0,6
M. Vecino,80,14500000.0,Starter,M. Vecino,LM,S. Zuber,TSG 1899 Hoffenheim,7500000.0,48.0,-4,44.3,SprintSpeed,69.0,0
S. Zuber,76,7500000.0,Backup,M. Vecino,LM,S. Zuber,TSG 1899 Hoffenheim,7500000.0,48.0,-4,44.3,SprintSpeed,79.0,0
M. Vecino,80,14500000.0,Starter,M. Vecino,LM,S. Zuber,TSG 1899 Hoffenheim,7500000.0,48.0,-4,44.3,Finishing,61.0,1
S. Zuber,76,7500000.0,Backup,M. Vecino,LM,S. Zuber,TSG 1899 Hoffenheim,7500000.0,48.0,-4,44.3,Finishing,63.0,1
M. Vecino,80,14500000.0,Starter,M. Vecino,LM,S. Zuber,TSG 1899 Hoffenheim,7500000.0,48.0,-4,44.3,ShortPassing,83.0,2
S. Zuber,76,7500000.0,Backup,M. Vecino,LM,S. Zuber,TSG 1899 Hoffenheim,7500000.0,48.0,-4,44.3,ShortPassing,74.0,2
M. Vecino,80,14500000.0,Starter,M. Vecino,LM,S. Zuber,TSG 1899 Hoffenheim,7500000.0,48.0,-4,44.3,Dribbling,84.0,3
S. Zuber,76,7500000.0,Backup,M. Vecino,LM,S. Zuber,TSG 1899 Hoffenheim,7500000.0,48.0,-4,44.3,Dribbling,78.0,3
M. Vecino,80,14500000.0,Starter,M. Vecino,LM,S. Zuber,TSG 1899 Hoffenheim,7500000.0,48.0,-4,44.3,StandingTackle,77.0,4
S. Zuber,76,7500000.0,Backup,M. Vecino,LM,S. Zuber,TSG 1899 Hoffenheim,7500000.0,48.0,-4,44.3,StandingTackle,73.0,4
M. Vecino,80,14500000.0,Starter,M. Vecino,LM,S. Zuber,TSG 1899 Hoffenheim,7500000.0,48.0,-4,44.3,Strength,75.0,5
S. Zuber,76,7500000.0,Backup,M. Vecino,LM,S. Zuber,TSG 1899 Hoffenheim,7500000.0,48.0,-4,44.3,Strength,77.0,5
M. Vecino,80,14500000.0,Starter,M. Vecino,LM,S. Zuber,TSG 1899 Hoffenheim,7500000.0,48.0,-4,44.3,SprintSpeed,69.0,6
S. Zuber,76,7500000.0,Backup,M. Vecino,LM,S. Zuber,TSG 1899 Hoffenheim,7500000.0,48.0,-4,44.3,SprintSpeed,79.0,6
T. Bakayoko,80,17000000.0,Starter,T. Bakayoko,LCM,M. Nakamba,Club Brugge KV,12000000.0,29.0,-2,39.5,SprintSpeed,69.0,0
M. Nakamba,78,12000000.0,Backup,T. Bakayoko,LCM,M. Nakamba,Club Brugge KV,12000000.0,29.0,-2,39.5,SprintSpeed,75.0,0
T. Bakayoko,80,17000000.0,Starter,T. Bakayoko,LCM,M. Nakamba,Club Brugge KV,12000000.0,29.0,-2,39.5,Finishing,37.0,1
M. Nakamba,78,12000000.0,Backup,T. Bakayoko,LCM,M. Nakamba,Club Brugge KV,12000000.0,29.0,-2,39.5,Finishing,36.0,1
T. Bakayoko,80,17000000.0,Starter,T. Bakayoko,LCM,M. Nakamba,Club Brugge KV,12000000.0,29.0,-2,39.5,ShortPassing,78.0,2
M. Nakamba,78,12000000.0,Backup,T. Bakayoko,LCM,M. Nakamba,Club Brugge KV,12000000.0,29.0,-2,39.5,ShortPassing,73.0,2
T. Bakayoko,80,17000000.0,Starter,T. Bakayoko,LCM,M. Nakamba,Club Brugge KV,12000000.0,29.0,-2,39.5,Dribbling,76.0,3
M. Nakamba,78,12000000.0,Backup,T. Bakayoko,LCM,M. Nakamba,Club Brugge KV,12000000.0,29.0,-2,39.5,Dribbling,71.0,3
T. Bakayoko,80,17000000.0,Starter,T. Bakayoko,LCM,M. Nakamba,Club Brugge KV,12000000.0,29.0,-2,39.5,StandingTackle,84.0,4
M. Nakamba,78,12000000.0,Backup,T. Bakayoko,LCM,M. Nakamba,Club Brugge KV,12000000.0,29.0,-2,39.5,StandingTackle,80.0,4
T. Bakayoko,80,17000000.0,Starter,T. Bakayoko,LCM,M. Nakamba,Club Brugge KV,12000000.0,29.0,-2,39.5,Strength,80.0,5
M. Nakamba,78,12000000.0,Backup,T. Bakayoko,LCM,M. Nakamba,Club Brugge KV,12000000.0,29.0,-2,39.5,Strength,80.0,5
T. Bakayoko,80,17000000.0,Starter,T. Bakayoko,LCM,M. Nakamba,Club Brugge KV,12000000.0,29.0,-2,39.5,SprintSpeed,69.0,6
M. Nakamba,78,12000000.0,Backup,T. Bakayoko,LCM,M. Nakamba,Club Brugge KV,12000000.0,29.0,-2,39.5,SprintSpeed,75.0,6
M. Dahoud,80,20000000.0,Starter,M. Dahoud,CM,L. Rupp,TSG 1899 Hoffenheim,8000000.0,60.0,-4,43.9,SprintSpeed,67.0,0
L. Rupp,76,8000000.0,Backup,M. Dahoud,CM,L. Rupp,TSG 1899 Hoffenheim,8000000.0,60.0,-4,43.9,SprintSpeed,67.0,0
M. Dahoud,80,20000000.0,Starter,M. Dahoud,CM,L. Rupp,TSG 1899 Hoffenheim,8000000.0,60.0,-4,43.9,Finishing,60.0,1
L. Rupp,76,8000000.0,Backup,M. Dahoud,CM,L. Rupp,TSG 1899 Hoffenheim,8000000.0,60.0,-4,43.9,Finishing,64.0,1
M. Dahoud,80,20000000.0,Starter,M. Dahoud,CM,L. Rupp,TSG 1899 Hoffenheim,8000000.0,60.0,-4,43.9,ShortPassing,83.0,2
L. Rupp,76,8000000.0,Backup,M. Dahoud,CM,L. Rupp,TSG 1899 Hoffenheim,8000000.0,60.0,-4,43.9,ShortPassing,79.0,2
M. Dahoud,80,20000000.0,Starter,M. Dahoud,CM,L. Rupp,TSG 1899 Hoffenheim,8000000.0,60.0,-4,43.9,Dribbling,85.0,3
L. Rupp,76,8000000.0,Backup,M. Dahoud,CM,L. Rupp,TSG 1899 Hoffenheim,8000000.0,60.0,-4,43.9,Dribbling,78.0,3
M. Dahoud,80,20000000.0,Starter,M. Dahoud,CM,L. Rupp,TSG 1899 Hoffenheim,8000000.0,60.0,-4,43.9,StandingTackle,64.0,4
L. Rupp,76,8000000.0,Backup,M. Dahoud,CM,L. Rupp,TSG 1899 Hoffenheim,8000000.0,60.0,-4,43.9,StandingTackle,72.0,4
M. Dahoud,80,20000000.0,Starter,M. Dahoud,CM,L. Rupp,TSG 1899 Hoffenheim,8000000.0,60.0,-4,43.9,Strength,58.0,5
L. Rupp,76,8000000.0,Backup,M. Dahoud,CM,L. Rupp,TSG 1899 Hoffenheim,8000000.0,60.0,-4,43.9,Strength,59.0,5
M. Dahoud,80,20000000.0,Starter,M. Dahoud,CM,L. Rupp,TSG 1899 Hoffenheim,8000000.0,60.0,-4,43.9,SprintSpeed,67.0,6
L. Rupp,76,8000000.0,Backup,M. Dahoud,CM,L. Rupp,TSG 1899 Hoffenheim,8000000.0,60.0,-4,43.9,SprintSpeed,67.0,6
Rafa,80,18500000.0,Starter,Rafa,RW,Gervinho,Parma,9000000.0,51.0,-2,35.6,SprintSpeed,93.0,0
Gervinho,78,9000000.0,Backup,Rafa,RW,Gervinho,Parma,9000000.0,51.0,-2,35.6,SprintSpeed,90.0,0
Rafa,80,18500000.0,Starter,Rafa,RW,Gervinho,Parma,9000000.0,51.0,-2,35.6,Finishing,66.0,1
Gervinho,78,9000000.0,Backup,Rafa,RW,Gervinho,Parma,9000000.0,51.0,-2,35.6,Finishing,72.0,1
Rafa,80,18500000.0,Starter,Rafa,RW,Gervinho,Parma,9000000.0,51.0,-2,35.6,ShortPassing,75.0,2
Gervinho,78,9000000.0,Backup,Rafa,RW,Gervinho,Parma,9000000.0,51.0,-2,35.6,ShortPassing,73.0,2
Rafa,80,18500000.0,Starter,Rafa,RW,Gervinho,Parma,9000000.0,51.0,-2,35.6,Dribbling,86.0,3
Gervinho,78,9000000.0,Backup,Rafa,RW,Gervinho,Parma,9000000.0,51.0,-2,35.6,Dribbling,80.0,3
Rafa,80,18500000.0,Starter,Rafa,RW,Gervinho,Parma,9000000.0,51.0,-2,35.6,StandingTackle,38.0,4
Gervinho,78,9000000.0,Backup,Rafa,RW,Gervinho,Parma,9000000.0,51.0,-2,35.6,StandingTackle,29.0,4
Rafa,80,18500000.0,Starter,Rafa,RW,Gervinho,Parma,9000000.0,51.0,-2,35.6,Strength,40.0,5
Gervinho,78,9000000.0,Backup,Rafa,RW,Gervinho,Parma,9000000.0,51.0,-2,35.6,Strength,55.0,5
Rafa,80,18500000.0,Starter,Rafa,RW,Gervinho,Parma,9000000.0,51.0,-2,35.6,SprintSpeed,93.0,6
Gervinho,78,9000000.0,Backup,Rafa,RW,Gervinho,Parma,9000000.0,51.0,-2,35.6,SprintSpeed,90.0,6
K. Baldé,80,20000000.0,Starter,K. Baldé,RM,A. Carrillo,Al Hilal,11000000.0,45.0,-2,61.9,SprintSpeed,92.0,0
A. Carrillo,78,11000000.0,Backup,K. Baldé,RM,A. Carrillo,Al Hilal,11000000.0,45.0,-2,61.9,SprintSpeed,86.0,0
K. Baldé,80,20000000.0,Starter,K. Baldé,RM,A. Carrillo,Al Hilal,11000000.0,45.0,-2,61.9,Finishing,78.0,1
A. Carrillo,78,11000000.0,Backup,K. Baldé,RM,A. Carrillo,Al Hilal,11000000.0,45.0,-2,61.9,Finishing,73.0,1
K. Baldé,80,20000000.0,Starter,K. Baldé,RM,A. Carrillo,Al Hilal,11000000.0,45.0,-2,61.9,ShortPassing,76.0,2
A. Carrillo,78,11000000.0,Backup,K. Baldé,RM,A. Carrillo,Al Hilal,11000000.0,45.0,-2,61.9,ShortPassing,73.0,2
K. Baldé,80,20000000.0,Starter,K. Baldé,RM,A. Carrillo,Al Hilal,11000000.0,45.0,-2,61.9,Dribbling,83.0,3
A. Carrillo,78,11000000.0,Backup,K. Baldé,RM,A. Carrillo,Al Hilal,11000000.0,45.0,-2,61.9,Dribbling,85.0,3
K. Baldé,80,20000000.0,Starter,K. Baldé,RM,A. Carrillo,Al Hilal,11000000.0,45.0,-2,61.9,StandingTackle,29.0,4
A. Carrillo,78,11000000.0,Backup,K. Baldé,RM,A. Carrillo,Al Hilal,11000000.0,45.0,-2,61.9,StandingTackle,32.0,4
K. Baldé,80,20000000.0,Starter,K. Baldé,RM,A. Carrillo,Al Hilal,11000000.0,45.0,-2,61.9,Strength,76.0,5
A. Carrillo,78,11000000.0,Backup,K. Baldé,RM,A. Carrillo,Al Hilal,11000000.0,45.0,-2,61.9,Strength,72.0,5
K. Baldé,80,20000000.0,Starter,K. Baldé,RM,A. Carrillo,Al Hilal,11000000.0,45.0,-2,61.9,SprintSpeed,92.0,6
A. Carrillo,78,11000000.0,Backup,K. Baldé,RM,A. Carrillo,Al Hilal,11000000.0,45.0,-2,61.9,SprintSpeed,86.0,6
G. Rulli,80,14000000.0,Starter,G. Rulli,GK,M. Günok,Medipol Başakşehir FK,2400000.0,83.0,-8,59.8,SprintSpeed,48.0,0
M. Günok,72,2400000.0,Backup,G. Rulli,GK,M. Günok,Medipol Başakşehir FK,2400000.0,83.0,-8,59.8,SprintSpeed,57.0,0
G. Rulli,80,14000000.0,Starter,G. Rulli,GK,M. Günok,Medipol Başakşehir FK,2400000.0,83.0,-8,59.8,Finishing,15.0,1
M. Günok,72,2400000.0,Backup,G. Rulli,GK,M. Günok,Medipol Başakşehir FK,2400000.0,83.0,-8,59.8,Finishing,15.0,1
G. Rulli,80,14000000.0,Starter,G. Rulli,GK,M. Günok,Medipol Başakşehir FK,2400000.0,83.0,-8,59.8,ShortPassing,32.0,2
M. Günok,72,2400000.0,Backup,G. Rulli,GK,M. Günok,Medipol Başakşehir FK,2400000.0,83.0,-8,59.8,ShortPassing,27.0,2
G. Rulli,80,14000000.0,Starter,G. Rulli,GK,M. Günok,Medipol Başakşehir FK,2400000.0,83.0,-8,59.8,Dribbling,14.0,3
M. Günok,72,2400000.0,Backup,G. Rulli,GK,M. Günok,Medipol Başakşehir FK,2400000.0,83.0,-8,59.8,Dribbling,15.0,3
G. Rulli,80,14000000.0,Starter,G. Rulli,GK,M. Günok,Medipol Başakşehir FK,2400000.0,83.0,-8,59.8,StandingTackle,13.0,4
M. Günok,72,2400000.0,Backup,G. Rulli,GK,M. Günok,Medipol Başakşehir FK,2400000.0,83.0,-8,59.8,StandingTackle,13.0,4
G. Rulli,80,14000000.0,Starter,G. Rulli,GK,M. Günok,Medipol Başakşehir FK,2400000.0,83.0,-8,59.8,Strength,73.0,5
M. Günok,72,2400000.0,Backup,G. Rulli,GK,M. Günok,Medipol Başakşehir FK,2400000.0,83.0,-8,59.8,Strength,71.0,5
G. Rulli,80,14000000.0,Starter,G. Rulli,GK,M. Günok,Medipol Başakşehir FK,2400000.0,83.0,-8,59.8,SprintSpeed,48.0,6
M. Günok,72,2400000.0,Backup,G. Rulli,GK,M. Günok,Medipol Başakşehir FK,2400000.0,83.0,-8,59.8,SprintSpeed,57.0,6
F. Armani,80,9000000.0,Starter,F. Armani,GK,F. Forster,Southampton,5500000.0,39.0,-4,54.1,SprintSpeed,40.0,0
F. Forster,76,5500000.0,Backup,F. Armani,GK,F. Forster,Southampton,5500000.0,39.0,-4,54.1,SprintSpeed,35.0,0
F. Armani,80,9000000.0,Starter,F. Armani,GK,F. Forster,Southampton,5500000.0,39.0,-4,54.1,Finishing,11.0,1
F. Forster,76,5500000.0,Backup,F. Armani,GK,F. Forster,Southampton,5500000.0,39.0,-4,54.1,Finishing,13.0,1
F. Armani,80,9000000.0,Starter,F. Armani,GK,F. Forster,Southampton,5500000.0,39.0,-4,54.1,ShortPassing,34.0,2
F. Forster,76,5500000.0,Backup,F. Armani,GK,F. Forster,Southampton,5500000.0,39.0,-4,54.1,ShortPassing,27.0,2
F. Armani,80,9000000.0,Starter,F. Armani,GK,F. Forster,Southampton,5500000.0,39.0,-4,54.1,Dribbling,19.0,3
F. Forster,76,5500000.0,Backup,F. Armani,GK,F. Forster,Southampton,5500000.0,39.0,-4,54.1,Dribbling,20.0,3
F. Armani,80,9000000.0,Starter,F. Armani,GK,F. Forster,Southampton,5500000.0,39.0,-4,54.1,StandingTackle,13.0,4
F. Forster,76,5500000.0,Backup,F. Armani,GK,F. Forster,Southampton,5500000.0,39.0,-4,54.1,StandingTackle,13.0,4
F. Armani,80,9000000.0,Starter,F. Armani,GK,F. Forster,Southampton,5500000.0,39.0,-4,54.1,Strength,82.0,5
F. Forster,76,5500000.0,Backup,F. Armani,GK,F. Forster,Southampton,5500000.0,39.0,-4,54.1,Strength,80.0,5
F. Armani,80,9000000.0,Starter,F. Armani,GK,F. Forster,Southampton,5500000.0,39.0,-4,54.1,SprintSpeed,40.0,6
F. Forster,76,5500000.0,Backup,F. Armani,GK,F. Forster,Southampton,5500000.0,39.0,-4,54.1,SprintSpeed,35.0,6
Rony Lopes,80,20000000.0,Starter,Rony Lopes,RM,R. Botta,San Lorenzo de Almagro,6500000.0,68.0,-5,48.5,SprintSpeed,76.0,0
R. Botta,75,6500000.0,Backup,Rony Lopes,RM,R. Botta,San Lorenzo de Almagro,6500000.0,68.0,-5,48.5,SprintSpeed,78.0,0
Rony Lopes,80,20000000.0,Starter,Rony Lopes,RM,R. Botta,San Lorenzo de Almagro,6500000.0,68.0,-5,48.5,Finishing,79.0,1
R. Botta,75,6500000.0,Backup,Rony Lopes,RM,R. Botta,San Lorenzo de Almagro,6500000.0,68.0,-5,48.5,Finishing,68.0,1
Rony Lopes,80,20000000.0,Starter,Rony Lopes,RM,R. Botta,San Lorenzo de Almagro,6500000.0,68.0,-5,48.5,ShortPassing,79.0,2
R. Botta,75,6500000.0,Backup,Rony Lopes,RM,R. Botta,San Lorenzo de Almagro,6500000.0,68.0,-5,48.5,ShortPassing,71.0,2
Rony Lopes,80,20000000.0,Starter,Rony Lopes,RM,R. Botta,San Lorenzo de Almagro,6500000.0,68.0,-5,48.5,Dribbling,82.0,3
R. Botta,75,6500000.0,Backup,Rony Lopes,RM,R. Botta,San Lorenzo de Almagro,6500000.0,68.0,-5,48.5,Dribbling,78.0,3
Rony Lopes,80,20000000.0,Starter,Rony Lopes,RM,R. Botta,San Lorenzo de Almagro,6500000.0,68.0,-5,48.5,StandingTackle,28.0,4
R. Botta,75,6500000.0,Backup,Rony Lopes,RM,R. Botta,San Lorenzo de Almagro,6500000.0,68.0,-5,48.5,StandingTackle,27.0,4
Rony Lopes,80,20000000.0,Starter,Rony Lopes,RM,R. Botta,San Lorenzo de Almagro,6500000.0,68.0,-5,48.5,Strength,56.0,5
R. Botta,75,6500000.0,Backup,Rony Lopes,RM,R. Botta,San Lorenzo de Almagro,6500000.0,68.0,-5,48.5,Strength,67.0,5
Rony Lopes,80,20000000.0,Starter,Rony Lopes,RM,R. Botta,San Lorenzo de Almagro,6500000.0,68.0,-5,48.5,SprintSpeed,76.0,6
R. Botta,75,6500000.0,Backup,Rony Lopes,RM,R. Botta,San Lorenzo de Almagro,6500000.0,68.0,-5,48.5,SprintSpeed,78.0,6
Santi Mina,80,20000000.0,Starter,Santi Mina,LS,O. Peralta,Club América,3500000.0,82.0,-5,40.8,SprintSpeed,81.0,0
O. Peralta,75,3500000.0,Backup,Santi Mina,LS,O. Peralta,Club América,3500000.0,82.0,-5,40.8,SprintSpeed,70.0,0
Santi Mina,80,20000000.0,Starter,Santi Mina,LS,O. Peralta,Club América,3500000.0,82.0,-5,40.8,Finishing,82.0,1
O. Peralta,75,3500000.0,Backup,Santi Mina,LS,O. Peralta,Club América,3500000.0,82.0,-5,40.8,Finishing,72.0,1
Santi Mina,80,20000000.0,Starter,Santi Mina,LS,O. Peralta,Club América,3500000.0,82.0,-5,40.8,ShortPassing,69.0,2
O. Peralta,75,3500000.0,Backup,Santi Mina,LS,O. Peralta,Club América,3500000.0,82.0,-5,40.8,ShortPassing,68.0,2
Santi Mina,80,20000000.0,Starter,Santi Mina,LS,O. Peralta,Club América,3500000.0,82.0,-5,40.8,Dribbling,81.0,3
O. Peralta,75,3500000.0,Backup,Santi Mina,LS,O. Peralta,Club América,3500000.0,82.0,-5,40.8,Dribbling,72.0,3
Santi Mina,80,20000000.0,Starter,Santi Mina,LS,O. Peralta,Club América,3500000.0,82.0,-5,40.8,StandingTackle,46.0,4
O. Peralta,75,3500000.0,Backup,Santi Mina,LS,O. Peralta,Club América,3500000.0,82.0,-5,40.8,StandingTackle,35.0,4
Santi Mina,80,20000000.0,Starter,Santi Mina,LS,O. Peralta,Club América,3500000.0,82.0,-5,40.8,Strength,73.0,5
O. Peralta,75,3500000.0,Backup,Santi Mina,LS,O. Peralta,Club América,3500000.0,82.0,-5,40.8,Strength,78.0,5
Santi Mina,80,20000000.0,Starter,Santi Mina,LS,O. Peralta,Club América,3500000.0,82.0,-5,40.8,SprintSpeed,81.0,6
O. Peralta,75,3500000.0,Backup,Santi Mina,LS,O. Peralta,Club América,3500000.0,82.0,-5,40.8,SprintSpeed,70.0,6
K. Demirbay,80,19500000.0,Starter,K. Demirbay,RCM,J. De Guzmán,Eintracht Frankfurt,7000000.0,64.0,-4,50.1,SprintSpeed,67.0,0
J. De Guzmán,76,7000000.0,Backup,K. Demirbay,RCM,J. De Guzmán,Eintracht Frankfurt,7000000.0,64.0,-4,50.1,SprintSpeed,69.0,0
K. Demirbay,80,19500000.0,Starter,K. Demirbay,RCM,J. De Guzmán,Eintracht Frankfurt,7000000.0,64.0,-4,50.1,Finishing,72.0,1
J. De Guzmán,76,7000000.0,Backup,K. Demirbay,RCM,J. De Guzmán,Eintracht Frankfurt,7000000.0,64.0,-4,50.1,Finishing,68.0,1
K. Demirbay,80,19500000.0,Starter,K. Demirbay,RCM,J. De Guzmán,Eintracht Frankfurt,7000000.0,64.0,-4,50.1,ShortPassing,82.0,2
J. De Guzmán,76,7000000.0,Backup,K. Demirbay,RCM,J. De Guzmán,Eintracht Frankfurt,7000000.0,64.0,-4,50.1,ShortPassing,79.0,2
K. Demirbay,80,19500000.0,Starter,K. Demirbay,RCM,J. De Guzmán,Eintracht Frankfurt,7000000.0,64.0,-4,50.1,Dribbling,82.0,3
J. De Guzmán,76,7000000.0,Backup,K. Demirbay,RCM,J. De Guzmán,Eintracht Frankfurt,7000000.0,64.0,-4,50.1,Dribbling,78.0,3
K. Demirbay,80,19500000.0,Starter,K. Demirbay,RCM,J. De Guzmán,Eintracht Frankfurt,7000000.0,64.0,-4,50.1,StandingTackle,59.0,4
J. De Guzmán,76,7000000.0,Backup,K. Demirbay,RCM,J. De Guzmán,Eintracht Frankfurt,7000000.0,64.0,-4,50.1,StandingTackle,54.0,4
K. Demirbay,80,19500000.0,Starter,K. Demirbay,RCM,J. De Guzmán,Eintracht Frankfurt,7000000.0,64.0,-4,50.1,Strength,67.0,5
J. De Guzmán,76,7000000.0,Backup,K. Demirbay,RCM,J. De Guzmán,Eintracht Frankfurt,7000000.0,64.0,-4,50.1,Strength,64.0,5
K. Demirbay,80,19500000.0,Starter,K. Demirbay,RCM,J. De Guzmán,Eintracht Frankfurt,7000000.0,64.0,-4,50.1,SprintSpeed,67.0,6
J. De Guzmán,76,7000000.0,Backup,K. Demirbay,RCM,J. De Guzmán,Eintracht Frankfurt,7000000.0,64.0,-4,50.1,SprintSpeed,69.0,6
Gayà,80,16500000.0,Starter,Gayà,LB,Bernat,Paris Saint-Germain,7500000.0,55.0,-4,52.9,SprintSpeed,87.0,0
Bernat,76,7500000.0,Backup,Gayà,LB,Bernat,Paris Saint-Germain,7500000.0,55.0,-4,52.9,SprintSpeed,78.0,0
Gayà,80,16500000.0,Starter,Gayà,LB,Bernat,Paris Saint-Germain,7500000.0,55.0,-4,52.9,Finishing,61.0,1
Bernat,76,7500000.0,Backup,Gayà,LB,Bernat,Paris Saint-Germain,7500000.0,55.0,-4,52.9,Finishing,57.0,1
Gayà,80,16500000.0,Starter,Gayà,LB,Bernat,Paris Saint-Germain,7500000.0,55.0,-4,52.9,ShortPassing,81.0,2
Bernat,76,7500000.0,Backup,Gayà,LB,Bernat,Paris Saint-Germain,7500000.0,55.0,-4,52.9,ShortPassing,79.0,2
Gayà,80,16500000.0,Starter,Gayà,LB,Bernat,Paris Saint-Germain,7500000.0,55.0,-4,52.9,Dribbling,77.0,3
Bernat,76,7500000.0,Backup,Gayà,LB,Bernat,Paris Saint-Germain,7500000.0,55.0,-4,52.9,Dribbling,84.0,3
Gayà,80,16500000.0,Starter,Gayà,LB,Bernat,Paris Saint-Germain,7500000.0,55.0,-4,52.9,StandingTackle,78.0,4
Bernat,76,7500000.0,Backup,Gayà,LB,Bernat,Paris Saint-Germain,7500000.0,55.0,-4,52.9,StandingTackle,75.0,4
Gayà,80,16500000.0,Starter,Gayà,LB,Bernat,Paris Saint-Germain,7500000.0,55.0,-4,52.9,Strength,61.0,5
Bernat,76,7500000.0,Backup,Gayà,LB,Bernat,Paris Saint-Germain,7500000.0,55.0,-4,52.9,Strength,55.0,5
Gayà,80,16500000.0,Starter,Gayà,LB,Bernat,Paris Saint-Germain,7500000.0,55.0,-4,52.9,SprintSpeed,87.0,6
Bernat,76,7500000.0,Backup,Gayà,LB,Bernat,Paris Saint-Germain,7500000.0,55.0,-4,52.9,SprintSpeed,78.0,6
André Gomes,80,19500000.0,Starter,André Gomes,LDM,O. Yokuşlu,RC Celta,10500000.0,46.0,-3,48.6,SprintSpeed,62.0,0
O. Yokuşlu,77,10500000.0,Backup,André Gomes,LDM,O. Yokuşlu,RC Celta,10500000.0,46.0,-3,48.6,SprintSpeed,74.0,0
André Gomes,80,19500000.0,Starter,André Gomes,LDM,O. Yokuşlu,RC Celta,10500000.0,46.0,-3,48.6,Finishing,65.0,1
O. Yokuşlu,77,10500000.0,Backup,André Gomes,LDM,O. Yokuşlu,RC Celta,10500000.0,46.0,-3,48.6,Finishing,65.0,1
André Gomes,80,19500000.0,Starter,André Gomes,LDM,O. Yokuşlu,RC Celta,10500000.0,46.0,-3,48.6,ShortPassing,82.0,2
O. Yokuşlu,77,10500000.0,Backup,André Gomes,LDM,O. Yokuşlu,RC Celta,10500000.0,46.0,-3,48.6,ShortPassing,77.0,2
André Gomes,80,19500000.0,Starter,André Gomes,LDM,O. Yokuşlu,RC Celta,10500000.0,46.0,-3,48.6,Dribbling,80.0,3
O. Yokuşlu,77,10500000.0,Backup,André Gomes,LDM,O. Yokuşlu,RC Celta,10500000.0,46.0,-3,48.6,Dribbling,74.0,3
André Gomes,80,19500000.0,Starter,André Gomes,LDM,O. Yokuşlu,RC Celta,10500000.0,46.0,-3,48.6,StandingTackle,75.0,4
O. Yokuşlu,77,10500000.0,Backup,André Gomes,LDM,O. Yokuşlu,RC Celta,10500000.0,46.0,-3,48.6,StandingTackle,76.0,4
André Gomes,80,19500000.0,Starter,André Gomes,LDM,O. Yokuşlu,RC Celta,10500000.0,46.0,-3,48.6,Strength,86.0,5
O. Yokuşlu,77,10500000.0,Backup,André Gomes,LDM,O. Yokuşlu,RC Celta,10500000.0,46.0,-3,48.6,Strength,83.0,5
André Gomes,80,19500000.0,Starter,André Gomes,LDM,O. Yokuşlu,RC Celta,10500000.0,46.0,-3,48.6,SprintSpeed,62.0,6
O. Yokuşlu,77,10500000.0,Backup,André Gomes,LDM,O. Yokuşlu,RC Celta,10500000.0,46.0,-3,48.6,SprintSpeed,74.0,6
N. Tagliafico,80,15000000.0,Starter,N. Tagliafico,LB,F. Fabra,Boca Juniors,8000000.0,47.0,-3,45.7,SprintSpeed,86.0,0
F. Fabra,77,8000000.0,Backup,N. Tagliafico,LB,F. Fabra,Boca Juniors,8000000.0,47.0,-3,45.7,SprintSpeed,88.0,0
N. Tagliafico,80,15000000.0,Starter,N. Tagliafico,LB,F. Fabra,Boca Juniors,8000000.0,47.0,-3,45.7,Finishing,57.0,1
F. Fabra,77,8000000.0,Backup,N. Tagliafico,LB,F. Fabra,Boca Juniors,8000000.0,47.0,-3,45.7,Finishing,50.0,1
N. Tagliafico,80,15000000.0,Starter,N. Tagliafico,LB,F. Fabra,Boca Juniors,8000000.0,47.0,-3,45.7,ShortPassing,75.0,2
F. Fabra,77,8000000.0,Backup,N. Tagliafico,LB,F. Fabra,Boca Juniors,8000000.0,47.0,-3,45.7,ShortPassing,73.0,2
N. Tagliafico,80,15000000.0,Starter,N. Tagliafico,LB,F. Fabra,Boca Juniors,8000000.0,47.0,-3,45.7,Dribbling,74.0,3
F. Fabra,77,8000000.0,Backup,N. Tagliafico,LB,F. Fabra,Boca Juniors,8000000.0,47.0,-3,45.7,Dribbling,78.0,3
N. Tagliafico,80,15000000.0,Starter,N. Tagliafico,LB,F. Fabra,Boca Juniors,8000000.0,47.0,-3,45.7,StandingTackle,78.0,4
F. Fabra,77,8000000.0,Backup,N. Tagliafico,LB,F. Fabra,Boca Juniors,8000000.0,47.0,-3,45.7,StandingTackle,75.0,4
N. Tagliafico,80,15000000.0,Starter,N. Tagliafico,LB,F. Fabra,Boca Juniors,8000000.0,47.0,-3,45.7,Strength,63.0,5
F. Fabra,77,8000000.0,Backup,N. Tagliafico,LB,F. Fabra,Boca Juniors,8000000.0,47.0,-3,45.7,Strength,81.0,5
N. Tagliafico,80,15000000.0,Starter,N. Tagliafico,LB,F. Fabra,Boca Juniors,8000000.0,47.0,-3,45.7,SprintSpeed,86.0,6
F. Fabra,77,8000000.0,Backup,N. Tagliafico,LB,F. Fabra,Boca Juniors,8000000.0,47.0,-3,45.7,SprintSpeed,88.0,6
M. Sanson,80,19500000.0,Starter,M. Sanson,RDM,A. Dzagoev,PFC CSKA Moscow,12500000.0,36.0,-1,66.7,SprintSpeed,74.0,0
A. Dzagoev,79,12500000.0,Backup,M. Sanson,RDM,A. Dzagoev,PFC CSKA Moscow,12500000.0,36.0,-1,66.7,SprintSpeed,69.0,0
M. Sanson,80,19500000.0,Starter,M. Sanson,RDM,A. Dzagoev,PFC CSKA Moscow,12500000.0,36.0,-1,66.7,Finishing,74.0,1
A. Dzagoev,79,12500000.0,Backup,M. Sanson,RDM,A. Dzagoev,PFC CSKA Moscow,12500000.0,36.0,-1,66.7,Finishing,70.0,1
M. Sanson,80,19500000.0,Starter,M. Sanson,RDM,A. Dzagoev,PFC CSKA Moscow,12500000.0,36.0,-1,66.7,ShortPassing,80.0,2
A. Dzagoev,79,12500000.0,Backup,M. Sanson,RDM,A. Dzagoev,PFC CSKA Moscow,12500000.0,36.0,-1,66.7,ShortPassing,79.0,2
M. Sanson,80,19500000.0,Starter,M. Sanson,RDM,A. Dzagoev,PFC CSKA Moscow,12500000.0,36.0,-1,66.7,Dribbling,77.0,3
A. Dzagoev,79,12500000.0,Backup,M. Sanson,RDM,A. Dzagoev,PFC CSKA Moscow,12500000.0,36.0,-1,66.7,Dribbling,78.0,3
M. Sanson,80,19500000.0,Starter,M. Sanson,RDM,A. Dzagoev,PFC CSKA Moscow,12500000.0,36.0,-1,66.7,StandingTackle,73.0,4
A. Dzagoev,79,12500000.0,Backup,M. Sanson,RDM,A. Dzagoev,PFC CSKA Moscow,12500000.0,36.0,-1,66.7,StandingTackle,71.0,4
M. Sanson,80,19500000.0,Starter,M. Sanson,RDM,A. Dzagoev,PFC CSKA Moscow,12500000.0,36.0,-1,66.7,Strength,76.0,5
A. Dzagoev,79,12500000.0,Backup,M. Sanson,RDM,A. Dzagoev,PFC CSKA Moscow,12500000.0,36.0,-1,66.7,Strength,66.0,5
M. Sanson,80,19500000.0,Starter,M. Sanson,RDM,A. Dzagoev,PFC CSKA Moscow,12500000.0,36.0,-1,66.7,SprintSpeed,74.0,6
A. Dzagoev,79,12500000.0,Backup,M. Sanson,RDM,A. Dzagoev,PFC CSKA Moscow,12500000.0,36.0,-1,66.7,SprintSpeed,69.0,6
Pacheco,80,13000000.0,Starter,Pacheco,GK,M. Sportiello,Frosinone,9000000.0,31.0,-2,60.8,SprintSpeed,42.0,0
M. Sportiello,78,9000000.0,Backup,Pacheco,GK,M. Sportiello,Frosinone,9000000.0,31.0,-2,60.8,SprintSpeed,38.0,0
Pacheco,80,13000000.0,Starter,Pacheco,GK,M. Sportiello,Frosinone,9000000.0,31.0,-2,60.8,Finishing,16.0,1
M. Sportiello,78,9000000.0,Backup,Pacheco,GK,M. Sportiello,Frosinone,9000000.0,31.0,-2,60.8,Finishing,18.0,1
Pacheco,80,13000000.0,Starter,Pacheco,GK,M. Sportiello,Frosinone,9000000.0,31.0,-2,60.8,ShortPassing,24.0,2
M. Sportiello,78,9000000.0,Backup,Pacheco,GK,M. Sportiello,Frosinone,9000000.0,31.0,-2,60.8,ShortPassing,32.0,2
Pacheco,80,13000000.0,Starter,Pacheco,GK,M. Sportiello,Frosinone,9000000.0,31.0,-2,60.8,Dribbling,13.0,3
M. Sportiello,78,9000000.0,Backup,Pacheco,GK,M. Sportiello,Frosinone,9000000.0,31.0,-2,60.8,Dribbling,19.0,3
Pacheco,80,13000000.0,Starter,Pacheco,GK,M. Sportiello,Frosinone,9000000.0,31.0,-2,60.8,StandingTackle,16.0,4
M. Sportiello,78,9000000.0,Backup,Pacheco,GK,M. Sportiello,Frosinone,9000000.0,31.0,-2,60.8,StandingTackle,17.0,4
Pacheco,80,13000000.0,Starter,Pacheco,GK,M. Sportiello,Frosinone,9000000.0,31.0,-2,60.8,Strength,72.0,5
M. Sportiello,78,9000000.0,Backup,Pacheco,GK,M. Sportiello,Frosinone,9000000.0,31.0,-2,60.8,Strength,66.0,5
Pacheco,80,13000000.0,Starter,Pacheco,GK,M. Sportiello,Frosinone,9000000.0,31.0,-2,60.8,SprintSpeed,42.0,6
M. Sportiello,78,9000000.0,Backup,Pacheco,GK,M. Sportiello,Frosinone,9000000.0,31.0,-2,60.8,SprintSpeed,38.0,6
E. Can,80,19500000.0,Starter,E. Can,CM,S. Sturaro,Sporting CP,8000000.0,59.0,-5,57.3,SprintSpeed,73.0,0
S. Sturaro,75,8000000.0,Backup,E. Can,CM,S. Sturaro,Sporting CP,8000000.0,59.0,-5,57.3,SprintSpeed,74.0,0
E. Can,80,19500000.0,Starter,E. Can,CM,S. Sturaro,Sporting CP,8000000.0,59.0,-5,57.3,Finishing,60.0,1
S. Sturaro,75,8000000.0,Backup,E. Can,CM,S. Sturaro,Sporting CP,8000000.0,59.0,-5,57.3,Finishing,55.0,1
E. Can,80,19500000.0,Starter,E. Can,CM,S. Sturaro,Sporting CP,8000000.0,59.0,-5,57.3,ShortPassing,81.0,2
S. Sturaro,75,8000000.0,Backup,E. Can,CM,S. Sturaro,Sporting CP,8000000.0,59.0,-5,57.3,ShortPassing,77.0,2
E. Can,80,19500000.0,Starter,E. Can,CM,S. Sturaro,Sporting CP,8000000.0,59.0,-5,57.3,Dribbling,76.0,3
S. Sturaro,75,8000000.0,Backup,E. Can,CM,S. Sturaro,Sporting CP,8000000.0,59.0,-5,57.3,Dribbling,76.0,3
E. Can,80,19500000.0,Starter,E. Can,CM,S. Sturaro,Sporting CP,8000000.0,59.0,-5,57.3,StandingTackle,81.0,4
S. Sturaro,75,8000000.0,Backup,E. Can,CM,S. Sturaro,Sporting CP,8000000.0,59.0,-5,57.3,StandingTackle,78.0,4
E. Can,80,19500000.0,Starter,E. Can,CM,S. Sturaro,Sporting CP,8000000.0,59.0,-5,57.3,Strength,83.0,5
S. Sturaro,75,8000000.0,Backup,E. Can,CM,S. Sturaro,Sporting CP,8000000.0,59.0,-5,57.3,Strength,78.0,5
E. Can,80,19500000.0,Starter,E. Can,CM,S. Sturaro,Sporting CP,8000000.0,59.0,-5,57.3,SprintSpeed,73.0,6
S. Sturaro,75,8000000.0,Backup,E. Can,CM,S. Sturaro,Sporting CP,8000000.0,59.0,-5,57.3,SprintSpeed,74.0,6
H. Çalhanoğlu,80,19500000.0,Starter,H. Çalhanoğlu,CAM,F. Belluschi,San Lorenzo de Almagro,4500000.0,77.0,-3,32.7,SprintSpeed,69.0,0
F. Belluschi,77,4500000.0,Backup,H. Çalhanoğlu,CAM,F. Belluschi,San Lorenzo de Almagro,4500000.0,77.0,-3,32.7,SprintSpeed,69.0,0
H. Çalhanoğlu,80,19500000.0,Starter,H. Çalhanoğlu,CAM,F. Belluschi,San Lorenzo de Almagro,4500000.0,77.0,-3,32.7,Finishing,65.0,1
F. Belluschi,77,4500000.0,Backup,H. Çalhanoğlu,CAM,F. Belluschi,San Lorenzo de Almagro,4500000.0,77.0,-3,32.7,Finishing,66.0,1
H. Çalhanoğlu,80,19500000.0,Starter,H. Çalhanoğlu,CAM,F. Belluschi,San Lorenzo de Almagro,4500000.0,77.0,-3,32.7,ShortPassing,83.0,2
F. Belluschi,77,4500000.0,Backup,H. Çalhanoğlu,CAM,F. Belluschi,San Lorenzo de Almagro,4500000.0,77.0,-3,32.7,ShortPassing,75.0,2
H. Çalhanoğlu,80,19500000.0,Starter,H. Çalhanoğlu,CAM,F. Belluschi,San Lorenzo de Almagro,4500000.0,77.0,-3,32.7,Dribbling,85.0,3
F. Belluschi,77,4500000.0,Backup,H. Çalhanoğlu,CAM,F. Belluschi,San Lorenzo de Almagro,4500000.0,77.0,-3,32.7,Dribbling,76.0,3
H. Çalhanoğlu,80,19500000.0,Starter,H. Çalhanoğlu,CAM,F. Belluschi,San Lorenzo de Almagro,4500000.0,77.0,-3,32.7,StandingTackle,56.0,4
F. Belluschi,77,4500000.0,Backup,H. Çalhanoğlu,CAM,F. Belluschi,San Lorenzo de Almagro,4500000.0,77.0,-3,32.7,StandingTackle,65.0,4
H. Çalhanoğlu,80,19500000.0,Starter,H. Çalhanoğlu,CAM,F. Belluschi,San Lorenzo de Almagro,4500000.0,77.0,-3,32.7,Strength,54.0,5
F. Belluschi,77,4500000.0,Backup,H. Çalhanoğlu,CAM,F. Belluschi,San Lorenzo de Almagro,4500000.0,77.0,-3,32.7,Strength,70.0,5
H. Çalhanoğlu,80,19500000.0,Starter,H. Çalhanoğlu,CAM,F. Belluschi,San Lorenzo de Almagro,4500000.0,77.0,-3,32.7,SprintSpeed,69.0,6
F. Belluschi,77,4500000.0,Backup,H. Çalhanoğlu,CAM,F. Belluschi,San Lorenzo de Almagro,4500000.0,77.0,-3,32.7,SprintSpeed,69.0,6
M. Ginter,80,15500000.0,Starter,M. Ginter,RWB,Barragán,Real Betis,5000000.0,68.0,-4,23.8,SprintSpeed,69.0,0
Barragán,76,5000000.0,Backup,M. Ginter,RWB,Barragán,Real Betis,5000000.0,68.0,-4,23.8,SprintSpeed,71.0,0
M. Ginter,80,15500000.0,Starter,M. Ginter,RWB,Barragán,Real Betis,5000000.0,68.0,-4,23.8,Finishing,55.0,1
Barragán,76,5000000.0,Backup,M. Ginter,RWB,Barragán,Real Betis,5000000.0,68.0,-4,23.8,Finishing,44.0,1
M. Ginter,80,15500000.0,Starter,M. Ginter,RWB,Barragán,Real Betis,5000000.0,68.0,-4,23.8,ShortPassing,75.0,2
Barragán,76,5000000.0,Backup,M. Ginter,RWB,Barragán,Real Betis,5000000.0,68.0,-4,23.8,ShortPassing,77.0,2
M. Ginter,80,15500000.0,Starter,M. Ginter,RWB,Barragán,Real Betis,5000000.0,68.0,-4,23.8,Dribbling,62.0,3
Barragán,76,5000000.0,Backup,M. Ginter,RWB,Barragán,Real Betis,5000000.0,68.0,-4,23.8,Dribbling,62.0,3
M. Ginter,80,15500000.0,Starter,M. Ginter,RWB,Barragán,Real Betis,5000000.0,68.0,-4,23.8,StandingTackle,84.0,4
Barragán,76,5000000.0,Backup,M. Ginter,RWB,Barragán,Real Betis,5000000.0,68.0,-4,23.8,StandingTackle,80.0,4
M. Ginter,80,15500000.0,Starter,M. Ginter,RWB,Barragán,Real Betis,5000000.0,68.0,-4,23.8,Strength,81.0,5
Barragán,76,5000000.0,Backup,M. Ginter,RWB,Barragán,Real Betis,5000000.0,68.0,-4,23.8,Strength,73.0,5
M. Ginter,80,15500000.0,Starter,M. Ginter,RWB,Barragán,Real Betis,5000000.0,68.0,-4,23.8,SprintSpeed,69.0,6
Barragán,76,5000000.0,Backup,M. Ginter,RWB,Barragán,Real Betis,5000000.0,68.0,-4,23.8,SprintSpeed,71.0,6
M. Keane,80,15500000.0,Starter,M. Keane,RCB,P. Baysse,Stade Malherbe Caen,5500000.0,65.0,-4,51.1,SprintSpeed,65.0,0
P. Baysse,76,5500000.0,Backup,M. Keane,RCB,P. Baysse,Stade Malherbe Caen,5500000.0,65.0,-4,51.1,SprintSpeed,66.0,0
M. Keane,80,15500000.0,Starter,M. Keane,RCB,P. Baysse,Stade Malherbe Caen,5500000.0,65.0,-4,51.1,Finishing,50.0,1
P. Baysse,76,5500000.0,Backup,M. Keane,RCB,P. Baysse,Stade Malherbe Caen,5500000.0,65.0,-4,51.1,Finishing,40.0,1
M. Keane,80,15500000.0,Starter,M. Keane,RCB,P. Baysse,Stade Malherbe Caen,5500000.0,65.0,-4,51.1,ShortPassing,71.0,2
P. Baysse,76,5500000.0,Backup,M. Keane,RCB,P. Baysse,Stade Malherbe Caen,5500000.0,65.0,-4,51.1,ShortPassing,72.0,2
M. Keane,80,15500000.0,Starter,M. Keane,RCB,P. Baysse,Stade Malherbe Caen,5500000.0,65.0,-4,51.1,Dribbling,66.0,3
P. Baysse,76,5500000.0,Backup,M. Keane,RCB,P. Baysse,Stade Malherbe Caen,5500000.0,65.0,-4,51.1,Dribbling,62.0,3
M. Keane,80,15500000.0,Starter,M. Keane,RCB,P. Baysse,Stade Malherbe Caen,5500000.0,65.0,-4,51.1,StandingTackle,82.0,4
P. Baysse,76,5500000.0,Backup,M. Keane,RCB,P. Baysse,Stade Malherbe Caen,5500000.0,65.0,-4,51.1,StandingTackle,75.0,4
M. Keane,80,15500000.0,Starter,M. Keane,RCB,P. Baysse,Stade Malherbe Caen,5500000.0,65.0,-4,51.1,Strength,85.0,5
P. Baysse,76,5500000.0,Backup,M. Keane,RCB,P. Baysse,Stade Malherbe Caen,5500000.0,65.0,-4,51.1,Strength,83.0,5
M. Keane,80,15500000.0,Starter,M. Keane,RCB,P. Baysse,Stade Malherbe Caen,5500000.0,65.0,-4,51.1,SprintSpeed,65.0,6
P. Baysse,76,5500000.0,Backup,M. Keane,RCB,P. Baysse,Stade Malherbe Caen,5500000.0,65.0,-4,51.1,SprintSpeed,66.0,6
T. Stepanenko,80,12000000.0,Starter,T. Stepanenko,RDM,M. de Roon,Atalanta,8000000.0,33.0,-4,59.0,SprintSpeed,64.0,0
M. de Roon,76,8000000.0,Backup,T. Stepanenko,RDM,M. de Roon,Atalanta,8000000.0,33.0,-4,59.0,SprintSpeed,68.0,0
T. Stepanenko,80,12000000.0,Starter,T. Stepanenko,RDM,M. de Roon,Atalanta,8000000.0,33.0,-4,59.0,Finishing,53.0,1
M. de Roon,76,8000000.0,Backup,T. Stepanenko,RDM,M. de Roon,Atalanta,8000000.0,33.0,-4,59.0,Finishing,60.0,1
T. Stepanenko,80,12000000.0,Starter,T. Stepanenko,RDM,M. de Roon,Atalanta,8000000.0,33.0,-4,59.0,ShortPassing,81.0,2
M. de Roon,76,8000000.0,Backup,T. Stepanenko,RDM,M. de Roon,Atalanta,8000000.0,33.0,-4,59.0,ShortPassing,76.0,2
T. Stepanenko,80,12000000.0,Starter,T. Stepanenko,RDM,M. de Roon,Atalanta,8000000.0,33.0,-4,59.0,Dribbling,64.0,3
M. de Roon,76,8000000.0,Backup,T. Stepanenko,RDM,M. de Roon,Atalanta,8000000.0,33.0,-4,59.0,Dribbling,68.0,3
T. Stepanenko,80,12000000.0,Starter,T. Stepanenko,RDM,M. de Roon,Atalanta,8000000.0,33.0,-4,59.0,StandingTackle,79.0,4
M. de Roon,76,8000000.0,Backup,T. Stepanenko,RDM,M. de Roon,Atalanta,8000000.0,33.0,-4,59.0,StandingTackle,78.0,4
T. Stepanenko,80,12000000.0,Starter,T. Stepanenko,RDM,M. de Roon,Atalanta,8000000.0,33.0,-4,59.0,Strength,76.0,5
M. de Roon,76,8000000.0,Backup,T. Stepanenko,RDM,M. de Roon,Atalanta,8000000.0,33.0,-4,59.0,Strength,75.0,5
T. Stepanenko,80,12000000.0,Starter,T. Stepanenko,RDM,M. de Roon,Atalanta,8000000.0,33.0,-4,59.0,SprintSpeed,64.0,6
M. de Roon,76,8000000.0,Backup,T. Stepanenko,RDM,M. de Roon,Atalanta,8000000.0,33.0,-4,59.0,SprintSpeed,68.0,6
L. Shaw,80,16500000.0,Starter,L. Shaw,LB,Marçal,Olympique Lyonnais,6500000.0,61.0,-3,56.9,SprintSpeed,85.0,0
Marçal,77,6500000.0,Backup,L. Shaw,LB,Marçal,Olympique Lyonnais,6500000.0,61.0,-3,56.9,SprintSpeed,77.0,0
L. Shaw,80,16500000.0,Starter,L. Shaw,LB,Marçal,Olympique Lyonnais,6500000.0,61.0,-3,56.9,Finishing,47.0,1
Marçal,77,6500000.0,Backup,L. Shaw,LB,Marçal,Olympique Lyonnais,6500000.0,61.0,-3,56.9,Finishing,57.0,1
L. Shaw,80,16500000.0,Starter,L. Shaw,LB,Marçal,Olympique Lyonnais,6500000.0,61.0,-3,56.9,ShortPassing,78.0,2
Marçal,77,6500000.0,Backup,L. Shaw,LB,Marçal,Olympique Lyonnais,6500000.0,61.0,-3,56.9,ShortPassing,74.0,2
L. Shaw,80,16500000.0,Starter,L. Shaw,LB,Marçal,Olympique Lyonnais,6500000.0,61.0,-3,56.9,Dribbling,82.0,3
Marçal,77,6500000.0,Backup,L. Shaw,LB,Marçal,Olympique Lyonnais,6500000.0,61.0,-3,56.9,Dribbling,74.0,3
L. Shaw,80,16500000.0,Starter,L. Shaw,LB,Marçal,Olympique Lyonnais,6500000.0,61.0,-3,56.9,StandingTackle,80.0,4
Marçal,77,6500000.0,Backup,L. Shaw,LB,Marçal,Olympique Lyonnais,6500000.0,61.0,-3,56.9,StandingTackle,76.0,4
L. Shaw,80,16500000.0,Starter,L. Shaw,LB,Marçal,Olympique Lyonnais,6500000.0,61.0,-3,56.9,Strength,75.0,5
Marçal,77,6500000.0,Backup,L. Shaw,LB,Marçal,Olympique Lyonnais,6500000.0,61.0,-3,56.9,Strength,71.0,5
L. Shaw,80,16500000.0,Starter,L. Shaw,LB,Marçal,Olympique Lyonnais,6500000.0,61.0,-3,56.9,SprintSpeed,85.0,6
Marçal,77,6500000.0,Backup,L. Shaw,LB,Marçal,Olympique Lyonnais,6500000.0,61.0,-3,56.9,SprintSpeed,77.0,6
Z. Feddal,80,12000000.0,Starter,Z. Feddal,CB,R. Klavan,Cagliari,5000000.0,58.0,-3,42.9,SprintSpeed,62.0,0
R. Klavan,77,5000000.0,Backup,Z. Feddal,CB,R. Klavan,Cagliari,5000000.0,58.0,-3,42.9,SprintSpeed,51.0,0
Z. Feddal,80,12000000.0,Starter,Z. Feddal,CB,R. Klavan,Cagliari,5000000.0,58.0,-3,42.9,Finishing,40.0,1
R. Klavan,77,5000000.0,Backup,Z. Feddal,CB,R. Klavan,Cagliari,5000000.0,58.0,-3,42.9,Finishing,38.0,1
Z. Feddal,80,12000000.0,Starter,Z. Feddal,CB,R. Klavan,Cagliari,5000000.0,58.0,-3,42.9,ShortPassing,76.0,2
R. Klavan,77,5000000.0,Backup,Z. Feddal,CB,R. Klavan,Cagliari,5000000.0,58.0,-3,42.9,ShortPassing,72.0,2
Z. Feddal,80,12000000.0,Starter,Z. Feddal,CB,R. Klavan,Cagliari,5000000.0,58.0,-3,42.9,Dribbling,56.0,3
R. Klavan,77,5000000.0,Backup,Z. Feddal,CB,R. Klavan,Cagliari,5000000.0,58.0,-3,42.9,Dribbling,56.0,3
Z. Feddal,80,12000000.0,Starter,Z. Feddal,CB,R. Klavan,Cagliari,5000000.0,58.0,-3,42.9,StandingTackle,83.0,4
R. Klavan,77,5000000.0,Backup,Z. Feddal,CB,R. Klavan,Cagliari,5000000.0,58.0,-3,42.9,StandingTackle,80.0,4
Z. Feddal,80,12000000.0,Starter,Z. Feddal,CB,R. Klavan,Cagliari,5000000.0,58.0,-3,42.9,Strength,81.0,5
R. Klavan,77,5000000.0,Backup,Z. Feddal,CB,R. Klavan,Cagliari,5000000.0,58.0,-3,42.9,Strength,74.0,5
Z. Feddal,80,12000000.0,Starter,Z. Feddal,CB,R. Klavan,Cagliari,5000000.0,58.0,-3,42.9,SprintSpeed,62.0,6
R. Klavan,77,5000000.0,Backup,Z. Feddal,CB,R. Klavan,Cagliari,5000000.0,58.0,-3,42.9,SprintSpeed,51.0,6
S. Haller,80,19000000.0,Starter,S. Haller,RS,D. Ginczek,VfL Wolfsburg,10500000.0,45.0,-3,26.5,SprintSpeed,76.0,0
D. Ginczek,77,10500000.0,Backup,S. Haller,RS,D. Ginczek,VfL Wolfsburg,10500000.0,45.0,-3,26.5,SprintSpeed,84.0,0
S. Haller,80,19000000.0,Starter,S. Haller,RS,D. Ginczek,VfL Wolfsburg,10500000.0,45.0,-3,26.5,Finishing,84.0,1
D. Ginczek,77,10500000.0,Backup,S. Haller,RS,D. Ginczek,VfL Wolfsburg,10500000.0,45.0,-3,26.5,Finishing,77.0,1
S. Haller,80,19000000.0,Starter,S. Haller,RS,D. Ginczek,VfL Wolfsburg,10500000.0,45.0,-3,26.5,ShortPassing,70.0,2
D. Ginczek,77,10500000.0,Backup,S. Haller,RS,D. Ginczek,VfL Wolfsburg,10500000.0,45.0,-3,26.5,ShortPassing,63.0,2
S. Haller,80,19000000.0,Starter,S. Haller,RS,D. Ginczek,VfL Wolfsburg,10500000.0,45.0,-3,26.5,Dribbling,72.0,3
D. Ginczek,77,10500000.0,Backup,S. Haller,RS,D. Ginczek,VfL Wolfsburg,10500000.0,45.0,-3,26.5,Dribbling,69.0,3
S. Haller,80,19000000.0,Starter,S. Haller,RS,D. Ginczek,VfL Wolfsburg,10500000.0,45.0,-3,26.5,StandingTackle,51.0,4
D. Ginczek,77,10500000.0,Backup,S. Haller,RS,D. Ginczek,VfL Wolfsburg,10500000.0,45.0,-3,26.5,StandingTackle,45.0,4
S. Haller,80,19000000.0,Starter,S. Haller,RS,D. Ginczek,VfL Wolfsburg,10500000.0,45.0,-3,26.5,Strength,91.0,5
D. Ginczek,77,10500000.0,Backup,S. Haller,RS,D. Ginczek,VfL Wolfsburg,10500000.0,45.0,-3,26.5,Strength,90.0,5
S. Haller,80,19000000.0,Starter,S. Haller,RS,D. Ginczek,VfL Wolfsburg,10500000.0,45.0,-3,26.5,SprintSpeed,76.0,6
D. Ginczek,77,10500000.0,Backup,S. Haller,RS,D. Ginczek,VfL Wolfsburg,10500000.0,45.0,-3,26.5,SprintSpeed,84.0,6
Bernard,80,17500000.0,Starter,Bernard,LM,C. Atsu,Newcastle United,6500000.0,63.0,-6,43.1,SprintSpeed,86.0,0
C. Atsu,74,6500000.0,Backup,Bernard,LM,C. Atsu,Newcastle United,6500000.0,63.0,-6,43.1,SprintSpeed,88.0,0
Bernard,80,17500000.0,Starter,Bernard,LM,C. Atsu,Newcastle United,6500000.0,63.0,-6,43.1,Finishing,71.0,1
C. Atsu,74,6500000.0,Backup,Bernard,LM,C. Atsu,Newcastle United,6500000.0,63.0,-6,43.1,Finishing,64.0,1
Bernard,80,17500000.0,Starter,Bernard,LM,C. Atsu,Newcastle United,6500000.0,63.0,-6,43.1,ShortPassing,76.0,2
C. Atsu,74,6500000.0,Backup,Bernard,LM,C. Atsu,Newcastle United,6500000.0,63.0,-6,43.1,ShortPassing,70.0,2
Bernard,80,17500000.0,Starter,Bernard,LM,C. Atsu,Newcastle United,6500000.0,63.0,-6,43.1,Dribbling,82.0,3
C. Atsu,74,6500000.0,Backup,Bernard,LM,C. Atsu,Newcastle United,6500000.0,63.0,-6,43.1,Dribbling,76.0,3
Bernard,80,17500000.0,Starter,Bernard,LM,C. Atsu,Newcastle United,6500000.0,63.0,-6,43.1,StandingTackle,39.0,4
C. Atsu,74,6500000.0,Backup,Bernard,LM,C. Atsu,Newcastle United,6500000.0,63.0,-6,43.1,StandingTackle,33.0,4
Bernard,80,17500000.0,Starter,Bernard,LM,C. Atsu,Newcastle United,6500000.0,63.0,-6,43.1,Strength,34.0,5
C. Atsu,74,6500000.0,Backup,Bernard,LM,C. Atsu,Newcastle United,6500000.0,63.0,-6,43.1,Strength,36.0,5
Bernard,80,17500000.0,Starter,Bernard,LM,C. Atsu,Newcastle United,6500000.0,63.0,-6,43.1,SprintSpeed,86.0,6
C. Atsu,74,6500000.0,Backup,Bernard,LM,C. Atsu,Newcastle United,6500000.0,63.0,-6,43.1,SprintSpeed,88.0,6
T. Inui,80,14000000.0,Starter,T. Inui,LM,S. Tshabalala,BB Erzurumspor,4700000.0,66.0,-4,45.9,SprintSpeed,77.0,0
S. Tshabalala,76,4700000.0,Backup,T. Inui,LM,S. Tshabalala,BB Erzurumspor,4700000.0,66.0,-4,45.9,SprintSpeed,77.0,0
T. Inui,80,14000000.0,Starter,T. Inui,LM,S. Tshabalala,BB Erzurumspor,4700000.0,66.0,-4,45.9,Finishing,70.0,1
S. Tshabalala,76,4700000.0,Backup,T. Inui,LM,S. Tshabalala,BB Erzurumspor,4700000.0,66.0,-4,45.9,Finishing,72.0,1
T. Inui,80,14000000.0,Starter,T. Inui,LM,S. Tshabalala,BB Erzurumspor,4700000.0,66.0,-4,45.9,ShortPassing,76.0,2
S. Tshabalala,76,4700000.0,Backup,T. Inui,LM,S. Tshabalala,BB Erzurumspor,4700000.0,66.0,-4,45.9,ShortPassing,73.0,2
T. Inui,80,14000000.0,Starter,T. Inui,LM,S. Tshabalala,BB Erzurumspor,4700000.0,66.0,-4,45.9,Dribbling,88.0,3
S. Tshabalala,76,4700000.0,Backup,T. Inui,LM,S. Tshabalala,BB Erzurumspor,4700000.0,66.0,-4,45.9,Dribbling,78.0,3
T. Inui,80,14000000.0,Starter,T. Inui,LM,S. Tshabalala,BB Erzurumspor,4700000.0,66.0,-4,45.9,StandingTackle,39.0,4
S. Tshabalala,76,4700000.0,Backup,T. Inui,LM,S. Tshabalala,BB Erzurumspor,4700000.0,66.0,-4,45.9,StandingTackle,40.0,4
T. Inui,80,14000000.0,Starter,T. Inui,LM,S. Tshabalala,BB Erzurumspor,4700000.0,66.0,-4,45.9,Strength,51.0,5
S. Tshabalala,76,4700000.0,Backup,T. Inui,LM,S. Tshabalala,BB Erzurumspor,4700000.0,66.0,-4,45.9,Strength,60.0,5
T. Inui,80,14000000.0,Starter,T. Inui,LM,S. Tshabalala,BB Erzurumspor,4700000.0,66.0,-4,45.9,SprintSpeed,77.0,6
S. Tshabalala,76,4700000.0,Backup,T. Inui,LM,S. Tshabalala,BB Erzurumspor,4700000.0,66.0,-4,45.9,SprintSpeed,77.0,6
Portu,80,17500000.0,Starter,Portu,RM,J. Jankto,Sampdoria,11500000.0,34.0,-4,38.3,SprintSpeed,80.0,0
J. Jankto,76,11500000.0,Backup,Portu,RM,J. Jankto,Sampdoria,11500000.0,34.0,-4,38.3,SprintSpeed,79.0,0
Portu,80,17500000.0,Starter,Portu,RM,J. Jankto,Sampdoria,11500000.0,34.0,-4,38.3,Finishing,81.0,1
J. Jankto,76,11500000.0,Backup,Portu,RM,J. Jankto,Sampdoria,11500000.0,34.0,-4,38.3,Finishing,66.0,1
Portu,80,17500000.0,Starter,Portu,RM,J. Jankto,Sampdoria,11500000.0,34.0,-4,38.3,ShortPassing,83.0,2
J. Jankto,76,11500000.0,Backup,Portu,RM,J. Jankto,Sampdoria,11500000.0,34.0,-4,38.3,ShortPassing,78.0,2
Portu,80,17500000.0,Starter,Portu,RM,J. Jankto,Sampdoria,11500000.0,34.0,-4,38.3,Dribbling,82.0,3
J. Jankto,76,11500000.0,Backup,Portu,RM,J. Jankto,Sampdoria,11500000.0,34.0,-4,38.3,Dribbling,76.0,3
Portu,80,17500000.0,Starter,Portu,RM,J. Jankto,Sampdoria,11500000.0,34.0,-4,38.3,StandingTackle,61.0,4
J. Jankto,76,11500000.0,Backup,Portu,RM,J. Jankto,Sampdoria,11500000.0,34.0,-4,38.3,StandingTackle,70.0,4
Portu,80,17500000.0,Starter,Portu,RM,J. Jankto,Sampdoria,11500000.0,34.0,-4,38.3,Strength,71.0,5
J. Jankto,76,11500000.0,Backup,Portu,RM,J. Jankto,Sampdoria,11500000.0,34.0,-4,38.3,Strength,64.0,5
Portu,80,17500000.0,Starter,Portu,RM,J. Jankto,Sampdoria,11500000.0,34.0,-4,38.3,SprintSpeed,80.0,6
J. Jankto,76,11500000.0,Backup,Portu,RM,J. Jankto,Sampdoria,11500000.0,34.0,-4,38.3,SprintSpeed,79.0,6
M. Batshuayi,80,19500000.0,Starter,M. Batshuayi,ST,M. Destro,Bologna,8000000.0,59.0,-4,49.8,SprintSpeed,76.0,0
M. Destro,76,8000000.0,Backup,M. Batshuayi,ST,M. Destro,Bologna,8000000.0,59.0,-4,49.8,SprintSpeed,73.0,0
M. Batshuayi,80,19500000.0,Starter,M. Batshuayi,ST,M. Destro,Bologna,8000000.0,59.0,-4,49.8,Finishing,82.0,1
M. Destro,76,8000000.0,Backup,M. Batshuayi,ST,M. Destro,Bologna,8000000.0,59.0,-4,49.8,Finishing,78.0,1
M. Batshuayi,80,19500000.0,Starter,M. Batshuayi,ST,M. Destro,Bologna,8000000.0,59.0,-4,49.8,ShortPassing,64.0,2
M. Destro,76,8000000.0,Backup,M. Batshuayi,ST,M. Destro,Bologna,8000000.0,59.0,-4,49.8,ShortPassing,68.0,2
M. Batshuayi,80,19500000.0,Starter,M. Batshuayi,ST,M. Destro,Bologna,8000000.0,59.0,-4,49.8,Dribbling,78.0,3
M. Destro,76,8000000.0,Backup,M. Batshuayi,ST,M. Destro,Bologna,8000000.0,59.0,-4,49.8,Dribbling,74.0,3
M. Batshuayi,80,19500000.0,Starter,M. Batshuayi,ST,M. Destro,Bologna,8000000.0,59.0,-4,49.8,StandingTackle,26.0,4
M. Destro,76,8000000.0,Backup,M. Batshuayi,ST,M. Destro,Bologna,8000000.0,59.0,-4,49.8,StandingTackle,22.0,4
M. Batshuayi,80,19500000.0,Starter,M. Batshuayi,ST,M. Destro,Bologna,8000000.0,59.0,-4,49.8,Strength,78.0,5
M. Destro,76,8000000.0,Backup,M. Batshuayi,ST,M. Destro,Bologna,8000000.0,59.0,-4,49.8,Strength,68.0,5
M. Batshuayi,80,19500000.0,Starter,M. Batshuayi,ST,M. Destro,Bologna,8000000.0,59.0,-4,49.8,SprintSpeed,76.0,6
M. Destro,76,8000000.0,Backup,M. Batshuayi,ST,M. Destro,Bologna,8000000.0,59.0,-4,49.8,SprintSpeed,73.0,6
E. Zahavi,80,14500000.0,Starter,E. Zahavi,LS,M. Antenucci,SPAL,4800000.0,67.0,-4,47.7,SprintSpeed,72.0,0
M. Antenucci,76,4800000.0,Backup,E. Zahavi,LS,M. Antenucci,SPAL,4800000.0,67.0,-4,47.7,SprintSpeed,69.0,0
E. Zahavi,80,14500000.0,Starter,E. Zahavi,LS,M. Antenucci,SPAL,4800000.0,67.0,-4,47.7,Finishing,83.0,1
M. Antenucci,76,4800000.0,Backup,E. Zahavi,LS,M. Antenucci,SPAL,4800000.0,67.0,-4,47.7,Finishing,80.0,1
E. Zahavi,80,14500000.0,Starter,E. Zahavi,LS,M. Antenucci,SPAL,4800000.0,67.0,-4,47.7,ShortPassing,78.0,2
M. Antenucci,76,4800000.0,Backup,E. Zahavi,LS,M. Antenucci,SPAL,4800000.0,67.0,-4,47.7,ShortPassing,74.0,2
E. Zahavi,80,14500000.0,Starter,E. Zahavi,LS,M. Antenucci,SPAL,4800000.0,67.0,-4,47.7,Dribbling,81.0,3
M. Antenucci,76,4800000.0,Backup,E. Zahavi,LS,M. Antenucci,SPAL,4800000.0,67.0,-4,47.7,Dribbling,79.0,3
E. Zahavi,80,14500000.0,Starter,E. Zahavi,LS,M. Antenucci,SPAL,4800000.0,67.0,-4,47.7,StandingTackle,41.0,4
M. Antenucci,76,4800000.0,Backup,E. Zahavi,LS,M. Antenucci,SPAL,4800000.0,67.0,-4,47.7,StandingTackle,36.0,4
E. Zahavi,80,14500000.0,Starter,E. Zahavi,LS,M. Antenucci,SPAL,4800000.0,67.0,-4,47.7,Strength,68.0,5
M. Antenucci,76,4800000.0,Backup,E. Zahavi,LS,M. Antenucci,SPAL,4800000.0,67.0,-4,47.7,Strength,64.0,5
E. Zahavi,80,14500000.0,Starter,E. Zahavi,LS,M. Antenucci,SPAL,4800000.0,67.0,-4,47.7,SprintSpeed,72.0,6
M. Antenucci,76,4800000.0,Backup,E. Zahavi,LS,M. Antenucci,SPAL,4800000.0,67.0,-4,47.7,SprintSpeed,69.0,6
T. Vaclík,80,11500000.0,Starter,T. Vaclík,GK,Douglas,Vitória Guimarães,2100000.0,82.0,-3,50.5,SprintSpeed,35.0,0
Douglas,77,2100000.0,Backup,T. Vaclík,GK,Douglas,Vitória Guimarães,2100000.0,82.0,-3,50.5,SprintSpeed,41.0,0
T. Vaclík,80,11500000.0,Starter,T. Vaclík,GK,Douglas,Vitória Guimarães,2100000.0,82.0,-3,50.5,Finishing,14.0,1
Douglas,77,2100000.0,Backup,T. Vaclík,GK,Douglas,Vitória Guimarães,2100000.0,82.0,-3,50.5,Finishing,10.0,1
T. Vaclík,80,11500000.0,Starter,T. Vaclík,GK,Douglas,Vitória Guimarães,2100000.0,82.0,-3,50.5,ShortPassing,17.0,2
Douglas,77,2100000.0,Backup,T. Vaclík,GK,Douglas,Vitória Guimarães,2100000.0,82.0,-3,50.5,ShortPassing,34.0,2
T. Vaclík,80,11500000.0,Starter,T. Vaclík,GK,Douglas,Vitória Guimarães,2100000.0,82.0,-3,50.5,Dribbling,14.0,3
Douglas,77,2100000.0,Backup,T. Vaclík,GK,Douglas,Vitória Guimarães,2100000.0,82.0,-3,50.5,Dribbling,14.0,3
T. Vaclík,80,11500000.0,Starter,T. Vaclík,GK,Douglas,Vitória Guimarães,2100000.0,82.0,-3,50.5,StandingTackle,18.0,4
Douglas,77,2100000.0,Backup,T. Vaclík,GK,Douglas,Vitória Guimarães,2100000.0,82.0,-3,50.5,StandingTackle,10.0,4
T. Vaclík,80,11500000.0,Starter,T. Vaclík,GK,Douglas,Vitória Guimarães,2100000.0,82.0,-3,50.5,Strength,73.0,5
Douglas,77,2100000.0,Backup,T. Vaclík,GK,Douglas,Vitória Guimarães,2100000.0,82.0,-3,50.5,Strength,72.0,5
T. Vaclík,80,11500000.0,Starter,T. Vaclík,GK,Douglas,Vitória Guimarães,2100000.0,82.0,-3,50.5,SprintSpeed,35.0,6
Douglas,77,2100000.0,Backup,T. Vaclík,GK,Douglas,Vitória Guimarães,2100000.0,82.0,-3,50.5,SprintSpeed,41.0,6
N. Pope,80,13000000.0,Starter,N. Pope,GK,D. Benaglio,AS Monaco,3600000.0,72.0,-3,70.2,SprintSpeed,47.0,0
D. Benaglio,77,3600000.0,Backup,N. Pope,GK,D. Benaglio,AS Monaco,3600000.0,72.0,-3,70.2,SprintSpeed,44.0,0
N. Pope,80,13000000.0,Starter,N. Pope,GK,D. Benaglio,AS Monaco,3600000.0,72.0,-3,70.2,Finishing,14.0,1
D. Benaglio,77,3600000.0,Backup,N. Pope,GK,D. Benaglio,AS Monaco,3600000.0,72.0,-3,70.2,Finishing,12.0,1
N. Pope,80,13000000.0,Starter,N. Pope,GK,D. Benaglio,AS Monaco,3600000.0,72.0,-3,70.2,ShortPassing,32.0,2
D. Benaglio,77,3600000.0,Backup,N. Pope,GK,D. Benaglio,AS Monaco,3600000.0,72.0,-3,70.2,ShortPassing,32.0,2
N. Pope,80,13000000.0,Starter,N. Pope,GK,D. Benaglio,AS Monaco,3600000.0,72.0,-3,70.2,Dribbling,15.0,3
D. Benaglio,77,3600000.0,Backup,N. Pope,GK,D. Benaglio,AS Monaco,3600000.0,72.0,-3,70.2,Dribbling,16.0,3
N. Pope,80,13000000.0,Starter,N. Pope,GK,D. Benaglio,AS Monaco,3600000.0,72.0,-3,70.2,StandingTackle,15.0,4
D. Benaglio,77,3600000.0,Backup,N. Pope,GK,D. Benaglio,AS Monaco,3600000.0,72.0,-3,70.2,StandingTackle,13.0,4
N. Pope,80,13000000.0,Starter,N. Pope,GK,D. Benaglio,AS Monaco,3600000.0,72.0,-3,70.2,Strength,73.0,5
D. Benaglio,77,3600000.0,Backup,N. Pope,GK,D. Benaglio,AS Monaco,3600000.0,72.0,-3,70.2,Strength,76.0,5
N. Pope,80,13000000.0,Starter,N. Pope,GK,D. Benaglio,AS Monaco,3600000.0,72.0,-3,70.2,SprintSpeed,47.0,6
D. Benaglio,77,3600000.0,Backup,N. Pope,GK,D. Benaglio,AS Monaco,3600000.0,72.0,-3,70.2,SprintSpeed,44.0,6
Héctor Bellerín,80,16500000.0,Starter,Héctor Bellerín,RB,R. Fredericks,West Ham United,4000000.0,76.0,-7,47.8,SprintSpeed,91.0,0
R. Fredericks,73,4000000.0,Backup,Héctor Bellerín,RB,R. Fredericks,West Ham United,4000000.0,76.0,-7,47.8,SprintSpeed,94.0,0
Héctor Bellerín,80,16500000.0,Starter,Héctor Bellerín,RB,R. Fredericks,West Ham United,4000000.0,76.0,-7,47.8,Finishing,52.0,1
R. Fredericks,73,4000000.0,Backup,Héctor Bellerín,RB,R. Fredericks,West Ham United,4000000.0,76.0,-7,47.8,Finishing,47.0,1
Héctor Bellerín,80,16500000.0,Starter,Héctor Bellerín,RB,R. Fredericks,West Ham United,4000000.0,76.0,-7,47.8,ShortPassing,76.0,2
R. Fredericks,73,4000000.0,Backup,Héctor Bellerín,RB,R. Fredericks,West Ham United,4000000.0,76.0,-7,47.8,ShortPassing,69.0,2
Héctor Bellerín,80,16500000.0,Starter,Héctor Bellerín,RB,R. Fredericks,West Ham United,4000000.0,76.0,-7,47.8,Dribbling,75.0,3
R. Fredericks,73,4000000.0,Backup,Héctor Bellerín,RB,R. Fredericks,West Ham United,4000000.0,76.0,-7,47.8,Dribbling,74.0,3
Héctor Bellerín,80,16500000.0,Starter,Héctor Bellerín,RB,R. Fredericks,West Ham United,4000000.0,76.0,-7,47.8,StandingTackle,78.0,4
R. Fredericks,73,4000000.0,Backup,Héctor Bellerín,RB,R. Fredericks,West Ham United,4000000.0,76.0,-7,47.8,StandingTackle,69.0,4
Héctor Bellerín,80,16500000.0,Starter,Héctor Bellerín,RB,R. Fredericks,West Ham United,4000000.0,76.0,-7,47.8,Strength,58.0,5
R. Fredericks,73,4000000.0,Backup,Héctor Bellerín,RB,R. Fredericks,West Ham United,4000000.0,76.0,-7,47.8,Strength,65.0,5
Héctor Bellerín,80,16500000.0,Starter,Héctor Bellerín,RB,R. Fredericks,West Ham United,4000000.0,76.0,-7,47.8,SprintSpeed,91.0,6
R. Fredericks,73,4000000.0,Backup,Héctor Bellerín,RB,R. Fredericks,West Ham United,4000000.0,76.0,-7,47.8,SprintSpeed,94.0,6
P. Kadeřábek,80,14000000.0,Starter,P. Kadeřábek,RWB,Barragán,Real Betis,5000000.0,64.0,-4,34.0,SprintSpeed,78.0,0
Barragán,76,5000000.0,Backup,P. Kadeřábek,RWB,Barragán,Real Betis,5000000.0,64.0,-4,34.0,SprintSpeed,71.0,0
P. Kadeřábek,80,14000000.0,Starter,P. Kadeřábek,RWB,Barragán,Real Betis,5000000.0,64.0,-4,34.0,Finishing,28.0,1
Barragán,76,5000000.0,Backup,P. Kadeřábek,RWB,Barragán,Real Betis,5000000.0,64.0,-4,34.0,Finishing,44.0,1
P. Kadeřábek,80,14000000.0,Starter,P. Kadeřábek,RWB,Barragán,Real Betis,5000000.0,64.0,-4,34.0,ShortPassing,77.0,2
Barragán,76,5000000.0,Backup,P. Kadeřábek,RWB,Barragán,Real Betis,5000000.0,64.0,-4,34.0,ShortPassing,77.0,2
P. Kadeřábek,80,14000000.0,Starter,P. Kadeřábek,RWB,Barragán,Real Betis,5000000.0,64.0,-4,34.0,Dribbling,76.0,3
Barragán,76,5000000.0,Backup,P. Kadeřábek,RWB,Barragán,Real Betis,5000000.0,64.0,-4,34.0,Dribbling,62.0,3
P. Kadeřábek,80,14000000.0,Starter,P. Kadeřábek,RWB,Barragán,Real Betis,5000000.0,64.0,-4,34.0,StandingTackle,79.0,4
Barragán,76,5000000.0,Backup,P. Kadeřábek,RWB,Barragán,Real Betis,5000000.0,64.0,-4,34.0,StandingTackle,80.0,4
P. Kadeřábek,80,14000000.0,Starter,P. Kadeřábek,RWB,Barragán,Real Betis,5000000.0,64.0,-4,34.0,Strength,79.0,5
Barragán,76,5000000.0,Backup,P. Kadeřábek,RWB,Barragán,Real Betis,5000000.0,64.0,-4,34.0,Strength,73.0,5
P. Kadeřábek,80,14000000.0,Starter,P. Kadeřábek,RWB,Barragán,Real Betis,5000000.0,64.0,-4,34.0,SprintSpeed,78.0,6
Barragán,76,5000000.0,Backup,P. Kadeřábek,RWB,Barragán,Real Betis,5000000.0,64.0,-4,34.0,SprintSpeed,71.0,6
J. Butland,80,14000000.0,Starter,J. Butland,GK,A. Talavera,Deportivo Toluca,1600000.0,89.0,-5,63.6,SprintSpeed,55.0,0
A. Talavera,75,1600000.0,Backup,J. Butland,GK,A. Talavera,Deportivo Toluca,1600000.0,89.0,-5,63.6,SprintSpeed,58.0,0
J. Butland,80,14000000.0,Starter,J. Butland,GK,A. Talavera,Deportivo Toluca,1600000.0,89.0,-5,63.6,Finishing,16.0,1
A. Talavera,75,1600000.0,Backup,J. Butland,GK,A. Talavera,Deportivo Toluca,1600000.0,89.0,-5,63.6,Finishing,13.0,1
J. Butland,80,14000000.0,Starter,J. Butland,GK,A. Talavera,Deportivo Toluca,1600000.0,89.0,-5,63.6,ShortPassing,40.0,2
A. Talavera,75,1600000.0,Backup,J. Butland,GK,A. Talavera,Deportivo Toluca,1600000.0,89.0,-5,63.6,ShortPassing,35.0,2
J. Butland,80,14000000.0,Starter,J. Butland,GK,A. Talavera,Deportivo Toluca,1600000.0,89.0,-5,63.6,Dribbling,21.0,3
A. Talavera,75,1600000.0,Backup,J. Butland,GK,A. Talavera,Deportivo Toluca,1600000.0,89.0,-5,63.6,Dribbling,10.0,3
J. Butland,80,14000000.0,Starter,J. Butland,GK,A. Talavera,Deportivo Toluca,1600000.0,89.0,-5,63.6,StandingTackle,13.0,4
A. Talavera,75,1600000.0,Backup,J. Butland,GK,A. Talavera,Deportivo Toluca,1600000.0,89.0,-5,63.6,StandingTackle,13.0,4
J. Butland,80,14000000.0,Starter,J. Butland,GK,A. Talavera,Deportivo Toluca,1600000.0,89.0,-5,63.6,Strength,79.0,5
A. Talavera,75,1600000.0,Backup,J. Butland,GK,A. Talavera,Deportivo Toluca,1600000.0,89.0,-5,63.6,Strength,75.0,5
J. Butland,80,14000000.0,Starter,J. Butland,GK,A. Talavera,Deportivo Toluca,1600000.0,89.0,-5,63.6,SprintSpeed,55.0,6
A. Talavera,75,1600000.0,Backup,J. Butland,GK,A. Talavera,Deportivo Toluca,1600000.0,89.0,-5,63.6,SprintSpeed,58.0,6
J. Vestergaard,80,14500000.0,Starter,J. Vestergaard,CB,C. Lema,SL Benfica,4600000.0,68.0,-6,9.4,SprintSpeed,38.0,0
C. Lema,74,4600000.0,Backup,J. Vestergaard,CB,C. Lema,SL Benfica,4600000.0,68.0,-6,9.4,SprintSpeed,34.0,0
J. Vestergaard,80,14500000.0,Starter,J. Vestergaard,CB,C. Lema,SL Benfica,4600000.0,68.0,-6,9.4,Finishing,34.0,1
C. Lema,74,4600000.0,Backup,J. Vestergaard,CB,C. Lema,SL Benfica,4600000.0,68.0,-6,9.4,Finishing,43.0,1
J. Vestergaard,80,14500000.0,Starter,J. Vestergaard,CB,C. Lema,SL Benfica,4600000.0,68.0,-6,9.4,ShortPassing,67.0,2
C. Lema,74,4600000.0,Backup,J. Vestergaard,CB,C. Lema,SL Benfica,4600000.0,68.0,-6,9.4,ShortPassing,60.0,2
J. Vestergaard,80,14500000.0,Starter,J. Vestergaard,CB,C. Lema,SL Benfica,4600000.0,68.0,-6,9.4,Dribbling,44.0,3
C. Lema,74,4600000.0,Backup,J. Vestergaard,CB,C. Lema,SL Benfica,4600000.0,68.0,-6,9.4,Dribbling,32.0,3
J. Vestergaard,80,14500000.0,Starter,J. Vestergaard,CB,C. Lema,SL Benfica,4600000.0,68.0,-6,9.4,StandingTackle,83.0,4
C. Lema,74,4600000.0,Backup,J. Vestergaard,CB,C. Lema,SL Benfica,4600000.0,68.0,-6,9.4,StandingTackle,73.0,4
J. Vestergaard,80,14500000.0,Starter,J. Vestergaard,CB,C. Lema,SL Benfica,4600000.0,68.0,-6,9.4,Strength,94.0,5
C. Lema,74,4600000.0,Backup,J. Vestergaard,CB,C. Lema,SL Benfica,4600000.0,68.0,-6,9.4,Strength,91.0,5
J. Vestergaard,80,14500000.0,Starter,J. Vestergaard,CB,C. Lema,SL Benfica,4600000.0,68.0,-6,9.4,SprintSpeed,38.0,6
C. Lema,74,4600000.0,Backup,J. Vestergaard,CB,C. Lema,SL Benfica,4600000.0,68.0,-6,9.4,SprintSpeed,34.0,6
J. Tarkowski,80,15500000.0,Starter,J. Tarkowski,RCB,D. Schwaab,PSV,7000000.0,55.0,-3,47.1,SprintSpeed,63.0,0
D. Schwaab,77,7000000.0,Backup,J. Tarkowski,RCB,D. Schwaab,PSV,7000000.0,55.0,-3,47.1,SprintSpeed,72.0,0
J. Tarkowski,80,15500000.0,Starter,J. Tarkowski,RCB,D. Schwaab,PSV,7000000.0,55.0,-3,47.1,Finishing,36.0,1
D. Schwaab,77,7000000.0,Backup,J. Tarkowski,RCB,D. Schwaab,PSV,7000000.0,55.0,-3,47.1,Finishing,32.0,1
J. Tarkowski,80,15500000.0,Starter,J. Tarkowski,RCB,D. Schwaab,PSV,7000000.0,55.0,-3,47.1,ShortPassing,73.0,2
D. Schwaab,77,7000000.0,Backup,J. Tarkowski,RCB,D. Schwaab,PSV,7000000.0,55.0,-3,47.1,ShortPassing,72.0,2
J. Tarkowski,80,15500000.0,Starter,J. Tarkowski,RCB,D. Schwaab,PSV,7000000.0,55.0,-3,47.1,Dribbling,66.0,3
D. Schwaab,77,7000000.0,Backup,J. Tarkowski,RCB,D. Schwaab,PSV,7000000.0,55.0,-3,47.1,Dribbling,62.0,3
J. Tarkowski,80,15500000.0,Starter,J. Tarkowski,RCB,D. Schwaab,PSV,7000000.0,55.0,-3,47.1,StandingTackle,82.0,4
D. Schwaab,77,7000000.0,Backup,J. Tarkowski,RCB,D. Schwaab,PSV,7000000.0,55.0,-3,47.1,StandingTackle,76.0,4
J. Tarkowski,80,15500000.0,Starter,J. Tarkowski,RCB,D. Schwaab,PSV,7000000.0,55.0,-3,47.1,Strength,81.0,5
D. Schwaab,77,7000000.0,Backup,J. Tarkowski,RCB,D. Schwaab,PSV,7000000.0,55.0,-3,47.1,Strength,76.0,5
J. Tarkowski,80,15500000.0,Starter,J. Tarkowski,RCB,D. Schwaab,PSV,7000000.0,55.0,-3,47.1,SprintSpeed,63.0,6
D. Schwaab,77,7000000.0,Backup,J. Tarkowski,RCB,D. Schwaab,PSV,7000000.0,55.0,-3,47.1,SprintSpeed,72.0,6
Deulofeu,80,18500000.0,Starter,Deulofeu,RS,Eder,Jiangsu Suning FC,11500000.0,38.0,-1,31.5,SprintSpeed,88.0,0
Eder,79,11500000.0,Backup,Deulofeu,RS,Eder,Jiangsu Suning FC,11500000.0,38.0,-1,31.5,SprintSpeed,84.0,0
Deulofeu,80,18500000.0,Starter,Deulofeu,RS,Eder,Jiangsu Suning FC,11500000.0,38.0,-1,31.5,Finishing,69.0,1
Eder,79,11500000.0,Backup,Deulofeu,RS,Eder,Jiangsu Suning FC,11500000.0,38.0,-1,31.5,Finishing,78.0,1
Deulofeu,80,18500000.0,Starter,Deulofeu,RS,Eder,Jiangsu Suning FC,11500000.0,38.0,-1,31.5,ShortPassing,78.0,2
Eder,79,11500000.0,Backup,Deulofeu,RS,Eder,Jiangsu Suning FC,11500000.0,38.0,-1,31.5,ShortPassing,76.0,2
Deulofeu,80,18500000.0,Starter,Deulofeu,RS,Eder,Jiangsu Suning FC,11500000.0,38.0,-1,31.5,Dribbling,88.0,3
Eder,79,11500000.0,Backup,Deulofeu,RS,Eder,Jiangsu Suning FC,11500000.0,38.0,-1,31.5,Dribbling,83.0,3
Deulofeu,80,18500000.0,Starter,Deulofeu,RS,Eder,Jiangsu Suning FC,11500000.0,38.0,-1,31.5,StandingTackle,30.0,4
Eder,79,11500000.0,Backup,Deulofeu,RS,Eder,Jiangsu Suning FC,11500000.0,38.0,-1,31.5,StandingTackle,20.0,4
Deulofeu,80,18500000.0,Starter,Deulofeu,RS,Eder,Jiangsu Suning FC,11500000.0,38.0,-1,31.5,Strength,54.0,5
Eder,79,11500000.0,Backup,Deulofeu,RS,Eder,Jiangsu Suning FC,11500000.0,38.0,-1,31.5,Strength,60.0,5
Deulofeu,80,18500000.0,Starter,Deulofeu,RS,Eder,Jiangsu Suning FC,11500000.0,38.0,-1,31.5,SprintSpeed,88.0,6
Eder,79,11500000.0,Backup,Deulofeu,RS,Eder,Jiangsu Suning FC,11500000.0,38.0,-1,31.5,SprintSpeed,84.0,6
E. Dier,80,16500000.0,Starter,E. Dier,CDM,C. Sánchez,West Ham United,5000000.0,70.0,-3,39.7,SprintSpeed,68.0,0
C. Sánchez,77,5000000.0,Backup,E. Dier,CDM,C. Sánchez,West Ham United,5000000.0,70.0,-3,39.7,SprintSpeed,66.0,0
E. Dier,80,16500000.0,Starter,E. Dier,CDM,C. Sánchez,West Ham United,5000000.0,70.0,-3,39.7,Finishing,52.0,1
C. Sánchez,77,5000000.0,Backup,E. Dier,CDM,C. Sánchez,West Ham United,5000000.0,70.0,-3,39.7,Finishing,48.0,1
E. Dier,80,16500000.0,Starter,E. Dier,CDM,C. Sánchez,West Ham United,5000000.0,70.0,-3,39.7,ShortPassing,77.0,2
C. Sánchez,77,5000000.0,Backup,E. Dier,CDM,C. Sánchez,West Ham United,5000000.0,70.0,-3,39.7,ShortPassing,78.0,2
E. Dier,80,16500000.0,Starter,E. Dier,CDM,C. Sánchez,West Ham United,5000000.0,70.0,-3,39.7,Dribbling,65.0,3
C. Sánchez,77,5000000.0,Backup,E. Dier,CDM,C. Sánchez,West Ham United,5000000.0,70.0,-3,39.7,Dribbling,70.0,3
E. Dier,80,16500000.0,Starter,E. Dier,CDM,C. Sánchez,West Ham United,5000000.0,70.0,-3,39.7,StandingTackle,81.0,4
C. Sánchez,77,5000000.0,Backup,E. Dier,CDM,C. Sánchez,West Ham United,5000000.0,70.0,-3,39.7,StandingTackle,79.0,4
E. Dier,80,16500000.0,Starter,E. Dier,CDM,C. Sánchez,West Ham United,5000000.0,70.0,-3,39.7,Strength,89.0,5
C. Sánchez,77,5000000.0,Backup,E. Dier,CDM,C. Sánchez,West Ham United,5000000.0,70.0,-3,39.7,Strength,85.0,5
E. Dier,80,16500000.0,Starter,E. Dier,CDM,C. Sánchez,West Ham United,5000000.0,70.0,-3,39.7,SprintSpeed,68.0,6
C. Sánchez,77,5000000.0,Backup,E. Dier,CDM,C. Sánchez,West Ham United,5000000.0,70.0,-3,39.7,SprintSpeed,66.0,6
J. Murillo,80,16000000.0,Starter,J. Murillo,LCB,J. Denayer,Olympique Lyonnais,9500000.0,41.0,-4,27.1,SprintSpeed,76.0,0
J. Denayer,76,9500000.0,Backup,J. Murillo,LCB,J. Denayer,Olympique Lyonnais,9500000.0,41.0,-4,27.1,SprintSpeed,71.0,0
J. Murillo,80,16000000.0,Starter,J. Murillo,LCB,J. Denayer,Olympique Lyonnais,9500000.0,41.0,-4,27.1,Finishing,37.0,1
J. Denayer,76,9500000.0,Backup,J. Murillo,LCB,J. Denayer,Olympique Lyonnais,9500000.0,41.0,-4,27.1,Finishing,42.0,1
J. Murillo,80,16000000.0,Starter,J. Murillo,LCB,J. Denayer,Olympique Lyonnais,9500000.0,41.0,-4,27.1,ShortPassing,68.0,2
J. Denayer,76,9500000.0,Backup,J. Murillo,LCB,J. Denayer,Olympique Lyonnais,9500000.0,41.0,-4,27.1,ShortPassing,72.0,2
J. Murillo,80,16000000.0,Starter,J. Murillo,LCB,J. Denayer,Olympique Lyonnais,9500000.0,41.0,-4,27.1,Dribbling,58.0,3
J. Denayer,76,9500000.0,Backup,J. Murillo,LCB,J. Denayer,Olympique Lyonnais,9500000.0,41.0,-4,27.1,Dribbling,67.0,3
J. Murillo,80,16000000.0,Starter,J. Murillo,LCB,J. Denayer,Olympique Lyonnais,9500000.0,41.0,-4,27.1,StandingTackle,80.0,4
J. Denayer,76,9500000.0,Backup,J. Murillo,LCB,J. Denayer,Olympique Lyonnais,9500000.0,41.0,-4,27.1,StandingTackle,77.0,4
J. Murillo,80,16000000.0,Starter,J. Murillo,LCB,J. Denayer,Olympique Lyonnais,9500000.0,41.0,-4,27.1,Strength,80.0,5
J. Denayer,76,9500000.0,Backup,J. Murillo,LCB,J. Denayer,Olympique Lyonnais,9500000.0,41.0,-4,27.1,Strength,79.0,5
J. Murillo,80,16000000.0,Starter,J. Murillo,LCB,J. Denayer,Olympique Lyonnais,9500000.0,41.0,-4,27.1,SprintSpeed,76.0,6
J. Denayer,76,9500000.0,Backup,J. Murillo,LCB,J. Denayer,Olympique Lyonnais,9500000.0,41.0,-4,27.1,SprintSpeed,71.0,6
M. Badelj,80,11500000.0,Starter,M. Badelj,CDM,J. McCarthy,Everton,7500000.0,35.0,-3,60.7,SprintSpeed,56.0,0
J. McCarthy,77,7500000.0,Backup,M. Badelj,CDM,J. McCarthy,Everton,7500000.0,35.0,-3,60.7,SprintSpeed,58.0,0
M. Badelj,80,11500000.0,Starter,M. Badelj,CDM,J. McCarthy,Everton,7500000.0,35.0,-3,60.7,Finishing,54.0,1
J. McCarthy,77,7500000.0,Backup,M. Badelj,CDM,J. McCarthy,Everton,7500000.0,35.0,-3,60.7,Finishing,55.0,1
M. Badelj,80,11500000.0,Starter,M. Badelj,CDM,J. McCarthy,Everton,7500000.0,35.0,-3,60.7,ShortPassing,82.0,2
J. McCarthy,77,7500000.0,Backup,M. Badelj,CDM,J. McCarthy,Everton,7500000.0,35.0,-3,60.7,ShortPassing,80.0,2
M. Badelj,80,11500000.0,Starter,M. Badelj,CDM,J. McCarthy,Everton,7500000.0,35.0,-3,60.7,Dribbling,72.0,3
J. McCarthy,77,7500000.0,Backup,M. Badelj,CDM,J. McCarthy,Everton,7500000.0,35.0,-3,60.7,Dribbling,74.0,3
M. Badelj,80,11500000.0,Starter,M. Badelj,CDM,J. McCarthy,Everton,7500000.0,35.0,-3,60.7,StandingTackle,78.0,4
J. McCarthy,77,7500000.0,Backup,M. Badelj,CDM,J. McCarthy,Everton,7500000.0,35.0,-3,60.7,StandingTackle,76.0,4
M. Badelj,80,11500000.0,Starter,M. Badelj,CDM,J. McCarthy,Everton,7500000.0,35.0,-3,60.7,Strength,71.0,5
J. McCarthy,77,7500000.0,Backup,M. Badelj,CDM,J. McCarthy,Everton,7500000.0,35.0,-3,60.7,Strength,71.0,5
M. Badelj,80,11500000.0,Starter,M. Badelj,CDM,J. McCarthy,Everton,7500000.0,35.0,-3,60.7,SprintSpeed,56.0,6
J. McCarthy,77,7500000.0,Backup,M. Badelj,CDM,J. McCarthy,Everton,7500000.0,35.0,-3,60.7,SprintSpeed,58.0,6
Ismaily,80,11500000.0,Starter,Ismaily,LB,A. Masuaku,West Ham United,7000000.0,39.0,-5,51.4,SprintSpeed,80.0,0
A. Masuaku,75,7000000.0,Backup,Ismaily,LB,A. Masuaku,West Ham United,7000000.0,39.0,-5,51.4,SprintSpeed,86.0,0
Ismaily,80,11500000.0,Starter,Ismaily,LB,A. Masuaku,West Ham United,7000000.0,39.0,-5,51.4,Finishing,60.0,1
A. Masuaku,75,7000000.0,Backup,Ismaily,LB,A. Masuaku,West Ham United,7000000.0,39.0,-5,51.4,Finishing,55.0,1
Ismaily,80,11500000.0,Starter,Ismaily,LB,A. Masuaku,West Ham United,7000000.0,39.0,-5,51.4,ShortPassing,81.0,2
A. Masuaku,75,7000000.0,Backup,Ismaily,LB,A. Masuaku,West Ham United,7000000.0,39.0,-5,51.4,ShortPassing,74.0,2
Ismaily,80,11500000.0,Starter,Ismaily,LB,A. Masuaku,West Ham United,7000000.0,39.0,-5,51.4,Dribbling,83.0,3
A. Masuaku,75,7000000.0,Backup,Ismaily,LB,A. Masuaku,West Ham United,7000000.0,39.0,-5,51.4,Dribbling,83.0,3
Ismaily,80,11500000.0,Starter,Ismaily,LB,A. Masuaku,West Ham United,7000000.0,39.0,-5,51.4,StandingTackle,74.0,4
A. Masuaku,75,7000000.0,Backup,Ismaily,LB,A. Masuaku,West Ham United,7000000.0,39.0,-5,51.4,StandingTackle,74.0,4
Ismaily,80,11500000.0,Starter,Ismaily,LB,A. Masuaku,West Ham United,7000000.0,39.0,-5,51.4,Strength,75.0,5
A. Masuaku,75,7000000.0,Backup,Ismaily,LB,A. Masuaku,West Ham United,7000000.0,39.0,-5,51.4,Strength,69.0,5
Ismaily,80,11500000.0,Starter,Ismaily,LB,A. Masuaku,West Ham United,7000000.0,39.0,-5,51.4,SprintSpeed,80.0,6
A. Masuaku,75,7000000.0,Backup,Ismaily,LB,A. Masuaku,West Ham United,7000000.0,39.0,-5,51.4,SprintSpeed,86.0,6
N. Schulz,80,14500000.0,Starter,N. Schulz,LWB,K. Gibbs,West Bromwich Albion,6000000.0,59.0,-4,44.2,SprintSpeed,86.0,0
K. Gibbs,76,6000000.0,Backup,N. Schulz,LWB,K. Gibbs,West Bromwich Albion,6000000.0,59.0,-4,44.2,SprintSpeed,80.0,0
N. Schulz,80,14500000.0,Starter,N. Schulz,LWB,K. Gibbs,West Bromwich Albion,6000000.0,59.0,-4,44.2,Finishing,48.0,1
K. Gibbs,76,6000000.0,Backup,N. Schulz,LWB,K. Gibbs,West Bromwich Albion,6000000.0,59.0,-4,44.2,Finishing,48.0,1
N. Schulz,80,14500000.0,Starter,N. Schulz,LWB,K. Gibbs,West Bromwich Albion,6000000.0,59.0,-4,44.2,ShortPassing,78.0,2
K. Gibbs,76,6000000.0,Backup,N. Schulz,LWB,K. Gibbs,West Bromwich Albion,6000000.0,59.0,-4,44.2,ShortPassing,73.0,2
N. Schulz,80,14500000.0,Starter,N. Schulz,LWB,K. Gibbs,West Bromwich Albion,6000000.0,59.0,-4,44.2,Dribbling,79.0,3
K. Gibbs,76,6000000.0,Backup,N. Schulz,LWB,K. Gibbs,West Bromwich Albion,6000000.0,59.0,-4,44.2,Dribbling,71.0,3
N. Schulz,80,14500000.0,Starter,N. Schulz,LWB,K. Gibbs,West Bromwich Albion,6000000.0,59.0,-4,44.2,StandingTackle,76.0,4
K. Gibbs,76,6000000.0,Backup,N. Schulz,LWB,K. Gibbs,West Bromwich Albion,6000000.0,59.0,-4,44.2,StandingTackle,77.0,4
N. Schulz,80,14500000.0,Starter,N. Schulz,LWB,K. Gibbs,West Bromwich Albion,6000000.0,59.0,-4,44.2,Strength,76.0,5
K. Gibbs,76,6000000.0,Backup,N. Schulz,LWB,K. Gibbs,West Bromwich Albion,6000000.0,59.0,-4,44.2,Strength,67.0,5
N. Schulz,80,14500000.0,Starter,N. Schulz,LWB,K. Gibbs,West Bromwich Albion,6000000.0,59.0,-4,44.2,SprintSpeed,86.0,6
K. Gibbs,76,6000000.0,Backup,N. Schulz,LWB,K. Gibbs,West Bromwich Albion,6000000.0,59.0,-4,44.2,SprintSpeed,80.0,6
L. Digne,80,16000000.0,Starter,L. Digne,LB,O. Wendt,Borussia Mönchengladbach,4300000.0,73.0,-4,60.3,SprintSpeed,75.0,0
O. Wendt,76,4300000.0,Backup,L. Digne,LB,O. Wendt,Borussia Mönchengladbach,4300000.0,73.0,-4,60.3,SprintSpeed,76.0,0
L. Digne,80,16000000.0,Starter,L. Digne,LB,O. Wendt,Borussia Mönchengladbach,4300000.0,73.0,-4,60.3,Finishing,52.0,1
O. Wendt,76,4300000.0,Backup,L. Digne,LB,O. Wendt,Borussia Mönchengladbach,4300000.0,73.0,-4,60.3,Finishing,56.0,1
L. Digne,80,16000000.0,Starter,L. Digne,LB,O. Wendt,Borussia Mönchengladbach,4300000.0,73.0,-4,60.3,ShortPassing,81.0,2
O. Wendt,76,4300000.0,Backup,L. Digne,LB,O. Wendt,Borussia Mönchengladbach,4300000.0,73.0,-4,60.3,ShortPassing,77.0,2
L. Digne,80,16000000.0,Starter,L. Digne,LB,O. Wendt,Borussia Mönchengladbach,4300000.0,73.0,-4,60.3,Dribbling,76.0,3
O. Wendt,76,4300000.0,Backup,L. Digne,LB,O. Wendt,Borussia Mönchengladbach,4300000.0,73.0,-4,60.3,Dribbling,73.0,3
L. Digne,80,16000000.0,Starter,L. Digne,LB,O. Wendt,Borussia Mönchengladbach,4300000.0,73.0,-4,60.3,StandingTackle,77.0,4
O. Wendt,76,4300000.0,Backup,L. Digne,LB,O. Wendt,Borussia Mönchengladbach,4300000.0,73.0,-4,60.3,StandingTackle,77.0,4
L. Digne,80,16000000.0,Starter,L. Digne,LB,O. Wendt,Borussia Mönchengladbach,4300000.0,73.0,-4,60.3,Strength,69.0,5
O. Wendt,76,4300000.0,Backup,L. Digne,LB,O. Wendt,Borussia Mönchengladbach,4300000.0,73.0,-4,60.3,Strength,67.0,5
L. Digne,80,16000000.0,Starter,L. Digne,LB,O. Wendt,Borussia Mönchengladbach,4300000.0,73.0,-4,60.3,SprintSpeed,75.0,6
O. Wendt,76,4300000.0,Backup,L. Digne,LB,O. Wendt,Borussia Mönchengladbach,4300000.0,73.0,-4,60.3,SprintSpeed,76.0,6
M. Uth,80,17500000.0,Starter,M. Uth,ST,D. Benedetto,Boca Juniors,13000000.0,26.0,-1,48.9,SprintSpeed,76.0,0
D. Benedetto,79,13000000.0,Backup,M. Uth,ST,D. Benedetto,Boca Juniors,13000000.0,26.0,-1,48.9,SprintSpeed,84.0,0
M. Uth,80,17500000.0,Starter,M. Uth,ST,D. Benedetto,Boca Juniors,13000000.0,26.0,-1,48.9,Finishing,85.0,1
D. Benedetto,79,13000000.0,Backup,M. Uth,ST,D. Benedetto,Boca Juniors,13000000.0,26.0,-1,48.9,Finishing,86.0,1
M. Uth,80,17500000.0,Starter,M. Uth,ST,D. Benedetto,Boca Juniors,13000000.0,26.0,-1,48.9,ShortPassing,72.0,2
D. Benedetto,79,13000000.0,Backup,M. Uth,ST,D. Benedetto,Boca Juniors,13000000.0,26.0,-1,48.9,ShortPassing,67.0,2
M. Uth,80,17500000.0,Starter,M. Uth,ST,D. Benedetto,Boca Juniors,13000000.0,26.0,-1,48.9,Dribbling,78.0,3
D. Benedetto,79,13000000.0,Backup,M. Uth,ST,D. Benedetto,Boca Juniors,13000000.0,26.0,-1,48.9,Dribbling,71.0,3
M. Uth,80,17500000.0,Starter,M. Uth,ST,D. Benedetto,Boca Juniors,13000000.0,26.0,-1,48.9,StandingTackle,33.0,4
D. Benedetto,79,13000000.0,Backup,M. Uth,ST,D. Benedetto,Boca Juniors,13000000.0,26.0,-1,48.9,StandingTackle,25.0,4
M. Uth,80,17500000.0,Starter,M. Uth,ST,D. Benedetto,Boca Juniors,13000000.0,26.0,-1,48.9,Strength,67.0,5
D. Benedetto,79,13000000.0,Backup,M. Uth,ST,D. Benedetto,Boca Juniors,13000000.0,26.0,-1,48.9,Strength,76.0,5
M. Uth,80,17500000.0,Starter,M. Uth,ST,D. Benedetto,Boca Juniors,13000000.0,26.0,-1,48.9,SprintSpeed,76.0,6
D. Benedetto,79,13000000.0,Backup,M. Uth,ST,D. Benedetto,Boca Juniors,13000000.0,26.0,-1,48.9,SprintSpeed,84.0,6
Cristian Tello,80,16000000.0,Starter,Cristian Tello,LM,J. Kopic,Viktoria Plzeň,4000000.0,75.0,-7,41.2,SprintSpeed,89.0,0
J. Kopic,73,4000000.0,Backup,Cristian Tello,LM,J. Kopic,Viktoria Plzeň,4000000.0,75.0,-7,41.2,SprintSpeed,79.0,0
Cristian Tello,80,16000000.0,Starter,Cristian Tello,LM,J. Kopic,Viktoria Plzeň,4000000.0,75.0,-7,41.2,Finishing,74.0,1
J. Kopic,73,4000000.0,Backup,Cristian Tello,LM,J. Kopic,Viktoria Plzeň,4000000.0,75.0,-7,41.2,Finishing,65.0,1
Cristian Tello,80,16000000.0,Starter,Cristian Tello,LM,J. Kopic,Viktoria Plzeň,4000000.0,75.0,-7,41.2,ShortPassing,77.0,2
J. Kopic,73,4000000.0,Backup,Cristian Tello,LM,J. Kopic,Viktoria Plzeň,4000000.0,75.0,-7,41.2,ShortPassing,70.0,2
Cristian Tello,80,16000000.0,Starter,Cristian Tello,LM,J. Kopic,Viktoria Plzeň,4000000.0,75.0,-7,41.2,Dribbling,82.0,3
J. Kopic,73,4000000.0,Backup,Cristian Tello,LM,J. Kopic,Viktoria Plzeň,4000000.0,75.0,-7,41.2,Dribbling,75.0,3
Cristian Tello,80,16000000.0,Starter,Cristian Tello,LM,J. Kopic,Viktoria Plzeň,4000000.0,75.0,-7,41.2,StandingTackle,30.0,4
J. Kopic,73,4000000.0,Backup,Cristian Tello,LM,J. Kopic,Viktoria Plzeň,4000000.0,75.0,-7,41.2,StandingTackle,38.0,4
Cristian Tello,80,16000000.0,Starter,Cristian Tello,LM,J. Kopic,Viktoria Plzeň,4000000.0,75.0,-7,41.2,Strength,58.0,5
J. Kopic,73,4000000.0,Backup,Cristian Tello,LM,J. Kopic,Viktoria Plzeň,4000000.0,75.0,-7,41.2,Strength,58.0,5
Cristian Tello,80,16000000.0,Starter,Cristian Tello,LM,J. Kopic,Viktoria Plzeň,4000000.0,75.0,-7,41.2,SprintSpeed,89.0,6
J. Kopic,73,4000000.0,Backup,Cristian Tello,LM,J. Kopic,Viktoria Plzeň,4000000.0,75.0,-7,41.2,SprintSpeed,79.0,6
D. Vida,80,11500000.0,Starter,D. Vida,LCB,N. Viergever,PSV,5500000.0,52.0,-5,38.8,SprintSpeed,80.0,0
N. Viergever,75,5500000.0,Backup,D. Vida,LCB,N. Viergever,PSV,5500000.0,52.0,-5,38.8,SprintSpeed,73.0,0
D. Vida,80,11500000.0,Starter,D. Vida,LCB,N. Viergever,PSV,5500000.0,52.0,-5,38.8,Finishing,41.0,1
N. Viergever,75,5500000.0,Backup,D. Vida,LCB,N. Viergever,PSV,5500000.0,52.0,-5,38.8,Finishing,42.0,1
D. Vida,80,11500000.0,Starter,D. Vida,LCB,N. Viergever,PSV,5500000.0,52.0,-5,38.8,ShortPassing,66.0,2
N. Viergever,75,5500000.0,Backup,D. Vida,LCB,N. Viergever,PSV,5500000.0,52.0,-5,38.8,ShortPassing,68.0,2
D. Vida,80,11500000.0,Starter,D. Vida,LCB,N. Viergever,PSV,5500000.0,52.0,-5,38.8,Dribbling,53.0,3
N. Viergever,75,5500000.0,Backup,D. Vida,LCB,N. Viergever,PSV,5500000.0,52.0,-5,38.8,Dribbling,63.0,3
D. Vida,80,11500000.0,Starter,D. Vida,LCB,N. Viergever,PSV,5500000.0,52.0,-5,38.8,StandingTackle,79.0,4
N. Viergever,75,5500000.0,Backup,D. Vida,LCB,N. Viergever,PSV,5500000.0,52.0,-5,38.8,StandingTackle,74.0,4
D. Vida,80,11500000.0,Starter,D. Vida,LCB,N. Viergever,PSV,5500000.0,52.0,-5,38.8,Strength,77.0,5
N. Viergever,75,5500000.0,Backup,D. Vida,LCB,N. Viergever,PSV,5500000.0,52.0,-5,38.8,Strength,74.0,5
D. Vida,80,11500000.0,Starter,D. Vida,LCB,N. Viergever,PSV,5500000.0,52.0,-5,38.8,SprintSpeed,80.0,6
N. Viergever,75,5500000.0,Backup,D. Vida,LCB,N. Viergever,PSV,5500000.0,52.0,-5,38.8,SprintSpeed,73.0,6
L. Muriel,80,17500000.0,Starter,L. Muriel,ST,Munir,FC Barcelona,12500000.0,29.0,-3,46.9,SprintSpeed,89.0,0
Munir,77,12500000.0,Backup,L. Muriel,ST,Munir,FC Barcelona,12500000.0,29.0,-3,46.9,SprintSpeed,80.0,0
L. Muriel,80,17500000.0,Starter,L. Muriel,ST,Munir,FC Barcelona,12500000.0,29.0,-3,46.9,Finishing,78.0,1
Munir,77,12500000.0,Backup,L. Muriel,ST,Munir,FC Barcelona,12500000.0,29.0,-3,46.9,Finishing,78.0,1
L. Muriel,80,17500000.0,Starter,L. Muriel,ST,Munir,FC Barcelona,12500000.0,29.0,-3,46.9,ShortPassing,75.0,2
Munir,77,12500000.0,Backup,L. Muriel,ST,Munir,FC Barcelona,12500000.0,29.0,-3,46.9,ShortPassing,77.0,2
L. Muriel,80,17500000.0,Starter,L. Muriel,ST,Munir,FC Barcelona,12500000.0,29.0,-3,46.9,Dribbling,85.0,3
Munir,77,12500000.0,Backup,L. Muriel,ST,Munir,FC Barcelona,12500000.0,29.0,-3,46.9,Dribbling,81.0,3
L. Muriel,80,17500000.0,Starter,L. Muriel,ST,Munir,FC Barcelona,12500000.0,29.0,-3,46.9,StandingTackle,24.0,4
Munir,77,12500000.0,Backup,L. Muriel,ST,Munir,FC Barcelona,12500000.0,29.0,-3,46.9,StandingTackle,24.0,4
L. Muriel,80,17500000.0,Starter,L. Muriel,ST,Munir,FC Barcelona,12500000.0,29.0,-3,46.9,Strength,80.0,5
Munir,77,12500000.0,Backup,L. Muriel,ST,Munir,FC Barcelona,12500000.0,29.0,-3,46.9,Strength,63.0,5
L. Muriel,80,17500000.0,Starter,L. Muriel,ST,Munir,FC Barcelona,12500000.0,29.0,-3,46.9,SprintSpeed,89.0,6
Munir,77,12500000.0,Backup,L. Muriel,ST,Munir,FC Barcelona,12500000.0,29.0,-3,46.9,SprintSpeed,80.0,6
V. Aboubakar,80,18000000.0,Starter,V. Aboubakar,ST,D. Benedetto,Boca Juniors,13000000.0,28.0,-1,44.8,SprintSpeed,83.0,0
D. Benedetto,79,13000000.0,Backup,V. Aboubakar,ST,D. Benedetto,Boca Juniors,13000000.0,28.0,-1,44.8,SprintSpeed,84.0,0
V. Aboubakar,80,18000000.0,Starter,V. Aboubakar,ST,D. Benedetto,Boca Juniors,13000000.0,28.0,-1,44.8,Finishing,80.0,1
D. Benedetto,79,13000000.0,Backup,V. Aboubakar,ST,D. Benedetto,Boca Juniors,13000000.0,28.0,-1,44.8,Finishing,86.0,1
V. Aboubakar,80,18000000.0,Starter,V. Aboubakar,ST,D. Benedetto,Boca Juniors,13000000.0,28.0,-1,44.8,ShortPassing,75.0,2
D. Benedetto,79,13000000.0,Backup,V. Aboubakar,ST,D. Benedetto,Boca Juniors,13000000.0,28.0,-1,44.8,ShortPassing,67.0,2
V. Aboubakar,80,18000000.0,Starter,V. Aboubakar,ST,D. Benedetto,Boca Juniors,13000000.0,28.0,-1,44.8,Dribbling,81.0,3
D. Benedetto,79,13000000.0,Backup,V. Aboubakar,ST,D. Benedetto,Boca Juniors,13000000.0,28.0,-1,44.8,Dribbling,71.0,3
V. Aboubakar,80,18000000.0,Starter,V. Aboubakar,ST,D. Benedetto,Boca Juniors,13000000.0,28.0,-1,44.8,StandingTackle,23.0,4
D. Benedetto,79,13000000.0,Backup,V. Aboubakar,ST,D. Benedetto,Boca Juniors,13000000.0,28.0,-1,44.8,StandingTackle,25.0,4
V. Aboubakar,80,18000000.0,Starter,V. Aboubakar,ST,D. Benedetto,Boca Juniors,13000000.0,28.0,-1,44.8,Strength,85.0,5
D. Benedetto,79,13000000.0,Backup,V. Aboubakar,ST,D. Benedetto,Boca Juniors,13000000.0,28.0,-1,44.8,Strength,76.0,5
V. Aboubakar,80,18000000.0,Starter,V. Aboubakar,ST,D. Benedetto,Boca Juniors,13000000.0,28.0,-1,44.8,SprintSpeed,83.0,6
D. Benedetto,79,13000000.0,Backup,V. Aboubakar,ST,D. Benedetto,Boca Juniors,13000000.0,28.0,-1,44.8,SprintSpeed,84.0,6
A. Oxlade-Chamberlain,80,19500000.0,Starter,A. Oxlade-Chamberlain,CM,B. Ndiaye,Galatasaray SK,7000000.0,64.0,-5,49.1,SprintSpeed,85.0,0
B. Ndiaye,75,7000000.0,Backup,A. Oxlade-Chamberlain,CM,B. Ndiaye,Galatasaray SK,7000000.0,64.0,-5,49.1,SprintSpeed,85.0,0
A. Oxlade-Chamberlain,80,19500000.0,Starter,A. Oxlade-Chamberlain,CM,B. Ndiaye,Galatasaray SK,7000000.0,64.0,-5,49.1,Finishing,69.0,1
B. Ndiaye,75,7000000.0,Backup,A. Oxlade-Chamberlain,CM,B. Ndiaye,Galatasaray SK,7000000.0,64.0,-5,49.1,Finishing,71.0,1
A. Oxlade-Chamberlain,80,19500000.0,Starter,A. Oxlade-Chamberlain,CM,B. Ndiaye,Galatasaray SK,7000000.0,64.0,-5,49.1,ShortPassing,80.0,2
B. Ndiaye,75,7000000.0,Backup,A. Oxlade-Chamberlain,CM,B. Ndiaye,Galatasaray SK,7000000.0,64.0,-5,49.1,ShortPassing,75.0,2
A. Oxlade-Chamberlain,80,19500000.0,Starter,A. Oxlade-Chamberlain,CM,B. Ndiaye,Galatasaray SK,7000000.0,64.0,-5,49.1,Dribbling,84.0,3
B. Ndiaye,75,7000000.0,Backup,A. Oxlade-Chamberlain,CM,B. Ndiaye,Galatasaray SK,7000000.0,64.0,-5,49.1,Dribbling,78.0,3
A. Oxlade-Chamberlain,80,19500000.0,Starter,A. Oxlade-Chamberlain,CM,B. Ndiaye,Galatasaray SK,7000000.0,64.0,-5,49.1,StandingTackle,70.0,4
B. Ndiaye,75,7000000.0,Backup,A. Oxlade-Chamberlain,CM,B. Ndiaye,Galatasaray SK,7000000.0,64.0,-5,49.1,StandingTackle,72.0,4
A. Oxlade-Chamberlain,80,19500000.0,Starter,A. Oxlade-Chamberlain,CM,B. Ndiaye,Galatasaray SK,7000000.0,64.0,-5,49.1,Strength,72.0,5
B. Ndiaye,75,7000000.0,Backup,A. Oxlade-Chamberlain,CM,B. Ndiaye,Galatasaray SK,7000000.0,64.0,-5,49.1,Strength,77.0,5
A. Oxlade-Chamberlain,80,19500000.0,Starter,A. Oxlade-Chamberlain,CM,B. Ndiaye,Galatasaray SK,7000000.0,64.0,-5,49.1,SprintSpeed,85.0,6
B. Ndiaye,75,7000000.0,Backup,A. Oxlade-Chamberlain,CM,B. Ndiaye,Galatasaray SK,7000000.0,64.0,-5,49.1,SprintSpeed,85.0,6
S. Aurier,80,15500000.0,Starter,S. Aurier,RB,Rafael,Olympique Lyonnais,10500000.0,32.0,-1,46.8,SprintSpeed,78.0,0
Rafael,79,10500000.0,Backup,S. Aurier,RB,Rafael,Olympique Lyonnais,10500000.0,32.0,-1,46.8,SprintSpeed,78.0,0
S. Aurier,80,15500000.0,Starter,S. Aurier,RB,Rafael,Olympique Lyonnais,10500000.0,32.0,-1,46.8,Finishing,54.0,1
Rafael,79,10500000.0,Backup,S. Aurier,RB,Rafael,Olympique Lyonnais,10500000.0,32.0,-1,46.8,Finishing,53.0,1
S. Aurier,80,15500000.0,Starter,S. Aurier,RB,Rafael,Olympique Lyonnais,10500000.0,32.0,-1,46.8,ShortPassing,78.0,2
Rafael,79,10500000.0,Backup,S. Aurier,RB,Rafael,Olympique Lyonnais,10500000.0,32.0,-1,46.8,ShortPassing,77.0,2
S. Aurier,80,15500000.0,Starter,S. Aurier,RB,Rafael,Olympique Lyonnais,10500000.0,32.0,-1,46.8,Dribbling,76.0,3
Rafael,79,10500000.0,Backup,S. Aurier,RB,Rafael,Olympique Lyonnais,10500000.0,32.0,-1,46.8,Dribbling,80.0,3
S. Aurier,80,15500000.0,Starter,S. Aurier,RB,Rafael,Olympique Lyonnais,10500000.0,32.0,-1,46.8,StandingTackle,81.0,4
Rafael,79,10500000.0,Backup,S. Aurier,RB,Rafael,Olympique Lyonnais,10500000.0,32.0,-1,46.8,StandingTackle,77.0,4
S. Aurier,80,15500000.0,Starter,S. Aurier,RB,Rafael,Olympique Lyonnais,10500000.0,32.0,-1,46.8,Strength,74.0,5
Rafael,79,10500000.0,Backup,S. Aurier,RB,Rafael,Olympique Lyonnais,10500000.0,32.0,-1,46.8,Strength,73.0,5
S. Aurier,80,15500000.0,Starter,S. Aurier,RB,Rafael,Olympique Lyonnais,10500000.0,32.0,-1,46.8,SprintSpeed,78.0,6
Rafael,79,10500000.0,Backup,S. Aurier,RB,Rafael,Olympique Lyonnais,10500000.0,32.0,-1,46.8,SprintSpeed,78.0,6
J. Matip,80,15000000.0,Starter,J. Matip,CB,M. Holgate,Everton,9000000.0,40.0,-4,31.7,SprintSpeed,69.0,0
M. Holgate,76,9000000.0,Backup,J. Matip,CB,M. Holgate,Everton,9000000.0,40.0,-4,31.7,SprintSpeed,71.0,0
J. Matip,80,15000000.0,Starter,J. Matip,CB,M. Holgate,Everton,9000000.0,40.0,-4,31.7,Finishing,36.0,1
M. Holgate,76,9000000.0,Backup,J. Matip,CB,M. Holgate,Everton,9000000.0,40.0,-4,31.7,Finishing,37.0,1
J. Matip,80,15000000.0,Starter,J. Matip,CB,M. Holgate,Everton,9000000.0,40.0,-4,31.7,ShortPassing,77.0,2
M. Holgate,76,9000000.0,Backup,J. Matip,CB,M. Holgate,Everton,9000000.0,40.0,-4,31.7,ShortPassing,74.0,2
J. Matip,80,15000000.0,Starter,J. Matip,CB,M. Holgate,Everton,9000000.0,40.0,-4,31.7,Dribbling,65.0,3
M. Holgate,76,9000000.0,Backup,J. Matip,CB,M. Holgate,Everton,9000000.0,40.0,-4,31.7,Dribbling,65.0,3
J. Matip,80,15000000.0,Starter,J. Matip,CB,M. Holgate,Everton,9000000.0,40.0,-4,31.7,StandingTackle,84.0,4
M. Holgate,76,9000000.0,Backup,J. Matip,CB,M. Holgate,Everton,9000000.0,40.0,-4,31.7,StandingTackle,78.0,4
J. Matip,80,15000000.0,Starter,J. Matip,CB,M. Holgate,Everton,9000000.0,40.0,-4,31.7,Strength,77.0,5
M. Holgate,76,9000000.0,Backup,J. Matip,CB,M. Holgate,Everton,9000000.0,40.0,-4,31.7,Strength,72.0,5
J. Matip,80,15000000.0,Starter,J. Matip,CB,M. Holgate,Everton,9000000.0,40.0,-4,31.7,SprintSpeed,69.0,6
M. Holgate,76,9000000.0,Backup,J. Matip,CB,M. Holgate,Everton,9000000.0,40.0,-4,31.7,SprintSpeed,71.0,6
Y. Rakitskyi,80,12000000.0,Starter,Y. Rakitskyi,LCB,K. Laifis,Standard de Liège,6000000.0,50.0,-6,22.0,SprintSpeed,72.0,0
K. Laifis,74,6000000.0,Backup,Y. Rakitskyi,LCB,K. Laifis,Standard de Liège,6000000.0,50.0,-6,22.0,SprintSpeed,67.0,0
Y. Rakitskyi,80,12000000.0,Starter,Y. Rakitskyi,LCB,K. Laifis,Standard de Liège,6000000.0,50.0,-6,22.0,Finishing,57.0,1
K. Laifis,74,6000000.0,Backup,Y. Rakitskyi,LCB,K. Laifis,Standard de Liège,6000000.0,50.0,-6,22.0,Finishing,56.0,1
Y. Rakitskyi,80,12000000.0,Starter,Y. Rakitskyi,LCB,K. Laifis,Standard de Liège,6000000.0,50.0,-6,22.0,ShortPassing,78.0,2
K. Laifis,74,6000000.0,Backup,Y. Rakitskyi,LCB,K. Laifis,Standard de Liège,6000000.0,50.0,-6,22.0,ShortPassing,71.0,2
Y. Rakitskyi,80,12000000.0,Starter,Y. Rakitskyi,LCB,K. Laifis,Standard de Liège,6000000.0,50.0,-6,22.0,Dribbling,69.0,3
K. Laifis,74,6000000.0,Backup,Y. Rakitskyi,LCB,K. Laifis,Standard de Liège,6000000.0,50.0,-6,22.0,Dribbling,68.0,3
Y. Rakitskyi,80,12000000.0,Starter,Y. Rakitskyi,LCB,K. Laifis,Standard de Liège,6000000.0,50.0,-6,22.0,StandingTackle,83.0,4
K. Laifis,74,6000000.0,Backup,Y. Rakitskyi,LCB,K. Laifis,Standard de Liège,6000000.0,50.0,-6,22.0,StandingTackle,74.0,4
Y. Rakitskyi,80,12000000.0,Starter,Y. Rakitskyi,LCB,K. Laifis,Standard de Liège,6000000.0,50.0,-6,22.0,Strength,84.0,5
K. Laifis,74,6000000.0,Backup,Y. Rakitskyi,LCB,K. Laifis,Standard de Liège,6000000.0,50.0,-6,22.0,Strength,72.0,5
Y. Rakitskyi,80,12000000.0,Starter,Y. Rakitskyi,LCB,K. Laifis,Standard de Liège,6000000.0,50.0,-6,22.0,SprintSpeed,72.0,6
K. Laifis,74,6000000.0,Backup,Y. Rakitskyi,LCB,K. Laifis,Standard de Liège,6000000.0,50.0,-6,22.0,SprintSpeed,67.0,6
Sergi Enrich,80,15500000.0,Starter,Sergi Enrich,RS,M. Ruben,Rosario Central,5000000.0,68.0,-6,35.5,SprintSpeed,65.0,0
M. Ruben,74,5000000.0,Backup,Sergi Enrich,RS,M. Ruben,Rosario Central,5000000.0,68.0,-6,35.5,SprintSpeed,75.0,0
Sergi Enrich,80,15500000.0,Starter,Sergi Enrich,RS,M. Ruben,Rosario Central,5000000.0,68.0,-6,35.5,Finishing,81.0,1
M. Ruben,74,5000000.0,Backup,Sergi Enrich,RS,M. Ruben,Rosario Central,5000000.0,68.0,-6,35.5,Finishing,74.0,1
Sergi Enrich,80,15500000.0,Starter,Sergi Enrich,RS,M. Ruben,Rosario Central,5000000.0,68.0,-6,35.5,ShortPassing,79.0,2
M. Ruben,74,5000000.0,Backup,Sergi Enrich,RS,M. Ruben,Rosario Central,5000000.0,68.0,-6,35.5,ShortPassing,66.0,2
Sergi Enrich,80,15500000.0,Starter,Sergi Enrich,RS,M. Ruben,Rosario Central,5000000.0,68.0,-6,35.5,Dribbling,76.0,3
M. Ruben,74,5000000.0,Backup,Sergi Enrich,RS,M. Ruben,Rosario Central,5000000.0,68.0,-6,35.5,Dribbling,68.0,3
Sergi Enrich,80,15500000.0,Starter,Sergi Enrich,RS,M. Ruben,Rosario Central,5000000.0,68.0,-6,35.5,StandingTackle,46.0,4
M. Ruben,74,5000000.0,Backup,Sergi Enrich,RS,M. Ruben,Rosario Central,5000000.0,68.0,-6,35.5,StandingTackle,40.0,4
Sergi Enrich,80,15500000.0,Starter,Sergi Enrich,RS,M. Ruben,Rosario Central,5000000.0,68.0,-6,35.5,Strength,83.0,5
M. Ruben,74,5000000.0,Backup,Sergi Enrich,RS,M. Ruben,Rosario Central,5000000.0,68.0,-6,35.5,Strength,75.0,5
Sergi Enrich,80,15500000.0,Starter,Sergi Enrich,RS,M. Ruben,Rosario Central,5000000.0,68.0,-6,35.5,SprintSpeed,65.0,6
M. Ruben,74,5000000.0,Backup,Sergi Enrich,RS,M. Ruben,Rosario Central,5000000.0,68.0,-6,35.5,SprintSpeed,75.0,6
A. Yarmolenko,80,15000000.0,Starter,A. Yarmolenko,RM,R. Hamouma,AS Saint-Étienne,7000000.0,53.0,-4,33.6,SprintSpeed,76.0,0
R. Hamouma,76,7000000.0,Backup,A. Yarmolenko,RM,R. Hamouma,AS Saint-Étienne,7000000.0,53.0,-4,33.6,SprintSpeed,73.0,0
A. Yarmolenko,80,15000000.0,Starter,A. Yarmolenko,RM,R. Hamouma,AS Saint-Étienne,7000000.0,53.0,-4,33.6,Finishing,77.0,1
R. Hamouma,76,7000000.0,Backup,A. Yarmolenko,RM,R. Hamouma,AS Saint-Étienne,7000000.0,53.0,-4,33.6,Finishing,73.0,1
A. Yarmolenko,80,15000000.0,Starter,A. Yarmolenko,RM,R. Hamouma,AS Saint-Étienne,7000000.0,53.0,-4,33.6,ShortPassing,78.0,2
R. Hamouma,76,7000000.0,Backup,A. Yarmolenko,RM,R. Hamouma,AS Saint-Étienne,7000000.0,53.0,-4,33.6,ShortPassing,77.0,2
A. Yarmolenko,80,15000000.0,Starter,A. Yarmolenko,RM,R. Hamouma,AS Saint-Étienne,7000000.0,53.0,-4,33.6,Dribbling,86.0,3
R. Hamouma,76,7000000.0,Backup,A. Yarmolenko,RM,R. Hamouma,AS Saint-Étienne,7000000.0,53.0,-4,33.6,Dribbling,78.0,3
A. Yarmolenko,80,15000000.0,Starter,A. Yarmolenko,RM,R. Hamouma,AS Saint-Étienne,7000000.0,53.0,-4,33.6,StandingTackle,35.0,4
R. Hamouma,76,7000000.0,Backup,A. Yarmolenko,RM,R. Hamouma,AS Saint-Étienne,7000000.0,53.0,-4,33.6,StandingTackle,41.0,4
A. Yarmolenko,80,15000000.0,Starter,A. Yarmolenko,RM,R. Hamouma,AS Saint-Étienne,7000000.0,53.0,-4,33.6,Strength,76.0,5
R. Hamouma,76,7000000.0,Backup,A. Yarmolenko,RM,R. Hamouma,AS Saint-Étienne,7000000.0,53.0,-4,33.6,Strength,60.0,5
A. Yarmolenko,80,15000000.0,Starter,A. Yarmolenko,RM,R. Hamouma,AS Saint-Étienne,7000000.0,53.0,-4,33.6,SprintSpeed,76.0,6
R. Hamouma,76,7000000.0,Backup,A. Yarmolenko,RM,R. Hamouma,AS Saint-Étienne,7000000.0,53.0,-4,33.6,SprintSpeed,73.0,6
Hugo Mallo,80,13500000.0,Starter,Hugo Mallo,RB,C. Piccini,Valencia CF,9000000.0,33.0,-3,36.0,SprintSpeed,71.0,0
C. Piccini,77,9000000.0,Backup,Hugo Mallo,RB,C. Piccini,Valencia CF,9000000.0,33.0,-3,36.0,SprintSpeed,76.0,0
Hugo Mallo,80,13500000.0,Starter,Hugo Mallo,RB,C. Piccini,Valencia CF,9000000.0,33.0,-3,36.0,Finishing,28.0,1
C. Piccini,77,9000000.0,Backup,Hugo Mallo,RB,C. Piccini,Valencia CF,9000000.0,33.0,-3,36.0,Finishing,32.0,1
Hugo Mallo,80,13500000.0,Starter,Hugo Mallo,RB,C. Piccini,Valencia CF,9000000.0,33.0,-3,36.0,ShortPassing,71.0,2
C. Piccini,77,9000000.0,Backup,Hugo Mallo,RB,C. Piccini,Valencia CF,9000000.0,33.0,-3,36.0,ShortPassing,71.0,2
Hugo Mallo,80,13500000.0,Starter,Hugo Mallo,RB,C. Piccini,Valencia CF,9000000.0,33.0,-3,36.0,Dribbling,69.0,3
C. Piccini,77,9000000.0,Backup,Hugo Mallo,RB,C. Piccini,Valencia CF,9000000.0,33.0,-3,36.0,Dribbling,73.0,3
Hugo Mallo,80,13500000.0,Starter,Hugo Mallo,RB,C. Piccini,Valencia CF,9000000.0,33.0,-3,36.0,StandingTackle,81.0,4
C. Piccini,77,9000000.0,Backup,Hugo Mallo,RB,C. Piccini,Valencia CF,9000000.0,33.0,-3,36.0,StandingTackle,80.0,4
Hugo Mallo,80,13500000.0,Starter,Hugo Mallo,RB,C. Piccini,Valencia CF,9000000.0,33.0,-3,36.0,Strength,69.0,5
C. Piccini,77,9000000.0,Backup,Hugo Mallo,RB,C. Piccini,Valencia CF,9000000.0,33.0,-3,36.0,Strength,78.0,5
Hugo Mallo,80,13500000.0,Starter,Hugo Mallo,RB,C. Piccini,Valencia CF,9000000.0,33.0,-3,36.0,SprintSpeed,71.0,6
C. Piccini,77,9000000.0,Backup,Hugo Mallo,RB,C. Piccini,Valencia CF,9000000.0,33.0,-3,36.0,SprintSpeed,76.0,6
André Almeida,80,12000000.0,Starter,André Almeida,RB,M. Lowton,Burnley,6500000.0,46.0,-3,49.2,SprintSpeed,66.0,0
M. Lowton,77,6500000.0,Backup,André Almeida,RB,M. Lowton,Burnley,6500000.0,46.0,-3,49.2,SprintSpeed,70.0,0
André Almeida,80,12000000.0,Starter,André Almeida,RB,M. Lowton,Burnley,6500000.0,46.0,-3,49.2,Finishing,54.0,1
M. Lowton,77,6500000.0,Backup,André Almeida,RB,M. Lowton,Burnley,6500000.0,46.0,-3,49.2,Finishing,52.0,1
André Almeida,80,12000000.0,Starter,André Almeida,RB,M. Lowton,Burnley,6500000.0,46.0,-3,49.2,ShortPassing,78.0,2
M. Lowton,77,6500000.0,Backup,André Almeida,RB,M. Lowton,Burnley,6500000.0,46.0,-3,49.2,ShortPassing,75.0,2
André Almeida,80,12000000.0,Starter,André Almeida,RB,M. Lowton,Burnley,6500000.0,46.0,-3,49.2,Dribbling,75.0,3
M. Lowton,77,6500000.0,Backup,André Almeida,RB,M. Lowton,Burnley,6500000.0,46.0,-3,49.2,Dribbling,75.0,3
André Almeida,80,12000000.0,Starter,André Almeida,RB,M. Lowton,Burnley,6500000.0,46.0,-3,49.2,StandingTackle,82.0,4
M. Lowton,77,6500000.0,Backup,André Almeida,RB,M. Lowton,Burnley,6500000.0,46.0,-3,49.2,StandingTackle,77.0,4
André Almeida,80,12000000.0,Starter,André Almeida,RB,M. Lowton,Burnley,6500000.0,46.0,-3,49.2,Strength,78.0,5
M. Lowton,77,6500000.0,Backup,André Almeida,RB,M. Lowton,Burnley,6500000.0,46.0,-3,49.2,Strength,73.0,5
André Almeida,80,12000000.0,Starter,André Almeida,RB,M. Lowton,Burnley,6500000.0,46.0,-3,49.2,SprintSpeed,66.0,6
M. Lowton,77,6500000.0,Backup,André Almeida,RB,M. Lowton,Burnley,6500000.0,46.0,-3,49.2,SprintSpeed,70.0,6
D. Didavi,80,15000000.0,Starter,D. Didavi,CAM,R. Álvarez,Club Atlas,6500000.0,57.0,-5,47.3,SprintSpeed,67.0,0
R. Álvarez,75,6500000.0,Backup,D. Didavi,CAM,R. Álvarez,Club Atlas,6500000.0,57.0,-5,47.3,SprintSpeed,59.0,0
D. Didavi,80,15000000.0,Starter,D. Didavi,CAM,R. Álvarez,Club Atlas,6500000.0,57.0,-5,47.3,Finishing,80.0,1
R. Álvarez,75,6500000.0,Backup,D. Didavi,CAM,R. Álvarez,Club Atlas,6500000.0,57.0,-5,47.3,Finishing,68.0,1
D. Didavi,80,15000000.0,Starter,D. Didavi,CAM,R. Álvarez,Club Atlas,6500000.0,57.0,-5,47.3,ShortPassing,80.0,2
R. Álvarez,75,6500000.0,Backup,D. Didavi,CAM,R. Álvarez,Club Atlas,6500000.0,57.0,-5,47.3,ShortPassing,76.0,2
D. Didavi,80,15000000.0,Starter,D. Didavi,CAM,R. Álvarez,Club Atlas,6500000.0,57.0,-5,47.3,Dribbling,81.0,3
R. Álvarez,75,6500000.0,Backup,D. Didavi,CAM,R. Álvarez,Club Atlas,6500000.0,57.0,-5,47.3,Dribbling,79.0,3
D. Didavi,80,15000000.0,Starter,D. Didavi,CAM,R. Álvarez,Club Atlas,6500000.0,57.0,-5,47.3,StandingTackle,59.0,4
R. Álvarez,75,6500000.0,Backup,D. Didavi,CAM,R. Álvarez,Club Atlas,6500000.0,57.0,-5,47.3,StandingTackle,58.0,4
D. Didavi,80,15000000.0,Starter,D. Didavi,CAM,R. Álvarez,Club Atlas,6500000.0,57.0,-5,47.3,Strength,76.0,5
R. Álvarez,75,6500000.0,Backup,D. Didavi,CAM,R. Álvarez,Club Atlas,6500000.0,57.0,-5,47.3,Strength,73.0,5
D. Didavi,80,15000000.0,Starter,D. Didavi,CAM,R. Álvarez,Club Atlas,6500000.0,57.0,-5,47.3,SprintSpeed,67.0,6
R. Álvarez,75,6500000.0,Backup,D. Didavi,CAM,R. Álvarez,Club Atlas,6500000.0,57.0,-5,47.3,SprintSpeed,59.0,6
R. Rodríguez,80,15500000.0,Starter,R. Rodríguez,LB,A. Büttner,Vitesse,3000000.0,81.0,-7,48.3,SprintSpeed,73.0,0
A. Büttner,73,3000000.0,Backup,R. Rodríguez,LB,A. Büttner,Vitesse,3000000.0,81.0,-7,48.3,SprintSpeed,77.0,0
R. Rodríguez,80,15500000.0,Starter,R. Rodríguez,LB,A. Büttner,Vitesse,3000000.0,81.0,-7,48.3,Finishing,59.0,1
A. Büttner,73,3000000.0,Backup,R. Rodríguez,LB,A. Büttner,Vitesse,3000000.0,81.0,-7,48.3,Finishing,58.0,1
R. Rodríguez,80,15500000.0,Starter,R. Rodríguez,LB,A. Büttner,Vitesse,3000000.0,81.0,-7,48.3,ShortPassing,78.0,2
A. Büttner,73,3000000.0,Backup,R. Rodríguez,LB,A. Büttner,Vitesse,3000000.0,81.0,-7,48.3,ShortPassing,71.0,2
R. Rodríguez,80,15500000.0,Starter,R. Rodríguez,LB,A. Büttner,Vitesse,3000000.0,81.0,-7,48.3,Dribbling,76.0,3
A. Büttner,73,3000000.0,Backup,R. Rodríguez,LB,A. Büttner,Vitesse,3000000.0,81.0,-7,48.3,Dribbling,73.0,3
R. Rodríguez,80,15500000.0,Starter,R. Rodríguez,LB,A. Büttner,Vitesse,3000000.0,81.0,-7,48.3,StandingTackle,78.0,4
A. Büttner,73,3000000.0,Backup,R. Rodríguez,LB,A. Büttner,Vitesse,3000000.0,81.0,-7,48.3,StandingTackle,73.0,4
R. Rodríguez,80,15500000.0,Starter,R. Rodríguez,LB,A. Büttner,Vitesse,3000000.0,81.0,-7,48.3,Strength,75.0,5
A. Büttner,73,3000000.0,Backup,R. Rodríguez,LB,A. Büttner,Vitesse,3000000.0,81.0,-7,48.3,Strength,68.0,5
R. Rodríguez,80,15500000.0,Starter,R. Rodríguez,LB,A. Büttner,Vitesse,3000000.0,81.0,-7,48.3,SprintSpeed,73.0,6
A. Büttner,73,3000000.0,Backup,R. Rodríguez,LB,A. Büttner,Vitesse,3000000.0,81.0,-7,48.3,SprintSpeed,77.0,6
R. Pereyra,80,15500000.0,Starter,R. Pereyra,LM,B. Bourigeaud,Stade Rennais FC,11500000.0,26.0,-3,56.1,SprintSpeed,76.0,0
B. Bourigeaud,77,11500000.0,Backup,R. Pereyra,LM,B. Bourigeaud,Stade Rennais FC,11500000.0,26.0,-3,56.1,SprintSpeed,70.0,0
R. Pereyra,80,15500000.0,Starter,R. Pereyra,LM,B. Bourigeaud,Stade Rennais FC,11500000.0,26.0,-3,56.1,Finishing,74.0,1
B. Bourigeaud,77,11500000.0,Backup,R. Pereyra,LM,B. Bourigeaud,Stade Rennais FC,11500000.0,26.0,-3,56.1,Finishing,70.0,1
R. Pereyra,80,15500000.0,Starter,R. Pereyra,LM,B. Bourigeaud,Stade Rennais FC,11500000.0,26.0,-3,56.1,ShortPassing,82.0,2
B. Bourigeaud,77,11500000.0,Backup,R. Pereyra,LM,B. Bourigeaud,Stade Rennais FC,11500000.0,26.0,-3,56.1,ShortPassing,79.0,2
R. Pereyra,80,15500000.0,Starter,R. Pereyra,LM,B. Bourigeaud,Stade Rennais FC,11500000.0,26.0,-3,56.1,Dribbling,84.0,3
B. Bourigeaud,77,11500000.0,Backup,R. Pereyra,LM,B. Bourigeaud,Stade Rennais FC,11500000.0,26.0,-3,56.1,Dribbling,75.0,3
R. Pereyra,80,15500000.0,Starter,R. Pereyra,LM,B. Bourigeaud,Stade Rennais FC,11500000.0,26.0,-3,56.1,StandingTackle,64.0,4
B. Bourigeaud,77,11500000.0,Backup,R. Pereyra,LM,B. Bourigeaud,Stade Rennais FC,11500000.0,26.0,-3,56.1,StandingTackle,68.0,4
R. Pereyra,80,15500000.0,Starter,R. Pereyra,LM,B. Bourigeaud,Stade Rennais FC,11500000.0,26.0,-3,56.1,Strength,63.0,5
B. Bourigeaud,77,11500000.0,Backup,R. Pereyra,LM,B. Bourigeaud,Stade Rennais FC,11500000.0,26.0,-3,56.1,Strength,65.0,5
R. Pereyra,80,15500000.0,Starter,R. Pereyra,LM,B. Bourigeaud,Stade Rennais FC,11500000.0,26.0,-3,56.1,SprintSpeed,76.0,6
B. Bourigeaud,77,11500000.0,Backup,R. Pereyra,LM,B. Bourigeaud,Stade Rennais FC,11500000.0,26.0,-3,56.1,SprintSpeed,70.0,6
Mario Gaspar,80,12000000.0,Starter,Mario Gaspar,RB,D. Basta,Lazio,3400000.0,72.0,-3,53.6,SprintSpeed,80.0,0
D. Basta,77,3400000.0,Backup,Mario Gaspar,RB,D. Basta,Lazio,3400000.0,72.0,-3,53.6,SprintSpeed,75.0,0
Mario Gaspar,80,12000000.0,Starter,Mario Gaspar,RB,D. Basta,Lazio,3400000.0,72.0,-3,53.6,Finishing,68.0,1
D. Basta,77,3400000.0,Backup,Mario Gaspar,RB,D. Basta,Lazio,3400000.0,72.0,-3,53.6,Finishing,58.0,1
Mario Gaspar,80,12000000.0,Starter,Mario Gaspar,RB,D. Basta,Lazio,3400000.0,72.0,-3,53.6,ShortPassing,77.0,2
D. Basta,77,3400000.0,Backup,Mario Gaspar,RB,D. Basta,Lazio,3400000.0,72.0,-3,53.6,ShortPassing,76.0,2
Mario Gaspar,80,12000000.0,Starter,Mario Gaspar,RB,D. Basta,Lazio,3400000.0,72.0,-3,53.6,Dribbling,73.0,3
D. Basta,77,3400000.0,Backup,Mario Gaspar,RB,D. Basta,Lazio,3400000.0,72.0,-3,53.6,Dribbling,74.0,3
Mario Gaspar,80,12000000.0,Starter,Mario Gaspar,RB,D. Basta,Lazio,3400000.0,72.0,-3,53.6,StandingTackle,81.0,4
D. Basta,77,3400000.0,Backup,Mario Gaspar,RB,D. Basta,Lazio,3400000.0,72.0,-3,53.6,StandingTackle,77.0,4
Mario Gaspar,80,12000000.0,Starter,Mario Gaspar,RB,D. Basta,Lazio,3400000.0,72.0,-3,53.6,Strength,79.0,5
D. Basta,77,3400000.0,Backup,Mario Gaspar,RB,D. Basta,Lazio,3400000.0,72.0,-3,53.6,Strength,72.0,5
Mario Gaspar,80,12000000.0,Starter,Mario Gaspar,RB,D. Basta,Lazio,3400000.0,72.0,-3,53.6,SprintSpeed,80.0,6
D. Basta,77,3400000.0,Backup,Mario Gaspar,RB,D. Basta,Lazio,3400000.0,72.0,-3,53.6,SprintSpeed,75.0,6
Maicon,80,11500000.0,Starter,Maicon,CB,E. Zukanović,Genoa,4500000.0,61.0,-5,33.1,SprintSpeed,60.0,0
E. Zukanović,75,4500000.0,Backup,Maicon,CB,E. Zukanović,Genoa,4500000.0,61.0,-5,33.1,SprintSpeed,54.0,0
Maicon,80,11500000.0,Starter,Maicon,CB,E. Zukanović,Genoa,4500000.0,61.0,-5,33.1,Finishing,40.0,1
E. Zukanović,75,4500000.0,Backup,Maicon,CB,E. Zukanović,Genoa,4500000.0,61.0,-5,33.1,Finishing,25.0,1
Maicon,80,11500000.0,Starter,Maicon,CB,E. Zukanović,Genoa,4500000.0,61.0,-5,33.1,ShortPassing,67.0,2
E. Zukanović,75,4500000.0,Backup,Maicon,CB,E. Zukanović,Genoa,4500000.0,61.0,-5,33.1,ShortPassing,66.0,2
Maicon,80,11500000.0,Starter,Maicon,CB,E. Zukanović,Genoa,4500000.0,61.0,-5,33.1,Dribbling,55.0,3
E. Zukanović,75,4500000.0,Backup,Maicon,CB,E. Zukanović,Genoa,4500000.0,61.0,-5,33.1,Dribbling,50.0,3
Maicon,80,11500000.0,Starter,Maicon,CB,E. Zukanović,Genoa,4500000.0,61.0,-5,33.1,StandingTackle,82.0,4
E. Zukanović,75,4500000.0,Backup,Maicon,CB,E. Zukanović,Genoa,4500000.0,61.0,-5,33.1,StandingTackle,77.0,4
Maicon,80,11500000.0,Starter,Maicon,CB,E. Zukanović,Genoa,4500000.0,61.0,-5,33.1,Strength,90.0,5
E. Zukanović,75,4500000.0,Backup,Maicon,CB,E. Zukanović,Genoa,4500000.0,61.0,-5,33.1,Strength,84.0,5
Maicon,80,11500000.0,Starter,Maicon,CB,E. Zukanović,Genoa,4500000.0,61.0,-5,33.1,SprintSpeed,60.0,6
E. Zukanović,75,4500000.0,Backup,Maicon,CB,E. Zukanović,Genoa,4500000.0,61.0,-5,33.1,SprintSpeed,54.0,6
D. Blind,80,12000000.0,Starter,D. Blind,LB,M. Pasqual,Empoli,650000.0,95.0,-6,40.0,SprintSpeed,53.0,0
M. Pasqual,74,650000.0,Backup,D. Blind,LB,M. Pasqual,Empoli,650000.0,95.0,-6,40.0,SprintSpeed,69.0,0
D. Blind,80,12000000.0,Starter,D. Blind,LB,M. Pasqual,Empoli,650000.0,95.0,-6,40.0,Finishing,46.0,1
M. Pasqual,74,650000.0,Backup,D. Blind,LB,M. Pasqual,Empoli,650000.0,95.0,-6,40.0,Finishing,46.0,1
D. Blind,80,12000000.0,Starter,D. Blind,LB,M. Pasqual,Empoli,650000.0,95.0,-6,40.0,ShortPassing,83.0,2
M. Pasqual,74,650000.0,Backup,D. Blind,LB,M. Pasqual,Empoli,650000.0,95.0,-6,40.0,ShortPassing,78.0,2
D. Blind,80,12000000.0,Starter,D. Blind,LB,M. Pasqual,Empoli,650000.0,95.0,-6,40.0,Dribbling,73.0,3
M. Pasqual,74,650000.0,Backup,D. Blind,LB,M. Pasqual,Empoli,650000.0,95.0,-6,40.0,Dribbling,72.0,3
D. Blind,80,12000000.0,Starter,D. Blind,LB,M. Pasqual,Empoli,650000.0,95.0,-6,40.0,StandingTackle,81.0,4
M. Pasqual,74,650000.0,Backup,D. Blind,LB,M. Pasqual,Empoli,650000.0,95.0,-6,40.0,StandingTackle,73.0,4
D. Blind,80,12000000.0,Starter,D. Blind,LB,M. Pasqual,Empoli,650000.0,95.0,-6,40.0,Strength,74.0,5
M. Pasqual,74,650000.0,Backup,D. Blind,LB,M. Pasqual,Empoli,650000.0,95.0,-6,40.0,Strength,66.0,5
D. Blind,80,12000000.0,Starter,D. Blind,LB,M. Pasqual,Empoli,650000.0,95.0,-6,40.0,SprintSpeed,53.0,6
M. Pasqual,74,650000.0,Backup,D. Blind,LB,M. Pasqual,Empoli,650000.0,95.0,-6,40.0,SprintSpeed,69.0,6
J. Zoet,80,12500000.0,Starter,J. Zoet,GK,L. Sepe,Parma,5500000.0,56.0,-5,49.5,SprintSpeed,45.0,0
L. Sepe,75,5500000.0,Backup,J. Zoet,GK,L. Sepe,Parma,5500000.0,56.0,-5,49.5,SprintSpeed,46.0,0
J. Zoet,80,12500000.0,Starter,J. Zoet,GK,L. Sepe,Parma,5500000.0,56.0,-5,49.5,Finishing,12.0,1
L. Sepe,75,5500000.0,Backup,J. Zoet,GK,L. Sepe,Parma,5500000.0,56.0,-5,49.5,Finishing,14.0,1
J. Zoet,80,12500000.0,Starter,J. Zoet,GK,L. Sepe,Parma,5500000.0,56.0,-5,49.5,ShortPassing,37.0,2
L. Sepe,75,5500000.0,Backup,J. Zoet,GK,L. Sepe,Parma,5500000.0,56.0,-5,49.5,ShortPassing,32.0,2
J. Zoet,80,12500000.0,Starter,J. Zoet,GK,L. Sepe,Parma,5500000.0,56.0,-5,49.5,Dribbling,15.0,3
L. Sepe,75,5500000.0,Backup,J. Zoet,GK,L. Sepe,Parma,5500000.0,56.0,-5,49.5,Dribbling,14.0,3
J. Zoet,80,12500000.0,Starter,J. Zoet,GK,L. Sepe,Parma,5500000.0,56.0,-5,49.5,StandingTackle,18.0,4
L. Sepe,75,5500000.0,Backup,J. Zoet,GK,L. Sepe,Parma,5500000.0,56.0,-5,49.5,StandingTackle,19.0,4
J. Zoet,80,12500000.0,Starter,J. Zoet,GK,L. Sepe,Parma,5500000.0,56.0,-5,49.5,Strength,65.0,5
L. Sepe,75,5500000.0,Backup,J. Zoet,GK,L. Sepe,Parma,5500000.0,56.0,-5,49.5,Strength,68.0,5
J. Zoet,80,12500000.0,Starter,J. Zoet,GK,L. Sepe,Parma,5500000.0,56.0,-5,49.5,SprintSpeed,45.0,6
L. Sepe,75,5500000.0,Backup,J. Zoet,GK,L. Sepe,Parma,5500000.0,56.0,-5,49.5,SprintSpeed,46.0,6
A. Ljajić,80,17500000.0,Starter,A. Ljajić,CAM,Z. Labyad,Ajax,9500000.0,46.0,-4,60.3,SprintSpeed,76.0,0
Z. Labyad,76,9500000.0,Backup,A. Ljajić,CAM,Z. Labyad,Ajax,9500000.0,46.0,-4,60.3,SprintSpeed,74.0,0
A. Ljajić,80,17500000.0,Starter,A. Ljajić,CAM,Z. Labyad,Ajax,9500000.0,46.0,-4,60.3,Finishing,69.0,1
Z. Labyad,76,9500000.0,Backup,A. Ljajić,CAM,Z. Labyad,Ajax,9500000.0,46.0,-4,60.3,Finishing,70.0,1
A. Ljajić,80,17500000.0,Starter,A. Ljajić,CAM,Z. Labyad,Ajax,9500000.0,46.0,-4,60.3,ShortPassing,78.0,2
Z. Labyad,76,9500000.0,Backup,A. Ljajić,CAM,Z. Labyad,Ajax,9500000.0,46.0,-4,60.3,ShortPassing,72.0,2
A. Ljajić,80,17500000.0,Starter,A. Ljajić,CAM,Z. Labyad,Ajax,9500000.0,46.0,-4,60.3,Dribbling,87.0,3
Z. Labyad,76,9500000.0,Backup,A. Ljajić,CAM,Z. Labyad,Ajax,9500000.0,46.0,-4,60.3,Dribbling,79.0,3
A. Ljajić,80,17500000.0,Starter,A. Ljajić,CAM,Z. Labyad,Ajax,9500000.0,46.0,-4,60.3,StandingTackle,35.0,4
Z. Labyad,76,9500000.0,Backup,A. Ljajić,CAM,Z. Labyad,Ajax,9500000.0,46.0,-4,60.3,StandingTackle,36.0,4
A. Ljajić,80,17500000.0,Starter,A. Ljajić,CAM,Z. Labyad,Ajax,9500000.0,46.0,-4,60.3,Strength,58.0,5
Z. Labyad,76,9500000.0,Backup,A. Ljajić,CAM,Z. Labyad,Ajax,9500000.0,46.0,-4,60.3,Strength,61.0,5
A. Ljajić,80,17500000.0,Starter,A. Ljajić,CAM,Z. Labyad,Ajax,9500000.0,46.0,-4,60.3,SprintSpeed,76.0,6
Z. Labyad,76,9500000.0,Backup,A. Ljajić,CAM,Z. Labyad,Ajax,9500000.0,46.0,-4,60.3,SprintSpeed,74.0,6
Canales,80,15500000.0,Starter,Canales,RCM,J. Valdés,Colo-Colo,1300000.0,92.0,-7,21.7,SprintSpeed,62.0,0
J. Valdés,73,1300000.0,Backup,Canales,RCM,J. Valdés,Colo-Colo,1300000.0,92.0,-7,21.7,SprintSpeed,65.0,0
Canales,80,15500000.0,Starter,Canales,RCM,J. Valdés,Colo-Colo,1300000.0,92.0,-7,21.7,Finishing,77.0,1
J. Valdés,73,1300000.0,Backup,Canales,RCM,J. Valdés,Colo-Colo,1300000.0,92.0,-7,21.7,Finishing,65.0,1
Canales,80,15500000.0,Starter,Canales,RCM,J. Valdés,Colo-Colo,1300000.0,92.0,-7,21.7,ShortPassing,84.0,2
J. Valdés,73,1300000.0,Backup,Canales,RCM,J. Valdés,Colo-Colo,1300000.0,92.0,-7,21.7,ShortPassing,79.0,2
Canales,80,15500000.0,Starter,Canales,RCM,J. Valdés,Colo-Colo,1300000.0,92.0,-7,21.7,Dribbling,81.0,3
J. Valdés,73,1300000.0,Backup,Canales,RCM,J. Valdés,Colo-Colo,1300000.0,92.0,-7,21.7,Dribbling,74.0,3
Canales,80,15500000.0,Starter,Canales,RCM,J. Valdés,Colo-Colo,1300000.0,92.0,-7,21.7,StandingTackle,23.0,4
J. Valdés,73,1300000.0,Backup,Canales,RCM,J. Valdés,Colo-Colo,1300000.0,92.0,-7,21.7,StandingTackle,56.0,4
Canales,80,15500000.0,Starter,Canales,RCM,J. Valdés,Colo-Colo,1300000.0,92.0,-7,21.7,Strength,56.0,5
J. Valdés,73,1300000.0,Backup,Canales,RCM,J. Valdés,Colo-Colo,1300000.0,92.0,-7,21.7,Strength,61.0,5
Canales,80,15500000.0,Starter,Canales,RCM,J. Valdés,Colo-Colo,1300000.0,92.0,-7,21.7,SprintSpeed,62.0,6
J. Valdés,73,1300000.0,Backup,Canales,RCM,J. Valdés,Colo-Colo,1300000.0,92.0,-7,21.7,SprintSpeed,65.0,6
Iago Falqué,80,15000000.0,Starter,Iago Falqué,RW,A. Ciciretti,Parma,7500000.0,50.0,-6,36.6,SprintSpeed,76.0,0
A. Ciciretti,74,7500000.0,Backup,Iago Falqué,RW,A. Ciciretti,Parma,7500000.0,50.0,-6,36.6,SprintSpeed,79.0,0
Iago Falqué,80,15000000.0,Starter,Iago Falqué,RW,A. Ciciretti,Parma,7500000.0,50.0,-6,36.6,Finishing,75.0,1
A. Ciciretti,74,7500000.0,Backup,Iago Falqué,RW,A. Ciciretti,Parma,7500000.0,50.0,-6,36.6,Finishing,67.0,1
Iago Falqué,80,15000000.0,Starter,Iago Falqué,RW,A. Ciciretti,Parma,7500000.0,50.0,-6,36.6,ShortPassing,82.0,2
A. Ciciretti,74,7500000.0,Backup,Iago Falqué,RW,A. Ciciretti,Parma,7500000.0,50.0,-6,36.6,ShortPassing,80.0,2
Iago Falqué,80,15000000.0,Starter,Iago Falqué,RW,A. Ciciretti,Parma,7500000.0,50.0,-6,36.6,Dribbling,84.0,3
A. Ciciretti,74,7500000.0,Backup,Iago Falqué,RW,A. Ciciretti,Parma,7500000.0,50.0,-6,36.6,Dribbling,75.0,3
Iago Falqué,80,15000000.0,Starter,Iago Falqué,RW,A. Ciciretti,Parma,7500000.0,50.0,-6,36.6,StandingTackle,36.0,4
A. Ciciretti,74,7500000.0,Backup,Iago Falqué,RW,A. Ciciretti,Parma,7500000.0,50.0,-6,36.6,StandingTackle,26.0,4
Iago Falqué,80,15000000.0,Starter,Iago Falqué,RW,A. Ciciretti,Parma,7500000.0,50.0,-6,36.6,Strength,53.0,5
A. Ciciretti,74,7500000.0,Backup,Iago Falqué,RW,A. Ciciretti,Parma,7500000.0,50.0,-6,36.6,Strength,42.0,5
Iago Falqué,80,15000000.0,Starter,Iago Falqué,RW,A. Ciciretti,Parma,7500000.0,50.0,-6,36.6,SprintSpeed,76.0,6
A. Ciciretti,74,7500000.0,Backup,Iago Falqué,RW,A. Ciciretti,Parma,7500000.0,50.0,-6,36.6,SprintSpeed,79.0,6
L. de Jong,80,16000000.0,Starter,L. de Jong,ST,M. Boselli,Club León,4800000.0,70.0,-4,31.9,SprintSpeed,57.0,0
M. Boselli,76,4800000.0,Backup,L. de Jong,ST,M. Boselli,Club León,4800000.0,70.0,-4,31.9,SprintSpeed,55.0,0
L. de Jong,80,16000000.0,Starter,L. de Jong,ST,M. Boselli,Club León,4800000.0,70.0,-4,31.9,Finishing,79.0,1
M. Boselli,76,4800000.0,Backup,L. de Jong,ST,M. Boselli,Club León,4800000.0,70.0,-4,31.9,Finishing,83.0,1
L. de Jong,80,16000000.0,Starter,L. de Jong,ST,M. Boselli,Club León,4800000.0,70.0,-4,31.9,ShortPassing,76.0,2
M. Boselli,76,4800000.0,Backup,L. de Jong,ST,M. Boselli,Club León,4800000.0,70.0,-4,31.9,ShortPassing,70.0,2
L. de Jong,80,16000000.0,Starter,L. de Jong,ST,M. Boselli,Club León,4800000.0,70.0,-4,31.9,Dribbling,66.0,3
M. Boselli,76,4800000.0,Backup,L. de Jong,ST,M. Boselli,Club León,4800000.0,70.0,-4,31.9,Dribbling,69.0,3
L. de Jong,80,16000000.0,Starter,L. de Jong,ST,M. Boselli,Club León,4800000.0,70.0,-4,31.9,StandingTackle,43.0,4
M. Boselli,76,4800000.0,Backup,L. de Jong,ST,M. Boselli,Club León,4800000.0,70.0,-4,31.9,StandingTackle,35.0,4
L. de Jong,80,16000000.0,Starter,L. de Jong,ST,M. Boselli,Club León,4800000.0,70.0,-4,31.9,Strength,84.0,5
M. Boselli,76,4800000.0,Backup,L. de Jong,ST,M. Boselli,Club León,4800000.0,70.0,-4,31.9,Strength,81.0,5
L. de Jong,80,16000000.0,Starter,L. de Jong,ST,M. Boselli,Club León,4800000.0,70.0,-4,31.9,SprintSpeed,57.0,6
M. Boselli,76,4800000.0,Backup,L. de Jong,ST,M. Boselli,Club León,4800000.0,70.0,-4,31.9,SprintSpeed,55.0,6
Guaita,80,9000000.0,Starter,Guaita,GK,Jaume,Valencia CF,6000000.0,33.0,-4,57.7,SprintSpeed,52.0,0
Jaume,76,6000000.0,Backup,Guaita,GK,Jaume,Valencia CF,6000000.0,33.0,-4,57.7,SprintSpeed,58.0,0
Guaita,80,9000000.0,Starter,Guaita,GK,Jaume,Valencia CF,6000000.0,33.0,-4,57.7,Finishing,11.0,1
Jaume,76,6000000.0,Backup,Guaita,GK,Jaume,Valencia CF,6000000.0,33.0,-4,57.7,Finishing,11.0,1
Guaita,80,9000000.0,Starter,Guaita,GK,Jaume,Valencia CF,6000000.0,33.0,-4,57.7,ShortPassing,39.0,2
Jaume,76,6000000.0,Backup,Guaita,GK,Jaume,Valencia CF,6000000.0,33.0,-4,57.7,ShortPassing,32.0,2
Guaita,80,9000000.0,Starter,Guaita,GK,Jaume,Valencia CF,6000000.0,33.0,-4,57.7,Dribbling,16.0,3
Jaume,76,6000000.0,Backup,Guaita,GK,Jaume,Valencia CF,6000000.0,33.0,-4,57.7,Dribbling,13.0,3
Guaita,80,9000000.0,Starter,Guaita,GK,Jaume,Valencia CF,6000000.0,33.0,-4,57.7,StandingTackle,15.0,4
Jaume,76,6000000.0,Backup,Guaita,GK,Jaume,Valencia CF,6000000.0,33.0,-4,57.7,StandingTackle,12.0,4
Guaita,80,9000000.0,Starter,Guaita,GK,Jaume,Valencia CF,6000000.0,33.0,-4,57.7,Strength,62.0,5
Jaume,76,6000000.0,Backup,Guaita,GK,Jaume,Valencia CF,6000000.0,33.0,-4,57.7,Strength,68.0,5
Guaita,80,9000000.0,Starter,Guaita,GK,Jaume,Valencia CF,6000000.0,33.0,-4,57.7,SprintSpeed,52.0,6
Jaume,76,6000000.0,Backup,Guaita,GK,Jaume,Valencia CF,6000000.0,33.0,-4,57.7,SprintSpeed,58.0,6
Muniain,80,18500000.0,Starter,Muniain,CAM,L. Acosta,DC United,11000000.0,41.0,-3,40.4,SprintSpeed,75.0,0
L. Acosta,77,11000000.0,Backup,Muniain,CAM,L. Acosta,DC United,11000000.0,41.0,-3,40.4,SprintSpeed,78.0,0
Muniain,80,18500000.0,Starter,Muniain,CAM,L. Acosta,DC United,11000000.0,41.0,-3,40.4,Finishing,76.0,1
L. Acosta,77,11000000.0,Backup,Muniain,CAM,L. Acosta,DC United,11000000.0,41.0,-3,40.4,Finishing,67.0,1
Muniain,80,18500000.0,Starter,Muniain,CAM,L. Acosta,DC United,11000000.0,41.0,-3,40.4,ShortPassing,80.0,2
L. Acosta,77,11000000.0,Backup,Muniain,CAM,L. Acosta,DC United,11000000.0,41.0,-3,40.4,ShortPassing,75.0,2
Muniain,80,18500000.0,Starter,Muniain,CAM,L. Acosta,DC United,11000000.0,41.0,-3,40.4,Dribbling,86.0,3
L. Acosta,77,11000000.0,Backup,Muniain,CAM,L. Acosta,DC United,11000000.0,41.0,-3,40.4,Dribbling,83.0,3
Muniain,80,18500000.0,Starter,Muniain,CAM,L. Acosta,DC United,11000000.0,41.0,-3,40.4,StandingTackle,55.0,4
L. Acosta,77,11000000.0,Backup,Muniain,CAM,L. Acosta,DC United,11000000.0,41.0,-3,40.4,StandingTackle,47.0,4
Muniain,80,18500000.0,Starter,Muniain,CAM,L. Acosta,DC United,11000000.0,41.0,-3,40.4,Strength,46.0,5
L. Acosta,77,11000000.0,Backup,Muniain,CAM,L. Acosta,DC United,11000000.0,41.0,-3,40.4,Strength,49.0,5
Muniain,80,18500000.0,Starter,Muniain,CAM,L. Acosta,DC United,11000000.0,41.0,-3,40.4,SprintSpeed,75.0,6
L. Acosta,77,11000000.0,Backup,Muniain,CAM,L. Acosta,DC United,11000000.0,41.0,-3,40.4,SprintSpeed,78.0,6
Susaeta,80,14000000.0,Starter,Susaeta,RW,B. Dzsudzsák,Free Agent,0.0,100.0,-4,32.5,SprintSpeed,71.0,0
B. Dzsudzsák,76,0.0,Backup,Susaeta,RW,B. Dzsudzsák,Free Agent,0.0,100.0,-4,32.5,SprintSpeed,74.0,0
Susaeta,80,14000000.0,Starter,Susaeta,RW,B. Dzsudzsák,Free Agent,0.0,100.0,-4,32.5,Finishing,69.0,1
B. Dzsudzsák,76,0.0,Backup,Susaeta,RW,B. Dzsudzsák,Free Agent,0.0,100.0,-4,32.5,Finishing,72.0,1
Susaeta,80,14000000.0,Starter,Susaeta,RW,B. Dzsudzsák,Free Agent,0.0,100.0,-4,32.5,ShortPassing,82.0,2
B. Dzsudzsák,76,0.0,Backup,Susaeta,RW,B. Dzsudzsák,Free Agent,0.0,100.0,-4,32.5,ShortPassing,73.0,2
Susaeta,80,14000000.0,Starter,Susaeta,RW,B. Dzsudzsák,Free Agent,0.0,100.0,-4,32.5,Dribbling,85.0,3
B. Dzsudzsák,76,0.0,Backup,Susaeta,RW,B. Dzsudzsák,Free Agent,0.0,100.0,-4,32.5,Dribbling,76.0,3
Susaeta,80,14000000.0,Starter,Susaeta,RW,B. Dzsudzsák,Free Agent,0.0,100.0,-4,32.5,StandingTackle,23.0,4
B. Dzsudzsák,76,0.0,Backup,Susaeta,RW,B. Dzsudzsák,Free Agent,0.0,100.0,-4,32.5,StandingTackle,21.0,4
Susaeta,80,14000000.0,Starter,Susaeta,RW,B. Dzsudzsák,Free Agent,0.0,100.0,-4,32.5,Strength,58.0,5
B. Dzsudzsák,76,0.0,Backup,Susaeta,RW,B. Dzsudzsák,Free Agent,0.0,100.0,-4,32.5,Strength,61.0,5
Susaeta,80,14000000.0,Starter,Susaeta,RW,B. Dzsudzsák,Free Agent,0.0,100.0,-4,32.5,SprintSpeed,71.0,6
B. Dzsudzsák,76,0.0,Backup,Susaeta,RW,B. Dzsudzsák,Free Agent,0.0,100.0,-4,32.5,SprintSpeed,74.0,6
S. Rudy,80,12000000.0,Starter,S. Rudy,CDM,T. Arslan,Beşiktaş JK,6500000.0,46.0,-5,42.8,SprintSpeed,65.0,0
T. Arslan,75,6500000.0,Backup,S. Rudy,CDM,T. Arslan,Beşiktaş JK,6500000.0,46.0,-5,42.8,SprintSpeed,72.0,0
S. Rudy,80,12000000.0,Starter,S. Rudy,CDM,T. Arslan,Beşiktaş JK,6500000.0,46.0,-5,42.8,Finishing,63.0,1
T. Arslan,75,6500000.0,Backup,S. Rudy,CDM,T. Arslan,Beşiktaş JK,6500000.0,46.0,-5,42.8,Finishing,64.0,1
S. Rudy,80,12000000.0,Starter,S. Rudy,CDM,T. Arslan,Beşiktaş JK,6500000.0,46.0,-5,42.8,ShortPassing,82.0,2
T. Arslan,75,6500000.0,Backup,S. Rudy,CDM,T. Arslan,Beşiktaş JK,6500000.0,46.0,-5,42.8,ShortPassing,80.0,2
S. Rudy,80,12000000.0,Starter,S. Rudy,CDM,T. Arslan,Beşiktaş JK,6500000.0,46.0,-5,42.8,Dribbling,78.0,3
T. Arslan,75,6500000.0,Backup,S. Rudy,CDM,T. Arslan,Beşiktaş JK,6500000.0,46.0,-5,42.8,Dribbling,79.0,3
S. Rudy,80,12000000.0,Starter,S. Rudy,CDM,T. Arslan,Beşiktaş JK,6500000.0,46.0,-5,42.8,StandingTackle,76.0,4
T. Arslan,75,6500000.0,Backup,S. Rudy,CDM,T. Arslan,Beşiktaş JK,6500000.0,46.0,-5,42.8,StandingTackle,74.0,4
S. Rudy,80,12000000.0,Starter,S. Rudy,CDM,T. Arslan,Beşiktaş JK,6500000.0,46.0,-5,42.8,Strength,66.0,5
T. Arslan,75,6500000.0,Backup,S. Rudy,CDM,T. Arslan,Beşiktaş JK,6500000.0,46.0,-5,42.8,Strength,65.0,5
S. Rudy,80,12000000.0,Starter,S. Rudy,CDM,T. Arslan,Beşiktaş JK,6500000.0,46.0,-5,42.8,SprintSpeed,65.0,6
T. Arslan,75,6500000.0,Backup,S. Rudy,CDM,T. Arslan,Beşiktaş JK,6500000.0,46.0,-5,42.8,SprintSpeed,72.0,6
K. Trapp,80,11500000.0,Starter,K. Trapp,GK,M. Andújar,Estudiantes de La Plata,2300000.0,80.0,-6,59.0,SprintSpeed,52.0,0
M. Andújar,74,2300000.0,Backup,K. Trapp,GK,M. Andújar,Estudiantes de La Plata,2300000.0,80.0,-6,59.0,SprintSpeed,45.0,0
K. Trapp,80,11500000.0,Starter,K. Trapp,GK,M. Andújar,Estudiantes de La Plata,2300000.0,80.0,-6,59.0,Finishing,13.0,1
M. Andújar,74,2300000.0,Backup,K. Trapp,GK,M. Andújar,Estudiantes de La Plata,2300000.0,80.0,-6,59.0,Finishing,11.0,1
K. Trapp,80,11500000.0,Starter,K. Trapp,GK,M. Andújar,Estudiantes de La Plata,2300000.0,80.0,-6,59.0,ShortPassing,25.0,2
M. Andújar,74,2300000.0,Backup,K. Trapp,GK,M. Andújar,Estudiantes de La Plata,2300000.0,80.0,-6,59.0,ShortPassing,23.0,2
K. Trapp,80,11500000.0,Starter,K. Trapp,GK,M. Andújar,Estudiantes de La Plata,2300000.0,80.0,-6,59.0,Dribbling,10.0,3
M. Andújar,74,2300000.0,Backup,K. Trapp,GK,M. Andújar,Estudiantes de La Plata,2300000.0,80.0,-6,59.0,Dribbling,16.0,3
K. Trapp,80,11500000.0,Starter,K. Trapp,GK,M. Andújar,Estudiantes de La Plata,2300000.0,80.0,-6,59.0,StandingTackle,14.0,4
M. Andújar,74,2300000.0,Backup,K. Trapp,GK,M. Andújar,Estudiantes de La Plata,2300000.0,80.0,-6,59.0,StandingTackle,18.0,4
K. Trapp,80,11500000.0,Starter,K. Trapp,GK,M. Andújar,Estudiantes de La Plata,2300000.0,80.0,-6,59.0,Strength,73.0,5
M. Andújar,74,2300000.0,Backup,K. Trapp,GK,M. Andújar,Estudiantes de La Plata,2300000.0,80.0,-6,59.0,Strength,70.0,5
K. Trapp,80,11500000.0,Starter,K. Trapp,GK,M. Andújar,Estudiantes de La Plata,2300000.0,80.0,-6,59.0,SprintSpeed,52.0,6
M. Andújar,74,2300000.0,Backup,K. Trapp,GK,M. Andújar,Estudiantes de La Plata,2300000.0,80.0,-6,59.0,SprintSpeed,45.0,6
V. Wanyama,80,14500000.0,Starter,V. Wanyama,CDM,M. Schneiderlin,Everton,10000000.0,31.0,-1,53.7,SprintSpeed,61.0,0
M. Schneiderlin,79,10000000.0,Backup,V. Wanyama,CDM,M. Schneiderlin,Everton,10000000.0,31.0,-1,53.7,SprintSpeed,58.0,0
V. Wanyama,80,14500000.0,Starter,V. Wanyama,CDM,M. Schneiderlin,Everton,10000000.0,31.0,-1,53.7,Finishing,61.0,1
M. Schneiderlin,79,10000000.0,Backup,V. Wanyama,CDM,M. Schneiderlin,Everton,10000000.0,31.0,-1,53.7,Finishing,58.0,1
V. Wanyama,80,14500000.0,Starter,V. Wanyama,CDM,M. Schneiderlin,Everton,10000000.0,31.0,-1,53.7,ShortPassing,77.0,2
M. Schneiderlin,79,10000000.0,Backup,V. Wanyama,CDM,M. Schneiderlin,Everton,10000000.0,31.0,-1,53.7,ShortPassing,78.0,2
V. Wanyama,80,14500000.0,Starter,V. Wanyama,CDM,M. Schneiderlin,Everton,10000000.0,31.0,-1,53.7,Dribbling,68.0,3
M. Schneiderlin,79,10000000.0,Backup,V. Wanyama,CDM,M. Schneiderlin,Everton,10000000.0,31.0,-1,53.7,Dribbling,68.0,3
V. Wanyama,80,14500000.0,Starter,V. Wanyama,CDM,M. Schneiderlin,Everton,10000000.0,31.0,-1,53.7,StandingTackle,85.0,4
M. Schneiderlin,79,10000000.0,Backup,V. Wanyama,CDM,M. Schneiderlin,Everton,10000000.0,31.0,-1,53.7,StandingTackle,78.0,4
V. Wanyama,80,14500000.0,Starter,V. Wanyama,CDM,M. Schneiderlin,Everton,10000000.0,31.0,-1,53.7,Strength,92.0,5
M. Schneiderlin,79,10000000.0,Backup,V. Wanyama,CDM,M. Schneiderlin,Everton,10000000.0,31.0,-1,53.7,Strength,75.0,5
V. Wanyama,80,14500000.0,Starter,V. Wanyama,CDM,M. Schneiderlin,Everton,10000000.0,31.0,-1,53.7,SprintSpeed,61.0,6
M. Schneiderlin,79,10000000.0,Backup,V. Wanyama,CDM,M. Schneiderlin,Everton,10000000.0,31.0,-1,53.7,SprintSpeed,58.0,6
N. Nkoulou,80,12000000.0,Starter,N. Nkoulou,CB,L. Martínez Quarta,River Plate,5500000.0,54.0,-7,39.0,SprintSpeed,72.0,0
L. Martínez Quarta,73,5500000.0,Backup,N. Nkoulou,CB,L. Martínez Quarta,River Plate,5500000.0,54.0,-7,39.0,SprintSpeed,74.0,0
N. Nkoulou,80,12000000.0,Starter,N. Nkoulou,CB,L. Martínez Quarta,River Plate,5500000.0,54.0,-7,39.0,Finishing,33.0,1
L. Martínez Quarta,73,5500000.0,Backup,N. Nkoulou,CB,L. Martínez Quarta,River Plate,5500000.0,54.0,-7,39.0,Finishing,49.0,1
N. Nkoulou,80,12000000.0,Starter,N. Nkoulou,CB,L. Martínez Quarta,River Plate,5500000.0,54.0,-7,39.0,ShortPassing,75.0,2
L. Martínez Quarta,73,5500000.0,Backup,N. Nkoulou,CB,L. Martínez Quarta,River Plate,5500000.0,54.0,-7,39.0,ShortPassing,70.0,2
N. Nkoulou,80,12000000.0,Starter,N. Nkoulou,CB,L. Martínez Quarta,River Plate,5500000.0,54.0,-7,39.0,Dribbling,68.0,3
L. Martínez Quarta,73,5500000.0,Backup,N. Nkoulou,CB,L. Martínez Quarta,River Plate,5500000.0,54.0,-7,39.0,Dribbling,65.0,3
N. Nkoulou,80,12000000.0,Starter,N. Nkoulou,CB,L. Martínez Quarta,River Plate,5500000.0,54.0,-7,39.0,StandingTackle,82.0,4
L. Martínez Quarta,73,5500000.0,Backup,N. Nkoulou,CB,L. Martínez Quarta,River Plate,5500000.0,54.0,-7,39.0,StandingTackle,71.0,4
N. Nkoulou,80,12000000.0,Starter,N. Nkoulou,CB,L. Martínez Quarta,River Plate,5500000.0,54.0,-7,39.0,Strength,74.0,5
L. Martínez Quarta,73,5500000.0,Backup,N. Nkoulou,CB,L. Martínez Quarta,River Plate,5500000.0,54.0,-7,39.0,Strength,73.0,5
N. Nkoulou,80,12000000.0,Starter,N. Nkoulou,CB,L. Martínez Quarta,River Plate,5500000.0,54.0,-7,39.0,SprintSpeed,72.0,6
L. Martínez Quarta,73,5500000.0,Backup,N. Nkoulou,CB,L. Martínez Quarta,River Plate,5500000.0,54.0,-7,39.0,SprintSpeed,74.0,6
R. Boudebouz,80,15000000.0,Starter,R. Boudebouz,CAM,K. Fortounis,Olympiacos CFP,11000000.0,27.0,-3,55.1,SprintSpeed,73.0,0
K. Fortounis,77,11000000.0,Backup,R. Boudebouz,CAM,K. Fortounis,Olympiacos CFP,11000000.0,27.0,-3,55.1,SprintSpeed,77.0,0
R. Boudebouz,80,15000000.0,Starter,R. Boudebouz,CAM,K. Fortounis,Olympiacos CFP,11000000.0,27.0,-3,55.1,Finishing,77.0,1
K. Fortounis,77,11000000.0,Backup,R. Boudebouz,CAM,K. Fortounis,Olympiacos CFP,11000000.0,27.0,-3,55.1,Finishing,72.0,1
R. Boudebouz,80,15000000.0,Starter,R. Boudebouz,CAM,K. Fortounis,Olympiacos CFP,11000000.0,27.0,-3,55.1,ShortPassing,81.0,2
K. Fortounis,77,11000000.0,Backup,R. Boudebouz,CAM,K. Fortounis,Olympiacos CFP,11000000.0,27.0,-3,55.1,ShortPassing,77.0,2
R. Boudebouz,80,15000000.0,Starter,R. Boudebouz,CAM,K. Fortounis,Olympiacos CFP,11000000.0,27.0,-3,55.1,Dribbling,81.0,3
K. Fortounis,77,11000000.0,Backup,R. Boudebouz,CAM,K. Fortounis,Olympiacos CFP,11000000.0,27.0,-3,55.1,Dribbling,81.0,3
R. Boudebouz,80,15000000.0,Starter,R. Boudebouz,CAM,K. Fortounis,Olympiacos CFP,11000000.0,27.0,-3,55.1,StandingTackle,35.0,4
K. Fortounis,77,11000000.0,Backup,R. Boudebouz,CAM,K. Fortounis,Olympiacos CFP,11000000.0,27.0,-3,55.1,StandingTackle,35.0,4
R. Boudebouz,80,15000000.0,Starter,R. Boudebouz,CAM,K. Fortounis,Olympiacos CFP,11000000.0,27.0,-3,55.1,Strength,61.0,5
K. Fortounis,77,11000000.0,Backup,R. Boudebouz,CAM,K. Fortounis,Olympiacos CFP,11000000.0,27.0,-3,55.1,Strength,66.0,5
R. Boudebouz,80,15000000.0,Starter,R. Boudebouz,CAM,K. Fortounis,Olympiacos CFP,11000000.0,27.0,-3,55.1,SprintSpeed,73.0,6
K. Fortounis,77,11000000.0,Backup,R. Boudebouz,CAM,K. Fortounis,Olympiacos CFP,11000000.0,27.0,-3,55.1,SprintSpeed,77.0,6
Camacho,80,13500000.0,Starter,Camacho,CDM,M. Schneiderlin,Everton,10000000.0,26.0,-1,49.4,SprintSpeed,55.0,0
M. Schneiderlin,79,10000000.0,Backup,Camacho,CDM,M. Schneiderlin,Everton,10000000.0,26.0,-1,49.4,SprintSpeed,58.0,0
Camacho,80,13500000.0,Starter,Camacho,CDM,M. Schneiderlin,Everton,10000000.0,26.0,-1,49.4,Finishing,58.0,1
M. Schneiderlin,79,10000000.0,Backup,Camacho,CDM,M. Schneiderlin,Everton,10000000.0,26.0,-1,49.4,Finishing,58.0,1
Camacho,80,13500000.0,Starter,Camacho,CDM,M. Schneiderlin,Everton,10000000.0,26.0,-1,49.4,ShortPassing,80.0,2
M. Schneiderlin,79,10000000.0,Backup,Camacho,CDM,M. Schneiderlin,Everton,10000000.0,26.0,-1,49.4,ShortPassing,78.0,2
Camacho,80,13500000.0,Starter,Camacho,CDM,M. Schneiderlin,Everton,10000000.0,26.0,-1,49.4,Dribbling,64.0,3
M. Schneiderlin,79,10000000.0,Backup,Camacho,CDM,M. Schneiderlin,Everton,10000000.0,26.0,-1,49.4,Dribbling,68.0,3
Camacho,80,13500000.0,Starter,Camacho,CDM,M. Schneiderlin,Everton,10000000.0,26.0,-1,49.4,StandingTackle,81.0,4
M. Schneiderlin,79,10000000.0,Backup,Camacho,CDM,M. Schneiderlin,Everton,10000000.0,26.0,-1,49.4,StandingTackle,78.0,4
Camacho,80,13500000.0,Starter,Camacho,CDM,M. Schneiderlin,Everton,10000000.0,26.0,-1,49.4,Strength,75.0,5
M. Schneiderlin,79,10000000.0,Backup,Camacho,CDM,M. Schneiderlin,Everton,10000000.0,26.0,-1,49.4,Strength,75.0,5
Camacho,80,13500000.0,Starter,Camacho,CDM,M. Schneiderlin,Everton,10000000.0,26.0,-1,49.4,SprintSpeed,55.0,6
M. Schneiderlin,79,10000000.0,Backup,Camacho,CDM,M. Schneiderlin,Everton,10000000.0,26.0,-1,49.4,SprintSpeed,58.0,6
S. Ulreich,80,10000000.0,Starter,S. Ulreich,GK,M. Bettinelli,Fulham,3600000.0,64.0,-7,51.2,SprintSpeed,40.0,0
M. Bettinelli,73,3600000.0,Backup,S. Ulreich,GK,M. Bettinelli,Fulham,3600000.0,64.0,-7,51.2,SprintSpeed,24.0,0
S. Ulreich,80,10000000.0,Starter,S. Ulreich,GK,M. Bettinelli,Fulham,3600000.0,64.0,-7,51.2,Finishing,12.0,1
M. Bettinelli,73,3600000.0,Backup,S. Ulreich,GK,M. Bettinelli,Fulham,3600000.0,64.0,-7,51.2,Finishing,14.0,1
S. Ulreich,80,10000000.0,Starter,S. Ulreich,GK,M. Bettinelli,Fulham,3600000.0,64.0,-7,51.2,ShortPassing,41.0,2
M. Bettinelli,73,3600000.0,Backup,S. Ulreich,GK,M. Bettinelli,Fulham,3600000.0,64.0,-7,51.2,ShortPassing,34.0,2
S. Ulreich,80,10000000.0,Starter,S. Ulreich,GK,M. Bettinelli,Fulham,3600000.0,64.0,-7,51.2,Dribbling,13.0,3
M. Bettinelli,73,3600000.0,Backup,S. Ulreich,GK,M. Bettinelli,Fulham,3600000.0,64.0,-7,51.2,Dribbling,15.0,3
S. Ulreich,80,10000000.0,Starter,S. Ulreich,GK,M. Bettinelli,Fulham,3600000.0,64.0,-7,51.2,StandingTackle,18.0,4
M. Bettinelli,73,3600000.0,Backup,S. Ulreich,GK,M. Bettinelli,Fulham,3600000.0,64.0,-7,51.2,StandingTackle,18.0,4
S. Ulreich,80,10000000.0,Starter,S. Ulreich,GK,M. Bettinelli,Fulham,3600000.0,64.0,-7,51.2,Strength,41.0,5
M. Bettinelli,73,3600000.0,Backup,S. Ulreich,GK,M. Bettinelli,Fulham,3600000.0,64.0,-7,51.2,Strength,40.0,5
S. Ulreich,80,10000000.0,Starter,S. Ulreich,GK,M. Bettinelli,Fulham,3600000.0,64.0,-7,51.2,SprintSpeed,40.0,6
M. Bettinelli,73,3600000.0,Backup,S. Ulreich,GK,M. Bettinelli,Fulham,3600000.0,64.0,-7,51.2,SprintSpeed,24.0,6
M. Musacchio,80,12500000.0,Starter,M. Musacchio,RCB,C. Kerbrat,En Avant de Guingamp,5000000.0,60.0,-4,46.5,SprintSpeed,71.0,0
C. Kerbrat,76,5000000.0,Backup,M. Musacchio,RCB,C. Kerbrat,En Avant de Guingamp,5000000.0,60.0,-4,46.5,SprintSpeed,66.0,0
M. Musacchio,80,12500000.0,Starter,M. Musacchio,RCB,C. Kerbrat,En Avant de Guingamp,5000000.0,60.0,-4,46.5,Finishing,40.0,1
C. Kerbrat,76,5000000.0,Backup,M. Musacchio,RCB,C. Kerbrat,En Avant de Guingamp,5000000.0,60.0,-4,46.5,Finishing,49.0,1
M. Musacchio,80,12500000.0,Starter,M. Musacchio,RCB,C. Kerbrat,En Avant de Guingamp,5000000.0,60.0,-4,46.5,ShortPassing,69.0,2
C. Kerbrat,76,5000000.0,Backup,M. Musacchio,RCB,C. Kerbrat,En Avant de Guingamp,5000000.0,60.0,-4,46.5,ShortPassing,71.0,2
M. Musacchio,80,12500000.0,Starter,M. Musacchio,RCB,C. Kerbrat,En Avant de Guingamp,5000000.0,60.0,-4,46.5,Dribbling,65.0,3
C. Kerbrat,76,5000000.0,Backup,M. Musacchio,RCB,C. Kerbrat,En Avant de Guingamp,5000000.0,60.0,-4,46.5,Dribbling,60.0,3
M. Musacchio,80,12500000.0,Starter,M. Musacchio,RCB,C. Kerbrat,En Avant de Guingamp,5000000.0,60.0,-4,46.5,StandingTackle,84.0,4
C. Kerbrat,76,5000000.0,Backup,M. Musacchio,RCB,C. Kerbrat,En Avant de Guingamp,5000000.0,60.0,-4,46.5,StandingTackle,78.0,4
M. Musacchio,80,12500000.0,Starter,M. Musacchio,RCB,C. Kerbrat,En Avant de Guingamp,5000000.0,60.0,-4,46.5,Strength,76.0,5
C. Kerbrat,76,5000000.0,Backup,M. Musacchio,RCB,C. Kerbrat,En Avant de Guingamp,5000000.0,60.0,-4,46.5,Strength,77.0,5
M. Musacchio,80,12500000.0,Starter,M. Musacchio,RCB,C. Kerbrat,En Avant de Guingamp,5000000.0,60.0,-4,46.5,SprintSpeed,71.0,6
C. Kerbrat,76,5000000.0,Backup,M. Musacchio,RCB,C. Kerbrat,En Avant de Guingamp,5000000.0,60.0,-4,46.5,SprintSpeed,66.0,6
C. Stuani,80,13500000.0,Starter,C. Stuani,ST,A. Barnes,Burnley,8000000.0,41.0,-4,63.4,SprintSpeed,69.0,0
A. Barnes,76,8000000.0,Backup,C. Stuani,ST,A. Barnes,Burnley,8000000.0,41.0,-4,63.4,SprintSpeed,60.0,0
C. Stuani,80,13500000.0,Starter,C. Stuani,ST,A. Barnes,Burnley,8000000.0,41.0,-4,63.4,Finishing,80.0,1
A. Barnes,76,8000000.0,Backup,C. Stuani,ST,A. Barnes,Burnley,8000000.0,41.0,-4,63.4,Finishing,77.0,1
C. Stuani,80,13500000.0,Starter,C. Stuani,ST,A. Barnes,Burnley,8000000.0,41.0,-4,63.4,ShortPassing,74.0,2
A. Barnes,76,8000000.0,Backup,C. Stuani,ST,A. Barnes,Burnley,8000000.0,41.0,-4,63.4,ShortPassing,70.0,2
C. Stuani,80,13500000.0,Starter,C. Stuani,ST,A. Barnes,Burnley,8000000.0,41.0,-4,63.4,Dribbling,78.0,3
A. Barnes,76,8000000.0,Backup,C. Stuani,ST,A. Barnes,Burnley,8000000.0,41.0,-4,63.4,Dribbling,74.0,3
C. Stuani,80,13500000.0,Starter,C. Stuani,ST,A. Barnes,Burnley,8000000.0,41.0,-4,63.4,StandingTackle,49.0,4
A. Barnes,76,8000000.0,Backup,C. Stuani,ST,A. Barnes,Burnley,8000000.0,41.0,-4,63.4,StandingTackle,46.0,4
C. Stuani,80,13500000.0,Starter,C. Stuani,ST,A. Barnes,Burnley,8000000.0,41.0,-4,63.4,Strength,78.0,5
A. Barnes,76,8000000.0,Backup,C. Stuani,ST,A. Barnes,Burnley,8000000.0,41.0,-4,63.4,Strength,78.0,5
C. Stuani,80,13500000.0,Starter,C. Stuani,ST,A. Barnes,Burnley,8000000.0,41.0,-4,63.4,SprintSpeed,69.0,6
A. Barnes,76,8000000.0,Backup,C. Stuani,ST,A. Barnes,Burnley,8000000.0,41.0,-4,63.4,SprintSpeed,60.0,6
P. Gulácsi,80,10500000.0,Starter,P. Gulácsi,GK,T. Kraft,Hertha BSC,5000000.0,52.0,-4,60.1,SprintSpeed,44.0,0
T. Kraft,76,5000000.0,Backup,P. Gulácsi,GK,T. Kraft,Hertha BSC,5000000.0,52.0,-4,60.1,SprintSpeed,50.0,0
P. Gulácsi,80,10500000.0,Starter,P. Gulácsi,GK,T. Kraft,Hertha BSC,5000000.0,52.0,-4,60.1,Finishing,10.0,1
T. Kraft,76,5000000.0,Backup,P. Gulácsi,GK,T. Kraft,Hertha BSC,5000000.0,52.0,-4,60.1,Finishing,14.0,1
P. Gulácsi,80,10500000.0,Starter,P. Gulácsi,GK,T. Kraft,Hertha BSC,5000000.0,52.0,-4,60.1,ShortPassing,29.0,2
T. Kraft,76,5000000.0,Backup,P. Gulácsi,GK,T. Kraft,Hertha BSC,5000000.0,52.0,-4,60.1,ShortPassing,35.0,2
P. Gulácsi,80,10500000.0,Starter,P. Gulácsi,GK,T. Kraft,Hertha BSC,5000000.0,52.0,-4,60.1,Dribbling,19.0,3
T. Kraft,76,5000000.0,Backup,P. Gulácsi,GK,T. Kraft,Hertha BSC,5000000.0,52.0,-4,60.1,Dribbling,13.0,3
P. Gulácsi,80,10500000.0,Starter,P. Gulácsi,GK,T. Kraft,Hertha BSC,5000000.0,52.0,-4,60.1,StandingTackle,16.0,4
T. Kraft,76,5000000.0,Backup,P. Gulácsi,GK,T. Kraft,Hertha BSC,5000000.0,52.0,-4,60.1,StandingTackle,19.0,4
P. Gulácsi,80,10500000.0,Starter,P. Gulácsi,GK,T. Kraft,Hertha BSC,5000000.0,52.0,-4,60.1,Strength,68.0,5
T. Kraft,76,5000000.0,Backup,P. Gulácsi,GK,T. Kraft,Hertha BSC,5000000.0,52.0,-4,60.1,Strength,68.0,5
P. Gulácsi,80,10500000.0,Starter,P. Gulácsi,GK,T. Kraft,Hertha BSC,5000000.0,52.0,-4,60.1,SprintSpeed,44.0,6
T. Kraft,76,5000000.0,Backup,P. Gulácsi,GK,T. Kraft,Hertha BSC,5000000.0,52.0,-4,60.1,SprintSpeed,50.0,6
Bruno,80,7000000.0,Starter,Bruno,CM,Renato Neto,KAA Gent,3600000.0,49.0,-8,16.5,SprintSpeed,31.0,0
Renato Neto,72,3600000.0,Backup,Bruno,CM,Renato Neto,KAA Gent,3600000.0,49.0,-8,16.5,SprintSpeed,49.0,0
Bruno,80,7000000.0,Starter,Bruno,CM,Renato Neto,KAA Gent,3600000.0,49.0,-8,16.5,Finishing,66.0,1
Renato Neto,72,3600000.0,Backup,Bruno,CM,Renato Neto,KAA Gent,3600000.0,49.0,-8,16.5,Finishing,53.0,1
Bruno,80,7000000.0,Starter,Bruno,CM,Renato Neto,KAA Gent,3600000.0,49.0,-8,16.5,ShortPassing,85.0,2
Renato Neto,72,3600000.0,Backup,Bruno,CM,Renato Neto,KAA Gent,3600000.0,49.0,-8,16.5,ShortPassing,74.0,2
Bruno,80,7000000.0,Starter,Bruno,CM,Renato Neto,KAA Gent,3600000.0,49.0,-8,16.5,Dribbling,74.0,3
Renato Neto,72,3600000.0,Backup,Bruno,CM,Renato Neto,KAA Gent,3600000.0,49.0,-8,16.5,Dribbling,67.0,3
Bruno,80,7000000.0,Starter,Bruno,CM,Renato Neto,KAA Gent,3600000.0,49.0,-8,16.5,StandingTackle,80.0,4
Renato Neto,72,3600000.0,Backup,Bruno,CM,Renato Neto,KAA Gent,3600000.0,49.0,-8,16.5,StandingTackle,73.0,4
Bruno,80,7000000.0,Starter,Bruno,CM,Renato Neto,KAA Gent,3600000.0,49.0,-8,16.5,Strength,72.0,5
Renato Neto,72,3600000.0,Backup,Bruno,CM,Renato Neto,KAA Gent,3600000.0,49.0,-8,16.5,Strength,86.0,5
Bruno,80,7000000.0,Starter,Bruno,CM,Renato Neto,KAA Gent,3600000.0,49.0,-8,16.5,SprintSpeed,31.0,6
Renato Neto,72,3600000.0,Backup,Bruno,CM,Renato Neto,KAA Gent,3600000.0,49.0,-8,16.5,SprintSpeed,49.0,6
F. Delph,80,11500000.0,Starter,F. Delph,LB,Vieirinha,PAOK,4300000.0,63.0,-4,47.4,SprintSpeed,72.0,0
Vieirinha,76,4300000.0,Backup,F. Delph,LB,Vieirinha,PAOK,4300000.0,63.0,-4,47.4,SprintSpeed,75.0,0
F. Delph,80,11500000.0,Starter,F. Delph,LB,Vieirinha,PAOK,4300000.0,63.0,-4,47.4,Finishing,64.0,1
Vieirinha,76,4300000.0,Backup,F. Delph,LB,Vieirinha,PAOK,4300000.0,63.0,-4,47.4,Finishing,73.0,1
F. Delph,80,11500000.0,Starter,F. Delph,LB,Vieirinha,PAOK,4300000.0,63.0,-4,47.4,ShortPassing,82.0,2
Vieirinha,76,4300000.0,Backup,F. Delph,LB,Vieirinha,PAOK,4300000.0,63.0,-4,47.4,ShortPassing,76.0,2
F. Delph,80,11500000.0,Starter,F. Delph,LB,Vieirinha,PAOK,4300000.0,63.0,-4,47.4,Dribbling,77.0,3
Vieirinha,76,4300000.0,Backup,F. Delph,LB,Vieirinha,PAOK,4300000.0,63.0,-4,47.4,Dribbling,81.0,3
F. Delph,80,11500000.0,Starter,F. Delph,LB,Vieirinha,PAOK,4300000.0,63.0,-4,47.4,StandingTackle,81.0,4
Vieirinha,76,4300000.0,Backup,F. Delph,LB,Vieirinha,PAOK,4300000.0,63.0,-4,47.4,StandingTackle,70.0,4
F. Delph,80,11500000.0,Starter,F. Delph,LB,Vieirinha,PAOK,4300000.0,63.0,-4,47.4,Strength,65.0,5
Vieirinha,76,4300000.0,Backup,F. Delph,LB,Vieirinha,PAOK,4300000.0,63.0,-4,47.4,Strength,54.0,5
F. Delph,80,11500000.0,Starter,F. Delph,LB,Vieirinha,PAOK,4300000.0,63.0,-4,47.4,SprintSpeed,72.0,6
Vieirinha,76,4300000.0,Backup,F. Delph,LB,Vieirinha,PAOK,4300000.0,63.0,-4,47.4,SprintSpeed,75.0,6
A. Lallana,80,13500000.0,Starter,A. Lallana,CM,A. Turan,Medipol Başakşehir FK,7500000.0,44.0,-3,59.8,SprintSpeed,69.0,0
A. Turan,77,7500000.0,Backup,A. Lallana,CM,A. Turan,Medipol Başakşehir FK,7500000.0,44.0,-3,59.8,SprintSpeed,68.0,0
A. Lallana,80,13500000.0,Starter,A. Lallana,CM,A. Turan,Medipol Başakşehir FK,7500000.0,44.0,-3,59.8,Finishing,72.0,1
A. Turan,77,7500000.0,Backup,A. Lallana,CM,A. Turan,Medipol Başakşehir FK,7500000.0,44.0,-3,59.8,Finishing,71.0,1
A. Lallana,80,13500000.0,Starter,A. Lallana,CM,A. Turan,Medipol Başakşehir FK,7500000.0,44.0,-3,59.8,ShortPassing,84.0,2
A. Turan,77,7500000.0,Backup,A. Lallana,CM,A. Turan,Medipol Başakşehir FK,7500000.0,44.0,-3,59.8,ShortPassing,79.0,2
A. Lallana,80,13500000.0,Starter,A. Lallana,CM,A. Turan,Medipol Başakşehir FK,7500000.0,44.0,-3,59.8,Dribbling,84.0,3
A. Turan,77,7500000.0,Backup,A. Lallana,CM,A. Turan,Medipol Başakşehir FK,7500000.0,44.0,-3,59.8,Dribbling,79.0,3
A. Lallana,80,13500000.0,Starter,A. Lallana,CM,A. Turan,Medipol Başakşehir FK,7500000.0,44.0,-3,59.8,StandingTackle,64.0,4
A. Turan,77,7500000.0,Backup,A. Lallana,CM,A. Turan,Medipol Başakşehir FK,7500000.0,44.0,-3,59.8,StandingTackle,63.0,4
A. Lallana,80,13500000.0,Starter,A. Lallana,CM,A. Turan,Medipol Başakşehir FK,7500000.0,44.0,-3,59.8,Strength,64.0,5
A. Turan,77,7500000.0,Backup,A. Lallana,CM,A. Turan,Medipol Başakşehir FK,7500000.0,44.0,-3,59.8,Strength,68.0,5
A. Lallana,80,13500000.0,Starter,A. Lallana,CM,A. Turan,Medipol Başakşehir FK,7500000.0,44.0,-3,59.8,SprintSpeed,69.0,6
A. Turan,77,7500000.0,Backup,A. Lallana,CM,A. Turan,Medipol Başakşehir FK,7500000.0,44.0,-3,59.8,SprintSpeed,68.0,6
S. Coleman,80,11000000.0,Starter,S. Coleman,RWB,Y. Atal,OGC Nice,5500000.0,50.0,-7,32.0,SprintSpeed,75.0,0
Y. Atal,73,5500000.0,Backup,S. Coleman,RWB,Y. Atal,OGC Nice,5500000.0,50.0,-7,32.0,SprintSpeed,82.0,0
S. Coleman,80,11000000.0,Starter,S. Coleman,RWB,Y. Atal,OGC Nice,5500000.0,50.0,-7,32.0,Finishing,61.0,1
Y. Atal,73,5500000.0,Backup,S. Coleman,RWB,Y. Atal,OGC Nice,5500000.0,50.0,-7,32.0,Finishing,54.0,1
S. Coleman,80,11000000.0,Starter,S. Coleman,RWB,Y. Atal,OGC Nice,5500000.0,50.0,-7,32.0,ShortPassing,78.0,2
Y. Atal,73,5500000.0,Backup,S. Coleman,RWB,Y. Atal,OGC Nice,5500000.0,50.0,-7,32.0,ShortPassing,74.0,2
S. Coleman,80,11000000.0,Starter,S. Coleman,RWB,Y. Atal,OGC Nice,5500000.0,50.0,-7,32.0,Dribbling,79.0,3
Y. Atal,73,5500000.0,Backup,S. Coleman,RWB,Y. Atal,OGC Nice,5500000.0,50.0,-7,32.0,Dribbling,80.0,3
S. Coleman,80,11000000.0,Starter,S. Coleman,RWB,Y. Atal,OGC Nice,5500000.0,50.0,-7,32.0,StandingTackle,84.0,4
Y. Atal,73,5500000.0,Backup,S. Coleman,RWB,Y. Atal,OGC Nice,5500000.0,50.0,-7,32.0,StandingTackle,71.0,4
S. Coleman,80,11000000.0,Starter,S. Coleman,RWB,Y. Atal,OGC Nice,5500000.0,50.0,-7,32.0,Strength,69.0,5
Y. Atal,73,5500000.0,Backup,S. Coleman,RWB,Y. Atal,OGC Nice,5500000.0,50.0,-7,32.0,Strength,69.0,5
S. Coleman,80,11000000.0,Starter,S. Coleman,RWB,Y. Atal,OGC Nice,5500000.0,50.0,-7,32.0,SprintSpeed,75.0,6
Y. Atal,73,5500000.0,Backup,S. Coleman,RWB,Y. Atal,OGC Nice,5500000.0,50.0,-7,32.0,SprintSpeed,82.0,6
Alexandre Pato,80,15500000.0,Starter,Alexandre Pato,ST,M. Braithwaite,Middlesbrough,8000000.0,48.0,-5,54.3,SprintSpeed,85.0,0
M. Braithwaite,75,8000000.0,Backup,Alexandre Pato,ST,M. Braithwaite,Middlesbrough,8000000.0,48.0,-5,54.3,SprintSpeed,78.0,0
Alexandre Pato,80,15500000.0,Starter,Alexandre Pato,ST,M. Braithwaite,Middlesbrough,8000000.0,48.0,-5,54.3,Finishing,80.0,1
M. Braithwaite,75,8000000.0,Backup,Alexandre Pato,ST,M. Braithwaite,Middlesbrough,8000000.0,48.0,-5,54.3,Finishing,73.0,1
Alexandre Pato,80,15500000.0,Starter,Alexandre Pato,ST,M. Braithwaite,Middlesbrough,8000000.0,48.0,-5,54.3,ShortPassing,75.0,2
M. Braithwaite,75,8000000.0,Backup,Alexandre Pato,ST,M. Braithwaite,Middlesbrough,8000000.0,48.0,-5,54.3,ShortPassing,71.0,2
Alexandre Pato,80,15500000.0,Starter,Alexandre Pato,ST,M. Braithwaite,Middlesbrough,8000000.0,48.0,-5,54.3,Dribbling,81.0,3
M. Braithwaite,75,8000000.0,Backup,Alexandre Pato,ST,M. Braithwaite,Middlesbrough,8000000.0,48.0,-5,54.3,Dribbling,75.0,3
Alexandre Pato,80,15500000.0,Starter,Alexandre Pato,ST,M. Braithwaite,Middlesbrough,8000000.0,48.0,-5,54.3,StandingTackle,23.0,4
M. Braithwaite,75,8000000.0,Backup,Alexandre Pato,ST,M. Braithwaite,Middlesbrough,8000000.0,48.0,-5,54.3,StandingTackle,30.0,4
Alexandre Pato,80,15500000.0,Starter,Alexandre Pato,ST,M. Braithwaite,Middlesbrough,8000000.0,48.0,-5,54.3,Strength,72.0,5
M. Braithwaite,75,8000000.0,Backup,Alexandre Pato,ST,M. Braithwaite,Middlesbrough,8000000.0,48.0,-5,54.3,Strength,76.0,5
Alexandre Pato,80,15500000.0,Starter,Alexandre Pato,ST,M. Braithwaite,Middlesbrough,8000000.0,48.0,-5,54.3,SprintSpeed,85.0,6
M. Braithwaite,75,8000000.0,Backup,Alexandre Pato,ST,M. Braithwaite,Middlesbrough,8000000.0,48.0,-5,54.3,SprintSpeed,78.0,6
Antunes,80,9500000.0,Starter,Antunes,LB,Jefferson,Sporting CP,6500000.0,32.0,-3,64.6,SprintSpeed,79.0,0
Jefferson,77,6500000.0,Backup,Antunes,LB,Jefferson,Sporting CP,6500000.0,32.0,-3,64.6,SprintSpeed,74.0,0
Antunes,80,9500000.0,Starter,Antunes,LB,Jefferson,Sporting CP,6500000.0,32.0,-3,64.6,Finishing,56.0,1
Jefferson,77,6500000.0,Backup,Antunes,LB,Jefferson,Sporting CP,6500000.0,32.0,-3,64.6,Finishing,55.0,1
Antunes,80,9500000.0,Starter,Antunes,LB,Jefferson,Sporting CP,6500000.0,32.0,-3,64.6,ShortPassing,77.0,2
Jefferson,77,6500000.0,Backup,Antunes,LB,Jefferson,Sporting CP,6500000.0,32.0,-3,64.6,ShortPassing,74.0,2
Antunes,80,9500000.0,Starter,Antunes,LB,Jefferson,Sporting CP,6500000.0,32.0,-3,64.6,Dribbling,74.0,3
Jefferson,77,6500000.0,Backup,Antunes,LB,Jefferson,Sporting CP,6500000.0,32.0,-3,64.6,Dribbling,75.0,3
Antunes,80,9500000.0,Starter,Antunes,LB,Jefferson,Sporting CP,6500000.0,32.0,-3,64.6,StandingTackle,81.0,4
Jefferson,77,6500000.0,Backup,Antunes,LB,Jefferson,Sporting CP,6500000.0,32.0,-3,64.6,StandingTackle,78.0,4
Antunes,80,9500000.0,Starter,Antunes,LB,Jefferson,Sporting CP,6500000.0,32.0,-3,64.6,Strength,68.0,5
Jefferson,77,6500000.0,Backup,Antunes,LB,Jefferson,Sporting CP,6500000.0,32.0,-3,64.6,Strength,71.0,5
Antunes,80,9500000.0,Starter,Antunes,LB,Jefferson,Sporting CP,6500000.0,32.0,-3,64.6,SprintSpeed,79.0,6
Jefferson,77,6500000.0,Backup,Antunes,LB,Jefferson,Sporting CP,6500000.0,32.0,-3,64.6,SprintSpeed,74.0,6
Nacho Monreal,80,8000000.0,Starter,Nacho Monreal,LB,S. Ward,Burnley,3700000.0,54.0,-5,57.1,SprintSpeed,67.0,0
S. Ward,75,3700000.0,Backup,Nacho Monreal,LB,S. Ward,Burnley,3700000.0,54.0,-5,57.1,SprintSpeed,60.0,0
Nacho Monreal,80,8000000.0,Starter,Nacho Monreal,LB,S. Ward,Burnley,3700000.0,54.0,-5,57.1,Finishing,55.0,1
S. Ward,75,3700000.0,Backup,Nacho Monreal,LB,S. Ward,Burnley,3700000.0,54.0,-5,57.1,Finishing,57.0,1
Nacho Monreal,80,8000000.0,Starter,Nacho Monreal,LB,S. Ward,Burnley,3700000.0,54.0,-5,57.1,ShortPassing,77.0,2
S. Ward,75,3700000.0,Backup,Nacho Monreal,LB,S. Ward,Burnley,3700000.0,54.0,-5,57.1,ShortPassing,73.0,2
Nacho Monreal,80,8000000.0,Starter,Nacho Monreal,LB,S. Ward,Burnley,3700000.0,54.0,-5,57.1,Dribbling,73.0,3
S. Ward,75,3700000.0,Backup,Nacho Monreal,LB,S. Ward,Burnley,3700000.0,54.0,-5,57.1,Dribbling,71.0,3
Nacho Monreal,80,8000000.0,Starter,Nacho Monreal,LB,S. Ward,Burnley,3700000.0,54.0,-5,57.1,StandingTackle,83.0,4
S. Ward,75,3700000.0,Backup,Nacho Monreal,LB,S. Ward,Burnley,3700000.0,54.0,-5,57.1,StandingTackle,76.0,4
Nacho Monreal,80,8000000.0,Starter,Nacho Monreal,LB,S. Ward,Burnley,3700000.0,54.0,-5,57.1,Strength,65.0,5
S. Ward,75,3700000.0,Backup,Nacho Monreal,LB,S. Ward,Burnley,3700000.0,54.0,-5,57.1,Strength,72.0,5
Nacho Monreal,80,8000000.0,Starter,Nacho Monreal,LB,S. Ward,Burnley,3700000.0,54.0,-5,57.1,SprintSpeed,67.0,6
S. Ward,75,3700000.0,Backup,Nacho Monreal,LB,S. Ward,Burnley,3700000.0,54.0,-5,57.1,SprintSpeed,60.0,6
Beñat,80,12500000.0,Starter,Beñat,LCM,S. Kums,RSC Anderlecht,6000000.0,52.0,-5,34.9,SprintSpeed,41.0,0
S. Kums,75,6000000.0,Backup,Beñat,LCM,S. Kums,RSC Anderlecht,6000000.0,52.0,-5,34.9,SprintSpeed,63.0,0
Beñat,80,12500000.0,Starter,Beñat,LCM,S. Kums,RSC Anderlecht,6000000.0,52.0,-5,34.9,Finishing,69.0,1
S. Kums,75,6000000.0,Backup,Beñat,LCM,S. Kums,RSC Anderlecht,6000000.0,52.0,-5,34.9,Finishing,57.0,1
Beñat,80,12500000.0,Starter,Beñat,LCM,S. Kums,RSC Anderlecht,6000000.0,52.0,-5,34.9,ShortPassing,84.0,2
S. Kums,75,6000000.0,Backup,Beñat,LCM,S. Kums,RSC Anderlecht,6000000.0,52.0,-5,34.9,ShortPassing,79.0,2
Beñat,80,12500000.0,Starter,Beñat,LCM,S. Kums,RSC Anderlecht,6000000.0,52.0,-5,34.9,Dribbling,72.0,3
S. Kums,75,6000000.0,Backup,Beñat,LCM,S. Kums,RSC Anderlecht,6000000.0,52.0,-5,34.9,Dribbling,73.0,3
Beñat,80,12500000.0,Starter,Beñat,LCM,S. Kums,RSC Anderlecht,6000000.0,52.0,-5,34.9,StandingTackle,73.0,4
S. Kums,75,6000000.0,Backup,Beñat,LCM,S. Kums,RSC Anderlecht,6000000.0,52.0,-5,34.9,StandingTackle,72.0,4
Beñat,80,12500000.0,Starter,Beñat,LCM,S. Kums,RSC Anderlecht,6000000.0,52.0,-5,34.9,Strength,70.0,5
S. Kums,75,6000000.0,Backup,Beñat,LCM,S. Kums,RSC Anderlecht,6000000.0,52.0,-5,34.9,Strength,63.0,5
Beñat,80,12500000.0,Starter,Beñat,LCM,S. Kums,RSC Anderlecht,6000000.0,52.0,-5,34.9,SprintSpeed,41.0,6
S. Kums,75,6000000.0,Backup,Beñat,LCM,S. Kums,RSC Anderlecht,6000000.0,52.0,-5,34.9,SprintSpeed,63.0,6
A. Fernández,80,11000000.0,Starter,A. Fernández,LDM,Zeca,FC København,6500000.0,41.0,-5,43.2,SprintSpeed,71.0,0
Zeca,75,6500000.0,Backup,A. Fernández,LDM,Zeca,FC København,6500000.0,41.0,-5,43.2,SprintSpeed,77.0,0
A. Fernández,80,11000000.0,Starter,A. Fernández,LDM,Zeca,FC København,6500000.0,41.0,-5,43.2,Finishing,69.0,1
Zeca,75,6500000.0,Backup,A. Fernández,LDM,Zeca,FC København,6500000.0,41.0,-5,43.2,Finishing,60.0,1
A. Fernández,80,11000000.0,Starter,A. Fernández,LDM,Zeca,FC København,6500000.0,41.0,-5,43.2,ShortPassing,81.0,2
Zeca,75,6500000.0,Backup,A. Fernández,LDM,Zeca,FC København,6500000.0,41.0,-5,43.2,ShortPassing,75.0,2
A. Fernández,80,11000000.0,Starter,A. Fernández,LDM,Zeca,FC København,6500000.0,41.0,-5,43.2,Dribbling,78.0,3
Zeca,75,6500000.0,Backup,A. Fernández,LDM,Zeca,FC København,6500000.0,41.0,-5,43.2,Dribbling,72.0,3
A. Fernández,80,11000000.0,Starter,A. Fernández,LDM,Zeca,FC København,6500000.0,41.0,-5,43.2,StandingTackle,76.0,4
Zeca,75,6500000.0,Backup,A. Fernández,LDM,Zeca,FC København,6500000.0,41.0,-5,43.2,StandingTackle,76.0,4
A. Fernández,80,11000000.0,Starter,A. Fernández,LDM,Zeca,FC København,6500000.0,41.0,-5,43.2,Strength,73.0,5
Zeca,75,6500000.0,Backup,A. Fernández,LDM,Zeca,FC København,6500000.0,41.0,-5,43.2,Strength,70.0,5
A. Fernández,80,11000000.0,Starter,A. Fernández,LDM,Zeca,FC København,6500000.0,41.0,-5,43.2,SprintSpeed,71.0,6
Zeca,75,6500000.0,Backup,A. Fernández,LDM,Zeca,FC København,6500000.0,41.0,-5,43.2,SprintSpeed,77.0,6
K. Gameiro,80,13500000.0,Starter,K. Gameiro,ST,N. Sansone,Villarreal CF,9000000.0,33.0,-4,47.2,SprintSpeed,85.0,0
N. Sansone,76,9000000.0,Backup,K. Gameiro,ST,N. Sansone,Villarreal CF,9000000.0,33.0,-4,47.2,SprintSpeed,79.0,0
K. Gameiro,80,13500000.0,Starter,K. Gameiro,ST,N. Sansone,Villarreal CF,9000000.0,33.0,-4,47.2,Finishing,78.0,1
N. Sansone,76,9000000.0,Backup,K. Gameiro,ST,N. Sansone,Villarreal CF,9000000.0,33.0,-4,47.2,Finishing,77.0,1
K. Gameiro,80,13500000.0,Starter,K. Gameiro,ST,N. Sansone,Villarreal CF,9000000.0,33.0,-4,47.2,ShortPassing,79.0,2
N. Sansone,76,9000000.0,Backup,K. Gameiro,ST,N. Sansone,Villarreal CF,9000000.0,33.0,-4,47.2,ShortPassing,75.0,2
K. Gameiro,80,13500000.0,Starter,K. Gameiro,ST,N. Sansone,Villarreal CF,9000000.0,33.0,-4,47.2,Dribbling,75.0,3
N. Sansone,76,9000000.0,Backup,K. Gameiro,ST,N. Sansone,Villarreal CF,9000000.0,33.0,-4,47.2,Dribbling,79.0,3
K. Gameiro,80,13500000.0,Starter,K. Gameiro,ST,N. Sansone,Villarreal CF,9000000.0,33.0,-4,47.2,StandingTackle,33.0,4
N. Sansone,76,9000000.0,Backup,K. Gameiro,ST,N. Sansone,Villarreal CF,9000000.0,33.0,-4,47.2,StandingTackle,44.0,4
K. Gameiro,80,13500000.0,Starter,K. Gameiro,ST,N. Sansone,Villarreal CF,9000000.0,33.0,-4,47.2,Strength,64.0,5
N. Sansone,76,9000000.0,Backup,K. Gameiro,ST,N. Sansone,Villarreal CF,9000000.0,33.0,-4,47.2,Strength,65.0,5
K. Gameiro,80,13500000.0,Starter,K. Gameiro,ST,N. Sansone,Villarreal CF,9000000.0,33.0,-4,47.2,SprintSpeed,85.0,6
N. Sansone,76,9000000.0,Backup,K. Gameiro,ST,N. Sansone,Villarreal CF,9000000.0,33.0,-4,47.2,SprintSpeed,79.0,6
I. Piatti,80,9000000.0,Starter,I. Piatti,LW,J. Ramírez,Club Atlético Talleres,4800000.0,47.0,-7,0.5,SprintSpeed,76.0,0
J. Ramírez,73,4800000.0,Backup,I. Piatti,LW,J. Ramírez,Club Atlético Talleres,4800000.0,47.0,-7,0.5,SprintSpeed,78.0,0
I. Piatti,80,9000000.0,Starter,I. Piatti,LW,J. Ramírez,Club Atlético Talleres,4800000.0,47.0,-7,0.5,Finishing,81.0,1
J. Ramírez,73,4800000.0,Backup,I. Piatti,LW,J. Ramírez,Club Atlético Talleres,4800000.0,47.0,-7,0.5,Finishing,72.0,1
I. Piatti,80,9000000.0,Starter,I. Piatti,LW,J. Ramírez,Club Atlético Talleres,4800000.0,47.0,-7,0.5,ShortPassing,78.0,2
J. Ramírez,73,4800000.0,Backup,I. Piatti,LW,J. Ramírez,Club Atlético Talleres,4800000.0,47.0,-7,0.5,ShortPassing,76.0,2
I. Piatti,80,9000000.0,Starter,I. Piatti,LW,J. Ramírez,Club Atlético Talleres,4800000.0,47.0,-7,0.5,Dribbling,86.0,3
J. Ramírez,73,4800000.0,Backup,I. Piatti,LW,J. Ramírez,Club Atlético Talleres,4800000.0,47.0,-7,0.5,Dribbling,77.0,3
I. Piatti,80,9000000.0,Starter,I. Piatti,LW,J. Ramírez,Club Atlético Talleres,4800000.0,47.0,-7,0.5,StandingTackle,62.0,4
J. Ramírez,73,4800000.0,Backup,I. Piatti,LW,J. Ramírez,Club Atlético Talleres,4800000.0,47.0,-7,0.5,StandingTackle,70.0,4
I. Piatti,80,9000000.0,Starter,I. Piatti,LW,J. Ramírez,Club Atlético Talleres,4800000.0,47.0,-7,0.5,Strength,73.0,5
J. Ramírez,73,4800000.0,Backup,I. Piatti,LW,J. Ramírez,Club Atlético Talleres,4800000.0,47.0,-7,0.5,Strength,60.0,5
I. Piatti,80,9000000.0,Starter,I. Piatti,LW,J. Ramírez,Club Atlético Talleres,4800000.0,47.0,-7,0.5,SprintSpeed,76.0,6
J. Ramírez,73,4800000.0,Backup,I. Piatti,LW,J. Ramírez,Club Atlético Talleres,4800000.0,47.0,-7,0.5,SprintSpeed,78.0,6
V. Birsa,80,13000000.0,Starter,V. Birsa,CAM,B. Dočkal,Philadelphia Union,6500000.0,50.0,-5,45.7,SprintSpeed,74.0,0
B. Dočkal,75,6500000.0,Backup,V. Birsa,CAM,B. Dočkal,Philadelphia Union,6500000.0,50.0,-5,45.7,SprintSpeed,63.0,0
V. Birsa,80,13000000.0,Starter,V. Birsa,CAM,B. Dočkal,Philadelphia Union,6500000.0,50.0,-5,45.7,Finishing,62.0,1
B. Dočkal,75,6500000.0,Backup,V. Birsa,CAM,B. Dočkal,Philadelphia Union,6500000.0,50.0,-5,45.7,Finishing,67.0,1
V. Birsa,80,13000000.0,Starter,V. Birsa,CAM,B. Dočkal,Philadelphia Union,6500000.0,50.0,-5,45.7,ShortPassing,82.0,2
B. Dočkal,75,6500000.0,Backup,V. Birsa,CAM,B. Dočkal,Philadelphia Union,6500000.0,50.0,-5,45.7,ShortPassing,77.0,2
V. Birsa,80,13000000.0,Starter,V. Birsa,CAM,B. Dočkal,Philadelphia Union,6500000.0,50.0,-5,45.7,Dribbling,84.0,3
B. Dočkal,75,6500000.0,Backup,V. Birsa,CAM,B. Dočkal,Philadelphia Union,6500000.0,50.0,-5,45.7,Dribbling,75.0,3
V. Birsa,80,13000000.0,Starter,V. Birsa,CAM,B. Dočkal,Philadelphia Union,6500000.0,50.0,-5,45.7,StandingTackle,52.0,4
B. Dočkal,75,6500000.0,Backup,V. Birsa,CAM,B. Dočkal,Philadelphia Union,6500000.0,50.0,-5,45.7,StandingTackle,46.0,4
V. Birsa,80,13000000.0,Starter,V. Birsa,CAM,B. Dočkal,Philadelphia Union,6500000.0,50.0,-5,45.7,Strength,77.0,5
B. Dočkal,75,6500000.0,Backup,V. Birsa,CAM,B. Dočkal,Philadelphia Union,6500000.0,50.0,-5,45.7,Strength,58.0,5
V. Birsa,80,13000000.0,Starter,V. Birsa,CAM,B. Dočkal,Philadelphia Union,6500000.0,50.0,-5,45.7,SprintSpeed,74.0,6
B. Dočkal,75,6500000.0,Backup,V. Birsa,CAM,B. Dočkal,Philadelphia Union,6500000.0,50.0,-5,45.7,SprintSpeed,63.0,6
S. Romero,80,9000000.0,Starter,S. Romero,GK,L. Grant,Manchester United,1300000.0,86.0,-6,52.4,SprintSpeed,44.0,0
L. Grant,74,1300000.0,Backup,S. Romero,GK,L. Grant,Manchester United,1300000.0,86.0,-6,52.4,SprintSpeed,46.0,0
S. Romero,80,9000000.0,Starter,S. Romero,GK,L. Grant,Manchester United,1300000.0,86.0,-6,52.4,Finishing,14.0,1
L. Grant,74,1300000.0,Backup,S. Romero,GK,L. Grant,Manchester United,1300000.0,86.0,-6,52.4,Finishing,17.0,1
S. Romero,80,9000000.0,Starter,S. Romero,GK,L. Grant,Manchester United,1300000.0,86.0,-6,52.4,ShortPassing,39.0,2
L. Grant,74,1300000.0,Backup,S. Romero,GK,L. Grant,Manchester United,1300000.0,86.0,-6,52.4,ShortPassing,43.0,2
S. Romero,80,9000000.0,Starter,S. Romero,GK,L. Grant,Manchester United,1300000.0,86.0,-6,52.4,Dribbling,12.0,3
L. Grant,74,1300000.0,Backup,S. Romero,GK,L. Grant,Manchester United,1300000.0,86.0,-6,52.4,Dribbling,11.0,3
S. Romero,80,9000000.0,Starter,S. Romero,GK,L. Grant,Manchester United,1300000.0,86.0,-6,52.4,StandingTackle,11.0,4
L. Grant,74,1300000.0,Backup,S. Romero,GK,L. Grant,Manchester United,1300000.0,86.0,-6,52.4,StandingTackle,13.0,4
S. Romero,80,9000000.0,Starter,S. Romero,GK,L. Grant,Manchester United,1300000.0,86.0,-6,52.4,Strength,75.0,5
L. Grant,74,1300000.0,Backup,S. Romero,GK,L. Grant,Manchester United,1300000.0,86.0,-6,52.4,Strength,71.0,5
S. Romero,80,9000000.0,Starter,S. Romero,GK,L. Grant,Manchester United,1300000.0,86.0,-6,52.4,SprintSpeed,44.0,6
L. Grant,74,1300000.0,Backup,S. Romero,GK,L. Grant,Manchester United,1300000.0,86.0,-6,52.4,SprintSpeed,46.0,6
D. Criscito,80,10000000.0,Starter,D. Criscito,LCB,K. Laifis,Standard de Liège,6000000.0,40.0,-6,25.4,SprintSpeed,77.0,0
K. Laifis,74,6000000.0,Backup,D. Criscito,LCB,K. Laifis,Standard de Liège,6000000.0,40.0,-6,25.4,SprintSpeed,67.0,0
D. Criscito,80,10000000.0,Starter,D. Criscito,LCB,K. Laifis,Standard de Liège,6000000.0,40.0,-6,25.4,Finishing,56.0,1
K. Laifis,74,6000000.0,Backup,D. Criscito,LCB,K. Laifis,Standard de Liège,6000000.0,40.0,-6,25.4,Finishing,56.0,1
D. Criscito,80,10000000.0,Starter,D. Criscito,LCB,K. Laifis,Standard de Liège,6000000.0,40.0,-6,25.4,ShortPassing,80.0,2
K. Laifis,74,6000000.0,Backup,D. Criscito,LCB,K. Laifis,Standard de Liège,6000000.0,40.0,-6,25.4,ShortPassing,71.0,2
D. Criscito,80,10000000.0,Starter,D. Criscito,LCB,K. Laifis,Standard de Liège,6000000.0,40.0,-6,25.4,Dribbling,72.0,3
K. Laifis,74,6000000.0,Backup,D. Criscito,LCB,K. Laifis,Standard de Liège,6000000.0,40.0,-6,25.4,Dribbling,68.0,3
D. Criscito,80,10000000.0,Starter,D. Criscito,LCB,K. Laifis,Standard de Liège,6000000.0,40.0,-6,25.4,StandingTackle,82.0,4
K. Laifis,74,6000000.0,Backup,D. Criscito,LCB,K. Laifis,Standard de Liège,6000000.0,40.0,-6,25.4,StandingTackle,74.0,4
D. Criscito,80,10000000.0,Starter,D. Criscito,LCB,K. Laifis,Standard de Liège,6000000.0,40.0,-6,25.4,Strength,73.0,5
K. Laifis,74,6000000.0,Backup,D. Criscito,LCB,K. Laifis,Standard de Liège,6000000.0,40.0,-6,25.4,Strength,72.0,5
D. Criscito,80,10000000.0,Starter,D. Criscito,LCB,K. Laifis,Standard de Liège,6000000.0,40.0,-6,25.4,SprintSpeed,77.0,6
K. Laifis,74,6000000.0,Backup,D. Criscito,LCB,K. Laifis,Standard de Liège,6000000.0,40.0,-6,25.4,SprintSpeed,67.0,6
D. Valeri,80,11500000.0,Starter,D. Valeri,RF,L. Podolski,Vissel Kobe,6500000.0,43.0,-2,30.7,SprintSpeed,60.0,0
L. Podolski,78,6500000.0,Backup,D. Valeri,RF,L. Podolski,Vissel Kobe,6500000.0,43.0,-2,30.7,SprintSpeed,75.0,0
D. Valeri,80,11500000.0,Starter,D. Valeri,RF,L. Podolski,Vissel Kobe,6500000.0,43.0,-2,30.7,Finishing,80.0,1
L. Podolski,78,6500000.0,Backup,D. Valeri,RF,L. Podolski,Vissel Kobe,6500000.0,43.0,-2,30.7,Finishing,77.0,1
D. Valeri,80,11500000.0,Starter,D. Valeri,RF,L. Podolski,Vissel Kobe,6500000.0,43.0,-2,30.7,ShortPassing,79.0,2
L. Podolski,78,6500000.0,Backup,D. Valeri,RF,L. Podolski,Vissel Kobe,6500000.0,43.0,-2,30.7,ShortPassing,76.0,2
D. Valeri,80,11500000.0,Starter,D. Valeri,RF,L. Podolski,Vissel Kobe,6500000.0,43.0,-2,30.7,Dribbling,78.0,3
L. Podolski,78,6500000.0,Backup,D. Valeri,RF,L. Podolski,Vissel Kobe,6500000.0,43.0,-2,30.7,Dribbling,78.0,3
D. Valeri,80,11500000.0,Starter,D. Valeri,RF,L. Podolski,Vissel Kobe,6500000.0,43.0,-2,30.7,StandingTackle,40.0,4
L. Podolski,78,6500000.0,Backup,D. Valeri,RF,L. Podolski,Vissel Kobe,6500000.0,43.0,-2,30.7,StandingTackle,39.0,4
D. Valeri,80,11500000.0,Starter,D. Valeri,RF,L. Podolski,Vissel Kobe,6500000.0,43.0,-2,30.7,Strength,63.0,5
L. Podolski,78,6500000.0,Backup,D. Valeri,RF,L. Podolski,Vissel Kobe,6500000.0,43.0,-2,30.7,Strength,83.0,5
D. Valeri,80,11500000.0,Starter,D. Valeri,RF,L. Podolski,Vissel Kobe,6500000.0,43.0,-2,30.7,SprintSpeed,60.0,6
L. Podolski,78,6500000.0,Backup,D. Valeri,RF,L. Podolski,Vissel Kobe,6500000.0,43.0,-2,30.7,SprintSpeed,75.0,6
D. Sturridge,80,15500000.0,Starter,D. Sturridge,ST,M. Gabbiadini,Southampton,10500000.0,32.0,-3,51.6,SprintSpeed,78.0,0
M. Gabbiadini,77,10500000.0,Backup,D. Sturridge,ST,M. Gabbiadini,Southampton,10500000.0,32.0,-3,51.6,SprintSpeed,70.0,0
D. Sturridge,80,15500000.0,Starter,D. Sturridge,ST,M. Gabbiadini,Southampton,10500000.0,32.0,-3,51.6,Finishing,83.0,1
M. Gabbiadini,77,10500000.0,Backup,D. Sturridge,ST,M. Gabbiadini,Southampton,10500000.0,32.0,-3,51.6,Finishing,79.0,1
D. Sturridge,80,15500000.0,Starter,D. Sturridge,ST,M. Gabbiadini,Southampton,10500000.0,32.0,-3,51.6,ShortPassing,72.0,2
M. Gabbiadini,77,10500000.0,Backup,D. Sturridge,ST,M. Gabbiadini,Southampton,10500000.0,32.0,-3,51.6,ShortPassing,72.0,2
D. Sturridge,80,15500000.0,Starter,D. Sturridge,ST,M. Gabbiadini,Southampton,10500000.0,32.0,-3,51.6,Dribbling,79.0,3
M. Gabbiadini,77,10500000.0,Backup,D. Sturridge,ST,M. Gabbiadini,Southampton,10500000.0,32.0,-3,51.6,Dribbling,77.0,3
D. Sturridge,80,15500000.0,Starter,D. Sturridge,ST,M. Gabbiadini,Southampton,10500000.0,32.0,-3,51.6,StandingTackle,24.0,4
M. Gabbiadini,77,10500000.0,Backup,D. Sturridge,ST,M. Gabbiadini,Southampton,10500000.0,32.0,-3,51.6,StandingTackle,24.0,4
D. Sturridge,80,15500000.0,Starter,D. Sturridge,ST,M. Gabbiadini,Southampton,10500000.0,32.0,-3,51.6,Strength,66.0,5
M. Gabbiadini,77,10500000.0,Backup,D. Sturridge,ST,M. Gabbiadini,Southampton,10500000.0,32.0,-3,51.6,Strength,71.0,5
D. Sturridge,80,15500000.0,Starter,D. Sturridge,ST,M. Gabbiadini,Southampton,10500000.0,32.0,-3,51.6,SprintSpeed,78.0,6
M. Gabbiadini,77,10500000.0,Backup,D. Sturridge,ST,M. Gabbiadini,Southampton,10500000.0,32.0,-3,51.6,SprintSpeed,70.0,6
Raúl García,80,13000000.0,Starter,Raúl García,CAM,A. Ioniţă,Cagliari,6000000.0,54.0,-6,20.3,SprintSpeed,57.0,0
A. Ioniţă,74,6000000.0,Backup,Raúl García,CAM,A. Ioniţă,Cagliari,6000000.0,54.0,-6,20.3,SprintSpeed,68.0,0
Raúl García,80,13000000.0,Starter,Raúl García,CAM,A. Ioniţă,Cagliari,6000000.0,54.0,-6,20.3,Finishing,79.0,1
A. Ioniţă,74,6000000.0,Backup,Raúl García,CAM,A. Ioniţă,Cagliari,6000000.0,54.0,-6,20.3,Finishing,64.0,1
Raúl García,80,13000000.0,Starter,Raúl García,CAM,A. Ioniţă,Cagliari,6000000.0,54.0,-6,20.3,ShortPassing,79.0,2
A. Ioniţă,74,6000000.0,Backup,Raúl García,CAM,A. Ioniţă,Cagliari,6000000.0,54.0,-6,20.3,ShortPassing,75.0,2
Raúl García,80,13000000.0,Starter,Raúl García,CAM,A. Ioniţă,Cagliari,6000000.0,54.0,-6,20.3,Dribbling,78.0,3
A. Ioniţă,74,6000000.0,Backup,Raúl García,CAM,A. Ioniţă,Cagliari,6000000.0,54.0,-6,20.3,Dribbling,70.0,3
Raúl García,80,13000000.0,Starter,Raúl García,CAM,A. Ioniţă,Cagliari,6000000.0,54.0,-6,20.3,StandingTackle,74.0,4
A. Ioniţă,74,6000000.0,Backup,Raúl García,CAM,A. Ioniţă,Cagliari,6000000.0,54.0,-6,20.3,StandingTackle,75.0,4
Raúl García,80,13000000.0,Starter,Raúl García,CAM,A. Ioniţă,Cagliari,6000000.0,54.0,-6,20.3,Strength,82.0,5
A. Ioniţă,74,6000000.0,Backup,Raúl García,CAM,A. Ioniţă,Cagliari,6000000.0,54.0,-6,20.3,Strength,79.0,5
Raúl García,80,13000000.0,Starter,Raúl García,CAM,A. Ioniţă,Cagliari,6000000.0,54.0,-6,20.3,SprintSpeed,57.0,6
A. Ioniţă,74,6000000.0,Backup,Raúl García,CAM,A. Ioniţă,Cagliari,6000000.0,54.0,-6,20.3,SprintSpeed,68.0,6
S. Defour,80,13500000.0,Starter,S. Defour,LCM,B. Džemaili,Bologna,6500000.0,52.0,-3,56.1,SprintSpeed,62.0,0
B. Džemaili,77,6500000.0,Backup,S. Defour,LCM,B. Džemaili,Bologna,6500000.0,52.0,-3,56.1,SprintSpeed,65.0,0
S. Defour,80,13500000.0,Starter,S. Defour,LCM,B. Džemaili,Bologna,6500000.0,52.0,-3,56.1,Finishing,67.0,1
B. Džemaili,77,6500000.0,Backup,S. Defour,LCM,B. Džemaili,Bologna,6500000.0,52.0,-3,56.1,Finishing,70.0,1
S. Defour,80,13500000.0,Starter,S. Defour,LCM,B. Džemaili,Bologna,6500000.0,52.0,-3,56.1,ShortPassing,81.0,2
B. Džemaili,77,6500000.0,Backup,S. Defour,LCM,B. Džemaili,Bologna,6500000.0,52.0,-3,56.1,ShortPassing,78.0,2
S. Defour,80,13500000.0,Starter,S. Defour,LCM,B. Džemaili,Bologna,6500000.0,52.0,-3,56.1,Dribbling,78.0,3
B. Džemaili,77,6500000.0,Backup,S. Defour,LCM,B. Džemaili,Bologna,6500000.0,52.0,-3,56.1,Dribbling,77.0,3
S. Defour,80,13500000.0,Starter,S. Defour,LCM,B. Džemaili,Bologna,6500000.0,52.0,-3,56.1,StandingTackle,76.0,4
B. Džemaili,77,6500000.0,Backup,S. Defour,LCM,B. Džemaili,Bologna,6500000.0,52.0,-3,56.1,StandingTackle,70.0,4
S. Defour,80,13500000.0,Starter,S. Defour,LCM,B. Džemaili,Bologna,6500000.0,52.0,-3,56.1,Strength,68.0,5
B. Džemaili,77,6500000.0,Backup,S. Defour,LCM,B. Džemaili,Bologna,6500000.0,52.0,-3,56.1,Strength,67.0,5
S. Defour,80,13500000.0,Starter,S. Defour,LCM,B. Džemaili,Bologna,6500000.0,52.0,-3,56.1,SprintSpeed,62.0,6
B. Džemaili,77,6500000.0,Backup,S. Defour,LCM,B. Džemaili,Bologna,6500000.0,52.0,-3,56.1,SprintSpeed,65.0,6
M. Škrtel,80,6000000.0,Starter,M. Škrtel,LCB,Etxeita,SD Huesca,3000000.0,50.0,-7,35.6,SprintSpeed,62.0,0
Etxeita,73,3000000.0,Backup,M. Škrtel,LCB,Etxeita,SD Huesca,3000000.0,50.0,-7,35.6,SprintSpeed,53.0,0
M. Škrtel,80,6000000.0,Starter,M. Škrtel,LCB,Etxeita,SD Huesca,3000000.0,50.0,-7,35.6,Finishing,35.0,1
Etxeita,73,3000000.0,Backup,M. Škrtel,LCB,Etxeita,SD Huesca,3000000.0,50.0,-7,35.6,Finishing,29.0,1
M. Škrtel,80,6000000.0,Starter,M. Škrtel,LCB,Etxeita,SD Huesca,3000000.0,50.0,-7,35.6,ShortPassing,68.0,2
Etxeita,73,3000000.0,Backup,M. Škrtel,LCB,Etxeita,SD Huesca,3000000.0,50.0,-7,35.6,ShortPassing,63.0,2
M. Škrtel,80,6000000.0,Starter,M. Škrtel,LCB,Etxeita,SD Huesca,3000000.0,50.0,-7,35.6,Dribbling,46.0,3
Etxeita,73,3000000.0,Backup,M. Škrtel,LCB,Etxeita,SD Huesca,3000000.0,50.0,-7,35.6,Dribbling,47.0,3
M. Škrtel,80,6000000.0,Starter,M. Škrtel,LCB,Etxeita,SD Huesca,3000000.0,50.0,-7,35.6,StandingTackle,82.0,4
Etxeita,73,3000000.0,Backup,M. Škrtel,LCB,Etxeita,SD Huesca,3000000.0,50.0,-7,35.6,StandingTackle,71.0,4
M. Škrtel,80,6000000.0,Starter,M. Škrtel,LCB,Etxeita,SD Huesca,3000000.0,50.0,-7,35.6,Strength,86.0,5
Etxeita,73,3000000.0,Backup,M. Škrtel,LCB,Etxeita,SD Huesca,3000000.0,50.0,-7,35.6,Strength,82.0,5
M. Škrtel,80,6000000.0,Starter,M. Škrtel,LCB,Etxeita,SD Huesca,3000000.0,50.0,-7,35.6,SprintSpeed,62.0,6
Etxeita,73,3000000.0,Backup,M. Škrtel,LCB,Etxeita,SD Huesca,3000000.0,50.0,-7,35.6,SprintSpeed,53.0,6
S. Radu,80,10000000.0,Starter,S. Radu,LCB,K. Laifis,Standard de Liège,6000000.0,40.0,-6,34.7,SprintSpeed,68.0,0
K. Laifis,74,6000000.0,Backup,S. Radu,LCB,K. Laifis,Standard de Liège,6000000.0,40.0,-6,34.7,SprintSpeed,67.0,0
S. Radu,80,10000000.0,Starter,S. Radu,LCB,K. Laifis,Standard de Liège,6000000.0,40.0,-6,34.7,Finishing,55.0,1
K. Laifis,74,6000000.0,Backup,S. Radu,LCB,K. Laifis,Standard de Liège,6000000.0,40.0,-6,34.7,Finishing,56.0,1
S. Radu,80,10000000.0,Starter,S. Radu,LCB,K. Laifis,Standard de Liège,6000000.0,40.0,-6,34.7,ShortPassing,71.0,2
K. Laifis,74,6000000.0,Backup,S. Radu,LCB,K. Laifis,Standard de Liège,6000000.0,40.0,-6,34.7,ShortPassing,71.0,2
S. Radu,80,10000000.0,Starter,S. Radu,LCB,K. Laifis,Standard de Liège,6000000.0,40.0,-6,34.7,Dribbling,66.0,3
K. Laifis,74,6000000.0,Backup,S. Radu,LCB,K. Laifis,Standard de Liège,6000000.0,40.0,-6,34.7,Dribbling,68.0,3
S. Radu,80,10000000.0,Starter,S. Radu,LCB,K. Laifis,Standard de Liège,6000000.0,40.0,-6,34.7,StandingTackle,86.0,4
K. Laifis,74,6000000.0,Backup,S. Radu,LCB,K. Laifis,Standard de Liège,6000000.0,40.0,-6,34.7,StandingTackle,74.0,4
S. Radu,80,10000000.0,Starter,S. Radu,LCB,K. Laifis,Standard de Liège,6000000.0,40.0,-6,34.7,Strength,74.0,5
K. Laifis,74,6000000.0,Backup,S. Radu,LCB,K. Laifis,Standard de Liège,6000000.0,40.0,-6,34.7,Strength,72.0,5
S. Radu,80,10000000.0,Starter,S. Radu,LCB,K. Laifis,Standard de Liège,6000000.0,40.0,-6,34.7,SprintSpeed,68.0,6
K. Laifis,74,6000000.0,Backup,S. Radu,LCB,K. Laifis,Standard de Liège,6000000.0,40.0,-6,34.7,SprintSpeed,67.0,6
G. Cahill,80,8500000.0,Starter,G. Cahill,CB,R. Klavan,Cagliari,5000000.0,41.0,-3,32.4,SprintSpeed,48.0,0
R. Klavan,77,5000000.0,Backup,G. Cahill,CB,R. Klavan,Cagliari,5000000.0,41.0,-3,32.4,SprintSpeed,51.0,0
G. Cahill,80,8500000.0,Starter,G. Cahill,CB,R. Klavan,Cagliari,5000000.0,41.0,-3,32.4,Finishing,56.0,1
R. Klavan,77,5000000.0,Backup,G. Cahill,CB,R. Klavan,Cagliari,5000000.0,41.0,-3,32.4,Finishing,38.0,1
G. Cahill,80,8500000.0,Starter,G. Cahill,CB,R. Klavan,Cagliari,5000000.0,41.0,-3,32.4,ShortPassing,66.0,2
R. Klavan,77,5000000.0,Backup,G. Cahill,CB,R. Klavan,Cagliari,5000000.0,41.0,-3,32.4,ShortPassing,72.0,2
G. Cahill,80,8500000.0,Starter,G. Cahill,CB,R. Klavan,Cagliari,5000000.0,41.0,-3,32.4,Dribbling,56.0,3
R. Klavan,77,5000000.0,Backup,G. Cahill,CB,R. Klavan,Cagliari,5000000.0,41.0,-3,32.4,Dribbling,56.0,3
G. Cahill,80,8500000.0,Starter,G. Cahill,CB,R. Klavan,Cagliari,5000000.0,41.0,-3,32.4,StandingTackle,82.0,4
R. Klavan,77,5000000.0,Backup,G. Cahill,CB,R. Klavan,Cagliari,5000000.0,41.0,-3,32.4,StandingTackle,80.0,4
G. Cahill,80,8500000.0,Starter,G. Cahill,CB,R. Klavan,Cagliari,5000000.0,41.0,-3,32.4,Strength,79.0,5
R. Klavan,77,5000000.0,Backup,G. Cahill,CB,R. Klavan,Cagliari,5000000.0,41.0,-3,32.4,Strength,74.0,5
G. Cahill,80,8500000.0,Starter,G. Cahill,CB,R. Klavan,Cagliari,5000000.0,41.0,-3,32.4,SprintSpeed,48.0,6
R. Klavan,77,5000000.0,Backup,G. Cahill,CB,R. Klavan,Cagliari,5000000.0,41.0,-3,32.4,SprintSpeed,51.0,6
L. Diarra,80,6000000.0,Starter,L. Diarra,CDM,M. Schmiedebach,1. FC Union Berlin,2400000.0,60.0,-8,41.0,SprintSpeed,69.0,0
M. Schmiedebach,72,2400000.0,Backup,L. Diarra,CDM,M. Schmiedebach,1. FC Union Berlin,2400000.0,60.0,-8,41.0,SprintSpeed,68.0,0
L. Diarra,80,6000000.0,Starter,L. Diarra,CDM,M. Schmiedebach,1. FC Union Berlin,2400000.0,60.0,-8,41.0,Finishing,38.0,1
M. Schmiedebach,72,2400000.0,Backup,L. Diarra,CDM,M. Schmiedebach,1. FC Union Berlin,2400000.0,60.0,-8,41.0,Finishing,31.0,1
L. Diarra,80,6000000.0,Starter,L. Diarra,CDM,M. Schmiedebach,1. FC Union Berlin,2400000.0,60.0,-8,41.0,ShortPassing,79.0,2
M. Schmiedebach,72,2400000.0,Backup,L. Diarra,CDM,M. Schmiedebach,1. FC Union Berlin,2400000.0,60.0,-8,41.0,ShortPassing,70.0,2
L. Diarra,80,6000000.0,Starter,L. Diarra,CDM,M. Schmiedebach,1. FC Union Berlin,2400000.0,60.0,-8,41.0,Dribbling,73.0,3
M. Schmiedebach,72,2400000.0,Backup,L. Diarra,CDM,M. Schmiedebach,1. FC Union Berlin,2400000.0,60.0,-8,41.0,Dribbling,69.0,3
L. Diarra,80,6000000.0,Starter,L. Diarra,CDM,M. Schmiedebach,1. FC Union Berlin,2400000.0,60.0,-8,41.0,StandingTackle,79.0,4
M. Schmiedebach,72,2400000.0,Backup,L. Diarra,CDM,M. Schmiedebach,1. FC Union Berlin,2400000.0,60.0,-8,41.0,StandingTackle,71.0,4
L. Diarra,80,6000000.0,Starter,L. Diarra,CDM,M. Schmiedebach,1. FC Union Berlin,2400000.0,60.0,-8,41.0,Strength,68.0,5
M. Schmiedebach,72,2400000.0,Backup,L. Diarra,CDM,M. Schmiedebach,1. FC Union Berlin,2400000.0,60.0,-8,41.0,Strength,65.0,5
L. Diarra,80,6000000.0,Starter,L. Diarra,CDM,M. Schmiedebach,1. FC Union Berlin,2400000.0,60.0,-8,41.0,SprintSpeed,69.0,6
M. Schmiedebach,72,2400000.0,Backup,L. Diarra,CDM,M. Schmiedebach,1. FC Union Berlin,2400000.0,60.0,-8,41.0,SprintSpeed,68.0,6
L. Perrin,80,8500000.0,Starter,L. Perrin,RCB,R. Fanni,Montreal Impact,750000.0,91.0,-6,43.9,SprintSpeed,63.0,0
R. Fanni,74,750000.0,Backup,L. Perrin,RCB,R. Fanni,Montreal Impact,750000.0,91.0,-6,43.9,SprintSpeed,65.0,0
L. Perrin,80,8500000.0,Starter,L. Perrin,RCB,R. Fanni,Montreal Impact,750000.0,91.0,-6,43.9,Finishing,55.0,1
R. Fanni,74,750000.0,Backup,L. Perrin,RCB,R. Fanni,Montreal Impact,750000.0,91.0,-6,43.9,Finishing,44.0,1
L. Perrin,80,8500000.0,Starter,L. Perrin,RCB,R. Fanni,Montreal Impact,750000.0,91.0,-6,43.9,ShortPassing,74.0,2
R. Fanni,74,750000.0,Backup,L. Perrin,RCB,R. Fanni,Montreal Impact,750000.0,91.0,-6,43.9,ShortPassing,70.0,2
L. Perrin,80,8500000.0,Starter,L. Perrin,RCB,R. Fanni,Montreal Impact,750000.0,91.0,-6,43.9,Dribbling,62.0,3
R. Fanni,74,750000.0,Backup,L. Perrin,RCB,R. Fanni,Montreal Impact,750000.0,91.0,-6,43.9,Dribbling,66.0,3
L. Perrin,80,8500000.0,Starter,L. Perrin,RCB,R. Fanni,Montreal Impact,750000.0,91.0,-6,43.9,StandingTackle,84.0,4
R. Fanni,74,750000.0,Backup,L. Perrin,RCB,R. Fanni,Montreal Impact,750000.0,91.0,-6,43.9,StandingTackle,71.0,4
L. Perrin,80,8500000.0,Starter,L. Perrin,RCB,R. Fanni,Montreal Impact,750000.0,91.0,-6,43.9,Strength,78.0,5
R. Fanni,74,750000.0,Backup,L. Perrin,RCB,R. Fanni,Montreal Impact,750000.0,91.0,-6,43.9,Strength,79.0,5
L. Perrin,80,8500000.0,Starter,L. Perrin,RCB,R. Fanni,Montreal Impact,750000.0,91.0,-6,43.9,SprintSpeed,63.0,6
R. Fanni,74,750000.0,Backup,L. Perrin,RCB,R. Fanni,Montreal Impact,750000.0,91.0,-6,43.9,SprintSpeed,65.0,6
Dante,80,4500000.0,Starter,Dante,CB,Hilton,Montpellier HSC,0.0,100.0,-2,52.9,SprintSpeed,41.0,0
Hilton,78,0.0,Backup,Dante,CB,Hilton,Montpellier HSC,0.0,100.0,-2,52.9,SprintSpeed,38.0,0
Dante,80,4500000.0,Starter,Dante,CB,Hilton,Montpellier HSC,0.0,100.0,-2,52.9,Finishing,47.0,1
Hilton,78,0.0,Backup,Dante,CB,Hilton,Montpellier HSC,0.0,100.0,-2,52.9,Finishing,45.0,1
Dante,80,4500000.0,Starter,Dante,CB,Hilton,Montpellier HSC,0.0,100.0,-2,52.9,ShortPassing,74.0,2
Hilton,78,0.0,Backup,Dante,CB,Hilton,Montpellier HSC,0.0,100.0,-2,52.9,ShortPassing,73.0,2
Dante,80,4500000.0,Starter,Dante,CB,Hilton,Montpellier HSC,0.0,100.0,-2,52.9,Dribbling,57.0,3
Hilton,78,0.0,Backup,Dante,CB,Hilton,Montpellier HSC,0.0,100.0,-2,52.9,Dribbling,63.0,3
Dante,80,4500000.0,Starter,Dante,CB,Hilton,Montpellier HSC,0.0,100.0,-2,52.9,StandingTackle,82.0,4
Hilton,78,0.0,Backup,Dante,CB,Hilton,Montpellier HSC,0.0,100.0,-2,52.9,StandingTackle,77.0,4
Dante,80,4500000.0,Starter,Dante,CB,Hilton,Montpellier HSC,0.0,100.0,-2,52.9,Strength,81.0,5
Hilton,78,0.0,Backup,Dante,CB,Hilton,Montpellier HSC,0.0,100.0,-2,52.9,Strength,76.0,5
Dante,80,4500000.0,Starter,Dante,CB,Hilton,Montpellier HSC,0.0,100.0,-2,52.9,SprintSpeed,41.0,6
Hilton,78,0.0,Backup,Dante,CB,Hilton,Montpellier HSC,0.0,100.0,-2,52.9,SprintSpeed,38.0,6
A. Granqvist,80,0.0,Starter,A. Granqvist,LCB,R. Sigurðsson,Free Agent,0.0,,-7,1.6,SprintSpeed,49.0,0
R. Sigurðsson,73,0.0,Backup,A. Granqvist,LCB,R. Sigurðsson,Free Agent,0.0,,-7,1.6,SprintSpeed,61.0,0
A. Granqvist,80,0.0,Starter,A. Granqvist,LCB,R. Sigurðsson,Free Agent,0.0,,-7,1.6,Finishing,51.0,1
R. Sigurðsson,73,0.0,Backup,A. Granqvist,LCB,R. Sigurðsson,Free Agent,0.0,,-7,1.6,Finishing,26.0,1
A. Granqvist,80,0.0,Starter,A. Granqvist,LCB,R. Sigurðsson,Free Agent,0.0,,-7,1.6,ShortPassing,73.0,2
R. Sigurðsson,73,0.0,Backup,A. Granqvist,LCB,R. Sigurðsson,Free Agent,0.0,,-7,1.6,ShortPassing,66.0,2
A. Granqvist,80,0.0,Starter,A. Granqvist,LCB,R. Sigurðsson,Free Agent,0.0,,-7,1.6,Dribbling,49.0,3
R. Sigurðsson,73,0.0,Backup,A. Granqvist,LCB,R. Sigurðsson,Free Agent,0.0,,-7,1.6,Dribbling,30.0,3
A. Granqvist,80,0.0,Starter,A. Granqvist,LCB,R. Sigurðsson,Free Agent,0.0,,-7,1.6,StandingTackle,83.0,4
R. Sigurðsson,73,0.0,Backup,A. Granqvist,LCB,R. Sigurðsson,Free Agent,0.0,,-7,1.6,StandingTackle,71.0,4
A. Granqvist,80,0.0,Starter,A. Granqvist,LCB,R. Sigurðsson,Free Agent,0.0,,-7,1.6,Strength,83.0,5
R. Sigurðsson,73,0.0,Backup,A. Granqvist,LCB,R. Sigurðsson,Free Agent,0.0,,-7,1.6,Strength,81.0,5
A. Granqvist,80,0.0,Starter,A. Granqvist,LCB,R. Sigurðsson,Free Agent,0.0,,-7,1.6,SprintSpeed,49.0,6
R. Sigurðsson,73,0.0,Backup,A. Granqvist,LCB,R. Sigurðsson,Free Agent,0.0,,-7,1.6,SprintSpeed,61.0,6
A. Gignac,80,12000000.0,Starter,A. Gignac,ST,J. Locadia,Brighton & Hove Albion,9000000.0,25.0,-5,40.6,SprintSpeed,68.0,0
J. Locadia,75,9000000.0,Backup,A. Gignac,ST,J. Locadia,Brighton & Hove Albion,9000000.0,25.0,-5,40.6,SprintSpeed,76.0,0
A. Gignac,80,12000000.0,Starter,A. Gignac,ST,J. Locadia,Brighton & Hove Albion,9000000.0,25.0,-5,40.6,Finishing,83.0,1
J. Locadia,75,9000000.0,Backup,A. Gignac,ST,J. Locadia,Brighton & Hove Albion,9000000.0,25.0,-5,40.6,Finishing,75.0,1
A. Gignac,80,12000000.0,Starter,A. Gignac,ST,J. Locadia,Brighton & Hove Albion,9000000.0,25.0,-5,40.6,ShortPassing,70.0,2
J. Locadia,75,9000000.0,Backup,A. Gignac,ST,J. Locadia,Brighton & Hove Albion,9000000.0,25.0,-5,40.6,ShortPassing,72.0,2
A. Gignac,80,12000000.0,Starter,A. Gignac,ST,J. Locadia,Brighton & Hove Albion,9000000.0,25.0,-5,40.6,Dribbling,73.0,3
J. Locadia,75,9000000.0,Backup,A. Gignac,ST,J. Locadia,Brighton & Hove Albion,9000000.0,25.0,-5,40.6,Dribbling,74.0,3
A. Gignac,80,12000000.0,Starter,A. Gignac,ST,J. Locadia,Brighton & Hove Albion,9000000.0,25.0,-5,40.6,StandingTackle,41.0,4
J. Locadia,75,9000000.0,Backup,A. Gignac,ST,J. Locadia,Brighton & Hove Albion,9000000.0,25.0,-5,40.6,StandingTackle,34.0,4
A. Gignac,80,12000000.0,Starter,A. Gignac,ST,J. Locadia,Brighton & Hove Albion,9000000.0,25.0,-5,40.6,Strength,89.0,5
J. Locadia,75,9000000.0,Backup,A. Gignac,ST,J. Locadia,Brighton & Hove Albion,9000000.0,25.0,-5,40.6,Strength,78.0,5
A. Gignac,80,12000000.0,Starter,A. Gignac,ST,J. Locadia,Brighton & Hove Albion,9000000.0,25.0,-5,40.6,SprintSpeed,68.0,6
J. Locadia,75,9000000.0,Backup,A. Gignac,ST,J. Locadia,Brighton & Hove Albion,9000000.0,25.0,-5,40.6,SprintSpeed,76.0,6
I. Akinfeev,80,8500000.0,Starter,I. Akinfeev,GK,A. Lunev,Free Agent,0.0,100.0,-1,58.9,SprintSpeed,50.0,0
A. Lunev,79,0.0,Backup,I. Akinfeev,GK,A. Lunev,Free Agent,0.0,100.0,-1,58.9,SprintSpeed,54.0,0
I. Akinfeev,80,8500000.0,Starter,I. Akinfeev,GK,A. Lunev,Free Agent,0.0,100.0,-1,58.9,Finishing,13.0,1
A. Lunev,79,0.0,Backup,I. Akinfeev,GK,A. Lunev,Free Agent,0.0,100.0,-1,58.9,Finishing,14.0,1
I. Akinfeev,80,8500000.0,Starter,I. Akinfeev,GK,A. Lunev,Free Agent,0.0,100.0,-1,58.9,ShortPassing,23.0,2
A. Lunev,79,0.0,Backup,I. Akinfeev,GK,A. Lunev,Free Agent,0.0,100.0,-1,58.9,ShortPassing,25.0,2
I. Akinfeev,80,8500000.0,Starter,I. Akinfeev,GK,A. Lunev,Free Agent,0.0,100.0,-1,58.9,Dribbling,15.0,3
A. Lunev,79,0.0,Backup,I. Akinfeev,GK,A. Lunev,Free Agent,0.0,100.0,-1,58.9,Dribbling,15.0,3
I. Akinfeev,80,8500000.0,Starter,I. Akinfeev,GK,A. Lunev,Free Agent,0.0,100.0,-1,58.9,StandingTackle,13.0,4
A. Lunev,79,0.0,Backup,I. Akinfeev,GK,A. Lunev,Free Agent,0.0,100.0,-1,58.9,StandingTackle,20.0,4
I. Akinfeev,80,8500000.0,Starter,I. Akinfeev,GK,A. Lunev,Free Agent,0.0,100.0,-1,58.9,Strength,72.0,5
A. Lunev,79,0.0,Backup,I. Akinfeev,GK,A. Lunev,Free Agent,0.0,100.0,-1,58.9,Strength,70.0,5
I. Akinfeev,80,8500000.0,Starter,I. Akinfeev,GK,A. Lunev,Free Agent,0.0,100.0,-1,58.9,SprintSpeed,50.0,6
A. Lunev,79,0.0,Backup,I. Akinfeev,GK,A. Lunev,Free Agent,0.0,100.0,-1,58.9,SprintSpeed,54.0,6
I. Denisov,80,4500000.0,Starter,I. Denisov,RDM,Claudiano Sobrino,Chapecoense,1700000.0,62.0,-6,41.3,SprintSpeed,65.0,0
Claudiano Sobrino,74,1700000.0,Backup,I. Denisov,RDM,Claudiano Sobrino,Chapecoense,1700000.0,62.0,-6,41.3,SprintSpeed,74.0,0
I. Denisov,80,4500000.0,Starter,I. Denisov,RDM,Claudiano Sobrino,Chapecoense,1700000.0,62.0,-6,41.3,Finishing,61.0,1
Claudiano Sobrino,74,1700000.0,Backup,I. Denisov,RDM,Claudiano Sobrino,Chapecoense,1700000.0,62.0,-6,41.3,Finishing,53.0,1
I. Denisov,80,4500000.0,Starter,I. Denisov,RDM,Claudiano Sobrino,Chapecoense,1700000.0,62.0,-6,41.3,ShortPassing,80.0,2
Claudiano Sobrino,74,1700000.0,Backup,I. Denisov,RDM,Claudiano Sobrino,Chapecoense,1700000.0,62.0,-6,41.3,ShortPassing,76.0,2
I. Denisov,80,4500000.0,Starter,I. Denisov,RDM,Claudiano Sobrino,Chapecoense,1700000.0,62.0,-6,41.3,Dribbling,73.0,3
Claudiano Sobrino,74,1700000.0,Backup,I. Denisov,RDM,Claudiano Sobrino,Chapecoense,1700000.0,62.0,-6,41.3,Dribbling,71.0,3
I. Denisov,80,4500000.0,Starter,I. Denisov,RDM,Claudiano Sobrino,Chapecoense,1700000.0,62.0,-6,41.3,StandingTackle,81.0,4
Claudiano Sobrino,74,1700000.0,Backup,I. Denisov,RDM,Claudiano Sobrino,Chapecoense,1700000.0,62.0,-6,41.3,StandingTackle,69.0,4
I. Denisov,80,4500000.0,Starter,I. Denisov,RDM,Claudiano Sobrino,Chapecoense,1700000.0,62.0,-6,41.3,Strength,64.0,5
Claudiano Sobrino,74,1700000.0,Backup,I. Denisov,RDM,Claudiano Sobrino,Chapecoense,1700000.0,62.0,-6,41.3,Strength,71.0,5
I. Denisov,80,4500000.0,Starter,I. Denisov,RDM,Claudiano Sobrino,Chapecoense,1700000.0,62.0,-6,41.3,SprintSpeed,65.0,6
Claudiano Sobrino,74,1700000.0,Backup,I. Denisov,RDM,Claudiano Sobrino,Chapecoense,1700000.0,62.0,-6,41.3,SprintSpeed,74.0,6
Juanfran,80,5500000.0,Starter,Juanfran,RB,G. Gönül,Beşiktaş JK,3000000.0,45.0,-4,44.9,SprintSpeed,86.0,0
G. Gönül,76,3000000.0,Backup,Juanfran,RB,G. Gönül,Beşiktaş JK,3000000.0,45.0,-4,44.9,SprintSpeed,78.0,0
Juanfran,80,5500000.0,Starter,Juanfran,RB,G. Gönül,Beşiktaş JK,3000000.0,45.0,-4,44.9,Finishing,54.0,1
G. Gönül,76,3000000.0,Backup,Juanfran,RB,G. Gönül,Beşiktaş JK,3000000.0,45.0,-4,44.9,Finishing,58.0,1
Juanfran,80,5500000.0,Starter,Juanfran,RB,G. Gönül,Beşiktaş JK,3000000.0,45.0,-4,44.9,ShortPassing,77.0,2
G. Gönül,76,3000000.0,Backup,Juanfran,RB,G. Gönül,Beşiktaş JK,3000000.0,45.0,-4,44.9,ShortPassing,74.0,2
Juanfran,80,5500000.0,Starter,Juanfran,RB,G. Gönül,Beşiktaş JK,3000000.0,45.0,-4,44.9,Dribbling,75.0,3
G. Gönül,76,3000000.0,Backup,Juanfran,RB,G. Gönül,Beşiktaş JK,3000000.0,45.0,-4,44.9,Dribbling,78.0,3
Juanfran,80,5500000.0,Starter,Juanfran,RB,G. Gönül,Beşiktaş JK,3000000.0,45.0,-4,44.9,StandingTackle,81.0,4
G. Gönül,76,3000000.0,Backup,Juanfran,RB,G. Gönül,Beşiktaş JK,3000000.0,45.0,-4,44.9,StandingTackle,78.0,4
Juanfran,80,5500000.0,Starter,Juanfran,RB,G. Gönül,Beşiktaş JK,3000000.0,45.0,-4,44.9,Strength,74.0,5
G. Gönül,76,3000000.0,Backup,Juanfran,RB,G. Gönül,Beşiktaş JK,3000000.0,45.0,-4,44.9,Strength,65.0,5
Juanfran,80,5500000.0,Starter,Juanfran,RB,G. Gönül,Beşiktaş JK,3000000.0,45.0,-4,44.9,SprintSpeed,86.0,6
G. Gönül,76,3000000.0,Backup,Juanfran,RB,G. Gönül,Beşiktaş JK,3000000.0,45.0,-4,44.9,SprintSpeed,78.0,6
Diego López,80,2000000.0,Starter,Diego López,GK,Cássio,Al Taawoun,450000.0,78.0,-5,65.9,SprintSpeed,52.0,0
Cássio,75,450000.0,Backup,Diego López,GK,Cássio,Al Taawoun,450000.0,78.0,-5,65.9,SprintSpeed,40.0,0
Diego López,80,2000000.0,Starter,Diego López,GK,Cássio,Al Taawoun,450000.0,78.0,-5,65.9,Finishing,12.0,1
Cássio,75,450000.0,Backup,Diego López,GK,Cássio,Al Taawoun,450000.0,78.0,-5,65.9,Finishing,11.0,1
Diego López,80,2000000.0,Starter,Diego López,GK,Cássio,Al Taawoun,450000.0,78.0,-5,65.9,ShortPassing,28.0,2
Cássio,75,450000.0,Backup,Diego López,GK,Cássio,Al Taawoun,450000.0,78.0,-5,65.9,ShortPassing,25.0,2
Diego López,80,2000000.0,Starter,Diego López,GK,Cássio,Al Taawoun,450000.0,78.0,-5,65.9,Dribbling,11.0,3
Cássio,75,450000.0,Backup,Diego López,GK,Cássio,Al Taawoun,450000.0,78.0,-5,65.9,Dribbling,12.0,3
Diego López,80,2000000.0,Starter,Diego López,GK,Cássio,Al Taawoun,450000.0,78.0,-5,65.9,StandingTackle,13.0,4
Cássio,75,450000.0,Backup,Diego López,GK,Cássio,Al Taawoun,450000.0,78.0,-5,65.9,StandingTackle,17.0,4
Diego López,80,2000000.0,Starter,Diego López,GK,Cássio,Al Taawoun,450000.0,78.0,-5,65.9,Strength,66.0,5
Cássio,75,450000.0,Backup,Diego López,GK,Cássio,Al Taawoun,450000.0,78.0,-5,65.9,Strength,64.0,5
Diego López,80,2000000.0,Starter,Diego López,GK,Cássio,Al Taawoun,450000.0,78.0,-5,65.9,SprintSpeed,52.0,6
Cássio,75,450000.0,Backup,Diego López,GK,Cássio,Al Taawoun,450000.0,78.0,-5,65.9,SprintSpeed,40.0,6
Santi Cazorla,80,8500000.0,Starter,Santi Cazorla,LCM,J. Morrison,West Bromwich Albion,2400000.0,72.0,-8,23.1,SprintSpeed,52.0,0
J. Morrison,72,2400000.0,Backup,Santi Cazorla,LCM,J. Morrison,West Bromwich Albion,2400000.0,72.0,-8,23.1,SprintSpeed,55.0,0
Santi Cazorla,80,8500000.0,Starter,Santi Cazorla,LCM,J. Morrison,West Bromwich Albion,2400000.0,72.0,-8,23.1,Finishing,71.0,1
J. Morrison,72,2400000.0,Backup,Santi Cazorla,LCM,J. Morrison,West Bromwich Albion,2400000.0,72.0,-8,23.1,Finishing,70.0,1
Santi Cazorla,80,8500000.0,Starter,Santi Cazorla,LCM,J. Morrison,West Bromwich Albion,2400000.0,72.0,-8,23.1,ShortPassing,85.0,2
J. Morrison,72,2400000.0,Backup,Santi Cazorla,LCM,J. Morrison,West Bromwich Albion,2400000.0,72.0,-8,23.1,ShortPassing,74.0,2
Santi Cazorla,80,8500000.0,Starter,Santi Cazorla,LCM,J. Morrison,West Bromwich Albion,2400000.0,72.0,-8,23.1,Dribbling,84.0,3
J. Morrison,72,2400000.0,Backup,Santi Cazorla,LCM,J. Morrison,West Bromwich Albion,2400000.0,72.0,-8,23.1,Dribbling,73.0,3
Santi Cazorla,80,8500000.0,Starter,Santi Cazorla,LCM,J. Morrison,West Bromwich Albion,2400000.0,72.0,-8,23.1,StandingTackle,60.0,4
J. Morrison,72,2400000.0,Backup,Santi Cazorla,LCM,J. Morrison,West Bromwich Albion,2400000.0,72.0,-8,23.1,StandingTackle,63.0,4
Santi Cazorla,80,8500000.0,Starter,Santi Cazorla,LCM,J. Morrison,West Bromwich Albion,2400000.0,72.0,-8,23.1,Strength,54.0,5
J. Morrison,72,2400000.0,Backup,Santi Cazorla,LCM,J. Morrison,West Bromwich Albion,2400000.0,72.0,-8,23.1,Strength,61.0,5
Santi Cazorla,80,8500000.0,Starter,Santi Cazorla,LCM,J. Morrison,West Bromwich Albion,2400000.0,72.0,-8,23.1,SprintSpeed,52.0,6
J. Morrison,72,2400000.0,Backup,Santi Cazorla,LCM,J. Morrison,West Bromwich Albion,2400000.0,72.0,-8,23.1,SprintSpeed,55.0,6
Jesús Navas,80,11500000.0,Starter,Jesús Navas,RM,P. Arriola,DC United,4200000.0,63.0,-8,24.5,SprintSpeed,88.0,0
P. Arriola,72,4200000.0,Backup,Jesús Navas,RM,P. Arriola,DC United,4200000.0,63.0,-8,24.5,SprintSpeed,83.0,0
Jesús Navas,80,11500000.0,Starter,Jesús Navas,RM,P. Arriola,DC United,4200000.0,63.0,-8,24.5,Finishing,64.0,1
P. Arriola,72,4200000.0,Backup,Jesús Navas,RM,P. Arriola,DC United,4200000.0,63.0,-8,24.5,Finishing,66.0,1
Jesús Navas,80,11500000.0,Starter,Jesús Navas,RM,P. Arriola,DC United,4200000.0,63.0,-8,24.5,ShortPassing,75.0,2
P. Arriola,72,4200000.0,Backup,Jesús Navas,RM,P. Arriola,DC United,4200000.0,63.0,-8,24.5,ShortPassing,66.0,2
Jesús Navas,80,11500000.0,Starter,Jesús Navas,RM,P. Arriola,DC United,4200000.0,63.0,-8,24.5,Dribbling,80.0,3
P. Arriola,72,4200000.0,Backup,Jesús Navas,RM,P. Arriola,DC United,4200000.0,63.0,-8,24.5,Dribbling,74.0,3
Jesús Navas,80,11500000.0,Starter,Jesús Navas,RM,P. Arriola,DC United,4200000.0,63.0,-8,24.5,StandingTackle,61.0,4
P. Arriola,72,4200000.0,Backup,Jesús Navas,RM,P. Arriola,DC United,4200000.0,63.0,-8,24.5,StandingTackle,66.0,4
Jesús Navas,80,11500000.0,Starter,Jesús Navas,RM,P. Arriola,DC United,4200000.0,63.0,-8,24.5,Strength,35.0,5
P. Arriola,72,4200000.0,Backup,Jesús Navas,RM,P. Arriola,DC United,4200000.0,63.0,-8,24.5,Strength,53.0,5
Jesús Navas,80,11500000.0,Starter,Jesús Navas,RM,P. Arriola,DC United,4200000.0,63.0,-8,24.5,SprintSpeed,88.0,6
P. Arriola,72,4200000.0,Backup,Jesús Navas,RM,P. Arriola,DC United,4200000.0,63.0,-8,24.5,SprintSpeed,83.0,6
J. Mascherano,80,4500000.0,Starter,J. Mascherano,LDM,N. Domingo,Independiente,3100000.0,31.0,-4,39.2,SprintSpeed,62.0,0
N. Domingo,76,3100000.0,Backup,J. Mascherano,LDM,N. Domingo,Independiente,3100000.0,31.0,-4,39.2,SprintSpeed,55.0,0
J. Mascherano,80,4500000.0,Starter,J. Mascherano,LDM,N. Domingo,Independiente,3100000.0,31.0,-4,39.2,Finishing,42.0,1
N. Domingo,76,3100000.0,Backup,J. Mascherano,LDM,N. Domingo,Independiente,3100000.0,31.0,-4,39.2,Finishing,54.0,1
J. Mascherano,80,4500000.0,Starter,J. Mascherano,LDM,N. Domingo,Independiente,3100000.0,31.0,-4,39.2,ShortPassing,79.0,2
N. Domingo,76,3100000.0,Backup,J. Mascherano,LDM,N. Domingo,Independiente,3100000.0,31.0,-4,39.2,ShortPassing,75.0,2
J. Mascherano,80,4500000.0,Starter,J. Mascherano,LDM,N. Domingo,Independiente,3100000.0,31.0,-4,39.2,Dribbling,58.0,3
N. Domingo,76,3100000.0,Backup,J. Mascherano,LDM,N. Domingo,Independiente,3100000.0,31.0,-4,39.2,Dribbling,66.0,3
J. Mascherano,80,4500000.0,Starter,J. Mascherano,LDM,N. Domingo,Independiente,3100000.0,31.0,-4,39.2,StandingTackle,81.0,4
N. Domingo,76,3100000.0,Backup,J. Mascherano,LDM,N. Domingo,Independiente,3100000.0,31.0,-4,39.2,StandingTackle,78.0,4
J. Mascherano,80,4500000.0,Starter,J. Mascherano,LDM,N. Domingo,Independiente,3100000.0,31.0,-4,39.2,Strength,72.0,5
N. Domingo,76,3100000.0,Backup,J. Mascherano,LDM,N. Domingo,Independiente,3100000.0,31.0,-4,39.2,Strength,66.0,5
J. Mascherano,80,4500000.0,Starter,J. Mascherano,LDM,N. Domingo,Independiente,3100000.0,31.0,-4,39.2,SprintSpeed,62.0,6
N. Domingo,76,3100000.0,Backup,J. Mascherano,LDM,N. Domingo,Independiente,3100000.0,31.0,-4,39.2,SprintSpeed,55.0,6
A. Mirante,80,6000000.0,Starter,A. Mirante,GK,M. Barbosa,Villarreal CF,3900000.0,35.0,-4,64.5,SprintSpeed,43.0,0
M. Barbosa,76,3900000.0,Backup,A. Mirante,GK,M. Barbosa,Villarreal CF,3900000.0,35.0,-4,64.5,SprintSpeed,43.0,0
A. Mirante,80,6000000.0,Starter,A. Mirante,GK,M. Barbosa,Villarreal CF,3900000.0,35.0,-4,64.5,Finishing,17.0,1
M. Barbosa,76,3900000.0,Backup,A. Mirante,GK,M. Barbosa,Villarreal CF,3900000.0,35.0,-4,64.5,Finishing,11.0,1
A. Mirante,80,6000000.0,Starter,A. Mirante,GK,M. Barbosa,Villarreal CF,3900000.0,35.0,-4,64.5,ShortPassing,35.0,2
M. Barbosa,76,3900000.0,Backup,A. Mirante,GK,M. Barbosa,Villarreal CF,3900000.0,35.0,-4,64.5,ShortPassing,38.0,2
A. Mirante,80,6000000.0,Starter,A. Mirante,GK,M. Barbosa,Villarreal CF,3900000.0,35.0,-4,64.5,Dribbling,24.0,3
M. Barbosa,76,3900000.0,Backup,A. Mirante,GK,M. Barbosa,Villarreal CF,3900000.0,35.0,-4,64.5,Dribbling,15.0,3
A. Mirante,80,6000000.0,Starter,A. Mirante,GK,M. Barbosa,Villarreal CF,3900000.0,35.0,-4,64.5,StandingTackle,12.0,4
M. Barbosa,76,3900000.0,Backup,A. Mirante,GK,M. Barbosa,Villarreal CF,3900000.0,35.0,-4,64.5,StandingTackle,15.0,4
A. Mirante,80,6000000.0,Starter,A. Mirante,GK,M. Barbosa,Villarreal CF,3900000.0,35.0,-4,64.5,Strength,55.0,5
M. Barbosa,76,3900000.0,Backup,A. Mirante,GK,M. Barbosa,Villarreal CF,3900000.0,35.0,-4,64.5,Strength,62.0,5
A. Mirante,80,6000000.0,Starter,A. Mirante,GK,M. Barbosa,Villarreal CF,3900000.0,35.0,-4,64.5,SprintSpeed,43.0,6
M. Barbosa,76,3900000.0,Backup,A. Mirante,GK,M. Barbosa,Villarreal CF,3900000.0,35.0,-4,64.5,SprintSpeed,43.0,6
D. Srna,80,1700000.0,Starter,D. Srna,RB,C. Maggio,Benevento,775000.0,54.0,-5,1.9,SprintSpeed,76.0,0
C. Maggio,75,775000.0,Backup,D. Srna,RB,C. Maggio,Benevento,775000.0,54.0,-5,1.9,SprintSpeed,72.0,0
D. Srna,80,1700000.0,Starter,D. Srna,RB,C. Maggio,Benevento,775000.0,54.0,-5,1.9,Finishing,69.0,1
C. Maggio,75,775000.0,Backup,D. Srna,RB,C. Maggio,Benevento,775000.0,54.0,-5,1.9,Finishing,67.0,1
D. Srna,80,1700000.0,Starter,D. Srna,RB,C. Maggio,Benevento,775000.0,54.0,-5,1.9,ShortPassing,85.0,2
C. Maggio,75,775000.0,Backup,D. Srna,RB,C. Maggio,Benevento,775000.0,54.0,-5,1.9,ShortPassing,74.0,2
D. Srna,80,1700000.0,Starter,D. Srna,RB,C. Maggio,Benevento,775000.0,54.0,-5,1.9,Dribbling,72.0,3
C. Maggio,75,775000.0,Backup,D. Srna,RB,C. Maggio,Benevento,775000.0,54.0,-5,1.9,Dribbling,70.0,3
D. Srna,80,1700000.0,Starter,D. Srna,RB,C. Maggio,Benevento,775000.0,54.0,-5,1.9,StandingTackle,78.0,4
C. Maggio,75,775000.0,Backup,D. Srna,RB,C. Maggio,Benevento,775000.0,54.0,-5,1.9,StandingTackle,75.0,4
D. Srna,80,1700000.0,Starter,D. Srna,RB,C. Maggio,Benevento,775000.0,54.0,-5,1.9,Strength,72.0,5
C. Maggio,75,775000.0,Backup,D. Srna,RB,C. Maggio,Benevento,775000.0,54.0,-5,1.9,Strength,77.0,5
D. Srna,80,1700000.0,Starter,D. Srna,RB,C. Maggio,Benevento,775000.0,54.0,-5,1.9,SprintSpeed,76.0,6
C. Maggio,75,775000.0,Backup,D. Srna,RB,C. Maggio,Benevento,775000.0,54.0,-5,1.9,SprintSpeed,72.0,6
B. Schweinsteiger,80,6000000.0,Starter,B. Schweinsteiger,LCB,L. Marrone,Hellas Verona,3200000.0,47.0,-7,13.7,SprintSpeed,37.0,0
L. Marrone,73,3200000.0,Backup,B. Schweinsteiger,LCB,L. Marrone,Hellas Verona,3200000.0,47.0,-7,13.7,SprintSpeed,61.0,0
B. Schweinsteiger,80,6000000.0,Starter,B. Schweinsteiger,LCB,L. Marrone,Hellas Verona,3200000.0,47.0,-7,13.7,Finishing,69.0,1
L. Marrone,73,3200000.0,Backup,B. Schweinsteiger,LCB,L. Marrone,Hellas Verona,3200000.0,47.0,-7,13.7,Finishing,40.0,1
B. Schweinsteiger,80,6000000.0,Starter,B. Schweinsteiger,LCB,L. Marrone,Hellas Verona,3200000.0,47.0,-7,13.7,ShortPassing,82.0,2
L. Marrone,73,3200000.0,Backup,B. Schweinsteiger,LCB,L. Marrone,Hellas Verona,3200000.0,47.0,-7,13.7,ShortPassing,75.0,2
B. Schweinsteiger,80,6000000.0,Starter,B. Schweinsteiger,LCB,L. Marrone,Hellas Verona,3200000.0,47.0,-7,13.7,Dribbling,71.0,3
L. Marrone,73,3200000.0,Backup,B. Schweinsteiger,LCB,L. Marrone,Hellas Verona,3200000.0,47.0,-7,13.7,Dribbling,72.0,3
B. Schweinsteiger,80,6000000.0,Starter,B. Schweinsteiger,LCB,L. Marrone,Hellas Verona,3200000.0,47.0,-7,13.7,StandingTackle,74.0,4
L. Marrone,73,3200000.0,Backup,B. Schweinsteiger,LCB,L. Marrone,Hellas Verona,3200000.0,47.0,-7,13.7,StandingTackle,72.0,4
B. Schweinsteiger,80,6000000.0,Starter,B. Schweinsteiger,LCB,L. Marrone,Hellas Verona,3200000.0,47.0,-7,13.7,Strength,75.0,5
L. Marrone,73,3200000.0,Backup,B. Schweinsteiger,LCB,L. Marrone,Hellas Verona,3200000.0,47.0,-7,13.7,Strength,73.0,5
B. Schweinsteiger,80,6000000.0,Starter,B. Schweinsteiger,LCB,L. Marrone,Hellas Verona,3200000.0,47.0,-7,13.7,SprintSpeed,37.0,6
L. Marrone,73,3200000.0,Backup,B. Schweinsteiger,LCB,L. Marrone,Hellas Verona,3200000.0,47.0,-7,13.7,SprintSpeed,61.0,6
Moyá,80,6000000.0,Starter,Moyá,GK,S. Grytebust,Odense Boldklub,4500000.0,25.0,-6,58.4,SprintSpeed,34.0,0
S. Grytebust,74,4500000.0,Backup,Moyá,GK,S. Grytebust,Odense Boldklub,4500000.0,25.0,-6,58.4,SprintSpeed,40.0,0
Moyá,80,6000000.0,Starter,Moyá,GK,S. Grytebust,Odense Boldklub,4500000.0,25.0,-6,58.4,Finishing,11.0,1
S. Grytebust,74,4500000.0,Backup,Moyá,GK,S. Grytebust,Odense Boldklub,4500000.0,25.0,-6,58.4,Finishing,12.0,1
Moyá,80,6000000.0,Starter,Moyá,GK,S. Grytebust,Odense Boldklub,4500000.0,25.0,-6,58.4,ShortPassing,31.0,2
S. Grytebust,74,4500000.0,Backup,Moyá,GK,S. Grytebust,Odense Boldklub,4500000.0,25.0,-6,58.4,ShortPassing,26.0,2
Moyá,80,6000000.0,Starter,Moyá,GK,S. Grytebust,Odense Boldklub,4500000.0,25.0,-6,58.4,Dribbling,13.0,3
S. Grytebust,74,4500000.0,Backup,Moyá,GK,S. Grytebust,Odense Boldklub,4500000.0,25.0,-6,58.4,Dribbling,14.0,3
Moyá,80,6000000.0,Starter,Moyá,GK,S. Grytebust,Odense Boldklub,4500000.0,25.0,-6,58.4,StandingTackle,14.0,4
S. Grytebust,74,4500000.0,Backup,Moyá,GK,S. Grytebust,Odense Boldklub,4500000.0,25.0,-6,58.4,StandingTackle,14.0,4
Moyá,80,6000000.0,Starter,Moyá,GK,S. Grytebust,Odense Boldklub,4500000.0,25.0,-6,58.4,Strength,57.0,5
S. Grytebust,74,4500000.0,Backup,Moyá,GK,S. Grytebust,Odense Boldklub,4500000.0,25.0,-6,58.4,Strength,58.0,5
Moyá,80,6000000.0,Starter,Moyá,GK,S. Grytebust,Odense Boldklub,4500000.0,25.0,-6,58.4,SprintSpeed,34.0,6
S. Grytebust,74,4500000.0,Backup,Moyá,GK,S. Grytebust,Odense Boldklub,4500000.0,25.0,-6,58.4,SprintSpeed,40.0,6
W. Rooney,80,12000000.0,Starter,W. Rooney,ST,J. Briand,FC Girondins de Bordeaux,6000000.0,50.0,-4,24.7,SprintSpeed,65.0,0
J. Briand,76,6000000.0,Backup,W. Rooney,ST,J. Briand,FC Girondins de Bordeaux,6000000.0,50.0,-4,24.7,SprintSpeed,71.0,0
W. Rooney,80,12000000.0,Starter,W. Rooney,ST,J. Briand,FC Girondins de Bordeaux,6000000.0,50.0,-4,24.7,Finishing,80.0,1
J. Briand,76,6000000.0,Backup,W. Rooney,ST,J. Briand,FC Girondins de Bordeaux,6000000.0,50.0,-4,24.7,Finishing,79.0,1
W. Rooney,80,12000000.0,Starter,W. Rooney,ST,J. Briand,FC Girondins de Bordeaux,6000000.0,50.0,-4,24.7,ShortPassing,81.0,2
J. Briand,76,6000000.0,Backup,W. Rooney,ST,J. Briand,FC Girondins de Bordeaux,6000000.0,50.0,-4,24.7,ShortPassing,77.0,2
W. Rooney,80,12000000.0,Starter,W. Rooney,ST,J. Briand,FC Girondins de Bordeaux,6000000.0,50.0,-4,24.7,Dribbling,74.0,3
J. Briand,76,6000000.0,Backup,W. Rooney,ST,J. Briand,FC Girondins de Bordeaux,6000000.0,50.0,-4,24.7,Dribbling,75.0,3
W. Rooney,80,12000000.0,Starter,W. Rooney,ST,J. Briand,FC Girondins de Bordeaux,6000000.0,50.0,-4,24.7,StandingTackle,55.0,4
J. Briand,76,6000000.0,Backup,W. Rooney,ST,J. Briand,FC Girondins de Bordeaux,6000000.0,50.0,-4,24.7,StandingTackle,46.0,4
W. Rooney,80,12000000.0,Starter,W. Rooney,ST,J. Briand,FC Girondins de Bordeaux,6000000.0,50.0,-4,24.7,Strength,78.0,5
J. Briand,76,6000000.0,Backup,W. Rooney,ST,J. Briand,FC Girondins de Bordeaux,6000000.0,50.0,-4,24.7,Strength,77.0,5
W. Rooney,80,12000000.0,Starter,W. Rooney,ST,J. Briand,FC Girondins de Bordeaux,6000000.0,50.0,-4,24.7,SprintSpeed,65.0,6
J. Briand,76,6000000.0,Backup,W. Rooney,ST,J. Briand,FC Girondins de Bordeaux,6000000.0,50.0,-4,24.7,SprintSpeed,71.0,6
Fernando Torres,80,8000000.0,Starter,Fernando Torres,LS,M. Antenucci,SPAL,4800000.0,40.0,-4,30.2,SprintSpeed,78.0,0
M. Antenucci,76,4800000.0,Backup,Fernando Torres,LS,M. Antenucci,SPAL,4800000.0,40.0,-4,30.2,SprintSpeed,69.0,0
Fernando Torres,80,8000000.0,Starter,Fernando Torres,LS,M. Antenucci,SPAL,4800000.0,40.0,-4,30.2,Finishing,76.0,1
M. Antenucci,76,4800000.0,Backup,Fernando Torres,LS,M. Antenucci,SPAL,4800000.0,40.0,-4,30.2,Finishing,80.0,1
Fernando Torres,80,8000000.0,Starter,Fernando Torres,LS,M. Antenucci,SPAL,4800000.0,40.0,-4,30.2,ShortPassing,79.0,2
M. Antenucci,76,4800000.0,Backup,Fernando Torres,LS,M. Antenucci,SPAL,4800000.0,40.0,-4,30.2,ShortPassing,74.0,2
Fernando Torres,80,8000000.0,Starter,Fernando Torres,LS,M. Antenucci,SPAL,4800000.0,40.0,-4,30.2,Dribbling,80.0,3
M. Antenucci,76,4800000.0,Backup,Fernando Torres,LS,M. Antenucci,SPAL,4800000.0,40.0,-4,30.2,Dribbling,79.0,3
Fernando Torres,80,8000000.0,Starter,Fernando Torres,LS,M. Antenucci,SPAL,4800000.0,40.0,-4,30.2,StandingTackle,22.0,4
M. Antenucci,76,4800000.0,Backup,Fernando Torres,LS,M. Antenucci,SPAL,4800000.0,40.0,-4,30.2,StandingTackle,36.0,4
Fernando Torres,80,8000000.0,Starter,Fernando Torres,LS,M. Antenucci,SPAL,4800000.0,40.0,-4,30.2,Strength,72.0,5
M. Antenucci,76,4800000.0,Backup,Fernando Torres,LS,M. Antenucci,SPAL,4800000.0,40.0,-4,30.2,Strength,64.0,5
Fernando Torres,80,8000000.0,Starter,Fernando Torres,LS,M. Antenucci,SPAL,4800000.0,40.0,-4,30.2,SprintSpeed,78.0,6
M. Antenucci,76,4800000.0,Backup,Fernando Torres,LS,M. Antenucci,SPAL,4800000.0,40.0,-4,30.2,SprintSpeed,69.0,6
S. Sorrentino,80,1000000.0,Starter,S. Sorrentino,GK,A. Boruc,Bournemouth,375000.0,62.0,-6,50.7,SprintSpeed,40.0,0
A. Boruc,74,375000.0,Backup,S. Sorrentino,GK,A. Boruc,Bournemouth,375000.0,62.0,-6,50.7,SprintSpeed,39.0,0
S. Sorrentino,80,1000000.0,Starter,S. Sorrentino,GK,A. Boruc,Bournemouth,375000.0,62.0,-6,50.7,Finishing,10.0,1
A. Boruc,74,375000.0,Backup,S. Sorrentino,GK,A. Boruc,Bournemouth,375000.0,62.0,-6,50.7,Finishing,11.0,1
S. Sorrentino,80,1000000.0,Starter,S. Sorrentino,GK,A. Boruc,Bournemouth,375000.0,62.0,-6,50.7,ShortPassing,36.0,2
A. Boruc,74,375000.0,Backup,S. Sorrentino,GK,A. Boruc,Bournemouth,375000.0,62.0,-6,50.7,ShortPassing,25.0,2
S. Sorrentino,80,1000000.0,Starter,S. Sorrentino,GK,A. Boruc,Bournemouth,375000.0,62.0,-6,50.7,Dribbling,14.0,3
A. Boruc,74,375000.0,Backup,S. Sorrentino,GK,A. Boruc,Bournemouth,375000.0,62.0,-6,50.7,Dribbling,14.0,3
S. Sorrentino,80,1000000.0,Starter,S. Sorrentino,GK,A. Boruc,Bournemouth,375000.0,62.0,-6,50.7,StandingTackle,10.0,4
A. Boruc,74,375000.0,Backup,S. Sorrentino,GK,A. Boruc,Bournemouth,375000.0,62.0,-6,50.7,StandingTackle,20.0,4
S. Sorrentino,80,1000000.0,Starter,S. Sorrentino,GK,A. Boruc,Bournemouth,375000.0,62.0,-6,50.7,Strength,74.0,5
A. Boruc,74,375000.0,Backup,S. Sorrentino,GK,A. Boruc,Bournemouth,375000.0,62.0,-6,50.7,Strength,69.0,5
S. Sorrentino,80,1000000.0,Starter,S. Sorrentino,GK,A. Boruc,Bournemouth,375000.0,62.0,-6,50.7,SprintSpeed,40.0,6
A. Boruc,74,375000.0,Backup,S. Sorrentino,GK,A. Boruc,Bournemouth,375000.0,62.0,-6,50.7,SprintSpeed,39.0,6
