Name,Club,Position,Nationality_Region,Age,Overall,Potential,Value,Growth
K. Mbappé,Paris Saint-Germain,RM,Europe,19,88,95,81000000.0,7
L. Sané,Manchester City,LW,Europe,22,86,92,61000000.0,6
Marco Asensio,Real Madrid,RW,Europe,22,85,92,54000000.0,7
D. Sánchez,Tottenham Hotspur,RCB,South_America,22,84,88,34000000.0,4
N. Süle,FC Bayern München,CB,Europe,22,84,90,36500000.0,6
A. Martial,Manchester United,LW,Europe,22,84,90,42500000.0,6
D. Alli,Tottenham Hotspur,LCM,Europe,22,84,90,42500000.0,6
O. Dembélé,FC Barcelona,RW,Europe,21,83,92,40000000.0,9
Gabriel Jesus,Manchester City,ST,South_America,21,83,92,41000000.0,9
P. Kimpembe,Paris Saint-Germain,LCB,Europe,22,83,89,30500000.0,6
T. Lemar,Atlético Madrid,LM,Europe,22,83,89,35500000.0,6
K. Coman,FC Bayern München,LM,Europe,22,83,87,34000000.0,4
J. Tah,Bayer 04 Leverkusen,CB,Europe,22,83,88,29500000.0,5
T. Werner,RB Leipzig,RW,Europe,22,83,87,34500000.0,4
S. Gnabry,FC Bayern München,ST,Europe,22,83,88,34500000.0,5
M. de Ligt,Ajax,RCB,Europe,18,82,91,27000000.0,9
Rodri,Atlético Madrid,CM,Europe,22,82,87,29000000.0,5
Arthur,FC Barcelona,LCM,South_America,21,82,90,32500000.0,8
G. Donnarumma,Milan,GK,Europe,19,82,93,29000000.0,11
Gonçalo Guedes,Valencia CF,LM,Europe,21,82,86,29000000.0,4
L. Torreira,Arsenal,LCM,South_America,22,82,87,25000000.0,5
Malcom,FC Barcelona,RW,South_America,21,82,89,31500000.0,7
L. Hernández,Atlético Madrid,LB,Europe,22,82,88,25500000.0,6
J. Brandt,Bayer 04 Leverkusen,LM,Europe,22,82,88,30500000.0,6
M. Rashford,Manchester United,LW,Europe,20,81,89,27000000.0,8
L. Bailey,Bayer 04 Leverkusen,LM,North_America,20,81,89,26500000.0,8
M. Akanji,Borussia Dortmund,LCB,Europe,22,81,87,21000000.0,6
F. de Jong,Ajax,LDM,Europe,21,81,89,26000000.0,8
Pablo Fornals,Villarreal CF,CAM,Europe,22,81,86,24000000.0,5
Fabián,Napoli,LM,Europe,22,81,89,26000000.0,8
Dani Ceballos,Real Madrid,LCM,Europe,21,81,88,25000000.0,7
H. Lozano,PSV,LS,North_America,22,81,86,24000000.0,5
A. Christensen,Chelsea,LCB,Europe,22,81,88,21500000.0,7
Grimaldo,SL Benfica,LB,Europe,22,81,87,20500000.0,6
M. Gómez,RC Celta,ST,South_America,21,80,85,20500000.0,5
K. Havertz,Bayer 04 Leverkusen,CAM,Europe,19,80,89,22000000.0,9
T. Ndombele,Olympique Lyonnais,CM,Europe,21,80,89,22500000.0,9
H. Aouar,Olympique Lyonnais,LM,Europe,20,80,90,23500000.0,10
Carlos Soler,Valencia CF,RM,Europe,21,80,87,21000000.0,7
Odriozola,Real Madrid,RB,Europe,22,80,88,18500000.0,8
Oyarzabal,Real Sociedad,CAM,Europe,21,80,87,21000000.0,7
B. Pavard,VfB Stuttgart,RB,Europe,22,80,86,17500000.0,6
W. Ndidi,Leicester City,LDM,Africa,21,80,85,17000000.0,5
A. Onana,Ajax,GK,Africa,22,80,85,14500000.0,5
G. Lo Celso,Real Betis,RCM,South_America,22,80,86,20000000.0,6
Rúben Neves,Wolverhampton Wanderers,LCM,Europe,21,80,87,20500000.0,7
M. Dahoud,Borussia Dortmund,CM,Europe,22,80,86,20000000.0,6
Rony Lopes,AS Monaco,RM,Europe,22,80,85,20000000.0,5
Santi Mina,Valencia CF,LS,Europe,22,80,85,20000000.0,5
L. Shaw,Manchester United,LB,Europe,22,80,85,16500000.0,5
V. Tsygankov,Dynamo Kyiv,RM,Europe,20,79,86,18000000.0,7
Rúben Dias,SL Benfica,RCB,Europe,21,79,85,15000000.0,6
David Neres,Ajax,RW,South_America,21,79,86,18000000.0,7
Raphinha,Sporting CP,RM,South_America,21,79,86,18000000.0,7
A. Harit,FC Schalke 04,LCM,Africa,21,79,86,18000000.0,7
Richarlison,Everton,ST,South_America,21,79,86,18000000.0,7
L. Martínez,Inter,ST,South_America,20,79,86,18000000.0,7
F. Kessié,Milan,CM,Africa,21,79,88,19500000.0,9
André Silva,Sevilla FC,ST,Europe,22,79,87,19000000.0,8
C. Pulisic,Borussia Dortmund,RM,North_America,19,79,87,18000000.0,8
L. Tousart,Olympique Lyonnais,RDM,Europe,21,79,84,14500000.0,5
S. Bergwijn,PSV,LW,Europe,20,79,86,18000000.0,7
A. Diallo,Borussia Dortmund,LCB,Europe,22,79,86,15000000.0,7
A. Golovin,AS Monaco,CAM,Europe,22,79,85,17000000.0,6
C. Pavón,Boca Juniors,RW,South_America,22,79,85,17500000.0,6
J. Weigl,Borussia Dortmund,CDM,Europe,22,79,84,14500000.0,5
A. Sanabria,Real Betis,ST,South_America,22,79,85,17500000.0,6
A. Saint-Maximin,OGC Nice,RS,Europe,21,79,86,18000000.0,7
J. Gbamin,1. FSV Mainz 05,RCM,Africa,22,79,84,14500000.0,5
M. Meyer,Crystal Palace,LM,Europe,22,79,83,16000000.0,4
Éder Militão,FC Porto,LCB,South_America,20,78,87,14000000.0,9
F. Chiesa,Fiorentina,RW,Europe,20,78,87,16000000.0,9
A. Hakimi,Borussia Dortmund,LB,Africa,19,78,86,12500000.0,8
L. Jović,Eintracht Frankfurt,LS,Europe,20,78,86,15500000.0,8
S. Ascacíbar,VfB Stuttgart,CDM,South_America,21,78,84,12000000.0,6
A. Lafont,Fiorentina,GK,Europe,19,78,90,14000000.0,12
T. Alexander-Arnold,Liverpool,RB,Europe,19,78,88,14000000.0,10
F. Krovinović,SL Benfica,CAM,Europe,22,78,84,14000000.0,6
B. Chilwell,Leicester City,LB,Europe,21,78,85,12500000.0,7
D. Calabria,Milan,RB,Europe,21,78,88,14500000.0,10
L. Pellegrini,Roma,CM,Europe,22,78,84,14000000.0,6
Daniel Podence,Olympiacos CFP,LM,Europe,22,78,84,14000000.0,6
M. Eggestein,SV Werder Bremen,RCM,Europe,21,78,84,14000000.0,6
N. Amiri,TSG 1899 Hoffenheim,CAM,Europe,21,78,85,14500000.0,7
Vallejo,Real Madrid,CB,Europe,21,78,86,13500000.0,8
J. Gomez,Liverpool,CB,Europe,21,78,88,14500000.0,10
Diogo Jota,Wolverhampton Wanderers,LW,Europe,21,78,86,15500000.0,8
Pablo Maffeo,VfB Stuttgart,RWB,Europe,20,78,86,13000000.0,8
G. Simeone,Fiorentina,ST,South_America,22,78,85,15000000.0,7
Y. Tielemans,AS Monaco,CM,Europe,21,78,87,16000000.0,9
K. Tete,Olympique Lyonnais,RB,Europe,22,78,83,11500000.0,5
A. Iwobi,Arsenal,LM,Africa,22,78,84,14000000.0,6
Andreas Pereira,Manchester United,CM,South_America,22,78,84,14000000.0,6
B. Traoré,Olympique Lyonnais,RM,Africa,22,78,83,14000000.0,5
Aarón Martín,1. FSV Mainz 05,LB,Europe,21,77,85,11000000.0,8
J. Maddison,Leicester City,CAM,Europe,21,77,85,13000000.0,8
L. Cook,Bournemouth,CM,Europe,21,77,84,12500000.0,7
N. Elvedi,Borussia Mönchengladbach,RCB,Europe,21,77,84,11000000.0,7
Jorge Meré,1. FC Köln,CB,Europe,21,77,83,10500000.0,6
A. Živković,SL Benfica,LW,Europe,21,77,84,12500000.0,7
A. Miranchuk,Lokomotiv Moscow,CAM,Europe,22,77,82,12000000.0,5
J. Sancho,Borussia Dortmund,RM,Europe,18,77,89,14500000.0,12
Munir,FC Barcelona,ST,Europe,22,77,83,12500000.0,6
W. Anton,Hannover 96,RCB,Europe,21,77,84,11000000.0,7
C. Ünder,Roma,LM,Europe,20,77,87,14500000.0,10
N. Mukiele,RB Leipzig,RB,Europe,20,77,86,12000000.0,9
D. Zakaria,Borussia Mönchengladbach,CM,Europe,21,77,85,13000000.0,8
P. Cutrone,Milan,RS,Europe,20,77,89,16000000.0,12
R. Loftus-Cheek,Chelsea,CM,Europe,22,77,85,13000000.0,8
J. Augustin,RB Leipzig,ST,Europe,21,77,85,13500000.0,8
M. Diakhaby,Valencia CF,CB,Europe,21,77,84,11000000.0,7
D. van de Beek,Ajax,CAM,Europe,21,77,83,12500000.0,6
T. Kehrer,Paris Saint-Germain,RB,Europe,21,77,84,11000000.0,7
D. Upamecano,RB Leipzig,LCB,Europe,19,77,88,13000000.0,11
E. Bardhi,Levante UD,LCM,Europe,22,77,83,12000000.0,6
Wesley,Club Brugge KV,LS,South_America,21,77,85,13500000.0,8
H. Winks,Tottenham Hotspur,CM,Europe,22,77,85,13000000.0,8
Vinícius Júnior,Real Madrid,LW,South_America,17,77,92,17500000.0,15
R. Bentancur,Juventus,RCM,South_America,21,77,89,15500000.0,12
T. Hernández,Real Sociedad,LB,Europe,20,77,85,11000000.0,8
I. Diop,West Ham United,LCB,Europe,21,77,86,12000000.0,9
A. Diawara,Napoli,CM,Africa,20,77,87,14000000.0,10
F. Kamano,FC Girondins de Bordeaux,LW,Africa,22,77,82,12000000.0,5
E. Ünal,Real Valladolid CF,ST,Europe,21,77,83,12500000.0,6
N. Barella,Cagliari,RCM,Europe,21,77,89,15500000.0,12
Angeliño,PSV,LB,Europe,21,77,83,10500000.0,6
F. Grillitsch,TSG 1899 Hoffenheim,CM,Europe,22,77,82,11500000.0,5
P. Schick,Roma,ST,Europe,22,77,86,14000000.0,9
M. Holgate,Everton,CB,Europe,21,76,82,9000000.0,6
Gabriel Boschilia,FC Nantes,RW,South_America,22,76,82,10500000.0,6
Wendel,Sporting CP,RCM,South_America,20,76,86,12500000.0,10
Alfa Semedo,SL Benfica,CDM,Africa,20,76,85,10500000.0,9
E. Boateng,Levante UD,ST,Africa,22,76,82,10500000.0,6
A. Halilović,Milan,RM,Europe,22,76,83,11000000.0,7
J. Jankto,Sampdoria,RM,Europe,22,76,85,11500000.0,9
Junior Firpo,Real Betis,LM,Europe,21,76,81,8500000.0,5
R. Marin,Standard de Liège,CM,Europe,22,76,82,10500000.0,6
F. Benković,Celtic,LCB,Europe,20,76,85,10500000.0,9
M. Rashica,SV Werder Bremen,RW,Europe,22,76,83,11000000.0,7
N. Nández,Boca Juniors,RCM,South_America,22,76,85,11500000.0,9
H. Onyekuru,Galatasaray SK,ST,Africa,21,76,86,12500000.0,10
Matheus Pereira,1. FC Nürnberg,RM,South_America,22,76,83,11000000.0,7
Gedson Fernandes,SL Benfica,RCM,Europe,19,76,86,12000000.0,10
Rubén Duarte,Deportivo Alavés,LB,Europe,22,76,81,8500000.0,5
K. Dolberg,Ajax,ST,Europe,20,76,85,12000000.0,9
Kenedy,Newcastle United,LM,South_America,22,76,84,11500000.0,8
I. Sarr,Stade Rennais FC,RM,Africa,20,76,87,13500000.0,11
T. Jedvaj,Bayer 04 Leverkusen,LB,Europe,22,76,83,9500000.0,7
M. Dembélé,Olympique Lyonnais,ST,Europe,21,76,85,12000000.0,9
D. Dumfries,PSV,RB,Europe,22,76,81,8500000.0,5
P. Højbjerg,Southampton,RCM,Europe,22,76,81,10000000.0,5
B. Embolo,FC Schalke 04,ST,Europe,21,76,86,12500000.0,10
T. Baumgartl,VfB Stuttgart,RCB,Europe,22,76,81,8500000.0,5
F. Bustos,Independiente,RB,South_America,22,76,83,9000000.0,7
Rubén Blanco,RC Celta,GK,Europe,22,76,83,8000000.0,7
A. Ndiaye Diedhiou,Getafe CF,LM,Africa,21,76,85,12000000.0,9
Marc Roca,RCD Espanyol,CDM,Europe,21,76,87,11500000.0,11
M. Veljković,SV Werder Bremen,RCB,Europe,22,76,83,9500000.0,7
V. Koziello,1. FC Köln,CM,Europe,22,76,82,10500000.0,6
Alex Berenguer,Torino,LM,Europe,22,76,81,10500000.0,5
J. Grealish,Aston Villa,LCM,Europe,22,76,84,11500000.0,8
K. Tierney,Celtic,LB,Europe,21,76,86,11000000.0,10
J. Gnagnon,Sevilla FC,CB,Europe,21,76,83,9500000.0,7
R. Holding,Arsenal,CB,Europe,22,76,83,9500000.0,7
Y. Yazıcı,Trabzonspor,RM,Europe,21,76,83,11000000.0,7
F. Uduokhai,VfL Wolfsburg,CB,Europe,20,76,84,10000000.0,8
J. Brekalo,VfL Wolfsburg,LW,Europe,20,76,84,11500000.0,8
D. Gray,Leicester City,LM,Europe,22,76,83,11000000.0,7
M. Arambarri,Getafe CF,RCM,South_America,22,76,81,8500000.0,5
A. Ćorić,Roma,CAM,Europe,21,76,88,14000000.0,12
C. Nkunku,Paris Saint-Germain,CM,Europe,20,76,84,11500000.0,8
B. Henrichs,AS Monaco,LB,Europe,21,76,84,9500000.0,8
A. Lunin,CD Leganés,GK,Europe,19,76,88,10500000.0,12
M. Simon,Levante UD,LM,Africa,22,76,82,10500000.0,6
S. Berge,KRC Genk,RCM,Europe,20,76,87,11500000.0,11
G. Donsah,Bologna,CM,Africa,22,76,82,10500000.0,6
Francis,Real Betis,RM,Europe,22,75,80,9000000.0,5
Unai Núñez,Athletic Club de Bilbao,CB,Europe,21,75,83,8500000.0,8
Palhinha,SC Braga,CDM,Europe,22,75,82,8000000.0,7
T. Bongonda,SV Zulte-Waregem,LM,Europe,22,75,81,9000000.0,6
M. Rog,Napoli,CM,Europe,22,75,81,9000000.0,6
Borja Mayoral,Levante UD,ST,Europe,21,75,83,10000000.0,8
Danilo,OGC Nice,CM,South_America,22,75,82,9000000.0,7
M. Lopez,Olympique de Marseille,CM,Europe,20,75,81,9000000.0,6
A. Franco,Independiente,CB,South_America,21,75,85,9500000.0,10
Dani Olmo,Dinamo Zagreb,CAM,Europe,20,75,85,11000000.0,10
O. Pineda,Guadalajara,RDM,North_America,22,75,83,9500000.0,8
K. Amian,Toulouse Football Club,RB,Europe,20,75,83,8500000.0,8
Gil Dias,Nottingham Forest,RM,Europe,21,75,82,9500000.0,7
M. Saracchi,RB Leipzig,LB,South_America,20,75,85,9500000.0,10
Felipe Vizeu,Udinese,ST,South_America,21,75,87,12000000.0,12
M. Jensen,RC Celta,CM,Europe,22,75,81,9000000.0,6
A. Meret,Napoli,GK,Europe,21,75,89,12000000.0,14
K. Laimer,RB Leipzig,RB,Europe,21,75,82,8000000.0,7
Joelinton,TSG 1899 Hoffenheim,LS,South_America,21,75,80,9000000.0,5
M. Mount,Derby County,LCM,Europe,19,75,86,11000000.0,11
R. Sessegnon,Fulham,LM,Europe,18,75,88,12000000.0,13
M. Coco,En Avant de Guingamp,RM,Europe,22,75,81,9000000.0,6
Renato Sanches,FC Bayern München,CM,Europe,20,75,84,10000000.0,9
G. Konan,Stade de Reims,LB,Africa,22,75,81,7500000.0,6
T. Davies,Everton,CM,Europe,20,75,84,10000000.0,9
J. Kluivert,Roma,LW,Europe,19,75,86,11000000.0,11
L. Klostermann,RB Leipzig,RB,Europe,22,75,82,8000000.0,7
M. Locatelli,Sassuolo,CDM,Europe,20,75,83,8500000.0,8
A. Haidara,FC Red Bull Salzburg,RCM,Africa,20,75,84,10000000.0,9
Sandro,Real Sociedad,ST,Europe,22,75,81,9500000.0,6
Córdoba,Athletic Club de Bilbao,LW,Europe,21,75,83,10000000.0,8
D. Zagadou,Borussia Dortmund,CB,Europe,19,75,85,9000000.0,10
M. Maignan,LOSC Lille,GK,Europe,22,75,83,7500000.0,8
Y. Karamoh,FC Girondins de Bordeaux,RM,Europe,19,75,85,10500000.0,10
M. Lemos,Sassuolo,CB,South_America,22,75,80,7500000.0,5
Marlon,Sassuolo,RCB,South_America,22,75,82,8000000.0,7
Thiago Maia,LOSC Lille,CDM,South_America,21,75,82,8000000.0,7
Y. Aït Bennasser,AS Monaco,CM,Africa,21,75,83,10000000.0,8
Yuri Ribeiro,SL Benfica,LB,Europe,21,75,81,7500000.0,6
R. Mandragora,Udinese,LCM,Europe,21,75,85,10500000.0,10
D. Samassékou,FC Red Bull Salzburg,CM,Africa,22,75,85,9500000.0,10
Martín,Deportivo Alavés,RB,Europe,22,75,80,7500000.0,5
Brais Méndez,RC Celta,RM,Europe,21,75,84,10500000.0,9
Merino,Real Sociedad,CM,Europe,22,75,84,10000000.0,9
Unai López,Athletic Club de Bilbao,CM,Europe,22,75,82,9000000.0,7
K. Iheanacho,Leicester City,ST,Africa,21,75,83,10000000.0,8
C. Söyüncü,Leicester City,LCB,Europe,22,75,83,8500000.0,8
L. Blas,En Avant de Guingamp,LDM,Europe,20,75,84,10500000.0,9
M. Sarr,OGC Nice,LCB,Europe,19,75,84,8500000.0,9
F. Neuhaus,Borussia Mönchengladbach,RCM,Europe,21,75,85,10500000.0,10
Adama,Wolverhampton Wanderers,RW,Europe,22,75,85,10500000.0,10
N. Vlašić,PFC CSKA Moscow,LCM,Europe,20,75,84,10500000.0,9
C. Musonda,Vitesse,RW,Europe,21,75,85,11000000.0,10
Pedraza,Villarreal CF,LM,Europe,22,75,80,9000000.0,5
R. Borré,River Plate,RS,South_America,22,75,82,9500000.0,7
A. Elis,Houston Dynamo,RM,North_America,22,75,82,9500000.0,7
Jovane Cabral,Sporting CP,LM,Africa,20,75,87,12000000.0,12
P. Retsos,Bayer 04 Leverkusen,CB,Europe,19,75,85,9000000.0,10
J. Hernández,SD Huesca,ST,South_America,19,75,82,9000000.0,7
A. Danjuma Groeneveld,Club Brugge KV,LM,Europe,21,75,84,10500000.0,9
M. Cornet,Olympique Lyonnais,RW,Africa,21,75,80,9000000.0,5
R. Tapia,Feyenoord,RDM,South_America,22,74,79,6500000.0,5
O. Watkins,Brentford,RW,Europe,22,74,81,8000000.0,7
Zubeldia,Real Sociedad,CM,Europe,21,74,81,8000000.0,7
N. Milenković,Fiorentina,RB,Europe,20,74,83,7500000.0,9
A. Morelos,Rangers FC,ST,South_America,22,74,84,9000000.0,10
U. Račić,Valencia CF,CDM,Europe,20,74,83,7500000.0,9
P. Roberts,Girona FC,RM,Europe,21,74,82,8500000.0,8
A. Touré,AS Monaco,RB,Africa,22,74,79,6500000.0,5
D. Calvert-Lewin,Everton,ST,Europe,21,74,83,9000000.0,9
T. Koopmeiners,AZ Alkmaar,LCB,Europe,20,74,83,8500000.0,9
R. Bazoer,FC Porto,CM,Europe,21,74,82,8000000.0,8
Dani Raba,Villarreal CF,RM,Europe,22,74,81,8000000.0,7
L. Dimata,RSC Anderlecht,ST,Europe,20,74,82,8500000.0,8
André Horta,Los Angeles FC,CM,Europe,21,74,82,8000000.0,8
Luiz Felipe,Lazio,CB,South_America,21,74,83,7500000.0,9
N. Maupay,Brentford,ST,Europe,21,74,80,8000000.0,6
E. Mor,RC Celta,LW,Europe,20,74,83,8500000.0,9
Lato,Valencia CF,LB,Europe,20,74,83,7500000.0,9
T. Fosu-Mensah,Fulham,RB,Europe,20,74,84,8000000.0,10
S. Grandsir,AS Monaco,RM,Europe,21,74,85,9500000.0,11
Diogo Leite,FC Porto,CB,Europe,19,74,87,9500000.0,13
Jorge,FC Porto,LB,South_America,22,74,80,6500000.0,6
V. Kovalenko,Shakhtar Donetsk,CAM,Europe,22,74,82,8500000.0,8
Pol Lirola,Sassuolo,RM,Europe,20,74,80,6500000.0,6
I. Konaté,RB Leipzig,RCB,Europe,19,74,84,7500000.0,10
Pozo,Rayo Vallecano,CAM,Europe,22,74,81,8000000.0,7
I. Kahveci,Medipol Başakşehir FK,CAM,Europe,22,74,78,7500000.0,4
P. Rosario,PSV,RCM,Europe,21,74,82,7000000.0,8
R. Sobhi,Huddersfield Town,LM,Africa,21,74,79,7500000.0,5
J. Aidoo,KRC Genk,LCB,Africa,22,74,81,7000000.0,7
Melendo,RCD Espanyol,RM,Europe,20,74,82,8500000.0,8
L. Öztunalı,1. FSV Mainz 05,RM,Europe,22,74,80,7500000.0,6
G. Til,AZ Alkmaar,CAM,Europe,20,74,80,8000000.0,6
I. Pussetto,Udinese,RW,South_America,22,74,82,8500000.0,8
A. Ajeti,FC Basel 1893,ST,Europe,21,74,81,8000000.0,7
Luiz Araújo,LOSC Lille,LM,South_America,22,74,83,8500000.0,9
A. Besedin,Dynamo Kyiv,ST,Europe,22,74,80,8000000.0,6
T. Didillon,RSC Anderlecht,GK,Europe,22,74,81,6000000.0,7
Arana,Sevilla FC,LB,South_America,21,74,82,7000000.0,8
M. Stendera,Eintracht Frankfurt,CM,Europe,22,74,79,7500000.0,5
S. Kalu,FC Girondins de Bordeaux,RW,Africa,20,74,85,9500000.0,11
W. McKennie,FC Schalke 04,LCM,North_America,19,74,86,9500000.0,12
J. Barrera,Junior FC,RM,South_America,22,74,82,8500000.0,8
A. Miranchuk,Lokomotiv Moscow,CAM,Europe,22,74,81,8000000.0,7
Roger Guedes,Shandong Luneng TaiShan FC,RW,South_America,21,74,81,8000000.0,7
A. Zambo Anguissa,Fulham,RCM,Africa,22,74,82,7000000.0,8
I. Sangaré,Toulouse Football Club,CDM,Africa,20,74,85,8500000.0,11
E. Dennis,Club Brugge KV,RM,Africa,20,74,85,9500000.0,11
J. Larsen,Borussia Dortmund,LM,Europe,19,74,85,9500000.0,11
Marc Navarro,Watford,RB,Europe,22,74,81,6500000.0,7
S. Serdar,FC Schalke 04,RCM,Europe,21,74,82,8000000.0,8
T. Abraham,Aston Villa,ST,Europe,20,74,85,10000000.0,11
M. Ødegaard,Vitesse,RW,Europe,19,74,84,9000000.0,10
A. Rossi,Boca Juniors,GK,South_America,22,74,82,6000000.0,8
F. Valverde,Real Madrid,CM,South_America,19,74,84,8500000.0,10
M. Vargas,Vélez Sarsfield,LW,South_America,21,74,85,9500000.0,11
O. Etebo,Stoke City,RCM,Africa,22,74,84,8000000.0,10
L. Rodríguez,Estudiantes de La Plata,LM,South_America,21,74,83,8500000.0,9
J. Andersen,Sampdoria,RCB,Europe,22,74,82,7000000.0,8
Fran Beltrán,RC Celta,CDM,Europe,19,74,82,7000000.0,8
C. Bassogog,Henan Jianye FC,RS,Africa,22,74,81,8000000.0,7
J. Ibe,Bournemouth,RM,Europe,22,74,79,7500000.0,5
A. Fulgini,Angers SCO,RM,Europe,21,74,82,8500000.0,8
V. Rosier,Dijon FCO,RB,Europe,21,74,81,6500000.0,7
D. Ćaleta-Car,Olympique de Marseille,CB,Europe,21,74,81,7000000.0,7
C. Awaziem,FC Porto,CB,Africa,21,74,81,7000000.0,7
A. Wan-Bissaka,Crystal Palace,RB,Europe,20,74,84,8000000.0,10
K. Ajer,Celtic,CB,Europe,20,73,82,5500000.0,9
M. Miazga,FC Nantes,RCB,North_America,22,73,78,4500000.0,5
G. Chakvetadze,KAA Gent,LM,Europe,18,73,86,7000000.0,13
I. Fossum,Hannover 96,RM,Europe,21,73,78,5500000.0,5
D. Brooks,Bournemouth,RM,Europe,20,73,85,7000000.0,12
J. St. Juste,Feyenoord,RB,Europe,21,73,78,4500000.0,5
Gerson,Fiorentina,LCM,South_America,21,73,81,6000000.0,8
B. Ramselaar,PSV,CAM,Europe,22,73,79,5500000.0,6
F. Mattiello,Bologna,RM,Europe,22,73,78,5500000.0,5
Ferrán Torres,Valencia CF,RM,Europe,18,73,86,7000000.0,13
J. Bamba,LOSC Lille,LM,Europe,22,73,82,6000000.0,9
E. Audero,Sampdoria,GK,Europe,21,73,85,5500000.0,12
A. Maier,Hertha BSC,LDM,Europe,19,73,86,7500000.0,13
B. Alıcı,Fenerbahçe SK,RM,Europe,21,73,80,5500000.0,7
M. Niakhaté,1. FSV Mainz 05,LCB,Europe,22,73,80,4800000.0,7
N. Benedetti,Deportivo Cali,CAM,South_America,21,73,85,7000000.0,12
E. Álvarez,Club América,CB,North_America,20,73,79,4700000.0,6
A. Ounas,Napoli,RW,Africa,21,73,82,6000000.0,9
J. Koundé,FC Girondins de Bordeaux,RCB,Europe,19,73,86,6500000.0,13
M. Demiral,Alanyaspor,RCB,Europe,20,73,83,5500000.0,10
K. Phillips,Leeds United,CDM,Europe,22,73,79,4700000.0,6
R. Orsolini,Bologna,RW,Europe,21,73,85,7000000.0,12
J. Riedewald,Crystal Palace,CDM,Europe,21,73,80,4900000.0,7
C. Montes,Monterrey,LCB,North_America,21,73,81,5000000.0,8
J. Gélin,Stade Rennais FC,CB,Europe,21,73,83,5500000.0,10
E. Palacios,River Plate,LCM,South_America,19,73,85,7000000.0,12
L. Martínez Quarta,River Plate,CB,South_America,22,73,82,5500000.0,9
Bruno Xadas,SC Braga,RM,Europe,20,73,84,7000000.0,11
Y. Atal,OGC Nice,RWB,Africa,22,73,82,5500000.0,9
S. Schrijvers,Club Brugge KV,RS,Europe,21,73,79,5500000.0,6
J. Ikoné,LOSC Lille,CAM,Europe,20,73,84,7000000.0,11
O. Ntcham,Celtic,CM,Europe,22,73,82,6000000.0,9
S. Salcedo,Club Atlético Huracán,RCB,South_America,20,73,80,4900000.0,7
Galeno,Rio Ave FC,LW,South_America,20,73,84,7000000.0,11
P. Foden,Manchester City,CAM,Europe,18,73,88,8000000.0,15
W. Faríñez,Millonarios FC,GK,South_America,20,73,83,5000000.0,10
O. Edouard,Celtic,ST,Europe,20,73,84,7000000.0,11
D. Rice,West Ham United,CDM,Europe,19,73,84,6000000.0,11
L. Mazzitelli,Genoa,CM,Europe,22,73,78,5500000.0,5
A. Donis,VfB Stuttgart,ST,Europe,21,73,83,6500000.0,10
V. Shepelev,Dynamo Kyiv,RDM,Europe,21,73,82,5500000.0,9
R. Skov,FC København,RM,Europe,22,73,81,6000000.0,8
S. Lukić,Torino,CDM,Europe,21,73,80,4900000.0,7
S. Amrabat,Club Brugge KV,CM,Africa,21,73,79,5500000.0,6
M. Wöber,Ajax,CB,Europe,20,73,81,5000000.0,8
Calero,Real Valladolid CF,LCB,Europe,22,73,82,5500000.0,9
M. Grujić,Hertha BSC,RDM,Europe,22,73,84,6000000.0,11
G. Banguera,Atlético Huila,GK,South_America,22,73,82,4700000.0,9
I. Success,Watford,RM,Africa,22,73,80,5500000.0,7
A. Diakhaby,Huddersfield Town,RM,Europe,21,73,78,5500000.0,5
J. Mateta,1. FSV Mainz 05,RS,Europe,21,73,84,7000000.0,11
L. Waldschmidt,SC Freiburg,LS,Europe,22,73,79,5500000.0,6
J. Mæhle,KRC Genk,RB,Europe,21,73,81,5000000.0,8
I. Arboleda,Club Atlético Banfield,GK,South_America,22,73,80,4100000.0,7
R. Doan,FC Groningen,RM,Asia,20,73,84,7000000.0,11
V. Vada,FC Girondins de Bordeaux,CM,South_America,22,73,79,5500000.0,6
N. Radonjić,Olympique de Marseille,LW,Europe,22,73,80,5500000.0,7
V. Lazaro,Hertha BSC,RM,Europe,22,73,78,4500000.0,5
Douglas Luiz,Girona FC,LCM,South_America,20,73,83,6500000.0,10
P. Diop,Olympique Lyonnais,CM,Europe,20,73,84,7000000.0,11
Z. Machach,Carpi,CAM,Europe,22,73,80,5500000.0,7
A. Peñaranda,Watford,ST,South_America,21,73,81,6000000.0,8
João Carvalho,Nottingham Forest,CAM,Europe,21,73,82,6000000.0,9
E. Reynoso,Boca Juniors,CM,South_America,22,73,80,5500000.0,7
E. Barco,Atlanta United,LM,South_America,19,73,88,8500000.0,15
Manu García,Toulouse Football Club,CAM,Europe,20,73,84,7000000.0,11
S. Cáseres,Villarreal CF,CDM,South_America,21,73,83,5500000.0,10
U. Agbo,Standard de Liège,CDM,Africa,22,73,80,4800000.0,7
D. Luckassen,Hertha BSC,CB,Europe,22,73,77,4400000.0,4
M. Terrier,Olympique Lyonnais,ST,Europe,21,73,83,6500000.0,10
Marcos Guilherme,Al Wehda,RM,South_America,22,73,79,5500000.0,6
A. Lookman,Everton,LM,Europe,20,73,85,7000000.0,12
H. Barnes,West Bromwich Albion,CAM,Europe,20,73,84,7000000.0,11
D. Lukebakio,Fortuna Düsseldorf,RS,Europe,20,73,81,6000000.0,8
A. Dioussé,AS Saint-Étienne,CDM,Africa,20,72,80,4000000.0,8
V. Jovanović,FC Girondins de Bordeaux,CB,Europe,22,72,78,3600000.0,6
R. Pierre-Gabriel,AS Monaco,RB,Europe,20,72,82,4300000.0,10
A. Blin,Amiens SC,CDM,Europe,21,72,80,4000000.0,8
J. Kenny,Everton,RB,Europe,21,72,79,3700000.0,7
D. Livaković,Dinamo Zagreb,GK,Europe,22,72,80,3400000.0,8
Bruno Tabata,Portimonense SC,RW,South_America,21,72,81,4800000.0,9
João Félix,SL Benfica,LW,Europe,18,72,88,6500000.0,16
Jon Bautista,Real Sociedad,ST,Europe,22,72,78,4300000.0,6
M. Murillo,New York Red Bulls,RB,North_America,22,72,80,3900000.0,8
D. Malen,PSV,LW,Europe,19,72,83,5000000.0,11
P. Aránguiz,FC Dallas,CAM,South_America,21,72,81,4800000.0,9
D. Kamada,Sint-Truidense VV,CF,Asia,21,72,79,4500000.0,7
João Pedro,FC Porto,RB,South_America,21,72,81,4100000.0,9
Kim Min Jae,Jeonbuk Hyundai Motors,CB,Asia,21,72,79,3800000.0,7
B. Srarfi,OGC Nice,RW,Africa,21,72,80,4600000.0,8
P. Cissé,Olympiacos CFP,RCB,Africa,22,72,82,4400000.0,10
J. Bijlow,Feyenoord,GK,Europe,20,72,82,3900000.0,10
H. Wilson,Derby County,RW,Europe,21,72,84,5500000.0,12
C. Jean,Toulouse Football Club,RM,Europe,22,72,77,4200000.0,5
T. Adams,New York Red Bulls,RCM,North_America,19,72,84,4800000.0,12
P. Billing,Huddersfield Town,LCM,Europe,22,72,83,4700000.0,11
E. Ponce,AEK Athens,ST,South_America,21,72,80,4700000.0,8
D. Verde,Real Valladolid CF,LW,Europe,22,72,82,5000000.0,10
L. Suárez,Real Valladolid CF,RM,South_America,22,72,80,4600000.0,8
Rafael Leão,LOSC Lille,ST,Europe,19,72,86,6500000.0,14
S. Adegbenro,Rosenborg BK,LW,Africa,22,72,80,4600000.0,8
N. De la Cruz,River Plate,CAM,South_America,21,72,79,4400000.0,7
D. Sinkgraven,Ajax,LB,Europe,22,72,75,3300000.0,3
F. Romagna,Cagliari,RCB,Europe,21,72,86,6000000.0,14
A. Tuanzebe,Aston Villa,RCB,Europe,20,72,83,4700000.0,11
P. Kunde Malong,1. FSV Mainz 05,CDM,Africa,22,72,79,3700000.0,7
L. Mothiba,RC Strasbourg Alsace,ST,Africa,22,72,81,4900000.0,9
M. Kean,Juventus,ST,Europe,18,72,87,6500000.0,15
A. Cerri,Cagliari,ST,Europe,22,72,80,4600000.0,8
K. Diks,Fiorentina,RB,Europe,21,72,79,3700000.0,7
Hwang Hee Chan,Hamburger SV,ST,Asia,22,72,82,5000000.0,10
S. Perica,Frosinone,ST,Europe,22,72,77,4200000.0,5
Diogo Dalot,Manchester United,RB,Europe,19,72,84,4700000.0,12
K. Letica,Club Brugge KV,GK,Europe,21,72,80,3500000.0,8
I. Mbenza,Huddersfield Town,ST,Europe,22,72,80,4600000.0,8
Carlos Fernández,Deportivo de La Coruña,LS,Europe,22,72,82,5000000.0,10
L. Boyé,AEK Athens,LM,South_America,22,72,81,4900000.0,9
D. Henderson,Sheffield United,GK,Europe,21,72,83,4200000.0,11
J. Mauri,Milan,CM,Europe,22,72,79,4300000.0,7
D. Gonzo,Free Agent,RM,South_America,22,72,78,0.0,6
A. Ömür,Trabzonspor,RM,Europe,19,72,79,4200000.0,7
H. Bandé,Ajax,LW,Africa,19,72,84,5500000.0,12
F. Eboa Eboa,En Avant de Guingamp,CB,Africa,21,72,79,3800000.0,7
A. Tello,Benevento,RCM,South_America,21,72,82,5000000.0,10
N. Mazraoui,Ajax,RB,Africa,20,72,80,3900000.0,8
E. Buendía,Norwich City,RM,South_America,21,72,79,4400000.0,7
B. Méndez,Free Agent,RCB,South_America,18,72,82,0.0,10
G. Escobar,Club Atlético Colón,LB,South_America,21,72,80,3900000.0,8
S. Żurkowski,Górnik Zabrze,LCM,Europe,20,72,83,5500000.0,11
M. Cuisance,Borussia Mönchengladbach,CM,Europe,18,72,85,5500000.0,13
A. Silbeira,Free Agent,GK,South_America,22,72,72,0.0,0
O. Idrissi,AZ Alkmaar,LW,Europe,22,72,79,4400000.0,7
D. Limnios,PAOK,RM,Europe,20,72,80,4600000.0,8
S. Scuffet,Udinese,GK,Europe,22,72,82,3800000.0,10
L. Agbenyenu,Sporting CP,LB,Africa,21,72,80,3900000.0,8
Y. En-Nesyri,CD Leganés,LS,Africa,21,72,78,4400000.0,6
M. Zaracho,Racing Club,RM,South_America,20,72,85,6000000.0,13
M. Shaparenko,Dynamo Kyiv,CAM,Europe,19,72,85,6000000.0,13
Adrián Marín,Deportivo Alavés,LB,Europe,21,72,81,4100000.0,9
Aleñá,FC Barcelona,CM,Europe,20,72,85,6000000.0,13
D. Maresic,SK Sturm Graz,LCB,Europe,18,72,84,4500000.0,12
P. Bernardoni,Nîmes Olympique,GK,Europe,21,72,82,3900000.0,10
A. Davies,Vancouver Whitecaps FC,RM,North_America,17,72,87,6000000.0,15
C. Strandberg,Malmö FF,ST,Europe,22,72,78,4300000.0,6
T. Cardona,Godoy Cruz,LCB,South_America,22,72,78,3600000.0,6
J. Foyth,Tottenham Hotspur,CB,South_America,20,72,85,5500000.0,13
N. Maraš,GD Chaves,RCB,Europe,22,72,80,3900000.0,8
S. Bastien,Standard de Liège,CAM,Europe,21,72,81,4800000.0,9
Marcão,GD Chaves,LCB,South_America,22,72,78,3600000.0,6
R. Sallai,SC Freiburg,LW,Europe,21,72,80,4600000.0,8
B. Kamara,Olympique de Marseille,CB,Europe,18,72,88,6000000.0,16
L. Díaz,Junior FC,LM,South_America,21,72,83,5500000.0,11
Y. Bissouma,Brighton & Hove Albion,CM,Africa,21,72,82,5000000.0,10
L. Martínez,Defensa y Justicia,RCB,South_America,20,72,80,4000000.0,8
P. Stojanović,Dinamo Zagreb,RB,Europe,22,72,78,3600000.0,6
Maycon,Shakhtar Donetsk,CAM,South_America,20,72,84,5500000.0,12
P. Stenzel,SC Freiburg,RB,Europe,22,72,77,3500000.0,5
M. Camara,Olympiacos CFP,LDM,Africa,21,72,82,4400000.0,10
Unai Simón,Athletic Club de Bilbao,GK,Europe,21,72,82,3900000.0,10
Ronaldo Vieira,Sampdoria,CDM,Europe,19,72,81,4000000.0,9
Ontiveros,Málaga CF,RM,Europe,20,72,82,5000000.0,10
K. Acosta,Colorado Rapids,CM,North_America,22,72,80,4500000.0,8
J. Savarino,Real Salt Lake,RW,South_America,21,72,82,5000000.0,10
A. Cubas,Club Atlético Talleres,RCM,South_America,22,72,79,3700000.0,7
Diogo Gonçalves,Nottingham Forest,LW,Europe,21,72,81,4800000.0,9
S. Sensi,Sassuolo,CDM,Europe,22,72,77,3500000.0,5
P. Olayinka,SK Slavia Praha,LM,Africa,22,72,79,4400000.0,7
Chiquinho,Moreirense FC,LCM,Europe,22,72,78,4300000.0,6
O. Alderete,Club Atlético Huracán,CB,South_America,21,72,82,4400000.0,10
A. Saelemaekers,RSC Anderlecht,RB,Europe,19,72,84,5500000.0,12
L. Haraslín,Lechia Gdańsk,LM,Europe,22,72,80,4600000.0,8
X. Schlager,FC Red Bull Salzburg,LCM,Europe,20,72,83,5500000.0,11
A. Murgia,Lazio,CM,Europe,21,72,78,4200000.0,6
R. Alvarado,Cruz Azul,CAM,North_America,19,72,79,4200000.0,7
D. Rossi,Los Angeles FC,LW,South_America,20,72,83,5500000.0,11
R. Koch,SC Freiburg,LDM,Europe,21,72,80,4000000.0,8
Gelson Dala,Rio Ave FC,ST,Africa,21,72,82,5000000.0,10
M. Thuram,En Avant de Guingamp,LM,Europe,20,72,80,4600000.0,8
Sivera,Deportivo Alavés,GK,Europe,21,71,78,2500000.0,7
L. Koutris,Olympiacos CFP,LB,Europe,22,71,78,2800000.0,7
E. Fernandes,Fiorentina,RM,Europe,22,71,79,3500000.0,8
M. Valenzuela,Columbus Crew SC,LB,South_America,19,71,81,3200000.0,10
A. Gunn,Southampton,GK,Europe,22,71,83,3300000.0,12
Ewandro,FK Austria Wien,RM,South_America,22,71,80,3600000.0,9
R. Kent,Rangers FC,LW,Europe,21,71,82,4100000.0,11
Jordi Calavera,SD Eibar,RB,Europe,22,71,77,2700000.0,6
Lyanco,Torino,CB,South_America,21,71,80,3200000.0,9
F. Chalov,PFC CSKA Moscow,RS,Europe,20,71,83,4300000.0,12
G. Pezzella,Udinese,LB,Europe,20,71,83,3700000.0,12
K. Bonifazi,SPAL,CB,Europe,22,71,79,3000000.0,8
Rodrigo Becão,PFC CSKA Moscow,RCB,South_America,22,71,80,3200000.0,9
M. Loum,Moreirense FC,CDM,Africa,21,71,79,3000000.0,8
K. Tsimikas,Olympiacos CFP,LB,Europe,22,71,78,2800000.0,7
Y. Suzuki,Kashima Antlers,RS,Asia,22,71,81,3900000.0,10
I. Sacko,OGC Nice,ST,Europe,20,71,81,3900000.0,10
T. Ouwejan,AZ Alkmaar,LB,Europe,22,71,77,2700000.0,6
T. Castagne,Atalanta,LM,Europe,22,71,78,3300000.0,7
L. Majer,Dinamo Zagreb,CAM,Europe,20,71,83,4200000.0,12
B. Celina,Swansea City,LCM,Europe,21,71,81,3800000.0,10
J. Lucumi,KRC Genk,CB,South_America,20,71,84,4100000.0,13
I. Fiolić,KRC Genk,CAM,Europe,22,71,78,3300000.0,7
C. Adams,Birmingham City,RS,Europe,21,71,79,3600000.0,8
O. Cabezas,Rosario Central,LCB,South_America,21,71,79,3000000.0,8
N. González,VfB Stuttgart,LCM,South_America,20,71,83,4300000.0,12
S. Abdullahi,1. FC Union Berlin,RW,Africa,21,71,79,3600000.0,8
Pau Torres,Málaga CF,LCB,Europe,21,71,79,3000000.0,8
M. Vlap,SC Heerenveen,CAM,Europe,21,71,78,3400000.0,7
Y. Soteldo,Universidad de Chile,CAM,South_America,21,71,81,3800000.0,10
J. Harper,Málaga CF,RS,Europe,22,71,79,3500000.0,8
R. Yaremchuk,KAA Gent,ST,Europe,22,71,76,3200000.0,5
B. Garnica,Club Atlas,RM,North_America,22,71,77,3200000.0,6
V. Milinković-Savić,SPAL,GK,Europe,21,71,79,2600000.0,8
Heriberto Tavares,Moreirense FC,RW,Europe,21,71,80,3700000.0,9
O. Boscagli,OGC Nice,LB,Europe,20,71,81,3300000.0,10
Aurélio Buta,Royal Antwerp FC,RB,Europe,21,71,79,3000000.0,8
D. Cools,Club Brugge KV,RM,Europe,22,71,78,3300000.0,7
D. Muñoz,Rionegro Águilas,RB,South_America,22,71,79,3000000.0,8
G. Sandoval,Guadalajara,LM,North_America,22,71,80,3600000.0,9
T. Kleindienst,SC Freiburg,ST,Europe,22,71,76,3200000.0,5
Léo Jabá,PAOK,LM,South_America,19,71,82,4000000.0,11
J. Quiñones,Tigres U.A.N.L.,ST,South_America,21,71,81,3900000.0,10
C. Kouamé,Genoa,RS,Africa,20,71,85,5000000.0,14
D. Vavro,FC København,RCB,Europe,22,71,81,3300000.0,10
M. Maolida,OGC Nice,ST,Europe,19,71,85,5000000.0,14
O. Mangala,Hamburger SV,CDM,Europe,20,71,82,4000000.0,11
D. Rotariu,AZ Alkmaar,RW,Europe,22,71,78,3300000.0,7
Paulinho,Bayer 04 Leverkusen,RM,South_America,17,71,86,4700000.0,15
M. Pereira Lage,Clermont Foot 63,CAM,Europe,21,71,81,3800000.0,10
E. Aguirre,Pachuca,LM,North_America,21,71,82,4100000.0,11
I. Oblyakov,PFC CSKA Moscow,CM,Europe,19,71,82,3900000.0,11
M. Ilaimaharitra,Sporting de Charleroi,RDM,Africa,22,71,77,2800000.0,6
J. Bowen,Hull City,RM,Europe,21,71,81,3800000.0,10
E. N'Dicka,Eintracht Frankfurt,LCB,Europe,18,71,83,3400000.0,12
J. González,Monterrey,CM,North_America,19,71,81,3700000.0,10
M. Suárez,Free Agent,RB,South_America,22,71,78,0.0,7
R. Coly,OGC Nice,LB,Africa,22,71,78,2800000.0,7
N. Leiva,Olympiacos CFP,LM,Europe,21,71,79,3500000.0,8
O. McBurnie,Swansea City,ST,Europe,22,71,80,3700000.0,9
J. Onomah,Sheffield Wednesday,CAM,Europe,21,71,83,4200000.0,12
Cucurella,SD Eibar,LM,Europe,19,71,82,3400000.0,11
B. Angulo,Free Agent,ST,South_America,22,71,77,0.0,6
Nélson Monte,Rio Ave FC,CB,Europe,22,71,77,2800000.0,6
H. Wolf,FC Red Bull Salzburg,CAM,Europe,19,71,82,4000000.0,11
R. van Drongelen,Hamburger SV,LCB,Europe,19,71,83,3600000.0,12
F. Jensen,FC Augsburg,CF,Europe,20,71,80,3700000.0,9
Artur,Columbus Crew SC,RDM,South_America,22,71,76,2700000.0,5
O. Aina,Torino,RB,Africa,21,71,80,3200000.0,9
S. Guirassy,1. FC Köln,ST,Europe,22,71,79,3500000.0,8
K. Diatta,Club Brugge KV,RM,Africa,19,71,84,4400000.0,13
Z. Bakkali,RSC Anderlecht,LM,Europe,22,71,77,3200000.0,6
M. Gajić,FC Girondins de Bordeaux,RB,Europe,22,71,75,2600000.0,4
P. Köpke,Hertha BSC,ST,Europe,22,71,79,3500000.0,8
O. Estupiñán,Vitória Guimarães,ST,South_America,21,71,79,3600000.0,8
J. Bednarek,Southampton,LCB,Europe,22,71,80,3200000.0,9
S. Plavšić,Sparta Praha,LM,Europe,22,71,77,3200000.0,6
J. Boga,Sassuolo,LM,Africa,21,71,81,3800000.0,10
E. Taşdemir,Bursaspor,LB,Europe,22,71,78,2800000.0,7
G. Montiel,River Plate,RB,South_America,21,71,80,3200000.0,9
João Gamboa,Clube Sport Marítimo,CDM,Europe,21,71,79,3000000.0,8
S. McTominay,Manchester United,CM,Europe,21,71,81,3800000.0,10
A. Leya Iseka,Toulouse Football Club,ST,Europe,20,71,78,3400000.0,7
André Moreira,Aston Villa,GK,Europe,22,71,80,2800000.0,9
B. Kamara,RC Strasbourg Alsace,GK,Europe,21,71,77,2400000.0,6
J. Elías,Godoy Cruz,RCM,South_America,22,71,78,2800000.0,7
Manu Morlanes,Villarreal CF,CM,Europe,19,71,83,4100000.0,12
I. Bennacer,Empoli,CM,Africa,20,71,82,4000000.0,11
C. Adjapong,Sassuolo,LM,Europe,20,71,81,3800000.0,10
A. De Sart,Sint-Truidense VV,LDM,Europe,21,71,78,3300000.0,7
B. Özcan,VfB Stuttgart,CAM,Europe,20,71,78,3400000.0,7
A. Calabresi,Bologna,CB,Europe,22,71,79,3000000.0,8
J. Léa Siliki,Stade Rennais FC,CM,Europe,22,71,81,3800000.0,10
D. Avdijaj,Willem II,LW,Europe,21,71,78,3400000.0,7
Lisandro Semedo,Fortuna Sittard,RW,Europe,22,71,77,3200000.0,6
J. Prior,FC Girondins de Bordeaux,GK,Europe,22,71,77,2400000.0,6
Stephen Eustáquio,GD Chaves,CDM,Europe,21,71,83,3800000.0,12
B. Drągowski,Fiorentina,GK,Europe,20,71,82,3200000.0,11
G. Mancini,Atalanta,LCB,Europe,22,71,80,3200000.0,9
M. Guendouzi,Arsenal,CDM,Europe,19,71,84,4000000.0,13
S. Lammers,SC Heerenveen,ST,Europe,21,71,80,3700000.0,9
B. Kuscevic,Universidad Católica,LCB,South_America,22,71,81,3300000.0,10
D. Sallói,Sporting Kansas City,LW,Europe,21,71,80,3700000.0,9
H. Toledo,Argentinos Juniors,LW,South_America,22,71,76,3200000.0,5
Bremer,Torino,CB,South_America,21,71,80,3200000.0,9
K. Balanta,Deportivo Cali,CDM,South_America,21,71,83,3800000.0,12
O. Zinchenko,Manchester City,LB,Europe,21,71,81,3300000.0,10
K. Galanopoulos,AEK Athens,RDM,Europe,20,71,84,4100000.0,13
Joel Pereira,Vitória de Setúbal,GK,Europe,22,71,82,3200000.0,11
M. Çelik,LOSC Lille,RB,Europe,21,71,83,3700000.0,12
T. Tomiyasu,Sint-Truidense VV,RCB,Asia,19,71,82,3500000.0,11
N. Katić,Rangers FC,CB,Europe,21,71,83,3800000.0,12
J. Brownhill,Bristol City,RCM,Europe,22,71,79,3400000.0,8
A. Maitland-Niles,Arsenal,CM,Europe,20,71,84,4500000.0,13
M. Djenepo,Standard de Liège,LM,Africa,20,71,82,4100000.0,11
O. Govea,Royal Antwerp FC,RDM,North_America,22,71,79,3000000.0,8
N. Sarenren Bazee,Hannover 96,RM,Africa,21,70,78,2600000.0,8
D. Solanke,Liverpool,ST,Europe,20,70,84,3900000.0,14
Santi Comesaña,Rayo Vallecano,CDM,Europe,21,70,76,2400000.0,6
Han Chan Hee,Jeonnam Dragons,RCM,Asia,21,70,75,2400000.0,5
D. Geiger,TSG 1899 Hoffenheim,CM,Europe,20,70,84,3900000.0,14
João Lucas,Santa Clara,LB,Europe,22,70,74,1900000.0,4
H. Mendyl,FC Schalke 04,LB,Africa,20,70,83,3000000.0,13
J. Paintsil,KRC Genk,LM,Africa,20,70,81,3100000.0,11
M. Thorsby,SC Heerenveen,LDM,Europe,22,70,76,2400000.0,6
S. Janko,Nottingham Forest,RB,Europe,22,70,74,1900000.0,4
O. Kemen,Olympique Lyonnais,CM,Europe,21,70,79,2700000.0,9
G. Suazo,Colo-Colo,LM,South_America,20,70,80,2900000.0,10
F. Platte,SV Darmstadt 98,ST,Europe,22,70,77,2500000.0,7
R. Nelson,TSG 1899 Hoffenheim,RW,Europe,18,70,85,3700000.0,15
B. Davies,Preston North End,LCB,Europe,22,70,79,2400000.0,9
B. Heynen,KRC Genk,LCM,Europe,21,70,78,2600000.0,8
J. Rodríguez,Club Atlético Banfield,CB,South_America,22,70,77,2100000.0,7
M. Friedrich,1. FC Union Berlin,RCB,Europe,22,70,78,2300000.0,8
P. Hatzidiakos,AZ Alkmaar,CB,Europe,21,70,78,2300000.0,8
J. Makengo,OGC Nice,CM,Europe,20,70,80,2800000.0,10
M. Bero,Vitesse,CAM,Europe,22,70,78,2600000.0,8
M. Targett,Southampton,LB,Europe,22,70,79,2300000.0,9
R. Dwamena,Levante UD,ST,Africa,22,70,79,2800000.0,9
J. Souttar,Heart of Midlothian,CB,Europe,21,70,82,2800000.0,12
O. Okwonkwo,Bologna,LW,Africa,20,70,85,3900000.0,15
N. Mihajlović,SC Heerenveen,LW,Europe,22,70,76,2400000.0,6
N. Moro,Dinamo Zagreb,CDM,Europe,20,70,81,2700000.0,11
D. Fry,Middlesbrough,CB,Europe,20,70,83,3100000.0,13
H. Vaca,Free Agent,RM,South_America,20,70,78,0.0,8
J. Worrall,Rangers FC,LCB,Europe,21,70,83,3100000.0,13
M. Mittelstädt,Hertha BSC,LB,Europe,21,70,81,2700000.0,11
M. Romero,PSV,ST,South_America,19,70,85,3800000.0,15
Lee Seung Woo,Hellas Verona,LW,Asia,20,70,79,2800000.0,9
Kangin Lee,Valencia CF,CAM,Asia,17,70,88,3500000.0,18
V. van Crooij,PEC Zwolle,LM,Europe,22,70,76,2400000.0,6
Y. Wissa,FC Lorient,LM,Europe,21,70,82,3200000.0,12
Pêpê,Vitória Guimarães,CM,Europe,21,70,80,2800000.0,10
E. Koulouris,Free Agent,ST,Europe,22,70,78,0.0,8
Jordi Mboula,AS Monaco,RM,Europe,19,70,85,3800000.0,15
J. Sambia,Montpellier HSC,CM,Europe,21,70,78,2600000.0,8
Jorge Sáenz,CD Tenerife,RCB,Europe,21,70,80,2500000.0,10
P. Mahlambi,Free Agent,CAM,Africa,20,70,84,0.0,14
R. Nissen Kristensen,Ajax,RB,Europe,20,70,79,2400000.0,9
M. Varnier,Atalanta,CB,Europe,20,70,85,3500000.0,15
T. Itō,Hamburger SV,LM,Asia,21,70,81,3100000.0,11
A. Mabil,FC Midtjylland,RW,Oceania,22,70,78,2600000.0,8
N. Ampomah,Waasland-Beveren,LM,Africa,22,70,77,2500000.0,7
O. Burke,West Bromwich Albion,RM,Europe,21,70,81,3100000.0,11
K. Dowell,Everton,CAM,Europe,20,70,83,3400000.0,13
A. Balić,Udinese,CM,Europe,20,70,77,2500000.0,7
C. Hudson-Odoi,Chelsea,LW,Europe,17,70,87,3500000.0,17
V. Osimhen,Sporting de Charleroi,LM,Africa,19,70,82,3100000.0,12
Mauro Júnior,PSV,CAM,South_America,19,70,82,3100000.0,12
B. Nieuwkoop,Feyenoord,RB,Europe,22,70,75,2000000.0,5
M. Cash,Nottingham Forest,LM,Europe,20,70,81,3100000.0,11
Marc Cardona,SD Eibar,ST,Europe,22,70,79,2800000.0,9
A. Batalla,Club Atlético Tigre,GK,South_America,22,70,78,2000000.0,8
Matheus Cunha,RB Leipzig,ST,South_America,19,70,85,3800000.0,15
G. Kerk,FC Utrecht,RS,Europe,22,70,75,2400000.0,5
J. Bacuna,Huddersfield Town,CM,Europe,20,70,77,2500000.0,7
S. Luperto,Napoli,CB,Europe,21,70,80,2500000.0,10
D. Sow,BSC Young Boys,RCM,Europe,21,70,82,3100000.0,12
H. Moukoudi,Le Havre AC,RCB,Europe,20,70,81,2700000.0,11
M. Manotas,Houston Dynamo,ST,South_America,22,70,77,2500000.0,7
J. Dudziak,FC St. Pauli,RB,Europe,22,70,75,2000000.0,5
Dodô,Vitória Guimarães,RB,South_America,19,70,83,2900000.0,13
J. Murillo,CD Tondela,RM,South_America,22,70,79,2700000.0,9
K. Kanatsızkuş,MKE Ankaragücü,ST,Europe,21,70,77,2600000.0,7
M. Duelund,Dynamo Kyiv,RW,Europe,21,70,78,2600000.0,8
S. Özcan,1. FC Köln,CM,Europe,20,70,85,3900000.0,15
J. Harrison,Leeds United,RM,Europe,21,70,81,3100000.0,11
F. Diabaté,Leicester City,LM,Africa,22,70,78,2600000.0,8
N. Hauptmann,1. FC Köln,CAM,Europe,22,70,80,2900000.0,10
K. N'Doram,AS Monaco,CDM,Europe,22,70,79,2400000.0,9
J. Torunarigha,Hertha BSC,LCB,Europe,20,70,81,2700000.0,11
Marc Gual,Real Zaragoza,LS,Europe,22,70,77,2500000.0,7
B. Samudio,Çaykur Rizespor,LM,South_America,22,70,78,2700000.0,8
C. Oliveira Souza,MSV Duisburg,RM,South_America,22,70,79,2700000.0,9
M. Matvienko,Shakhtar Donetsk,LB,Europe,22,70,80,2500000.0,10
A. Chatzigiovanis,Panathinaikos FC,RM,Europe,21,70,78,2600000.0,8
A. Engin,MSV Duisburg,RM,Europe,21,70,82,3200000.0,12
J. Reine-Adélaïde,Angers SCO,RM,Europe,20,70,82,3200000.0,12
K. Danso,FC Augsburg,CB,Europe,19,70,80,2400000.0,10
Fernando,Shakhtar Donetsk,LM,South_America,19,70,84,3800000.0,14
Fede,Granada CF,RDM,Europe,21,70,79,2400000.0,9
M. Wittek,SpVgg Greuther Fürth,LB,Europe,22,70,78,2200000.0,8
D. Lainez,Club América,RM,North_America,18,70,82,2900000.0,12
A. Werner,SD Huesca,GK,South_America,22,70,78,2000000.0,8
Christian Rivera,SD Huesca,CDM,Europe,20,70,79,2400000.0,9
C. Acevedo,Santos Laguna,GK,North_America,22,70,79,2100000.0,9
L. Mousset,Bournemouth,ST,Europe,22,70,75,2400000.0,5
C. Michelin,AC Ajaccio,RB,Europe,21,70,81,2700000.0,11
J. Dilrosun,Hertha BSC,LM,Europe,20,70,86,3900000.0,16
I. Nedelcearu,Free Agent,CB,Europe,22,70,78,0.0,8
J. Minala,Lazio,CM,Africa,21,70,76,2400000.0,6
C. Leemans,PEC Zwolle,LCM,Europe,22,70,75,2300000.0,5
Murilo Freitas,Rio Ave FC,LW,South_America,22,70,80,2900000.0,10
R. Del Castillo,Stade Rennais FC,RM,Europe,22,70,77,2500000.0,7
M. Diaby,Paris Saint-Germain,RW,Europe,18,70,85,3700000.0,15
P. Schuurs,Ajax,CB,Europe,18,70,82,2600000.0,12
E. Bello,CD Antofagasta,RM,South_America,22,70,77,2500000.0,7
L. Abram,Vélez Sarsfield,LCB,South_America,22,70,79,2400000.0,9
U. Bozok,Nîmes Olympique,RS,Europe,21,70,79,2800000.0,9
Verdasca,Real Zaragoza,CB,Europe,21,70,80,2500000.0,10
D. Batubinsika,Royal Antwerp FC,CB,Europe,22,70,77,2100000.0,7
Rafa Mir,UD Las Palmas,RF,Europe,21,70,81,3100000.0,11
Aleix García,Girona FC,CM,Europe,21,70,82,3100000.0,12
O. Linnér,AIK,GK,Europe,21,70,76,1800000.0,6
E. Tercero,Tigres U.A.N.L.,CB,North_America,22,70,77,2100000.0,7
M. Ingvartsen,KRC Genk,ST,Europe,22,70,77,2500000.0,7
F. Ondoa,KV Oostende,GK,Africa,22,70,79,2100000.0,9
J. Silbeira,Free Agent,GK,South_America,22,70,72,0.0,2
Cotán,Real Valladolid CF,CDM,Europe,22,70,78,2300000.0,8
T. Malacia,Feyenoord,LB,Europe,18,70,80,2200000.0,10
C. Eiting,Ajax,CM,Europe,20,70,79,2700000.0,9
J. Komar,Club Atlético Talleres,RCB,South_America,21,70,80,2500000.0,10
Rogério,Sassuolo,LM,South_America,20,70,85,3900000.0,15
C. Walton,Wigan Athletic,GK,Europe,22,70,80,2200000.0,10
Sergi Palencia,FC Girondins de Bordeaux,RB,Europe,22,70,78,2200000.0,8
A. Sørloth,Crystal Palace,ST,Europe,22,70,76,2500000.0,6
David Raya,Blackburn Rovers,GK,Europe,22,70,77,1800000.0,7
M. Cassierra,FC Groningen,ST,South_America,21,70,78,2700000.0,8
A. Tchouaméni,FC Girondins de Bordeaux,CM,Europe,18,70,84,3600000.0,14
J. Siebatcheu,Stade Rennais FC,ST,Europe,22,70,77,2500000.0,7
V. Angban,FC Metz,CM,Africa,21,70,79,2700000.0,9
Edu Expósito,Deportivo de La Coruña,RCM,Europe,21,70,81,3000000.0,11
A. Nordin,AS Saint-Étienne,LM,Europe,20,70,81,3100000.0,11
E. Ersoy,Bursaspor,CB,Europe,21,70,80,2500000.0,10
E. Brignola,Sassuolo,CAM,Europe,18,70,84,3700000.0,14
R. Gudiño,Guadalajara,GK,North_America,22,70,79,2100000.0,9
E. Elmas,Fenerbahçe SK,LDM,Europe,18,70,83,3100000.0,13
N. Pérez,Argentinos Juniors,CB,South_America,18,70,84,3300000.0,14
D. Kownacki,Sampdoria,ST,Europe,21,70,82,3200000.0,12
C. Mepham,Brentford,LCB,Europe,20,70,80,2500000.0,10
I. Brown,Leeds United,CAM,Europe,21,70,80,2900000.0,10
A. Lusamba,KSV Cercle Brugge,RCM,Europe,21,70,79,2800000.0,9
P. Galdames,Vélez Sarsfield,CM,South_America,21,70,80,2800000.0,10
E. Löwen,1. FC Nürnberg,CDM,Europe,21,70,80,2500000.0,10
O. Oularé,Standard de Liège,ST,Europe,22,70,77,2500000.0,7
N. Domínguez,Vélez Sarsfield,LCM,South_America,20,70,82,3100000.0,12
C. De Norre,Sint-Truidense VV,LM,Europe,21,70,79,2800000.0,9
L. Robertone,Vélez Sarsfield,CAM,South_America,21,69,79,1700000.0,10
I. Mathew,Lillestrøm SK,RCM,Africa,21,69,78,1600000.0,9
C. Lombardi,Lazio,LW,Europe,22,69,74,1400000.0,5
Aleix Febas,Albacete BP,RDM,Europe,22,69,78,1600000.0,9
A. Isak,Borussia Dortmund,ST,Europe,18,69,83,2200000.0,14
B. Riveros,FC Basel 1893,LB,South_America,20,69,83,2100000.0,14
D. Batallini,Argentinos Juniors,RW,South_America,22,69,77,1500000.0,8
J. Williams,Bolton Wanderers,RDM,Europe,21,69,79,1500000.0,10
N. Fernández,Defensa y Justicia,ST,South_America,22,69,77,1600000.0,8
A. Spörle,Club Atlético Banfield,LB,South_America,22,69,78,1400000.0,9
K. Mac Allister,Argentinos Juniors,LB,South_America,20,69,80,1600000.0,11
Allan,Eintracht Frankfurt,CM,South_America,21,69,78,1600000.0,9
Luis Felipe,San Jose Earthquakes,CDM,North_America,22,69,73,1200000.0,4
E. Eze,Queens Park Rangers,CAM,Europe,20,69,83,2300000.0,14
J. Sánchez,Club América,LB,North_America,20,69,77,1300000.0,8
I. Pettersson,IFK Norrköping,GK,Europe,21,69,80,1400000.0,11
W. Faes,KV Oostende,CB,Europe,20,69,79,1500000.0,10
M. Guanini,Gimnasia y Esgrima La Plata,CB,South_America,22,69,77,1300000.0,8
Z. Youssouf,FC Girondins de Bordeaux,CM,Europe,18,69,81,1700000.0,12
N. Cozza,Montpellier HSC,CB,Europe,19,69,85,2000000.0,16
L. Morosini,Brescia,CAM,Europe,22,69,75,1400000.0,6
M. Pongračić,FC Red Bull Salzburg,CB,Europe,20,69,82,1800000.0,13
Gustavo Cascardo,Vitória de Setúbal,RB,South_America,21,69,76,1300000.0,7
A. El Messaoudi,Fortuna Sittard,LCM,Africa,22,69,74,1200000.0,5
A. Gojak,Dinamo Zagreb,LDM,Europe,21,69,78,1600000.0,9
N. Eliasson,Bristol City,RM,Europe,22,69,78,1600000.0,9
A. Vega,Deportivo Toluca,RS,North_America,20,69,83,2300000.0,14
Juan Muñoz,AD Alcorcón,ST,Europe,22,69,74,1400000.0,5
A. Ivan,SK Rapid Wien,LM,Europe,21,69,76,1500000.0,7
I. Šunjić,Dinamo Zagreb,CDM,Europe,21,69,76,1300000.0,7
R. Oudin,Stade de Reims,RM,Europe,21,69,76,1500000.0,7
C. Stengs,AZ Alkmaar,RW,Europe,19,69,84,2300000.0,15
M. Fares,SPAL,LM,Africa,22,69,77,1500000.0,8
F. Tomori,Derby County,LCB,Europe,20,69,80,1600000.0,11
R. Bormuth,Fortuna Düsseldorf,RCB,Europe,22,69,77,1300000.0,8
E. Ocansey,KAS Eupen,RM,Africa,20,69,78,1600000.0,9
E. Rexhbeçaj,VfL Wolfsburg,CM,Europe,20,69,80,1800000.0,11
J. Mees,1. FC Union Berlin,LW,Europe,22,69,78,1600000.0,9
G. Larsonneur,Stade Brestois 29,GK,Europe,21,69,80,1400000.0,11
R. Petretta,FC Basel 1893,LB,Europe,21,69,83,2100000.0,14
M. Olivera,Albacete BP,LB,South_America,20,69,78,1400000.0,9
P. Bråtveit,FK Haugesund,GK,Europe,22,69,76,1100000.0,7
C. Carter-Vickers,Swansea City,CB,North_America,20,69,84,2100000.0,15
E. Cobbaut,RSC Anderlecht,LB,Europe,20,69,79,1500000.0,10
L. Dickmann,SPAL,RB,Europe,21,69,78,1400000.0,9
A. Barkok,Fortuna Düsseldorf,RM,Europe,20,69,81,1900000.0,12
F. Müller,1. FSV Mainz 05,GK,Europe,20,69,83,1900000.0,14
M. Svanberg,Bologna,LM,Europe,19,69,84,2300000.0,15
Hélder Ferreira,Vitória Guimarães,RM,Europe,21,69,76,1500000.0,7
K. Walker-Peters,Tottenham Hotspur,RB,Europe,21,69,80,1600000.0,11
T. Weah,Paris Saint-Germain,LM,North_America,18,69,85,2200000.0,16
M. Bolados,Universidad Católica,RW,South_America,22,69,76,1500000.0,7
J. Glad,Real Salt Lake,LCB,North_America,21,69,77,1300000.0,8
E. Konsa,Brentford,RCB,Europe,20,69,80,1600000.0,11
A. Gholizadeh,Sporting de Charleroi,RM,Asia,22,69,76,1500000.0,7
L. Blessing,Los Angeles FC,RW,Africa,21,69,79,1700000.0,10
M. Wagué,FC Barcelona,RB,Africa,19,69,81,1600000.0,12
B. Mansilla,Racing Club,LM,South_America,21,69,84,2300000.0,15
Fran Villalba,CD Numancia,LCM,Europe,20,69,79,1700000.0,10
O. De Wolf,Sporting Lokeren,GK,Europe,21,69,77,1200000.0,8
J. Arp,Hamburger SV,ST,Europe,18,69,88,2200000.0,19
J. Ardaiz,Frosinone,ST,South_America,19,69,82,2000000.0,13
L. Klünter,Hertha BSC,RB,Europe,22,69,78,1400000.0,9
G. Tutino,Cosenza,LS,Europe,21,69,80,1800000.0,11
E. Kouassi,Celtic,CDM,Africa,20,69,77,1300000.0,8
I. Cardona,KSV Cercle Brugge,ST,Europe,20,69,78,1700000.0,9
D. Arzani,Celtic,RM,Oceania,19,69,83,2300000.0,14
G. Puşcaş,Palermo,ST,Europe,22,69,77,1600000.0,8
V. Marcel,ESTAC Troyes,RW,Europe,21,69,77,1600000.0,8
J. Clarke-Salter,Vitesse,LCB,Europe,20,69,81,1700000.0,12
I. Radu,Genoa,GK,Europe,21,69,81,1500000.0,12
Pedro Porro,Girona FC,RWB,Europe,18,69,82,1600000.0,13
C. Roberts,Swansea City,RB,Europe,22,69,77,1300000.0,8
G. Maroni,Club Atlético Talleres,CAM,South_America,19,69,81,1800000.0,12
S. Hakšabanovič,Málaga CF,LM,Europe,19,69,79,1600000.0,10
M. Christiansen,DSC Arminia Bielefeld,CDM,Europe,21,69,78,1400000.0,9
Riqui Puig,FC Barcelona,CM,Europe,18,69,89,2100000.0,20
H. ter Avest,Udinese,RB,Europe,21,69,77,1300000.0,8
J. Medina,New York City FC,RW,South_America,21,69,79,1700000.0,10
V. Nelsson,FC Nordsjælland,CB,Europe,19,69,81,1600000.0,12
Puado,RCD Espanyol,ST,Europe,20,69,78,1700000.0,9
J. Hoogma,TSG 1899 Hoffenheim,CB,Europe,20,69,80,1600000.0,11
S. Gallagher,Southampton,ST,Europe,22,69,77,1600000.0,8
L. Valzania,Atalanta,CM,Europe,22,69,78,1600000.0,9
J. Igbekeme,Real Zaragoza,LCM,Africa,22,69,76,1500000.0,7
J. Vanlerberghe,KV Oostende,CDM,Europe,22,69,76,1300000.0,7
G. Troupée,ADO Den Haag,RB,Europe,20,69,77,1300000.0,8
F. Maouassa,Nîmes Olympique,LB,Europe,19,69,78,1300000.0,9
C. Cadden,Motherwell,RM,Europe,21,69,77,1600000.0,8
K. Bistrović,PFC CSKA Moscow,CDM,Europe,20,69,82,1800000.0,13
M. Clarke,Portsmouth,LCB,Europe,21,69,82,1800000.0,13
Witi,CD Nacional,RW,Africa,21,69,76,1500000.0,7
Auro,Toronto FC,RB,South_America,22,69,78,1400000.0,9
K. Palmer,Blackburn Rovers,CAM,Europe,21,69,77,1600000.0,8
B. Radunović,US Cremonese,GK,Europe,22,69,80,1400000.0,11
J. Repas,Stade Malherbe Caen,LW,Europe,21,69,80,1800000.0,11
T. Jibril,Portimonense SC,RW,Africa,20,69,76,1500000.0,7
A. Favilli,Genoa,ST,Europe,21,69,81,1900000.0,12
M. Hartel,1. FC Union Berlin,LW,Europe,22,69,76,1500000.0,7
T. Ambrose,Racing Club de Lens,LM,Europe,21,69,79,1700000.0,10
F. Cassata,Frosinone,CM,Europe,20,69,80,1800000.0,11
Pedro Pereira,Genoa,RB,Europe,20,69,81,1600000.0,12
C. Akpom,PAOK,ST,Europe,22,69,76,1500000.0,7
N. Barrios,San Lorenzo de Almagro,LM,South_America,20,69,82,2000000.0,13
G. Kyei,Racing Club de Lens,ST,Europe,22,69,76,1500000.0,7
L. Wahlqvist,SG Dynamo Dresden,RWB,Europe,21,69,76,1300000.0,7
D. Oberlin,FC Basel 1893,ST,Europe,20,69,81,1900000.0,12
I. Sissoko,RC Strasbourg Alsace,RCM,Europe,20,69,81,1700000.0,12
K. Misao,Kashima Antlers,CM,Asia,22,69,79,1700000.0,10
F. Ballo-Touré,LOSC Lille,LB,Europe,21,69,80,1600000.0,11
A. Guðmundsson,AZ Alkmaar,RW,Europe,21,69,81,1900000.0,12
S. McKenna,Aberdeen,LCB,Europe,21,69,82,1800000.0,13
S. Posch,TSG 1899 Hoffenheim,CB,Europe,21,69,78,1400000.0,9
N. Rapp,FC Erzgebirge Aue,LCB,Europe,21,69,79,1500000.0,10
P. Sandler,Manchester City,CB,Europe,21,69,81,1700000.0,12
Jorge Fernandes,CD Tondela,CB,Europe,21,69,77,1300000.0,8
C. Arrieta,Envigado FC,RB,South_America,22,69,77,1300000.0,8
J. Harrop,Preston North End,CAM,Europe,22,69,77,1500000.0,8
B. Sosa,VfB Stuttgart,LB,Europe,20,69,80,1600000.0,11
A. Kalulu,FC Basel 1893,RM,Europe,22,69,78,1600000.0,9
A. Mitryushkin,FC Sion,GK,Europe,22,69,80,1400000.0,11
C. Kipré,Wigan Athletic,RCB,Europe,21,69,78,1400000.0,9
M. Normann,Brighton & Hove Albion,CM,Europe,22,69,77,1500000.0,8
C. Keita,KAS Eupen,LW,Africa,22,69,75,1400000.0,6
J. Lazare Amani,KAS Eupen,LCM,Africa,20,69,79,1700000.0,10
J. Carreño,Universidad Católica,CM,South_America,21,69,77,1500000.0,8
J. Rassoul,Sporting Lokeren,CB,Africa,22,69,76,1300000.0,7
N. Chernov,PFC CSKA Moscow,CB,Europe,22,69,79,1500000.0,10
F. Honorat,Clermont Foot 63,RM,Europe,21,69,79,1700000.0,10
G. Taylor,Kilmarnock,LB,Europe,20,69,83,2100000.0,14
S. Benrahma,Brentford,LW,Africa,22,69,75,1400000.0,6
P. Burner,OGC Nice,RB,Europe,22,69,77,1300000.0,8
S. Vegas,Monarcas Morelia,LB,South_America,21,69,77,1300000.0,8
D. Warmerdam,FC Groningen,LM,Europe,22,69,76,1200000.0,7
I. Gómez,Estudiantes de La Plata,LDM,South_America,21,69,80,1600000.0,11
O. Ejaria,Rangers FC,RCM,Europe,20,69,82,2000000.0,13
G. Arabidze,CD Nacional,RW,Europe,20,69,81,1900000.0,12
F. Brorsson,Malmö FF,CB,Europe,22,69,75,1200000.0,6
J. Fuchs,FC Sochaux-Montbéliard,CDM,Africa,20,69,80,1600000.0,11
L. Coulibaly,Rangers FC,CM,Africa,22,69,79,1700000.0,10
Adrián Diéguez,Deportivo Alavés,CB,Europe,22,69,77,1300000.0,8
A. Mac Allister,Argentinos Juniors,CM,South_America,19,69,83,2200000.0,14
S. Moutoussamy,FC Nantes,CM,Europe,21,69,78,1600000.0,9
S. Rossbach,Odds BK,GK,Europe,22,69,81,1500000.0,12
L. Singh,SC Braga,ST,Africa,20,69,81,1900000.0,12
G. Papunashvili,Real Zaragoza,RM,Europe,22,69,76,1500000.0,7
A. Robinson,Wigan Athletic,LB,North_America,20,69,81,1600000.0,12
S. Villa,Boca Juniors,RW,South_America,22,69,79,1700000.0,10
S. Bornauw,RSC Anderlecht,LCB,Europe,19,69,81,1600000.0,12
L. Mühl,1. FC Nürnberg,LCB,Europe,21,69,81,1700000.0,12
L. Bénes,Borussia Mönchengladbach,CAM,Europe,20,69,82,2000000.0,13
I. Ganago,OGC Nice,ST,Africa,19,69,80,1800000.0,11
Álex Mula,Málaga CF,LM,Europe,21,69,77,1600000.0,8
H. Choudhury,Leicester City,CDM,Europe,20,69,80,1600000.0,11
D. Vente,Feyenoord,ST,Europe,19,69,81,1800000.0,12
F. Passlack,Norwich City,RB,Europe,20,69,81,1600000.0,12
R. Živković,KV Oostende,ST,Europe,21,69,77,1600000.0,8
Brahim Díaz,Manchester City,LW,Europe,18,69,86,2200000.0,17
M. Richter,FC Augsburg,RM,Europe,20,69,78,1600000.0,9
S. Ganvoula,VfL Bochum 1848,ST,Africa,22,69,76,1500000.0,7
C. Manea,Free Agent,RB,Europe,20,69,81,0.0,12
M. Romeo,Millwall,RB,North_America,22,69,77,1300000.0,8
C. Teuchert,FC Schalke 04,ST,Europe,21,68,81,1700000.0,13
Villalibre,Athletic Club de Bilbao,ST,Europe,20,68,77,1400000.0,9
Gabrielzinho,Rio Ave FC,RW,South_America,22,68,74,1200000.0,6
J. Stage,Aarhus GF,RM,Europe,21,68,76,1300000.0,8
I. Hagi,Free Agent,CAM,Europe,19,68,82,0.0,14
M. Pedersen,FC Nordsjælland,LWB,Europe,21,68,77,1200000.0,9
Kaio Pantaleão,Santa Clara,CDM,South_America,22,68,73,1000000.0,5
C. Brannagan,Oxford United,LCM,Europe,22,68,77,1400000.0,9
Sergi Canós,Brentford,RW,Europe,21,68,74,1200000.0,6
Koke Vegas,Levante UD,GK,Europe,22,68,77,1000000.0,9
R. Curtis,Portsmouth,LW,Europe,22,68,79,1500000.0,11
J. Andersson,FC Midtjylland,RWB,Europe,21,68,76,1100000.0,8
F. Uzoho,Elche CF,GK,Africa,19,68,82,1600000.0,14
K. Sierhuis,Ajax,ST,Europe,20,68,78,1500000.0,10
D. Ljubicic,SK Rapid Wien,LDM,Europe,20,68,79,1400000.0,11
S. Nsoki,Paris Saint-Germain,LB,Europe,19,68,84,1700000.0,16
S. Ezatolahi,Reading,CM,Asia,21,68,79,1500000.0,11
A. La Gumina,Empoli,RS,Europe,22,68,76,1300000.0,8
M. Friedl,SV Werder Bremen,LB,Europe,20,68,79,1300000.0,11
T. Bašić,FC Girondins de Bordeaux,CM,Europe,21,68,77,1400000.0,9
V. Černý,Ajax,RW,Europe,20,68,75,1300000.0,7
C. Baird,Real Salt Lake,ST,North_America,22,68,77,1400000.0,9
Reguilón,Real Madrid,LB,Europe,21,68,80,1400000.0,12
F. Arancibia,Universidad de Chile,LM,South_America,21,68,80,1600000.0,12
Y. Leiva,Universidad de Chile,RM,South_America,20,68,78,1500000.0,10
K. Salazar,Atlético Bucaramanga,CAM,South_America,22,68,79,1500000.0,11
S. Moharrami,Dinamo Zagreb,RB,Asia,22,68,75,1100000.0,7
Y. Eteki,UD Almería,RDM,Africa,20,68,78,1300000.0,10
Soriano,Sevilla FC,GK,Europe,20,68,77,1100000.0,9
S. Alakouch,Nîmes Olympique,RB,Europe,19,68,81,1500000.0,13
I. Ledezma,Audax Italiano,CAM,South_America,22,68,76,1300000.0,8
R. Tavera,Atlético Huila,CDM,South_America,22,68,78,1300000.0,10
D. Valoyes,Club Atlético Talleres,RW,South_America,21,68,80,1600000.0,12
L. Henderson,Hellas Verona,CM,Europe,22,68,77,1400000.0,9
J. Valencia,Bologna,CM,South_America,20,68,80,1600000.0,12
L. Maina,Hannover 96,LM,Europe,19,68,81,1700000.0,13
Pejiño,Sevilla FC,LM,Europe,21,68,77,1400000.0,9
Lee Gwang Hyeok,Pohang Steelers,LW,Asia,22,68,73,1200000.0,5
A. Bobichon,Nîmes Olympique,CM,Europe,22,68,74,1200000.0,6
L. Gooch,Sunderland,RM,North_America,22,68,79,1500000.0,11
T. Awoniyi,KAA Gent,ST,Africa,20,68,77,1400000.0,9
S. Colombatto,Hellas Verona,CM,South_America,21,68,80,1600000.0,12
T. Guidara,Belgrano de Córdoba,RB,South_America,22,68,78,1200000.0,10
B. Brereton,Blackburn Rovers,ST,Europe,19,68,82,1900000.0,14
M. Cafaro,Stade de Reims,CAM,Europe,21,68,79,1500000.0,11
F. Dagerstål,IFK Norrköping,RCB,Europe,21,68,76,1100000.0,8
Nacho Méndez,Real Sporting de Gijón,CM,Europe,20,68,81,1700000.0,13
Y. Herrera,New York City FC,RM,South_America,20,68,78,1300000.0,10
I. Akhmetov,PFC CSKA Moscow,CAM,Europe,20,68,80,1600000.0,12
F. Muslija,Hannover 96,LM,Europe,19,68,79,1500000.0,11
K. Mavropanos,Arsenal,CB,Europe,20,68,83,1800000.0,15
K. Medel,CD Everton de Viña del Mar,CDM,South_America,22,68,79,1300000.0,11
V. Parigini,Torino,LW,Europe,22,68,79,1500000.0,11
L. Kelly,Reading,CDM,Europe,22,68,74,1200000.0,6
Y. Yeboah,CD Numancia,RW,Africa,21,68,78,1500000.0,10
C. Spinelli,Crotone,ST,South_America,21,68,76,1300000.0,8
M. Chrien,Santa Clara,CM,Europe,22,68,76,1300000.0,8
Iván Villar,RC Celta,GK,Europe,20,68,75,950000.0,7
C. Borthwick-Jackson,Scunthorpe United,LB,Europe,21,68,74,1000000.0,6
Pleguezuelo,Arsenal,CB,Europe,21,68,77,1200000.0,9
David Concha,Real Sociedad,RM,Europe,21,68,78,1500000.0,10
J. Angulo,Santos Laguna,LB,North_America,20,68,80,1400000.0,12
S. Nakatani,Nagoya Grampus,RCB,Asia,22,68,72,975000.0,4
M. Niemeyer,1. FC Magdeburg,LM,Europe,22,68,76,1300000.0,8
J. Lewis,Norwich City,LB,Europe,20,68,81,1500000.0,13
A. Araujo,GFC Ajaccio,RM,Europe,21,68,75,1300000.0,7
J. Torres,Newell's Old Boys,RM,South_America,21,68,79,1500000.0,11
T. Chancalay,Club Atlético Colón,LW,South_America,19,68,83,1900000.0,15
D. Jovanovic,Sporting Lokeren,ST,Europe,19,68,81,1700000.0,13
Mama Baldé,CD Aves,RW,Africa,22,68,76,1300000.0,8
M. Mehlem,SV Darmstadt 98,CAM,Europe,20,68,79,1500000.0,11
D. Etienne Jr.,New York Red Bulls,RW,North_America,21,68,78,1500000.0,10
V. Mantovani,US Salernitana 1919,RCB,Europe,22,68,79,1300000.0,11
O. Noorafkan,Sporting de Charleroi,CDM,Asia,21,68,76,1100000.0,8
H. Sakhi,AJ Auxerre,CAM,Africa,22,68,75,1300000.0,7
M. Schubert,SG Dynamo Dresden,GK,Europe,20,68,81,1400000.0,13
D. Kinsombi,Holstein Kiel,LCM,Europe,22,68,74,1200000.0,6
A. Armstrong,Blackburn Rovers,LM,Europe,21,68,80,1600000.0,12
S. Amallah,Royal Excel Mouscron,RM,Europe,21,68,76,1300000.0,8
Sergio Gómez,Borussia Dortmund,CAM,Europe,17,68,87,1800000.0,19
J. Dunne,Heart of Midlothian,LCB,Europe,20,68,79,1400000.0,11
D. Pineda,Santa Clara,LW,North_America,22,68,74,1200000.0,6
Han Kwang Song,Perugia,ST,Asia,19,68,83,1900000.0,15
P. Pentz,FK Austria Wien,GK,Europe,21,68,76,1000000.0,8
Gorosabel,Real Sociedad,RB,Europe,21,68,77,1200000.0,9
S. Salazar,Independiente Santa Fe,CDM,South_America,22,68,78,1300000.0,10
Nouhou,Seattle Sounders FC,LB,Africa,21,68,77,1200000.0,9
Héctor,Málaga CF,ST,Europe,22,68,76,1300000.0,8
R. Peña,Houston Dynamo,ST,South_America,21,68,75,1300000.0,7
José Machín,Pescara,RCM,Africa,21,68,78,1400000.0,10
M. Spielmann,FC Thun,LM,Europe,22,68,79,1500000.0,11
P. van Amersfoort,SC Heerenveen,CAM,Europe,22,68,74,1200000.0,6
David Carmona,Cádiz CF,RB,Europe,21,68,76,1100000.0,8
R. Neudecker,FC St. Pauli,LM,Europe,21,68,78,1500000.0,10
A. Bassi,AS Nancy Lorraine,CAM,Africa,20,68,76,1300000.0,8
Gonzalo Villar,Elche CF,RCM,Europe,20,68,80,1600000.0,12
J. Brunetta,Belgrano de Córdoba,LM,South_America,21,68,80,1600000.0,12
G. Torres,Atlético Nacional,RM,South_America,22,68,79,1500000.0,11
K. Pierie,SC Heerenveen,LCB,Europe,17,68,80,1200000.0,12
J. David,KAA Gent,ST,North_America,18,68,85,1900000.0,17
V. Dávila,Club Necaxa,ST,South_America,20,68,75,1300000.0,7
Y. Ideguchi,SpVgg Greuther Fürth,CDM,Asia,21,68,78,1300000.0,10
Kike Barja,CA Osasuna,RM,Europe,21,68,75,1300000.0,7
G. Bouzoukis,Panathinaikos FC,CAM,Europe,20,68,78,1500000.0,10
Raúl Guti,Real Zaragoza,CM,Europe,21,68,76,1300000.0,8
A. Novakovich,Fortuna Sittard,ST,North_America,21,68,76,1300000.0,8
A. Boljević,Waasland-Beveren,LS,Europe,22,68,74,1200000.0,6
S. Moore,CF Reus Deportiu,RB,North_America,21,68,78,1300000.0,10
J. Elliott,Philadelphia Union,CB,Europe,22,68,73,1000000.0,5
E. Kwateng,FC Nantes,RB,Europe,21,68,76,1100000.0,8
J. Verlaat,SV Sandhausen,LCB,Europe,22,68,74,1000000.0,6
D. Crowley,Willem II,CAM,Europe,20,68,75,1300000.0,7
M. Aarons,Norwich City,RB,Europe,18,68,84,1600000.0,16
E. Segura,Atlético Huila,LCB,South_America,21,68,79,1400000.0,11
D. Johnsen,Ajax,LW,Europe,20,68,79,1500000.0,11
A. Gravillon,Pescara,RCB,Europe,20,68,82,1800000.0,14
B. Rother,1. FC Magdeburg,CDM,Europe,21,68,74,1100000.0,6
M. Sáček,Sparta Praha,CM,Europe,21,68,79,1500000.0,11
R. Gumny,Lech Poznań,RB,Europe,20,68,84,1800000.0,16
J. Horn,1. FC Köln,LB,Europe,21,68,76,1100000.0,8
D. Koita,En Avant de Guingamp,CB,Europe,18,68,80,1300000.0,12
Hwang Hyun Soo,FC Seoul,CB,Asia,22,68,73,1000000.0,5
Joaquín,Real Valladolid CF,CB,Europe,22,68,72,975000.0,4
T. Wellenreuther,Willem II,GK,Europe,22,68,75,925000.0,7
M. Barrow,Atalanta,ST,Africa,19,68,85,1900000.0,17
D. Mancini,AJ Auxerre,CM,South_America,21,68,79,1500000.0,11
R. Cannon,FC Dallas,RB,North_America,20,68,80,1400000.0,12
S. Tonali,Brescia,CDM,Europe,18,68,89,1800000.0,21
J. Yueill,San Jose Earthquakes,LCM,North_America,21,68,76,1300000.0,8
André Vidigal,Fortuna Sittard,LW,Europe,19,68,78,1400000.0,10
J. Dompé,KAA Gent,RM,Europe,22,68,73,1200000.0,5
U. Sadiq,Rangers FC,ST,Africa,21,68,80,1600000.0,12
D. Poha,Stade Rennais FC,CM,Europe,21,68,75,1300000.0,7
A. Green,Portsmouth,LM,Europe,19,68,82,1900000.0,14
T. Roberts,Leeds United,ST,Europe,19,68,83,1900000.0,15
Z. Vanheusden,Standard de Liège,CB,Europe,18,68,82,1700000.0,14
M. Lysov,Lokomotiv Moscow,LB,Europe,20,68,80,1400000.0,12
A. Grgić,FC Sion,CM,Europe,21,68,77,1400000.0,9
B. Woodburn,Sheffield United,CAM,Europe,18,68,85,1800000.0,17
Guille Donoso,CD Lugo,RM,Europe,22,68,76,1300000.0,8
S. Mraz,Empoli,ST,Europe,21,68,77,1400000.0,9
M. Senesi,San Lorenzo de Almagro,RCB,South_America,21,68,80,1400000.0,12
J. Matoušek,SK Slavia Praha,CF,Europe,20,68,83,2000000.0,15
Iván Rodríguez,Málaga CF,RB,Europe,22,68,76,1100000.0,8
B. Peacock-Farrell,Leeds United,GK,Europe,21,68,77,1100000.0,9
S. Peña,CD Tondela,CAM,South_America,22,68,74,1200000.0,6
K. Rüegg,FC Zürich,RB,Europe,19,68,85,1700000.0,17
Ivanildo Fernandes,Moreirense FC,LCB,Europe,22,68,76,1100000.0,8
C. Connolly,Wigan Athletic,CDM,Europe,20,68,81,1500000.0,13
Pedrosa,Vitória de Setúbal,CDM,Europe,21,68,76,1100000.0,8
W. Kanga,Angers SCO,ST,Africa,20,68,77,1400000.0,9
Nuno Tomás,Os Belenenses,CB,Europe,22,68,71,950000.0,3
M. Rodák,Rotherham United,GK,Europe,21,68,76,1000000.0,8
Óscar,CD Leganés,RCM,Europe,20,68,81,1700000.0,13
L. Vido,Perugia,RS,Europe,21,68,82,2000000.0,14
G. Dobson,Walsall,LCM,Europe,20,68,76,1300000.0,8
F. Aursnes,Molde FK,CM,Europe,22,68,76,1300000.0,8
A. Androutsos,Olympiacos CFP,CAM,Europe,21,68,80,1600000.0,12
J. Chabot,FC Groningen,LCB,Europe,20,68,77,1200000.0,9
M. Clark,Vitesse,LB,Europe,22,68,77,1200000.0,9
E. Håland,Molde FK,ST,Europe,17,68,85,1800000.0,17
L. Lamprou,Fortuna Sittard,LW,Europe,20,68,77,1400000.0,9
D. Dos Santos,Heracles Almelo,LW,Europe,21,68,73,1200000.0,5
I. Jeraldino,Audax Italiano,RS,South_America,22,68,75,1300000.0,7
I. Conté,Chamois Niortais Football Club,LCB,Africa,22,68,76,1100000.0,8
A. Modiba,Free Agent,LW,Africa,22,68,76,0.0,8
Javi Jiménez,Gimnàstic de Tarragona,LM,Europe,22,68,78,1200000.0,10
R. James,Wigan Athletic,RB,Europe,18,68,84,1600000.0,16
O. Duarte,Atlético Nacional,ST,South_America,22,68,77,1400000.0,9
C. Bedia,SV Zulte-Waregem,ST,Africa,22,68,74,1200000.0,6
M. Pessina,Atalanta,CM,Europe,21,68,82,1900000.0,14
D. Mitchell,Heart of Midlothian,LB,Europe,21,68,81,1500000.0,13
S. Marreh,KAS Eupen,CDM,Africa,22,67,74,925000.0,7
Carbonell,CF Reus Deportiu,CM,Europe,20,67,75,1100000.0,8
Y. Meité,Reading,ST,Africa,22,67,72,1000000.0,5
I. Toney,Peterborough United,LS,Europe,22,67,77,1200000.0,10
S. van der Water,Heracles Almelo,RW,Europe,21,67,76,1200000.0,9
E. Hyndman,Hibernian,CM,North_America,22,67,76,1200000.0,9
José Suárez,Girona FC,GK,Europe,22,67,78,1000000.0,11
A. Campbell,Motherwell,LCM,Europe,19,67,77,1000000.0,10
S. Kaikai,Crystal Palace,LM,Europe,22,67,73,1000000.0,6
F. Onyedinma,Wycombe Wanderers,LM,Africa,21,67,75,1100000.0,8
N. Aguerd,Dijon FCO,CB,Africa,22,67,75,975000.0,8
R. Le Normand,Real Sociedad,CB,Europe,21,67,79,1200000.0,12
Guruzeta,Athletic Club de Bilbao,ST,Europe,21,67,78,1300000.0,11
Josema,FC Sochaux-Montbéliard,CB,Europe,22,67,75,975000.0,8
H. Maïga,FC Metz,CDM,Africa,22,67,79,1200000.0,12
D. Mesenhöler,MSV Duisburg,GK,Europe,22,67,75,850000.0,8
S. Ojo,Stade de Reims,RW,Europe,21,67,79,1400000.0,12
M. Kenlock,Ipswich Town,LB,Europe,21,67,78,1100000.0,11
L. Cháves,Argentinos Juniors,GK,South_America,22,67,73,750000.0,6
K. Paal,PEC Zwolle,LB,Europe,21,67,76,1000000.0,9
P. Pellegri,AS Monaco,ST,Europe,17,67,88,1700000.0,21
L. Šimić,SPAL,CB,Europe,21,67,76,1000000.0,9
R. Koike,Kashiwa Reysol,RB,Asia,22,67,70,800000.0,3
Cristian Rivero,Valencia CF,GK,Europe,20,67,79,1100000.0,12
F. Amuzu,RSC Anderlecht,LF,Europe,18,67,81,1600000.0,14
Yago,Al Qadisiyah,CDM,South_America,22,67,74,925000.0,7
B. Thompson,Portsmouth,LCM,Europe,22,67,74,1100000.0,7
Paulo Henrique,Portimonense SC,RW,South_America,20,67,74,1100000.0,7
A. Seydel,Holstein Kiel,ST,Europe,22,67,76,1200000.0,9
N. Körber,VfL Osnabrück,GK,Europe,21,67,79,1100000.0,12
P. Dahlberg,Watford,GK,Europe,19,67,80,1100000.0,13
J. Sims,Reading,RW,Europe,21,67,77,1200000.0,10
B. Borrello,SC Freiburg,RM,Oceania,22,67,73,1000000.0,6
O. Albornoz,Deportes Tolima,LB,South_America,22,67,76,1000000.0,9
Y. Regäsel,MSV Duisburg,RB,Europe,22,67,74,900000.0,7
A. Lioi,Rosario Central,RM,South_America,21,67,79,1400000.0,12
M. Zetterer,SV Werder Bremen,GK,Europe,22,67,75,850000.0,8
L. Menalo,Dinamo Zagreb,LW,Europe,21,67,75,1100000.0,8
J. Cummings,Peterborough United,ST,Europe,22,67,75,1100000.0,8
R. Preißinger,1. FC Magdeburg,LCM,Europe,21,67,75,975000.0,8
T. Bishop,Ipswich Town,CM,Europe,21,67,77,1200000.0,10
Lluis López,RCD Espanyol,CB,Europe,21,67,77,1100000.0,10
A. Šemper,Chievo Verona,GK,Europe,20,67,80,1200000.0,13
André Ferreira,CD Aves,GK,Europe,22,67,75,850000.0,8
A. Ribera,Free Agent,RM,South_America,22,67,72,0.0,5
L. Zander,FC St. Pauli,RB,Europe,22,67,74,900000.0,7
Curro Sánchez,Sevilla FC,LM,Europe,22,67,74,1100000.0,7
Akieme,Rayo Vallecano,LB,Europe,20,67,72,850000.0,5
Tete Morente,Gimnàstic de Tarragona,LM,Europe,21,67,79,1400000.0,12
D. Zúñiga,CD Everton de Viña del Mar,LB,South_America,21,67,78,1100000.0,11
J. Ruiz,FC Sochaux-Montbéliard,CB,Europe,20,67,79,1200000.0,12
D. Vergara,Envigado FC,RM,South_America,21,67,78,1300000.0,11
A. Maksimenko,Spartak Moscow,GK,Europe,20,67,80,1200000.0,13
M. Vrushaj,Olympiacos CFP,LM,Europe,19,67,80,1400000.0,13
S. Knežević,FC Luzern,CB,Europe,21,67,79,1200000.0,12
S. Edera,Torino,RW,Europe,21,67,77,1200000.0,10
N. Linares,Club Atlético Banfield,CDM,South_America,22,67,77,1100000.0,10
R. Baku,1. FSV Mainz 05,CM,Europe,20,67,82,1700000.0,15
Samu,Boavista FC,LM,Europe,22,67,73,1000000.0,6
L. Orejuela,Ajax,RB,South_America,22,67,73,875000.0,6
D. Rigo,PSV,CM,Europe,19,67,80,1400000.0,13
A. Bastoni,Parma,CB,Europe,19,67,87,1500000.0,20
F. Ayé,Clermont Foot 63,ST,Europe,21,67,74,1100000.0,7
N. Bajrami,Grasshopper Club Zürich,LCM,Europe,19,67,82,1600000.0,15
J. Duverne,Racing Club de Lens,CB,Europe,20,67,77,1100000.0,10
R. Zhemaletdinov,Lokomotiv Moscow,ST,Europe,21,67,77,1300000.0,10
J. Kubicki,Lechia Gdańsk,RCM,Europe,22,67,73,1000000.0,6
J. Rasmussen,Empoli,CB,Europe,21,67,78,1200000.0,11
Y. Ramadani,Vejle Boldklub,CM,Europe,22,67,74,925000.0,7
K. Kotsaris,Panathinaikos FC,GK,Europe,21,67,77,950000.0,10
A. Hrustić,FC Groningen,CAM,Oceania,21,67,75,1100000.0,8
S. Palombi,Lecce,RS,Europe,22,67,76,1200000.0,9
G. Maggiore,Spezia,CM,Europe,20,67,83,1700000.0,16
A. Rossi,Lazio,ST,Europe,21,67,77,1300000.0,10
Nolaskoain,Athletic Club de Bilbao,CB,Europe,19,67,78,1100000.0,11
F. Miguel,Nîmes Olympique,LB,Europe,21,67,76,1000000.0,9
K. Broll,SG Sonnenhof Großaspach,GK,Europe,22,67,74,800000.0,7
F. Centonze,Racing Club de Lens,RB,Europe,22,67,75,950000.0,8
J. Piotrowski,KRC Genk,CM,Europe,20,67,77,1200000.0,10
L. Lindsay,Barnsley,LCB,Europe,22,67,77,1100000.0,10
V. Hoff,Odds BK,CM,Europe,22,67,75,1100000.0,8
L. Kelly,Bristol City,LB,Europe,19,67,83,1500000.0,16
D. Mendiseca,Free Agent,LB,South_America,22,67,67,0.0,0
D. Wouters,KRC Genk,CDM,Europe,21,67,76,1000000.0,9
J. Campuzano,Atlético Nacional,CDM,South_America,22,67,80,1300000.0,13
B. Lennon,Real Salt Lake,RB,North_America,20,67,78,1100000.0,11
C. Durkin,DC United,CDM,North_America,18,67,84,1400000.0,17
D. Irandust,BK Häcken,CAM,Europe,20,67,77,1200000.0,10
F. Troyansky,Unión de Santa Fe,ST,South_America,21,67,80,1500000.0,13
L. Boeder,SC Paderborn 07,RB,Europe,21,67,74,900000.0,7
T. Pochettino,Club Atlético Talleres,CM,South_America,22,67,75,1100000.0,8
E. Nazaryna,Royal Antwerp FC,CM,Europe,20,67,76,1200000.0,9
Zubiaurre,Real Sociedad,GK,Europe,21,67,75,850000.0,8
J. Ángulo,Deportivo Cali,LB,South_America,22,67,77,1100000.0,10
G. Tormin,KSV Cercle Brugge,RM,Europe,20,67,78,1300000.0,11
L. Clemenza,Padova,CAM,Europe,20,67,76,1200000.0,9
Paik Seung Ho,Girona FC,CM,Asia,21,67,77,1200000.0,10
A. Gouiri,Olympique Lyonnais,ST,Europe,18,67,86,1600000.0,19
M. Njie,Stabæk Fotball,LM,Europe,22,67,75,1100000.0,8
R. Oxford,West Ham United,CB,Europe,19,67,80,1300000.0,13
F. Orlando,US Salernitana 1919,RW,Europe,21,67,79,1400000.0,12
J. Bager,Randers FC,RCB,Europe,21,67,74,925000.0,7
G. Masouras,Olympiacos CFP,RB,Europe,21,67,74,900000.0,7
L. Ilić,NAC Breda,CAM,Europe,18,67,79,1300000.0,12
A. Gomes,Manchester United,CAM,Europe,17,67,87,1500000.0,20
E. Purita,San Martin de Tucumán,RB,South_America,21,67,81,1500000.0,14
L. da Silva Lopes,Wigan Athletic,RM,Europe,19,67,79,1300000.0,12
L. Heredia,Club Atlético Colón,RW,South_America,21,67,75,1100000.0,8
S. Córdova,FC Augsburg,ST,South_America,20,67,78,1300000.0,11
M. Lowe,Aberdeen,LB,Europe,21,67,77,1100000.0,10
D. Furlong,Queens Park Rangers,RB,Europe,22,67,74,900000.0,7
J. Larsson,IFK Norrköping,ST,Europe,21,67,77,1300000.0,10
Matheus Índio,Boavista FC,RM,South_America,22,67,75,1100000.0,8
I. Ochoa,CD Everton de Viña del Mar,CDM,North_America,21,67,75,975000.0,8
Lucas Fernandes,Portimonense SC,CM,South_America,20,67,80,1500000.0,13
J. Wilson,Aberdeen,ST,Europe,22,67,74,1100000.0,7
J. Onguéné,FC Red Bull Salzburg,LCB,Africa,20,67,81,1500000.0,14
D. Prokop,FK Austria Wien,CAM,Europe,21,67,78,1300000.0,11
N. Seufert,DSC Arminia Bielefeld,CM,Europe,21,67,78,1300000.0,11
M. Ullmann,LASK Linz,LM,Europe,22,67,76,1000000.0,9
C. Mahoney,Birmingham City,RM,Europe,21,67,77,1200000.0,10
Jang Yun Ho,Jeonbuk Hyundai Motors,CM,Asia,21,67,74,1100000.0,7
F. Beijmo,SV Werder Bremen,RB,Europe,20,67,79,1200000.0,12
R. Manaj,Albacete BP,ST,Europe,21,67,78,1300000.0,11
F. Kadioglu,Fenerbahçe SK,CAM,Europe,18,67,79,1300000.0,12
Alex López,RCD Espanyol,CM,Europe,21,67,75,1100000.0,8
Oriol Busquets,FC Barcelona,CDM,Europe,19,67,82,1500000.0,15
Pipa,RCD Espanyol,RB,Europe,20,67,75,975000.0,8
J. Rodon,Swansea City,LCB,Europe,20,67,76,1000000.0,9
Abel Ruiz,FC Barcelona,ST,Europe,18,67,83,1600000.0,16
E. Zhegrova,KRC Genk,RM,Europe,19,67,80,1400000.0,13
G. Kastaneer,NAC Breda,LM,North_America,22,67,76,1200000.0,9
R. Rubin,Club Tijuana,ST,North_America,22,67,74,1100000.0,7
F. Altamirano,Club Atlético Banfield,GK,South_America,22,67,79,1100000.0,12
K. Kuchaev,PFC CSKA Moscow,CAM,Europe,20,67,77,1200000.0,10
J. Shonga,Orlando Pirates,ST,Africa,21,67,73,1100000.0,6
M. Grimes,Swansea City,LB,Europe,22,67,73,1000000.0,6
G. Kamara,Dundee FC,RCM,Europe,22,67,75,1100000.0,8
R. Perraud,Paris FC,LB,Europe,20,67,79,1200000.0,12
Y. Nakayama,Kashiwa Reysol,LDM,Asia,21,67,74,925000.0,7
K. Wojtkowski,Wisła Kraków,CAM,Europe,20,67,81,1700000.0,14
J. Earl,Preston North End,LB,Europe,19,67,78,1100000.0,11
M. Bader,1. FC Köln,RB,Europe,21,67,75,975000.0,8
B. Merlini,San Lorenzo de Almagro,LM,South_America,22,67,76,1200000.0,9
M. Helik,Cracovia,CB,Europe,22,67,72,875000.0,5
J. Föhrenbach, SSV Jahn Regensburg,LB,Europe,22,67,73,875000.0,6
J. Eggestein,SV Werder Bremen,RW,Europe,20,67,81,1700000.0,14
Xande Silva,West Ham United,ST,Europe,21,67,77,1300000.0,10
M. Prévot,FC Sochaux-Montbéliard,GK,Europe,21,67,79,1100000.0,12
T. Fosu,Charlton Athletic,CAM,Europe,22,67,75,1100000.0,8
L. Caicedo,New England Revolution,RDM,South_America,22,67,74,1100000.0,7
Jaílson,Fenerbahçe SK,CDM,South_America,22,67,78,1100000.0,11
O. Mihálik,AZ Alkmaar,ST,Europe,21,67,75,1100000.0,8
V. Marchetti,AS Nancy Lorraine,LB,Europe,20,67,77,1200000.0,10
G. Lódico,Club Atlético Lanús,CM,South_America,20,67,79,1300000.0,12
Dani Romera,Cádiz CF,ST,Europe,22,67,75,1100000.0,8
R. de Boer,AZ Alkmaar,GK,Europe,20,67,78,1000000.0,11
N. Julan,En Avant de Guingamp,ST,Europe,21,67,78,1300000.0,11
A. Vindheim,Malmö FF,RB,Europe,22,67,74,900000.0,7
T. Vlietinck,Club Brugge KV,RM,Europe,20,67,79,1400000.0,12
T. Asta-Buruaga,CD Antofagasta,RCB,South_America,21,67,76,1000000.0,9
A. Mozo,U.N.A.M.,RB,North_America,21,67,74,900000.0,7
A. Nkaka,KV Oostende,LDM,Europe,22,67,74,925000.0,7
Álvaro Tejero,Albacete BP,RB,Europe,21,67,77,1100000.0,10
Zhang Yuning,ADO Den Haag,ST,Asia,21,67,74,1100000.0,7
I. Niane,FC Metz,ST,Africa,19,67,81,1600000.0,14
Iñigo Muñoz,Athletic Club de Bilbao,RW,Europe,21,67,79,1400000.0,12
K. Staude,DSC Arminia Bielefeld,LM,Europe,21,67,76,1200000.0,9
Zé Turbo,Newell's Old Boys,ST,Africa,21,67,76,1200000.0,9
B. Galloway,Everton,LB,Europe,22,67,72,850000.0,5
S. Goss,Queens Park Rangers,CM,Europe,22,67,75,1100000.0,8
K. Miyoshi,Hokkaido Consadole Sapporo,RW,Asia,21,67,76,1200000.0,9
S. Campo,FC Basel 1893,CAM,Europe,22,67,76,1200000.0,9
B. Véjar,Colo-Colo,LM,South_America,22,67,75,1100000.0,8
A. Fletcher,Middlesbrough,ST,Europe,22,67,74,1100000.0,7
L. Guwara,FC Utrecht,LB,Europe,22,67,77,1100000.0,10
Sancet,Athletic Club de Bilbao,CM,Europe,18,67,82,1600000.0,15
S. Hefti,FC St. Gallen,RCB,Europe,20,67,79,1200000.0,12
M. Lovera,Rosario Central,CAM,South_America,19,67,80,1400000.0,13
S. Szymański,Legia Warszawa,CAM,Europe,19,67,84,1600000.0,17
P. Lienhart,SC Freiburg,CB,Europe,21,67,77,1100000.0,10
J. Cádiz,Vitória de Setúbal,ST,South_America,22,67,73,1100000.0,6
G. Togni,Defensa y Justicia,LW,South_America,20,67,78,1300000.0,11
K. Kitagawa,Shimizu S-Pulse,RS,Asia,21,67,74,1100000.0,7
B. Carvallo,Club Necaxa,CAM,South_America,21,67,78,1300000.0,11
J. Hesketh,Burton Albion,RM,Europe,22,67,78,1300000.0,11
K. Hause,Wolverhampton Wanderers,CB,Europe,22,67,78,1100000.0,11
D. Quiñónes,Santos Laguna,LM,South_America,22,67,74,1100000.0,7
Hwang Ki Wook,FC Seoul,CDM,Asia,22,67,74,1100000.0,7
M. Mouandilmadji,FC Porto,ST,Africa,20,67,78,1300000.0,11
J. McCarthy,Wycombe Wanderers,RB,Europe,22,67,75,950000.0,8
C. Verdonk,Feyenoord,LB,Europe,21,67,74,900000.0,7
T. Cantwell,Norwich City,CAM,Europe,20,67,78,1300000.0,11
T. Ebuehi,SL Benfica,RB,Africa,22,67,72,850000.0,5
I. Groothuizen,ADO Den Haag,GK,Europe,21,67,75,850000.0,8
T. Deng,Melbourne Victory,RCB,Oceania,21,67,72,875000.0,5
D. Lamkel Zé,Royal Antwerp FC,CAM,Africa,21,67,75,1100000.0,8
V. Luchkevych,Standard de Liège,RM,Europe,22,67,73,1000000.0,6
M. Svilar,SL Benfica,GK,Europe,18,67,84,1300000.0,17
R. Framberger,FC Augsburg,RB,Europe,22,67,75,950000.0,8
J. Vargas,Montreal Impact,CF,South_America,20,67,77,1300000.0,10
Bicho,Deportivo de La Coruña,CAM,Europe,22,67,75,1100000.0,8
R. Manning,Rotherham United,LCM,Europe,22,67,75,1100000.0,8
Rodri Tarín,CD Leganés,CB,Europe,21,67,75,975000.0,8
S. Singh,Wellington Phoenix,CAM,Oceania,19,67,79,1300000.0,12
L. Schweers,SC Preußen Münster,RCB,Europe,22,67,73,900000.0,6
J. Whatmough,Portsmouth,RCB,Europe,22,67,80,1300000.0,13
J. Monreal,Unión La Calera,ST,South_America,22,67,76,1200000.0,9
G. Itter,VfL Wolfsburg,LB,Europe,19,67,85,1500000.0,18
Bruno Costa,FC Porto,CM,Europe,21,67,76,1200000.0,9
S. Field,West Bromwich Albion,CM,Europe,20,67,82,1700000.0,15
Ribamar,Ohod Club,ST,South_America,21,67,78,1300000.0,11
T. Casasola,US Salernitana 1919,RM,South_America,22,67,75,1100000.0,8
H. Stengel,Strømsgodset IF,LCM,Europe,22,67,75,1100000.0,8
Paolo Fernandes,NAC Breda,RM,Europe,19,67,78,1300000.0,11
R. Henry,Brentford,LB,Europe,20,67,77,1100000.0,10
B. Baningime,Everton,CDM,Africa,19,67,81,1500000.0,14
L. Maciel,Club Atlético Lanús,CDM,South_America,22,67,75,975000.0,8
M. Gibbs-White,Wolverhampton Wanderers,CM,Europe,18,67,86,1600000.0,19
D. De Silva,Sydney FC,CAM,Oceania,21,67,78,1300000.0,11
D. Nikolaou,Olympiacos CFP,CB,Europe,19,67,77,1000000.0,10
G. Moncini,SPAL,ST,Europe,22,67,75,1100000.0,8
Iban Salvador,RC Celta,CAM,Africa,22,67,75,1100000.0,8
M. El Hankouri,Feyenoord,LW,Africa,21,67,74,1100000.0,7
Hicham,Málaga CF,RM,Africa,20,67,78,1300000.0,11
G. Hamer,PEC Zwolle,RCM,Europe,21,67,76,1200000.0,9
P. Kammerbauer,SC Freiburg,CDM,Europe,21,67,77,1100000.0,10
M. Gómez,Gimnasia y Esgrima La Plata,LM,South_America,19,67,79,1300000.0,12
Javi Sánchez,Real Madrid,CB,Europe,21,67,79,1200000.0,12
T. Loska,Górnik Zabrze,GK,Europe,22,67,75,850000.0,8
G. Arteaga,Santos Laguna,LB,North_America,19,67,75,925000.0,8
E. Acolatse,Sint-Truidense VV,LM,Europe,22,67,72,1000000.0,5
Benito,CF Rayo Majadahonda,LM,Europe,22,67,75,1100000.0,8
J. Martinez,CD Huachipato,CM,South_America,21,67,75,1100000.0,8
U. Rivas,Santos Laguna,CM,North_America,22,67,73,1000000.0,6
Lazo,CD Lugo,LM,Europe,22,67,75,1100000.0,8
C. Martins Pereira,ESTAC Troyes,LDM,Europe,21,66,78,1000000.0,12
B. Godfrey,Norwich City,CDM,Europe,20,66,79,1100000.0,13
D. de Wit,Ajax,CM,Europe,20,66,75,975000.0,9
José Carlos,CD Lugo,CB,Europe,22,66,76,900000.0,10
B. Manuel,Royal Excel Mouscron,RW,Europe,21,66,74,950000.0,8
A. Bussaglia,Cittadella,LW,Europe,21,66,76,1000000.0,10
Neto Borges,Hammarby IF,LB,South_America,21,66,75,850000.0,9
D. Frare,Cittadella,CB,Europe,22,66,74,825000.0,8
B. Straalman,De Graafschap,LCB,Europe,21,66,72,750000.0,6
T. Chalobah,Ipswich Town,LDM,Europe,18,66,81,1200000.0,15
K. Jóźwiak,Lech Poznań,LM,Europe,20,66,84,1400000.0,18
Evander,FC Midtjylland,CAM,South_America,20,66,81,1400000.0,15
E. Atuesta,Los Angeles FC,CM,South_America,21,66,80,1400000.0,14
A. Abeid,AD Alcorcón,LB,Africa,20,66,74,825000.0,8
F. Moyano,San Lorenzo de Almagro,RDM,South_America,20,66,79,1200000.0,13
T. Thompson,San Jose Earthquakes,RM,North_America,22,66,70,850000.0,4
Z. Flemming,PEC Zwolle,CAM,Europe,19,66,78,1100000.0,12
F. Olinga,Royal Excel Mouscron,LM,Africa,22,66,73,900000.0,7
Gaspar,UD Almería,LM,Europe,20,66,74,950000.0,8
D. Dianessy,Fortuna Sittard,CAM,Europe,22,66,73,900000.0,7
R. McGree,Melbourne City FC,RCM,Oceania,19,66,77,1100000.0,11
J. Wildsmith,Sheffield Wednesday,GK,Europe,22,66,76,800000.0,10
R. Burke,Hull City,LCB,Europe,21,66,76,925000.0,10
J. Keita,Dijon FCO,LW,Africa,19,66,78,1100000.0,12
C. Gutiérrez,CD Huachipato,LB,North_America,21,66,78,1000000.0,12
S. Kiyine,Chievo Verona,CM,Africa,20,66,79,1200000.0,13
E. Eze,SK Sturm Graz,ST,Africa,21,66,77,1100000.0,11
Pedro Chirivella,Liverpool,CM,Europe,21,66,75,975000.0,9
B. Gimber,FC Ingolstadt 04,LCB,Europe,21,66,77,975000.0,11
Theo Ryuki,Portimonense SC,CAM,Asia,22,66,73,900000.0,7
Miranda,FC Barcelona,LB,Europe,18,66,81,1200000.0,15
B. Rovira,Atlético Bucaramanga,RDM,South_America,21,66,79,1100000.0,13
R. Pirrello,Palermo,CB,Europe,22,66,76,900000.0,10
G. Vlijter,Fortuna Sittard,LW,North_America,21,66,72,900000.0,6
Álex Díez,Extremadura UD,RB,Europe,22,66,75,850000.0,9
D. Saddiki,Willem II,CDM,Europe,21,66,73,775000.0,7
S. Ingelsson,Udinese,CM,Europe,20,66,78,1100000.0,12
S. Diaz,Audax Italiano,CDM,South_America,22,66,74,825000.0,8
Manu Vallejo,Cádiz CF,LM,Europe,21,66,80,1400000.0,14
A. Witry,Ranheim Fotball,RB,Europe,22,66,71,725000.0,5
J. Emmanuel,Shrewsbury,RB,Europe,20,66,74,825000.0,8
B. Barker,Preston North End,LM,Europe,21,66,73,925000.0,7
L. Sinisterra,Feyenoord,RW,South_America,19,66,79,1200000.0,13
O. Wijndal,AZ Alkmaar,LB,Europe,18,66,80,1200000.0,14
Beto da Silva,Tigres U.A.N.L.,LW,South_America,21,66,76,1000000.0,10
D. Jastrzembski,Hertha BSC,LW,Europe,18,66,84,1300000.0,18
N. Opoku,Udinese,CB,Africa,20,66,80,1300000.0,14
P. Micin,Udinese,RW,Europe,19,66,83,1400000.0,17
J. Helmer,AZ Alkmaar,LW,Europe,20,66,75,1000000.0,9
C. Vargas,Club América,LB,North_America,19,66,76,875000.0,10
A. Fuenmayor,Houston Dynamo,RCB,South_America,21,66,75,875000.0,9
B. Tekpetey,SC Paderborn 07,RM,Africa,20,66,76,1000000.0,10
F. El Mellali,Angers SCO,RW,Africa,21,66,74,950000.0,8
D. Acosta,Real Salt Lake,LB,North_America,20,66,79,1100000.0,13
B. Manu,Hallescher FC,LM,Europe,21,66,75,1000000.0,9
F. Varela,CF Rayo Majadahonda,CAM,South_America,22,66,75,1000000.0,9
K. Hidalgo,CD Huachipato,CB,South_America,22,66,71,725000.0,5
Han Seung Gyu,Ulsan Hyundai FC,LM,Asia,21,66,74,950000.0,8
L. Reis,FC Groningen,RDM,Europe,18,66,79,1100000.0,13
C. Gomes,Manchester City,CDM,Europe,17,66,84,1100000.0,18
L. Angulo,Independiente Medellín,LCM,South_America,22,66,73,900000.0,7
S. Vasiliadis,SC Paderborn 07,CAM,Europe,20,66,77,1100000.0,11
Rui Silva,Santa Clara,RB,Europe,22,66,76,900000.0,10
T. van de Looi,FC Groningen,CM,Europe,18,66,78,1100000.0,12
B. Whiteman,Doncaster Rovers,CDM,Europe,22,66,71,725000.0,5
Joca,Rio Ave FC,CAM,Europe,22,66,72,875000.0,6
B. Knežević,Dinamo Zagreb,CDM,Europe,21,66,71,750000.0,5
F. Del Sole,Pescara,RW,Europe,20,66,76,1000000.0,10
Dálcio,Os Belenenses,CAM,Europe,22,66,73,900000.0,7
P. Daka,FC Red Bull Salzburg,ST,Africa,19,66,83,1400000.0,17
J. Dasilva,Bristol City,LB,Europe,20,66,82,1300000.0,16
S. Horvath,SG Dynamo Dresden,RM,Europe,21,66,71,875000.0,5
J. Levi,Rosenborg BK,RW,Europe,22,66,74,950000.0,8
M. Hallberg,Vejle Boldklub,RCM,Europe,22,66,73,900000.0,7
Carlos Blanco,Villarreal CF,CB,Europe,22,66,74,825000.0,8
R. Guerra,Gimnàstic de Tarragona,CM,South_America,21,66,76,1000000.0,10
N. Jackers,KRC Genk,GK,Europe,20,66,75,750000.0,9
M. Schröter,FSV Zwickau,RM,Europe,22,66,72,750000.0,6
C. Ronan,Walsall,CM,Europe,20,66,78,1100000.0,12
E. Owusu,FC Sochaux-Montbéliard,CDM,Europe,20,66,80,1300000.0,14
Park Han Bin,Daegu FC,CM,Asia,20,66,78,1100000.0,12
Chuca,Elche CF,CM,Europe,21,66,75,975000.0,9
G. Berthier,Red Star FC,LM,Europe,22,66,75,1000000.0,9
F. Depaoli,Chievo Verona,RM,Europe,21,66,79,1200000.0,13
N. Dorsch,1. FC Heidenheim 1846,RDM,Europe,20,66,79,1100000.0,13
A. Angulo,Rionegro Águilas,LB,South_America,21,66,76,900000.0,10
M. Melluso,Gimnasia y Esgrima La Plata,LB,South_America,20,66,80,1300000.0,14
P. Dziczek,Piast Gliwice,RDM,Europe,20,66,74,825000.0,8
L. Badiashile,AS Monaco,GK,Europe,20,66,74,725000.0,8
G. Kobel,TSG 1899 Hoffenheim,GK,Europe,20,66,79,1000000.0,13
F. Proia,Cittadella,LCM,Europe,22,66,74,925000.0,8
O. Kiteishvili,SK Sturm Graz,LF,Europe,22,66,77,1100000.0,11
L. Montipó,Benevento,GK,Europe,22,66,78,900000.0,12
D. Barinov,Lokomotiv Moscow,CDM,Europe,21,66,76,925000.0,10
E. Palmer-Brown,NAC Breda,LCB,North_America,21,66,77,975000.0,11
D. van Bruggen,VVV-Venlo,CB,Europe,22,66,73,775000.0,7
P. Ochs,Aalborg BK,LM,Europe,21,66,81,1400000.0,15
Miguelón,Villarreal CF,RB,Europe,22,66,75,850000.0,9
P. Bochniewicz,Górnik Zabrze,LCB,Europe,22,66,73,775000.0,7
P. Sisniega,Real Sociedad,GK,North_America,22,66,73,675000.0,7
U. Jenssen,FC Nordsjælland,LCB,Europe,21,66,76,925000.0,10
C. Dawson,Sheffield Wednesday,GK,Europe,22,66,74,700000.0,8
Alberto Soro,Real Zaragoza,CAM,Europe,19,66,80,1400000.0,14
D. Palacios,Willem II,LB,South_America,18,66,75,775000.0,9
G. Docherty,Shrewsbury,LCM,Europe,21,66,77,1100000.0,11
L. Escorcia,Jaguares de Córdoba,RCB,South_America,21,66,76,925000.0,10
R. Rebolledo,Universidad Católica,RB,South_America,21,66,70,700000.0,4
Toni Martínez,CF Rayo Majadahonda,ST,Europe,21,66,80,1400000.0,14
Ander Guevara,Real Sociedad,CM,Europe,20,66,76,1000000.0,10
J. Rodríguez,Club León,LDM,North_America,22,66,75,850000.0,9
N. Vergos,Panathinaikos FC,ST,Europe,22,66,75,1000000.0,9
R. Nyambe,Blackburn Rovers,RB,Africa,20,66,78,1000000.0,12
E. Reséndez,Monterrey,GK,North_America,22,66,77,850000.0,11
G. Lloris,OGC Nice,CB,Europe,22,66,72,750000.0,6
B. Cufré,Vélez Sarsfield,LB,South_America,21,66,77,975000.0,11
J. Asoro,Swansea City,ST,Europe,19,66,81,1400000.0,15
S. Miangue,Standard de Liège,LB,Europe,21,66,75,850000.0,9
E. Capradossi,Spezia,CB,Europe,22,66,75,850000.0,9
T. Agyepong,Hibernian,LM,Africa,22,66,73,900000.0,7
G. Kharaishvili,IFK Göteborg,LW,Europe,21,66,74,950000.0,8
Iñigo Vicente,Athletic Club de Bilbao,CAM,Europe,20,66,79,1200000.0,13
Cristo González,Real Madrid,ST,Europe,20,66,78,1200000.0,12
Diogo Costa,FC Porto,GK,Europe,18,66,82,1100000.0,16
G. Koyalipou,Chamois Niortais Football Club,RM,Europe,18,66,79,1200000.0,13
Alan Sousa,Vejle Boldklub,RS,South_America,21,66,76,1100000.0,10
R. Ramírez,Fortuna Sittard,CB,South_America,22,66,71,725000.0,5
K. Endo,Yokohama F. Marinos,LW,Asia,20,66,74,950000.0,8
M. Boadu,AZ Alkmaar,ST,Europe,17,66,85,1300000.0,19
C. Capone,Pescara,LW,Europe,19,66,82,1400000.0,16
K. Wagner,FC Würzburger Kickers,LB,Europe,21,66,71,725000.0,5
A. Plizzari,Milan,GK,Europe,18,66,84,1100000.0,18
A. Caci,RC Strasbourg Alsace,CDM,Europe,21,66,76,925000.0,10
N. Haas,Palermo,CM,Europe,22,66,77,1100000.0,11
T. Valls,Nîmes Olympique,CM,Europe,22,66,71,850000.0,5
N. Spalek,Brescia,RW,Europe,21,66,75,1000000.0,9
A. Sørensen, SSV Jahn Regensburg,RCB,Europe,22,66,75,850000.0,9
V. Kravets,CD Lugo,LB,Europe,20,66,76,900000.0,10
M. Edwards,Excelsior,RM,Europe,19,66,84,1400000.0,18
L. Ravanelli,Padova,RCB,Europe,21,66,75,875000.0,9
M. Ojeda,Racing Club,LM,South_America,19,66,80,1400000.0,14
M. Ndockyt,RCD Mallorca,CAM,Africa,19,66,76,1000000.0,10
S. Findlay,Kilmarnock,LCB,Europe,22,66,75,850000.0,9
L. Zarandia,Arka Gdynia,RM,Europe,22,66,76,1000000.0,10
B. Innocent,Malmö FF,CDM,Africa,22,66,77,975000.0,11
L. Page,Charlton Athletic,LB,Europe,22,66,75,850000.0,9
B. Van Durmen,Royal Excel Mouscron,CDM,Europe,21,66,74,825000.0,8
V. Solomon-Otabor,Birmingham City,LM,Africa,22,66,77,1100000.0,11
V. Janjičić,Hamburger SV,CDM,Europe,19,66,76,875000.0,10
T. Szántó,SK Rapid Wien,CAM,Europe,22,66,76,1000000.0,10
H. Alpsoy,Antalyaspor,CDM,Europe,21,66,77,975000.0,11
L. Bergsma,AZ Alkmaar,CB,Europe,21,66,75,875000.0,9
B. Enobakhare,Kilmarnock,RW,Africa,20,66,80,1400000.0,14
E. Ndoj,Brescia,RCM,Europe,21,66,75,975000.0,9
R. Vodišek,Genoa,GK,Europe,19,66,79,975000.0,13
J. Düker,SC Paderborn 07,CF,Europe,22,66,71,875000.0,5
A. Dreyer,Brighton & Hove Albion,RM,Europe,20,66,78,1200000.0,12
P. Estupiñán,RCD Mallorca,LB,South_America,20,66,76,900000.0,10
Andoni López,UD Almería,LB,Europe,22,66,77,950000.0,11
J. Byrne,Shamrock Rovers,CM,Europe,22,66,74,925000.0,8
A. Capello,Padova,LS,Europe,22,66,72,900000.0,6
R. Yates,Nottingham Forest,CM,Europe,20,66,79,1200000.0,13
D. Zeefuik,FC Groningen,RB,Europe,20,66,74,825000.0,8
N. Molina,Defensa y Justicia,RB,South_America,20,66,76,900000.0,10
W. Kaptoum,Real Betis,CM,Africa,21,66,77,1100000.0,11
W. Harding,Birmingham City,RB,Europe,21,66,75,850000.0,9
M. Tévez,Defensa y Justicia,RW,South_America,21,66,77,1100000.0,11
E. Sosa,Columbus Crew SC,CAM,South_America,22,66,74,950000.0,8
T. Lapslie,Colchester United,LDM,Europe,22,66,74,825000.0,8
R. Descamps,Clermont Foot 63,GK,Europe,22,66,74,700000.0,8
J. Álvarez,Club Atlético Banfield,LM,South_America,22,66,74,950000.0,8
J. Gómez,Junior FC,CB,South_America,22,66,77,975000.0,11
J. Aribo,Charlton Athletic,LCM,Europe,21,66,77,1100000.0,11
Gabriel,LOSC Lille,CB,South_America,20,66,77,975000.0,11
H. McGahey,Rochdale,RCB,Europe,22,66,74,825000.0,8
T. Mavromatis,Panathinaikos FC,LCB,Europe,21,66,74,825000.0,8
M. Laínez,Lobos BUAP,RM,North_America,22,66,72,875000.0,6
E. Aydoğan,Bursaspor,CM,Europe,21,66,80,1400000.0,14
Daniel Fuzato,Roma,GK,South_America,20,66,76,800000.0,10
A. Nübel,FC Schalke 04,GK,Europe,21,66,78,925000.0,12
J. Schouten,Excelsior,RDM,Europe,21,66,73,900000.0,7
B. Jatta,Hamburger SV,LM,Africa,20,66,77,1100000.0,11
M. Pellegrini,Estudiantes de La Plata,LM,South_America,18,66,83,1300000.0,17
F. Stokkers,Fortuna Sittard,ST,Europe,22,66,71,875000.0,5
G. Gómez,Racing Club,GK,South_America,22,66,75,750000.0,9
A. Maisonnial,FC Sion,GK,Europe,20,66,79,1000000.0,13
R. Lundqvist,PSV,CAM,Europe,21,66,75,1000000.0,9
T. Adarabioyo,West Bromwich Albion,CB,Europe,20,66,76,925000.0,10
F. Ferrari,Brescia,ST,Europe,22,66,71,875000.0,5
E. Babayan,Hobro IK,LM,Europe,22,66,72,875000.0,6
T. Borevković,Rio Ave FC,RCB,Europe,21,66,75,875000.0,9
J. Riley,Bradford City,RB,Europe,21,66,75,850000.0,9
A. Matějů,Brescia,RB,Europe,22,66,73,750000.0,7
S. Svendsen,Hammarby IF,ST,Europe,20,66,75,1000000.0,9
J. Moreno,Once Caldas,CB,South_America,21,66,77,975000.0,11
R. Bushiri,KAS Eupen,CB,Europe,18,66,82,1200000.0,16
S. Diop,AS Monaco,CAM,Europe,18,66,87,1500000.0,21
D. Raum,SpVgg Greuther Fürth,LM,Europe,20,66,77,1100000.0,11
V. Retamal,Unión La Calera,RB,South_America,20,66,74,825000.0,8
A. Cruz,Lobos BUAP,LB,North_America,20,66,77,975000.0,11
C. Morris,Norwich City,ST,Europe,22,66,74,950000.0,8
F. Bonazzoli,Padova,RS,Europe,21,66,74,975000.0,8
B. Tetteh,Sparta Praha,LS,Africa,20,66,76,1100000.0,10
J. Grot,VVV-Venlo,LW,Europe,20,66,75,1000000.0,9
D. Jones,Philadelphia Union,CDM,North_America,21,66,77,975000.0,11
J. Segura,Independiente Medellín,CB,South_America,21,66,79,1100000.0,13
U. Cardona,Club Atlas,LM,North_America,19,66,76,1000000.0,10
B. Akintola,FK Haugesund,RM,Africa,22,66,74,950000.0,8
Rúben Vinagre,Wolverhampton Wanderers,LWB,Europe,19,66,82,1200000.0,16
Lucas,SC Braga,CB,South_America,21,66,76,925000.0,10
I. Ssewankambo,Molde FK,RB,Europe,22,66,73,750000.0,7
T. Skarke,1. FC Heidenheim 1846,RM,Europe,21,66,73,925000.0,7
M. Pulkrab,Sparta Praha,ST,Europe,21,66,74,975000.0,8
F. Sakala,KV Oostende,LAM,Africa,21,66,75,1000000.0,9
M. Bennett,Derby County,ST,Europe,21,66,77,1100000.0,11
M. Torres,Club Atlético Banfield,ST,South_America,20,66,76,1100000.0,10
A. Vukotić,Waasland-Beveren,RCB,Europe,22,66,72,750000.0,6
T. Bergmann,1. FC Kaiserslautern,CDM,Europe,21,66,75,875000.0,9
J. Rossiter,Rangers FC,CDM,Europe,21,66,78,1000000.0,12
S. Sy,AS Monaco,GK,Africa,22,66,74,700000.0,8
M. Koné,SG Dynamo Dresden,ST,Africa,21,66,74,975000.0,8
J. Drolè,Antalyaspor,RM,Africa,20,66,79,1200000.0,13
C. Itten,FC St. Gallen,ST,Europe,21,66,79,1300000.0,13
R. Guitane,Stade Rennais FC,CAM,Europe,19,66,84,1400000.0,18
A. Diawusie,FC Ingolstadt 04,RM,Europe,20,66,77,1100000.0,11
A. Buksa,Pogoń Szczecin,ST,Europe,21,66,72,900000.0,6
G. Bijl,FC Emmen,RCM,Europe,22,66,72,750000.0,6
C. Doucouré,Racing Club de Lens,LDM,Africa,18,66,80,1200000.0,14
J. Rodríguez,CD Tenerife,ST,South_America,22,66,76,1000000.0,10
A. Claude Maurice,FC Lorient,LW,Europe,20,66,79,1200000.0,13
Joni Montiel,Deportivo de La Coruña,CAM,Europe,19,66,76,1000000.0,10
M. Domínguez,Cruz Azul,LM,North_America,18,66,75,925000.0,9
O. Käuper,SV Werder Bremen,CM,Europe,21,66,76,1000000.0,10
J. Ginnelly,Walsall,LM,Europe,21,66,74,950000.0,8
L. Nmecha,Preston North End,ST,Europe,19,66,83,1400000.0,17
I. Alhassan,CD Nacional,CDM,Africa,21,66,73,775000.0,7
L. Crecco,Pescara,CM,Europe,22,66,74,925000.0,8
K. Hafez,Medipol Başakşehir FK,LB,Africa,22,66,73,750000.0,7
T. Belmonte,Club Atlético Lanús,RCM,South_America,20,66,80,1400000.0,14
B. Eleke,FC Luzern,ST,Africa,22,66,75,1000000.0,9
G. Kiltie,Kilmarnock,LM,Europe,21,66,76,1000000.0,10
P. Stolarski,Legia Warszawa,RB,Europe,22,66,75,850000.0,9
M. Odjer,US Salernitana 1919,CM,Africa,21,66,76,1000000.0,10
Crysan,Al Batin,LM,South_America,21,66,75,1000000.0,9
T. Zhamaletdinov,PFC CSKA Moscow,ST,Europe,21,66,77,1100000.0,11
M. Coulibaly,Udinese,CM,Africa,19,66,81,1400000.0,15
Arturo Molina,Levante UD,CAM,Europe,22,66,74,950000.0,8
A. Muyl,New York Red Bulls,RM,North_America,22,66,74,950000.0,8
E. Apeh,RC Celta,ST,Africa,21,66,76,1100000.0,10
Alex Pozo,Granada CF,LM,Europe,19,66,75,975000.0,9
I. Lapshov,Lokomotiv Moscow,CB,Europe,19,66,78,975000.0,12
X. Emmers,US Cremonese,CM,Europe,18,66,78,1100000.0,12
L. Morgan,Celtic,LM,Europe,21,66,77,1100000.0,11
Y. Hurtado,Alianza Petrolera,RB,South_America,21,66,76,900000.0,10
P. Joosten,VVV-Venlo,ST,Europe,22,66,72,900000.0,6
G. Magnani,Sassuolo,CB,Europe,22,66,76,900000.0,10
C. Lobos,Universidad Católica,CDM,South_America,21,66,76,925000.0,10
Olavide,CA Osasuna,RM,Europe,22,66,74,950000.0,8
Berrocal,Sevilla FC,CB,Europe,18,66,80,1200000.0,14
R. Amaral,Racing Club,CAM,South_America,21,66,78,1200000.0,12
José Lara,Sevilla FC,RM,Europe,18,66,81,1300000.0,15
G. Vadalá,CD Universidad de Concepción,CAM,South_America,21,66,76,1000000.0,10
Borja Sánchez,Real Oviedo,CAM,Europe,22,66,77,1100000.0,11
Dani Martín,Real Sporting de Gijón,GK,Europe,19,66,78,875000.0,12
A. Schlager,LASK Linz,GK,Europe,22,66,71,625000.0,5
C. Ejuke,Vålerenga Fotball,RM,Africa,20,66,77,1100000.0,11
F. Apaolaza,Estudiantes de La Plata,ST,South_America,21,66,76,1100000.0,10
J. Fitzwater,Walsall,CB,Europe,20,66,75,875000.0,9
E. Brophy,Kilmarnock,ST,Europe,22,66,75,1000000.0,9
T. Hübers,Hannover 96,CB,Europe,21,66,75,875000.0,9
Q. Laçi,AC Ajaccio,CAM,Europe,22,66,75,1000000.0,9
Óscar Pinchi,Atlético Madrid,LM,Europe,22,66,77,1100000.0,11
Borja,CD Lugo,RB,Europe,21,66,74,825000.0,8
S. Szmodics,Colchester United,CAM,Europe,22,66,74,950000.0,8
A. Trusty,Philadelphia Union,LCB,North_America,19,66,79,1100000.0,13
Sergio Gil,CD Lugo,CDM,Europe,22,66,74,825000.0,8
A. Acosta,U.N.A.M.,RM,North_America,21,66,78,1200000.0,12
Y. Sari,Clermont Foot 63,RM,Europe,19,66,75,975000.0,9
M. Ruiz,Querétaro,LCM,North_America,17,66,79,1100000.0,13
Cho Young Wook,FC Seoul,ST,Asia,19,66,74,925000.0,8
H. Koffi,LOSC Lille,GK,Africa,21,66,77,875000.0,11
C. Arcus,AJ Auxerre,RB,North_America,22,66,74,800000.0,8
J. Leko,West Bromwich Albion,RW,Europe,19,66,78,1100000.0,12
Isma Cerro,Real Sporting de Gijón,RM,Europe,22,66,73,900000.0,7
A. Munksgaard,FC Midtjylland,RWB,Europe,20,66,74,825000.0,8
D. Burnić,Borussia Dortmund,CDM,Europe,20,66,78,1000000.0,12
N. Zaniolo,Roma,CAM,Europe,18,66,84,1300000.0,18
G. Carrasco,Club Atlético Lanús,RB,South_America,21,66,76,900000.0,10
I. Saavedra,Universidad Católica,RCM,South_America,19,66,74,900000.0,8
L. Vignali,Spezia,RB,Europe,22,66,77,950000.0,11
A. Fuchs,1. FC Nürnberg,CM,Europe,21,66,75,975000.0,9
E. Yao Guy,FC Lugano,CB,Africa,22,66,74,825000.0,8
M. Døhr Thychosen,FC Midtjylland,RWB,Europe,21,66,74,825000.0,8
Álex Cobo,Deportivo de La Coruña,GK,Europe,22,66,76,800000.0,10
T. Tekie,Östersunds FK,LCM,Europe,21,66,72,875000.0,6
N. Rusyn,Dynamo Kyiv,ST,Europe,19,66,78,1100000.0,12
Víctor,Deportivo de La Coruña,RM,Europe,21,66,79,1200000.0,13
F. Cornejo,Audax Italiano,CM,South_America,22,66,76,1000000.0,10
N. Ramírez,Club Deportes Temuco,LCB,South_America,21,66,80,1300000.0,14
J. Intriago,Free Agent,CM,South_America,22,66,75,0.0,9
G. Hein,FC Metz,RW,Europe,21,66,72,900000.0,6
H. Abe,Kashima Antlers,LM,Asia,19,66,80,1400000.0,14
Pastrana,RC Celta,LM,Europe,21,65,75,875000.0,10
J. Devecchi,San Lorenzo de Almagro,GK,South_America,22,65,75,675000.0,10
C. Früchtl,FC Bayern München,GK,Europe,18,65,86,1000000.0,21
J. Vitale,San Martin de Tucumán,CDM,South_America,22,65,74,725000.0,9
J. Ryerson,1. FC Union Berlin,CDM,Europe,20,65,73,700000.0,8
K. Dabila,LOSC Lille,CB,Africa,21,65,75,775000.0,10
Avilés,CD Leganés,RM,Europe,20,65,74,850000.0,9
P. Clement,Reading,CAM,Europe,22,65,71,750000.0,6
H. Toffolo,Lincoln City,LB,Europe,22,65,70,600000.0,5
C. Colkett,Shrewsbury,CM,Europe,21,65,74,825000.0,9
B. Çamoğlu,Karlsruher SC,RM,Europe,21,65,72,775000.0,7
S. Tetteh,LASK Linz,ST,Africa,21,65,74,850000.0,9
A. Dobos,Fortuna Sittard,CAM,Europe,18,65,79,1100000.0,14
M. Savastano,AZ Alkmaar,LB,Europe,21,65,72,650000.0,7
L. Pavez,Unión Española,LB,South_America,22,65,74,700000.0,9
M. Bakker,Ajax,LB,Europe,18,65,79,1000000.0,14
A. Sambi Lokonga,RSC Anderlecht,RCM,Europe,18,65,81,1100000.0,16
K. Dempsey,Fleetwood Town,CM,Europe,22,65,74,825000.0,9
Lee You Hyeon,Jeonnam Dragons,RW,Asia,21,65,75,875000.0,10
Y. Quintana,San Jose Earthquakes,CB,South_America,22,65,73,675000.0,8
H. Gong,Vitesse,RW,Africa,19,65,77,950000.0,12
L. Reed,Peterborough United,LCM,Europe,20,65,74,825000.0,9
C. Rentería,Deportes Tolima,CDM,South_America,22,65,75,750000.0,10
P. Jaeckel,SpVgg Greuther Fürth,CB,Europe,19,65,77,825000.0,12
J. Bijol,PFC CSKA Moscow,CDM,Europe,19,65,78,900000.0,13
R. Williams,Wycombe Wanderers,LW,Europe,21,65,74,850000.0,9
S. Mauk,Brisbane Roar,CAM,Oceania,22,65,73,800000.0,8
Marquinhos Cipriano,Shakhtar Donetsk,RM,South_America,19,65,81,1200000.0,16
S. Pontisso,Udinese,CM,Europe,21,65,77,950000.0,12
M. McKenzie,Philadelphia Union,RCB,North_America,19,65,78,900000.0,13
N. Lang,Ajax,LW,Europe,19,65,77,950000.0,12
L. Verstraete,Waasland-Beveren,RCM,Europe,19,65,77,925000.0,12
R. Kouamé,Paris FC,CM,Africa,21,65,76,925000.0,11
O. Schnitzler,SC Preußen Münster,GK,Europe,22,65,72,550000.0,7
M. Vera,CD O'Higgins,CDM,South_America,22,65,74,725000.0,9
R. Massimo,DSC Arminia Bielefeld,RM,Europe,17,65,82,1100000.0,17
A. Krešić,US Cremonese,CB,Europe,22,65,75,750000.0,10
Escriche,CD Lugo,RS,Europe,20,65,75,875000.0,10
P. De la Vega,Club Atlético Lanús,LW,South_America,17,65,82,1100000.0,17
M. Coppolaro,Venezia FC,RCB,Europe,21,65,79,1100000.0,14
R. Mmaee,Aarhus GF,ST,Europe,21,65,74,850000.0,9
E. Mwepu,FC Red Bull Salzburg,CM,Africa,20,65,76,925000.0,11
H. Adelakun,Bristol City,RM,Europe,22,65,77,950000.0,12
J. Serra,Holstein Kiel,LS,Europe,20,65,78,1100000.0,13
P. Azango,KAA Gent,LW,Africa,21,65,74,850000.0,9
L. Pellegrini,Roma,LB,Europe,19,65,79,1000000.0,14
T. Chong,Manchester United,RW,Europe,18,65,85,1100000.0,20
Marcão,Clube Sport Marítimo,CB,South_America,22,65,69,600000.0,4
A. Gersbach,Rosenborg BK,LB,Oceania,21,65,75,750000.0,10
You Ju An,Suwon Samsung Bluewings,ST,Asia,19,65,73,775000.0,8
J. Méndez,Free Agent,LCM,South_America,21,65,74,0.0,9
Kim Jin Ya,Incheon United FC,RCB,Asia,20,65,77,975000.0,12
J. Pérez,Los Angeles FC,RW,North_America,20,65,81,1200000.0,16
Loureiro,Córdoba CF,RB,Europe,21,65,73,675000.0,8
Javi Hernández,Real Oviedo,CB,Europe,20,65,79,1100000.0,14
H. Matynia,Pogoń Szczecin,LB,Europe,22,65,72,650000.0,7
N. Sonko Sundberg,Östersunds FK,RCB,Europe,22,65,72,650000.0,7
Fabio González,UD Las Palmas,CDM,Europe,21,65,73,700000.0,8
M. Costly,1. FC Magdeburg,RW,Europe,22,65,72,750000.0,7
Z. Vyner,Rotherham United,RB,Europe,21,65,72,650000.0,7
L. Goujon,AJ Auxerre,CM,Europe,22,65,74,825000.0,9
J. Ekkelenkamp,Ajax,CM,Europe,18,65,78,950000.0,13
L. Haquin,Free Agent,LCB,South_America,20,65,72,0.0,7
B. Rivero,Newell's Old Boys,CDM,South_America,22,65,75,750000.0,10
L. Argudo,Columbus Crew SC,LM,North_America,22,65,72,750000.0,7
E. Demirović,FC Sochaux-Montbéliard,ST,Europe,20,65,79,1200000.0,14
A. Ba,AS Nancy Lorraine,LM,Europe,19,65,78,1000000.0,13
U. Moses Ekpai,Viktoria Plzeň,RM,Africa,22,65,73,800000.0,8
J. Cullen,Charlton Athletic,CDM,Europe,22,65,75,850000.0,10
N. Kijewski,Eintracht Braunschweig,LB,Europe,22,65,73,675000.0,8
B. Passi,Montpellier HSC,CB,Europe,20,65,76,825000.0,11
M. Pepić,FC Hansa Rostock,RDM,Europe,22,65,72,750000.0,7
Matheus Jesus,Portimonense SC,CDM,South_America,21,65,76,825000.0,11
L. Amos,Tottenham Hotspur,CM,Europe,21,65,79,1200000.0,14
S. Gomez,Itagüí Leones FC,LDM,South_America,22,65,75,850000.0,10
F. Feuillassier,Real Madrid,LW,South_America,20,65,80,1200000.0,15
W. Ponce,CD Universidad de Concepción,ST,South_America,20,65,78,1100000.0,13
K. Ford,Colorado Rapids,CB,North_America,22,65,74,725000.0,9
J. Hamilton,Toronto FC,ST,North_America,22,65,72,775000.0,7
K. Davis,Aston Villa,ST,Europe,20,65,76,950000.0,11
N. Guerra,Universidad de Chile,ST,South_America,19,65,78,1000000.0,13
I. Erquiaga,Estudiantes de La Plata,LB,South_America,20,65,75,750000.0,10
F. Pick,1. FC Kaiserslautern,RM,Europe,22,65,73,800000.0,8
D. Merelli,Padova,GK,Europe,22,65,71,550000.0,6
T. Dekker,VVV-Venlo,RB,Europe,20,65,72,650000.0,7
S. Niakaté,Valenciennes FC,CB,Europe,18,65,81,1000000.0,16
D. Marcandella,Padova,CAM,Europe,21,65,74,850000.0,9
A. Barylla,FSV Zwickau,RCB,Europe,21,65,73,675000.0,8
M. Fofana,FC Metz,CDM,Africa,20,65,80,1100000.0,15
F. Beltrán,Guadalajara,CM,North_America,20,65,75,875000.0,10
J. Carranza,Club Atlético Banfield,ST,South_America,18,65,83,1100000.0,18
A. Ouahim,VfL Osnabrück,CAM,Africa,20,65,76,925000.0,11
T. Hadebe,Kaizer Chiefs,CB,Africa,22,65,75,750000.0,10
Alfred,CF Reus Deportiu,RM,Europe,22,65,72,750000.0,7
I. Azzaoui,VfL Wolfsburg,LM,Europe,20,65,77,975000.0,12
Fidalgo,Real Madrid,CM,Europe,21,65,75,875000.0,10
Roger Figueras,Gimnàstic de Tarragona,CB,Europe,21,65,75,775000.0,10
Vítor Tormena,Portimonense SC,RB,South_America,22,65,71,625000.0,6
E. Serje,Junior FC,CDM,South_America,22,65,72,650000.0,7
M. Kleinsorge,SV Meppen,RM,Europe,22,65,70,725000.0,5
K. Vincent-Young,Colchester United,LB,Europe,22,65,74,700000.0,9
L. Rajot,Clermont Foot 63,CDM,Europe,20,65,75,775000.0,10
Luís Maximiano,Sporting CP,GK,Europe,19,65,80,950000.0,15
H. Bjørdal,SV Zulte-Waregem,RM,Europe,21,65,74,850000.0,9
A. Hadžiahmetović,Atiker Konyaspor,LM,Europe,21,65,78,1000000.0,13
B. Figueroa,U.N.A.M.,LM,North_America,19,65,75,850000.0,10
J. Rhyner,Grasshopper Club Zürich,CB,Europe,22,65,77,850000.0,12
F. Porath,SpVgg Unterhaching,LM,Europe,21,65,73,800000.0,8
T. Rodríguez,Unión La Calera,RM,South_America,22,65,75,875000.0,10
L. Coyle,Fleetwood Town,RB,Europe,22,65,74,700000.0,9
S. Gnaka,KAS Eupen,LB,Africa,19,65,78,900000.0,13
Y. Bourhane,Chamois Niortais Football Club,LDM,Europe,19,65,77,825000.0,12
M. Damsgaard,FC Nordsjælland,RCM,Europe,17,65,79,1100000.0,14
L. Perdomo,Gimnasia y Esgrima La Plata,CDM,South_America,21,65,75,775000.0,10
Pol Valentín,Gimnàstic de Tarragona,RB,Europe,21,65,79,1100000.0,14
L. Ferguson,Aberdeen,CAM,Europe,18,65,81,1100000.0,16
A. Cannon,Rochdale,CM,Europe,22,65,74,825000.0,9
E. Sabbi,Hobro IK,RS,North_America,20,65,76,950000.0,11
Damià,RCD Espanyol,CDM,Europe,22,65,71,625000.0,6
G. Poussin,FC Girondins de Bordeaux,GK,Europe,19,65,79,950000.0,14
R. Tarifeño,Audax Italiano,ST,South_America,21,65,76,950000.0,11
Bruno Gomes,CD Aves,ST,South_America,21,65,75,875000.0,10
B. Diaby,Sporting Lokeren,CB,Europe,20,65,75,775000.0,10
R. Ledson,Preston North End,CM,Europe,20,65,77,950000.0,12
M. Udol,FC Metz,LB,Europe,22,65,74,700000.0,9
A. Katranis,Royal Excel Mouscron,LB,Europe,20,65,75,750000.0,10
Aloísio,Clube Sport Marítimo,CB,South_America,20,65,75,775000.0,10
N. Garmendia,Udinese,CAM,Europe,20,65,76,925000.0,11
A. Hunter,Fleetwood Town,LW,Europe,22,65,73,800000.0,8
L. Owusu,De Graafschap,RWB,Europe,21,65,73,675000.0,8
A. Benchaib,Sporting Lokeren,CAM,Europe,20,65,76,925000.0,11
T. Ndenge,FC Luzern,CDM,Europe,21,65,74,725000.0,9
G. Risso Patrón,Atlético Tucumán,LB,South_America,22,65,74,700000.0,9
M. Mbaye,Carpi,LCM,Africa,22,65,73,775000.0,8
S. Lovric,SK Sturm Graz,RCM,Europe,20,65,77,850000.0,12
C. Kerr,Dundee FC,RB,Europe,22,65,73,675000.0,8
G. Zelalem,Arsenal,CM,North_America,21,65,75,875000.0,10
G. Aguirre,Club Atlas,CB,North_America,22,65,73,675000.0,8
G. Rojas,San Lorenzo de Almagro,LB,South_America,21,65,77,850000.0,12
I. Openda,Club Brugge KV,ST,Europe,18,65,81,1100000.0,16
Raul Asencio,Benevento,ST,Europe,20,65,78,1100000.0,13
Erik Expósito,Córdoba CF,ST,Europe,22,65,75,875000.0,10
M. Rojas,Defensa y Justicia,RCM,South_America,22,65,73,775000.0,8
Pedro Silva,CD Tondela,GK,Europe,21,65,77,775000.0,12
J. Hanson,Oxford United,CDM,Europe,22,65,76,825000.0,11
K. Bare,Málaga CF,CAM,Europe,20,65,74,850000.0,9
T. Moore,Plymouth Argyle,RB,Europe,20,65,72,650000.0,7
E. Hamilton,Manchester United,CM,Europe,19,65,78,1000000.0,13
J. Vickers,Lincoln City,GK,Europe,22,65,75,675000.0,10
C. Gribbin,Manchester United,CAM,Europe,19,65,80,1200000.0,15
S. Tronstad,FK Haugesund,RCM,Europe,22,65,68,675000.0,3
C. Chaplin,Coventry City,LS,Europe,21,65,75,875000.0,10
K. Grant,Charlton Athletic,LS,Europe,20,65,78,1100000.0,13
T. Fountas,SKN St. Pölten,ST,Europe,22,65,70,725000.0,5
S. Lo Faso,Palermo,CF,Europe,20,65,79,1200000.0,14
E. O'Connell,Bury,CB,Europe,22,65,71,625000.0,6
S. Floranus,SC Heerenveen,RB,Europe,19,65,74,700000.0,9
S. Olsson,IF Elfsborg,RCM,Europe,20,65,75,875000.0,10
O. Verdon,FC Sochaux-Montbéliard,RCB,Africa,22,65,72,650000.0,7
M. Sylla,AS Monaco,ST,Europe,18,65,84,1100000.0,19
A. Leautey,Chamois Niortais Football Club,LM,Europe,22,65,73,800000.0,8
D. Sosa,Club Atlético Tigre,LB,South_America,20,65,72,650000.0,7
D. Kyereh,SV Wehen Wiesbaden,ST,Africa,22,65,72,775000.0,7
A. Smith-Brown,Plymouth Argyle,LB,Europe,22,65,74,700000.0,9
D. Atanga,SpVgg Greuther Fürth,RM,Africa,21,65,74,850000.0,9
R. Ogawa,FC Tokyo,LB,Asia,21,65,72,650000.0,7
Olabe,Extremadura UD,CM,Europe,22,65,75,850000.0,10
A. Skov Olsen,FC Nordsjælland,RW,Europe,18,65,79,1100000.0,14
Chumi,FC Barcelona,CB,Europe,19,65,82,1000000.0,17
D. Rodríguez,Belgrano de Córdoba,CM,South_America,22,65,75,850000.0,10
C. Paredes,Portland Timbers,CM,South_America,20,65,80,1200000.0,15
V. Supriaga,Dynamo Kyiv,ST,Europe,18,65,84,1100000.0,19
K. Boto,AJ Auxerre,LB,Europe,22,65,76,800000.0,11
G. Fechner,1. FC Kaiserslautern,CDM,Europe,20,65,77,850000.0,12
J. Maja,Sunderland,ST,Europe,19,65,82,1200000.0,17
G. Melkadze,Spartak Moscow,LM,Europe,21,65,74,850000.0,9
C. Pickel,Neuchâtel Xamax,LDM,Europe,21,65,79,1100000.0,14
S. Chukwueze,Villarreal CF,RS,Africa,19,65,81,1200000.0,16
T. Walker,Mansfield Town,RS,Europe,21,65,75,875000.0,10
N. Venema,FC Utrecht,ST,Europe,19,65,77,950000.0,12
V. Janelt,VfL Bochum 1848,CM,Europe,20,65,76,925000.0,11
Hu Jinghang,Henan Jianye FC,ST,Asia,21,65,73,825000.0,8
Aguado,Córdoba CF,LCM,Europe,22,65,76,900000.0,11
A. Verschueren,NAC Breda,RCM,Europe,21,65,69,600000.0,4
K. Miyahara,Nagoya Grampus,RB,Asia,22,65,74,700000.0,9
N. Manzambi,Real Sporting de Gijón,ST,Europe,21,65,79,1200000.0,14
A. Hanche-Olsen,Stabæk Fotball,CB,Europe,21,65,73,700000.0,8
U. Garcia,BSC Young Boys,LB,Europe,22,65,72,650000.0,7
Gao Zhunyi,Hebei China Fortune FC,RCB,Asia,22,65,74,725000.0,9
D. Giannoulis,Free Agent,LB,Europe,22,65,73,0.0,8
C. Martinez,Columbus Crew SC,RM,North_America,21,65,70,725000.0,5
B. Cargill,Milton Keynes Dons,LCB,Europe,22,65,76,825000.0,11
R. Shindo,Hokkaido Consadole Sapporo,RCB,Asia,22,65,71,625000.0,6
Y. Adli,Paris Saint-Germain,CM,Europe,17,65,84,1100000.0,19
F. Ananou,FC Ingolstadt 04,RB,Europe,20,65,74,725000.0,9
U. Antuna,FC Groningen,RM,North_America,20,65,75,875000.0,10
R. Ramírez,Godoy Cruz,GK,South_America,21,65,75,675000.0,10
J. Ngoy,Grasshopper Club Zürich,RM,Europe,20,65,78,1100000.0,13
Carlos Nieto,Real Zaragoza,CB,Europe,22,65,70,625000.0,5
P. Sontheimer,SpVgg Greuther Fürth,CM,Europe,19,65,76,900000.0,11
H. El Mokeddem,Toulouse Football Club,RW,Europe,19,65,75,850000.0,10
F. Götze,FC Augsburg,CB,Europe,20,65,79,1100000.0,14
J. Jones,Coventry City,RM,Europe,20,65,77,975000.0,12
A. Koita,KAA Gent,LW,Europe,19,65,77,950000.0,12
A. Brunst,1. FC Magdeburg,GK,Europe,22,65,74,625000.0,9
J. Dacosta,Chamois Niortais Football Club,RB,Europe,22,65,73,675000.0,8
F. Knudsen,FK Haugesund,LCB,Europe,21,65,77,850000.0,12
J. Pohl,FC Groningen,ST,Europe,22,65,76,925000.0,11
C. Munder,Universidad Católica,LW,North_America,18,65,76,850000.0,11
E. Iyoha,FC Erzgebirge Aue,ST,Europe,20,65,77,975000.0,12
J. Godínez,Guadalajara,ST,North_America,21,65,78,1100000.0,13
P. Jaquez,U.N.A.M.,CB,North_America,22,65,76,825000.0,11
H. Matthys,Excelsior,LCB,Europe,22,65,72,650000.0,7
A. Sabiri,Huddersfield Town,LM,Europe,21,65,76,925000.0,11
D. Ball,Aberdeen,RDM,Europe,22,65,72,650000.0,7
D. Volkmer, SSV Jahn Regensburg,CB,Europe,22,65,72,650000.0,7
F. Reese,SpVgg Greuther Fürth,ST,Europe,20,65,77,975000.0,12
K. Matsubara,Shimizu S-Pulse,LB,Asia,21,65,72,650000.0,7
A. Ciranni,Fortuna Sittard,RB,Europe,22,65,72,650000.0,7
B. Konaté,Chamois Niortais Football Club,CDM,Europe,22,65,72,650000.0,7
S. Daham,FC Sochaux-Montbéliard,RCM,Africa,22,65,76,900000.0,11
J. Bellegarde,Racing Club de Lens,CDM,Europe,20,65,78,925000.0,13
O. Ba,GFC Ajaccio,LCB,Africa,22,65,74,725000.0,9
C. Bayala,Racing Club de Lens,RM,Africa,22,65,72,750000.0,7
A. Ndom,Stade de Reims,CDM,Europe,22,65,74,725000.0,9
D. Gazdag,Free Agent,CM,Europe,22,65,76,0.0,11
João Moutinho,Los Angeles FC,LB,Europe,20,65,79,1100000.0,14
O. Rodríguez,Club León,LB,North_America,21,65,76,800000.0,11
J. Ebobisse,Portland Timbers,ST,North_America,21,65,75,875000.0,10
K. Veendorp,FC Emmen,RCB,Europe,21,65,75,775000.0,10
R. Amin,Östersunds FK,CM,Europe,22,65,72,750000.0,7
J. Bree,Aston Villa,RB,Europe,20,65,77,850000.0,12
V. Damascan,Torino,ST,Europe,19,65,79,1200000.0,14
A. Vallci,FC Wacker Innsbruck,LWB,Europe,22,65,69,575000.0,4
J. Dacres-Cogley,Birmingham City,RB,Europe,22,65,74,700000.0,9
D. Bates,Hamburger SV,RCB,Europe,21,65,75,775000.0,10
D. Doekhi,Vitesse,CB,Europe,20,65,75,775000.0,10
B. Mason,Coventry City,LB,Europe,20,65,76,800000.0,11
Jorge Cuenca,FC Barcelona,CB,Europe,18,65,78,850000.0,13
C. Benavídez,Independiente,CDM,South_America,20,65,75,775000.0,10
N. Briasco,Club Atlético Huracán,ST,Europe,22,65,75,875000.0,10
F. Hansch,SV Sandhausen,RM,Europe,22,65,71,750000.0,6
L. Filippini,Lazio,LB,Europe,22,65,70,600000.0,5
D. Dankerlui,Willem II,RB,Europe,21,65,73,675000.0,8
Markel Areitio,SD Eibar,GK,Europe,21,65,77,775000.0,12
E. Ampadu,Chelsea,LDM,Europe,17,65,86,1100000.0,21
H. Kane,Doncaster Rovers,RCM,Europe,19,65,75,825000.0,10
L. Fiordilino,Palermo,CM,Europe,21,65,75,875000.0,10
B. Close,Portsmouth,CM,Europe,21,65,76,925000.0,11
W. Eskelinen,GIF Sundsvall,GK,Europe,21,65,77,775000.0,12
M. Honsak,Holstein Kiel,LM,Europe,21,65,73,800000.0,8
Diego Parras,UD Las Palmas,RB,Europe,22,65,73,675000.0,8
H. Chapman,Middlesbrough,LW,Europe,20,65,79,1200000.0,14
M. Antonucci,Pescara,LW,Europe,19,65,81,1200000.0,16
L. Putaro,Eintracht Braunschweig,RW,Europe,21,65,72,775000.0,7
C. Giousis,AEK Athens,CAM,Europe,19,65,80,1200000.0,15
J. Caenepeel,Excelsior,RM,Europe,21,65,72,775000.0,7
Álvaro,Extremadura UD,GK,Europe,20,65,77,775000.0,12
D. Szoboszlai,FC Red Bull Salzburg,CAM,Europe,17,65,83,1100000.0,18
Q. Maceiras,FC Sion,RB,Europe,22,65,74,700000.0,9
A. Kampetsis,Panathinaikos FC,ST,Europe,19,65,76,900000.0,11
J. Thorniley,Sheffield Wednesday,CB,Europe,21,65,77,850000.0,12
H. Weydandt,Hannover 96,ST,Europe,22,65,72,775000.0,7
A. Díaz,Club Atlas,ST,North_America,22,65,72,775000.0,7
I. Zotko,Elche CF,CB,Europe,21,65,75,775000.0,10
C. Trueman,Birmingham City,GK,Europe,22,65,75,675000.0,10
A. O'Neill,Central Coast Mariners,RM,Oceania,19,65,77,925000.0,12
Javi Jiménez,Valencia CF,CB,Europe,21,65,73,700000.0,8
J. Mejías,Gimnàstic de Tarragona,RCB,South_America,20,65,78,925000.0,13
F. Kent,Colchester United,RCB,Europe,22,65,75,750000.0,10
J. Horsfield,Scunthorpe United,CDM,Europe,22,65,73,675000.0,8
K. Edwards,West Bromwich Albion,LM,Europe,20,65,77,975000.0,12
T. Edwards,Stoke City,RB,Europe,19,65,82,1000000.0,17
B. Arce,Extremadura UD,LM,South_America,19,65,74,800000.0,9
V. Sierro,FC St. Gallen,RCM,Europe,22,65,74,825000.0,9
I. Voca,FC Luzern,RDM,Europe,21,65,77,850000.0,12
Fran Manzanara,Levante UD,CDM,Europe,21,65,75,775000.0,10
R. McCrorie,Rangers FC,CDM,Europe,20,65,80,1100000.0,15
G. Castrovilli,US Cremonese,RW,Europe,21,65,79,1200000.0,14
S. Dembele,Peterborough United,LM,Europe,21,65,75,875000.0,10
M. Jakoliš,FC Admira Wacker Mödling,LW,Europe,21,65,72,775000.0,7
D. Van den Buijs,Heracles Almelo,LCB,Europe,22,65,71,625000.0,6
A. Badji,Djurgårdens IF,ST,Africa,20,65,76,950000.0,11
N. Sessa,VfR Aalen,CAM,Europe,22,65,72,750000.0,7
Júnior Tavares,Sampdoria,LB,South_America,21,65,74,725000.0,9
M. Breij,FC Groningen,CAM,Europe,21,65,73,800000.0,8
P. Tietz,FC Carl Zeiss Jena,LS,Europe,20,64,71,650000.0,7
A. Piu,Carpi,LW,Europe,21,64,75,775000.0,11
I. Sankhon,Sint-Truidense VV,CM,Africa,22,64,71,625000.0,7
S. Kashket,Wycombe Wanderers,RW,Europe,22,64,76,800000.0,12
E. Björkander,GIF Sundsvall,CB,Europe,22,64,73,600000.0,9
E. Abedini,FC Lugano,CDM,Europe,19,64,78,875000.0,14
L. de la Torre,Fulham,CAM,North_America,20,64,76,800000.0,12
D. Okereke,Spezia,ST,Africa,20,64,76,825000.0,12
W. Vorsager,FC Admira Wacker Mödling,LCB,Europe,21,64,73,600000.0,9
K. Soni,Girona FC,CAM,Africa,20,64,81,1000000.0,17
A. Petre,Esbjerg fB,ST,Europe,20,64,74,750000.0,10
J. Teunckens,Royal Antwerp FC,GK,Europe,20,64,75,600000.0,11
E. Oti Essigba,Esbjerg fB,LW,Africa,21,64,74,725000.0,10
M. Torres,Atlético Bucaramanga,RCB,South_America,22,64,76,700000.0,12
D. Bertaud,Montpellier HSC,GK,Europe,20,64,76,650000.0,12
J. Ramírez,Atlético Nacional,CM,South_America,20,64,77,850000.0,13
Pablo Fernández,Real Sporting de Gijón,ST,Europe,21,64,72,675000.0,8
S. Surridge,Oldham Athletic,ST,Europe,19,64,77,850000.0,13
E. Huth,1. FC Kaiserslautern,ST,Europe,21,64,74,750000.0,10
E. Pereyra,San Lorenzo de Almagro,LB,South_America,19,64,79,875000.0,15
D. Batty,Hull City,RDM,Europe,20,64,78,900000.0,14
G. Diangana,West Ham United,RM,Europe,20,64,79,1000000.0,15
F. Aksoy,Beşiktaş JK,CB,Europe,20,64,75,675000.0,11
B. Gschweidl,Wolfsberger AC,ST,Europe,22,64,68,600000.0,4
J. Williams,Rochdale,CDM,Europe,22,64,73,600000.0,9
F. Alastra,Palermo,GK,Europe,20,64,75,600000.0,11
O. Richards,Reading,LB,Europe,19,64,79,875000.0,15
T. De Smet,KAA Gent,CB,Europe,20,64,75,675000.0,11
A. Obispo,PSV,CB,Europe,19,64,78,875000.0,14
J. Colman,Orlando City SC,RM,South_America,19,64,76,775000.0,12
S. Saucedo,Real Salt Lake,LW,North_America,21,64,74,725000.0,10
R. Marchizza,Crotone,CB,Europe,20,64,78,900000.0,14
M. Adams,Chicago Fire,CDM,Europe,21,64,75,675000.0,11
R. Poole,Manchester United,CB,Europe,20,64,75,675000.0,11
P. Staikos,Panathinaikos FC,CDM,Europe,22,64,73,600000.0,9
E. Zaldívar,Club Atlas,CM,North_America,21,64,74,725000.0,10
N. Mason,Doncaster Rovers,RB,Europe,21,64,71,550000.0,7
S. Skytte,AC Horsens,CM,Europe,21,64,75,775000.0,11
K. Madu,SV Zulte-Waregem,LB,Africa,22,64,71,525000.0,7
G. Ruggiero,Palermo,CDM,Europe,18,64,80,850000.0,16
C. Mueller,Orlando City SC,RM,North_America,21,64,76,800000.0,12
P. Owusu,DSC Arminia Bielefeld,ST,Europe,21,64,72,675000.0,8
L. Diaby Fadiga,OGC Nice,ST,Europe,17,64,80,900000.0,16
E. Lomotey,Villarreal CF,CDM,Africa,20,64,76,725000.0,12
J. Marimón,Royal Excel Mouscron,CDM,South_America,19,64,75,650000.0,11
A. Carleton,Atlanta United,LM,North_America,18,64,80,925000.0,16
K. Michael,Perugia,RCM,Africa,18,64,80,925000.0,16
J. Ward,Peterborough United,RM,Europe,22,64,72,675000.0,8
T. Nishimura,PFC CSKA Moscow,CF,Asia,21,64,70,625000.0,6
André Sousa,Vitória de Setúbal,LB,Europe,20,64,75,675000.0,11
J. Amon,FC Nordsjælland,LW,North_America,19,64,79,975000.0,15
K. Abazaj,RSC Anderlecht,RW,Europe,21,64,71,650000.0,7
A. Masuyama,Vissel Kobe,RW,Asia,21,64,69,600000.0,5
F. Flecker,TSV Hartberg,RM,Europe,22,64,72,675000.0,8
M. Dembélé,AS Nancy Lorraine,ST,Europe,21,64,72,675000.0,8
L. Geertruida,Feyenoord,CB,Europe,17,64,80,800000.0,16
Julen López,SD Eibar,CB,Europe,22,64,74,625000.0,10
K. Bryan,Sheffield United,CB,Europe,21,64,77,775000.0,13
P. Schmidt,FC Admira Wacker Mödling,ST,Europe,19,64,74,725000.0,10
N. Schiappacasse,CF Rayo Majadahonda,LM,South_America,19,64,81,975000.0,17
T. Knöll,1. FC Nürnberg,ST,Europe,20,64,75,775000.0,11
Sergio López,Real Madrid,RB,Europe,19,64,80,875000.0,16
Q. Braat,FC Nantes,GK,Europe,20,64,75,600000.0,11
C. Romero,Genoa,CB,South_America,20,64,78,900000.0,14
A. Absalem,FC Groningen,LB,Europe,21,64,72,575000.0,8
J. Cortizo,Querétaro,LW,North_America,22,64,72,675000.0,8
A. Bernede,Paris Saint-Germain,CAM,Europe,19,64,75,750000.0,11
M. Cebula,Korona Kielce,CAM,Europe,22,64,70,625000.0,6
K. Świderski,Jagiellonia Białystok,ST,Europe,21,64,74,750000.0,10
M. Wieteska,Legia Warszawa,CB,Europe,21,64,72,575000.0,8
Y. Demoncy,US Orléans Loiret Football,CDM,Europe,22,64,72,575000.0,8
F. Hormazábal,CD O'Higgins,RW,South_America,22,64,75,775000.0,11
F. Woodman,Newcastle United,GK,Europe,21,64,78,825000.0,14
T. Amang,Molde FK,ST,Africa,20,64,76,825000.0,12
C. Smith,St. Mirren,CAM,Europe,22,64,69,600000.0,5
Z. Sanogo,TSV Hartberg,CF,Africa,21,64,74,750000.0,10
H. Weigelt,AZ Alkmaar,CB,Europe,20,64,76,725000.0,12
A. Gilliead,Shrewsbury,LM,Europe,22,64,74,725000.0,10
P. Ceccaroni,Padova,CB,Europe,22,64,70,525000.0,6
O. Aydoğan,Beşiktaş JK,CAM,Europe,21,64,69,600000.0,5
M. Soisalo,SV Zulte-Waregem,RM,Europe,20,64,75,775000.0,11
J. Aguirre,Itagüí Leones FC,LCB,South_America,21,64,72,575000.0,8
A. Monsecour,Sporting Lokeren,CB,Europe,22,64,71,550000.0,7
D. Niepsuj,Pogoń Szczecin,RB,Europe,22,64,71,525000.0,7
Lucas França,CD Nacional,GK,South_America,22,64,74,550000.0,10
S. Mallan,Hibernian,LCM,Europe,22,64,75,750000.0,11
S. Roa,Patriotas Boyacá FC,RB,South_America,22,64,73,600000.0,9
A. Aremu,IK Start,RCM,Africa,18,64,78,850000.0,14
A. Fein, SSV Jahn Regensburg,LDM,Europe,19,64,79,950000.0,15
A. Cicâldău,Free Agent,CM,Europe,20,64,77,0.0,13
D. Osei Yaw,Toulouse Football Club,RW,Europe,19,64,75,750000.0,11
M. Naderi,KV Kortrijk,LB,Asia,21,64,73,600000.0,9
I. Faraj,LOSC Lille,RM,Europe,19,64,80,975000.0,16
N. Tripichio,Defensa y Justicia,RB,South_America,22,64,74,625000.0,10
A. Walkes,Portsmouth,RB,Europe,21,64,72,575000.0,8
A. Dozzell,Ipswich Town,CM,Europe,19,64,80,950000.0,16
R. Raveloson,ESTAC Troyes,CB,Africa,21,64,72,575000.0,8
T. Kadewere,Le Havre AC,ST,Africa,22,64,72,675000.0,8
Álex Centelles,Valencia CF,LB,Europe,18,64,77,700000.0,13
Steven Prieto,Real Oviedo,ST,Europe,20,64,75,775000.0,11
G. Rivas,San Luis de Quillota,CM,South_America,22,64,72,650000.0,8
Pep Biel,Real Zaragoza,CM,Europe,21,64,72,650000.0,8
D. Cornelius,Free Agent,CB,North_America,20,64,74,0.0,10
A. Pinamonti,Frosinone,ST,Europe,19,64,80,975000.0,16
R. Sweeney,Mansfield Town,LCB,Europe,21,64,72,575000.0,8
E. Zambataro,Padova,LB,Europe,19,64,74,600000.0,10
N. Rasskazov,Spartak Moscow,RB,Europe,20,64,75,675000.0,11
A. Lomovitskiy,Spartak Moscow,RM,Europe,20,64,78,1000000.0,14
B. Straetman,Sporting Lokeren,LM,Europe,20,64,73,700000.0,9
G. Middleton,Rangers FC,LW,Europe,18,64,84,925000.0,20
J. Eskesen,Odense Boldklub,LCM,Europe,19,64,75,750000.0,11
Guillem Jaime,FC Barcelona,RW,Europe,19,64,80,975000.0,16
M. Ingebrigtsen,Tromsø IL,RS,Europe,21,64,73,700000.0,9
José González,Granada CF,CM,Europe,22,64,73,675000.0,9
L. Mai,FC Bayern München,CB,Europe,18,64,84,850000.0,20
D. Watts,Shamrock Rovers,RDM,Europe,21,64,77,875000.0,13
S. Reyes,Monarcas Morelia,LW,North_America,20,64,78,1000000.0,14
M. Vitale,SPAL,CM,Europe,20,64,73,700000.0,9
Fran García,Real Madrid,LB,Europe,18,64,79,825000.0,15
A. Ponce,Free Agent,ST,South_America,21,64,75,0.0,11
V. Screciu,KRC Genk,CDM,Europe,18,64,80,850000.0,16
Mika,GD Chaves,LW,Europe,21,64,74,725000.0,10
M. O'Hara,Peterborough United,CM,Europe,22,64,72,650000.0,8
J. Augustinsson,Djurgårdens IF,LB,Europe,22,64,72,575000.0,8
L. McGee,Portsmouth,GK,Europe,22,64,74,550000.0,10
D. McNeil,Burnley,LM,Europe,18,64,79,925000.0,15
S. Sarr,FC Lorient,CM,Africa,22,64,71,625000.0,7
T. Pearce,Leeds United,LB,Europe,20,64,79,900000.0,15
T. Oakley-Boothe,Tottenham Hotspur,CM,Europe,18,64,81,925000.0,17
D. Lovren,Fortuna Düsseldorf,RM,Europe,19,64,81,975000.0,17
J. Deminguet,Stade Malherbe Caen,CM,Europe,20,64,76,800000.0,12
S. Demhasaj,FC Luzern,ST,Europe,22,64,75,775000.0,11
C. Dagba,Paris Saint-Germain,RB,Europe,19,64,79,875000.0,15
I. Jukić,Korona Kielce,LM,Europe,22,64,70,625000.0,6
K. Zohi,RC Strasbourg Alsace,ST,Africa,21,64,76,825000.0,12
O. Sowunmi,Yeovil Town,RCB,Europe,22,64,69,500000.0,5
J. Bachmann,FC Würzburger Kickers,RDM,Europe,22,64,68,500000.0,4
J. Aspropotamitis,Central Coast Mariners,CB,Oceania,22,64,72,575000.0,8
M. Ristić,Sparta Praha,LB,Europe,22,64,73,600000.0,9
Lee Sang Heon,Jeonnam Dragons,CF,Asia,20,64,72,675000.0,8
M. Okugawa,Holstein Kiel,RM,Asia,22,64,72,675000.0,8
C. Wighton,Heart of Midlothian,ST,Europe,20,64,75,775000.0,11
I. Abass,1. FSV Mainz 05,LW,Africa,19,64,77,850000.0,13
J. Stacey,Luton Town,RB,Europe,22,64,74,625000.0,10
M. Aebischer,BSC Young Boys,CM,Europe,21,64,76,800000.0,12
Diego Alende,RC Celta,CB,Europe,20,64,74,650000.0,10
S. Clare,Heart of Midlothian,CAM,Europe,21,64,75,775000.0,11
N. Gil,Independiente Santa Fe,LB,South_America,21,64,76,700000.0,12
Z. Erkilinc,Heracles Almelo,LW,Europe,20,64,74,725000.0,10
U. Meras,Bursaspor,LB,Europe,22,64,73,600000.0,9
F. Moufi,CD Tondela,RB,Africa,22,64,72,575000.0,8
R. Williams,Manchester United,CB,Europe,19,64,79,875000.0,15
E. Iñíguez,Club Atlético Aldosivi,RB,South_America,21,64,74,625000.0,10
S. Longstaff,Newcastle United,CM,Europe,20,64,78,975000.0,14
M. Wolfram,FC Carl Zeiss Jena,RM,Europe,21,64,76,800000.0,12
Xesc Regis,SD Eibar,ST,Europe,21,64,73,700000.0,9
F. Rawson,Forest Green Rovers,RCB,Europe,21,64,70,525000.0,6
M. Dauda,RSC Anderlecht,CF,Africa,20,64,75,775000.0,11
Viti,Real Oviedo,RM,Europe,20,64,76,800000.0,12
A. Deiola,Parma,CM,Europe,22,64,73,675000.0,9
O. Mandanda,FC Girondins de Bordeaux,GK,Europe,19,64,79,800000.0,15
C. Cuesta,Atlético Nacional,CB,South_America,19,64,79,875000.0,15
T. Kubo,Yokohama F. Marinos,CAM,Asia,17,64,85,975000.0,21
B. Toma,FC Sion,CDM,Europe,19,64,79,950000.0,15
W. Geubbels,AS Monaco,ST,Europe,16,64,86,1000000.0,22
L. Quezada,Córdoba CF,LM,North_America,22,64,76,800000.0,12
A. Moreno,Deportes Iquique,RB,South_America,22,64,72,575000.0,8
C. Greger,SpVgg Unterhaching,LCB,Europe,21,64,70,525000.0,6
S. Wharton,Lincoln City,CB,Europe,20,64,76,725000.0,12
A. Sigurðsson,PFC CSKA Moscow,CF,Europe,19,64,81,975000.0,17
N. Ferraresi,Free Agent,CB,South_America,19,64,74,0.0,10
O. Kiomourtzoglou,SpVgg Unterhaching,CDM,Europe,20,64,74,650000.0,10
T. James,Yeovil Town,RB,Europe,22,64,70,525000.0,6
J. Dehm,Holstein Kiel,RB,Europe,22,64,73,600000.0,9
M. Caufriez,Waasland-Beveren,CB,Europe,21,64,72,575000.0,8
C. Rivera,Deportivo Cali,LDM,South_America,22,64,73,600000.0,9
M. Wdowiak,Cracovia,LM,Europe,21,64,72,675000.0,8
F. Cristaldo,San Martín de San Juan,CDM,South_America,21,64,71,550000.0,7
P. Karlsson Lagemyr,IFK Göteborg,RW,Europe,21,64,70,625000.0,6
M. Dräger,SC Paderborn 07,RB,Africa,22,64,74,625000.0,10
J. Hromada,SK Slavia Praha,CDM,Europe,22,64,72,575000.0,8
R. Brown,Forest Green Rovers,RM,Europe,22,64,68,600000.0,4
B. Jamieson IV,LA Galaxy,ST,North_America,21,64,74,750000.0,10
D. Payne,Excelsior,RB,North_America,22,64,70,525000.0,6
T. Chahed,1. FC Magdeburg,RW,Europe,22,64,72,675000.0,8
I. Boonen,KV Oostende,LW,Europe,19,64,77,850000.0,13
L. Gómez,Club Atlético Banfield,RM,South_America,22,64,75,775000.0,11
S. Pinas,ADO Den Haag,CB,Europe,20,64,75,675000.0,11
Jean Carlos,Granada CF,LM,South_America,22,64,72,675000.0,8
T. Holmes-Dennis,Bristol Rovers,LB,Europe,22,64,70,525000.0,6
J. Ertlthaler,SV Mattersburg,CAM,Europe,21,64,71,650000.0,7
M. Thurnwald,SK Rapid Wien,RB,Europe,19,64,74,600000.0,10
A. Busin,AS Nancy Lorraine,RW,Europe,22,64,72,675000.0,8
N. Giménez,San Martin de Tucumán,CM,South_America,22,64,73,675000.0,9
F. Ünver,Bursaspor,CB,Europe,21,64,76,725000.0,12
Pascu,Valencia CF,CM,Europe,18,64,82,925000.0,18
M. Poaty,ESTAC Troyes,LB,Europe,20,64,74,625000.0,10
N. Jambor,Rio Ave FC,CM,Europe,22,64,72,650000.0,8
Mayoral,AD Alcorcón,RM,Europe,21,64,79,1000000.0,15
J. Todibo,Toulouse Football Club,CB,Europe,18,64,78,850000.0,14
Edu Frias,RCD Espanyol,GK,Europe,19,64,78,800000.0,14
J. Gundersen,Tromsø IL,LCB,Europe,22,64,73,600000.0,9
N. Landgraf,Hallescher FC,LCB,Europe,22,64,72,575000.0,8
T. Müller,Hallescher FC,GK,Europe,20,64,75,600000.0,11
W. Bianda,Roma,CB,Europe,18,64,81,850000.0,17
T. Campbell,Stoke City,ST,Europe,18,64,82,950000.0,18
E. Smith Rowe,Arsenal,LW,Europe,17,64,85,975000.0,21
T. Al Ammar,Al Shabab,CM,Asia,18,64,79,925000.0,15
S. Hughes,Leicester City,CB,Europe,21,64,75,675000.0,11
O. Skipp,Tottenham Hotspur,CDM,Europe,17,64,83,800000.0,19
H. Traorè,Empoli,CAM,Africa,18,64,83,925000.0,19
M. Wachs,SV Wehen Wiesbaden,LB,Europe,22,64,72,575000.0,8
J. Sierra,Lobos BUAP,RDM,South_America,21,64,74,725000.0,10
G. Scamacca,PEC Zwolle,ST,Europe,19,64,74,725000.0,10
L. Vaca,Free Agent,ST,South_America,22,64,73,0.0,9
Luis Muñoz,Córdoba CF,CB,Europe,21,64,74,650000.0,10
H. Wright,FC Schalke 04,ST,North_America,20,64,77,875000.0,13
Borja Llarena,CD Tenerife,ST,Europe,19,64,81,975000.0,17
R. Seigers,KRC Genk,CB,Europe,20,64,75,675000.0,11
J. Serrano,AS Monaco,LB,Europe,20,64,77,775000.0,13
C. Johnson,Accrington Stanley,RB,Europe,21,64,70,525000.0,6
A. Al Khaibari,Al Shabab,LDM,Asia,21,64,76,725000.0,12
Roberto López,Real Sociedad,CAM,Europe,18,64,84,925000.0,20
E. Banda,KV Oostende,CAM,Africa,20,64,74,725000.0,10
H. Mahou,OGC Nice,RW,Europe,18,64,77,800000.0,13
J. Sargent,SV Werder Bremen,ST,North_America,18,64,84,950000.0,20
H. Mascorro,Club León,LM,North_America,21,64,74,725000.0,10
Jauregi,Levante UD,ST,Europe,21,64,71,650000.0,7
V. Selimović,FC Metz,CB,Europe,21,64,71,550000.0,7
C. Shaughnessy,Leeds United,CB,Europe,22,64,74,625000.0,10
R. Meléndez,Audax Italiano,CAM,South_America,19,64,77,850000.0,13
A. Mandrea,Angers SCO,GK,Europe,21,64,70,450000.0,6
E. Smith,KAA Gent,CDM,Europe,21,64,73,600000.0,9
C. Timite,Amiens SC,ST,Africa,20,64,77,875000.0,13
M. Samuelsen,VVV-Venlo,RW,Europe,21,64,75,775000.0,11
K. Sanson,Montpellier HSC,LM,Europe,21,64,71,650000.0,7
M. D'Arpino,US Orléans Loiret Football,CM,Europe,22,64,74,725000.0,10
M. Kvasina,SV Mattersburg,ST,Europe,21,64,69,625000.0,5
A. Bongiovanni,KSV Cercle Brugge,CAM,Europe,18,64,79,925000.0,15
S. Eremenko,Spartak Moscow,CM,Europe,19,64,80,950000.0,16
C. Senior,Colchester United,RM,Europe,21,64,74,725000.0,10
T. Sandoval,Club Atlético Colón,ST,South_America,19,64,80,975000.0,16
D. Gnaase,FC Würzburger Kickers,LDM,Europe,21,64,72,650000.0,8
M. Tavernier,Middlesbrough,LW,Europe,19,64,82,975000.0,18
T. Nydam,St. Johnstone FC,CM,Europe,18,64,79,925000.0,15
D. Lajud,Monterrey,ST,North_America,19,64,75,750000.0,11
Echu,CF Rayo Majadahonda,RM,Europe,20,64,74,725000.0,10
Juan Ibiza,UD Almería,CB,Europe,22,64,73,600000.0,9
D. James,Swansea City,LW,Europe,20,64,79,1000000.0,15
G. Perrin,US Orléans Loiret Football,RW,Europe,22,64,75,775000.0,11
M. Munetsi,Orlando Pirates,CB,Africa,22,64,71,550000.0,7
A. Poúngouras,Panathinaikos FC,CB,Europe,22,64,72,575000.0,8
Junio,Rio Ave FC,RB,South_America,21,64,74,625000.0,10
C. Morrison,Heart of Midlothian,RM,Europe,18,64,77,800000.0,13
E. Oelschlägel,Borussia Dortmund,GK,Europe,22,64,73,525000.0,9
G. Williams,Forest Green Rovers,LM,Europe,22,64,69,600000.0,5
K. Angielski,Wisła Płock,ST,Europe,22,64,69,625000.0,5
L. Chávez,Club Tijuana,CM,North_America,22,64,75,750000.0,11
A. Gory,Le Havre AC,LM,Europe,21,64,74,725000.0,10
R. Edwards,Chicago Fire,LM,North_America,22,64,72,675000.0,8
Igor,FK Austria Wien,LCB,South_America,20,64,76,725000.0,12
A. Peña,Pachuca,RCB,North_America,22,64,75,675000.0,11
K. Roberts,Walsall,CB,Europe,20,64,74,650000.0,10
S. Ngezana,Kaizer Chiefs,CB,Africa,20,64,70,525000.0,6
A. Taoui,Toulouse Football Club,ST,Europe,16,64,75,700000.0,11
R. Thellufsen,Aalborg BK,LM,Europe,21,64,74,725000.0,10
Lee Keun Ho,Pohang Steelers,RW,Asia,22,64,73,700000.0,9
A. Rabillard,AS Béziers,ST,Europe,22,64,73,700000.0,9
José Mena,Sevilla FC,CDM,Europe,20,64,76,725000.0,12
M. van Bergen,SC Heerenveen,RM,Europe,18,64,77,800000.0,13
Imanol García,Gimnàstic de Tarragona,CM,Europe,22,64,71,625000.0,7
S. Callegari,Newell's Old Boys,RCB,South_America,21,64,73,600000.0,9
M. Bundu,Aarhus GF,ST,Africa,21,64,73,700000.0,9
F. Román,Millonarios FC,RB,South_America,22,64,73,600000.0,9
T. Figueroa,Pachuca,LW,North_America,19,64,76,775000.0,12
M. López,Envigado FC,LM,South_America,21,64,75,775000.0,11
E. Nketiah,Arsenal,ST,Europe,19,64,84,975000.0,20
G. Nilsson,Vejle Boldklub,ST,Europe,21,64,75,775000.0,11
D. Kutesa,FC St. Gallen,RW,Europe,20,64,77,875000.0,13
D. Frattesi,Ascoli,LCM,Europe,18,64,81,925000.0,17
Genís,Levante UD,RB,Europe,21,64,71,550000.0,7
M. Valjent,RCD Mallorca,CB,Europe,22,64,70,525000.0,6
T. Vialla,AC Ajaccio,CAM,Europe,22,64,72,675000.0,8
K. Hazard,KSV Cercle Brugge,LW,Europe,22,64,70,625000.0,6
C. Saldaña,CD Palestino,LB,South_America,18,64,77,700000.0,13
Borja Garcés,Atlético Madrid,ST,Europe,18,64,83,950000.0,19
M. Ali,Vitesse,CDM,Asia,20,64,73,600000.0,9
A. Danladi,Minnesota United FC,ST,Africa,22,64,72,675000.0,8
N. Atkinson,Melbourne City FC,RW,Oceania,19,64,79,875000.0,15
L. Ferroni,Newell's Old Boys,LB,South_America,22,64,72,575000.0,8
O. Kocuk,Bursaspor,GK,Europe,22,64,73,525000.0,9
T. Hilliard-Arce,LA Galaxy,CB,North_America,22,64,71,550000.0,7
Y. Etienne,KSV Cercle Brugge,LB,Europe,21,64,73,600000.0,9
F. Mayembo,Le Havre AC,CB,Africa,22,64,72,575000.0,8
B. Morris,Wycombe Wanderers,CM,Europe,22,64,75,750000.0,11
Kuki Zalazar,Real Valladolid CF,RW,Europe,20,64,80,1000000.0,16
Montero,Atlético Madrid,CB,Europe,19,64,83,875000.0,19
Aitor Ruibal,CF Rayo Majadahonda,RS,Europe,22,64,73,700000.0,9
N. Castrillón,Deportes Tolima,RB,South_America,22,64,75,675000.0,11
Álex Craninx,Molde FK,GK,Europe,22,64,72,500000.0,8
Miguel,Real Valladolid CF,ST,Europe,18,64,78,950000.0,14
A. Otero,Itagüí Leones FC,ST,South_America,22,64,73,700000.0,9
J. Varela,Godoy Cruz,CB,South_America,21,64,74,650000.0,10
S. Lorenz,TSV 1860 München,CB,Europe,21,64,72,575000.0,8
Y. Koné,LOSC Lille,LB,Africa,22,64,73,600000.0,9
N. Oduwa,Vejle Boldklub,LW,Europe,22,64,75,775000.0,11
S. Karadeniz,Trabzonspor,RB,Europe,21,64,74,625000.0,10
D. Undav,SV Meppen,ST,Europe,21,64,71,650000.0,7
J. Thomasen,Odense Boldklub,CM,Europe,22,64,74,725000.0,10
E. Valencia,Independiente Medellín,LM,South_America,21,64,74,725000.0,10
H. Cochrane,Heart of Midlothian,CM,Europe,17,64,83,875000.0,19
Manu Hernando,Real Madrid,CB,Europe,19,64,76,700000.0,12
R. Cota,U.N.A.M.,LM,North_America,22,64,73,700000.0,9
J. Bruijn,SC Heerenveen,CM,Europe,21,64,71,625000.0,7
Dani Molina,RC Celta,CDM,Europe,22,64,75,675000.0,11
F. Pierrot,Royal Excel Mouscron,ST,North_America,21,64,73,700000.0,9
Bura,CD Aves,CDM,Africa,22,64,70,525000.0,6
V. Loroña,Puebla FC,RWB,North_America,19,64,80,875000.0,16
R. Kongolo,SC Heerenveen,CDM,Europe,20,64,75,675000.0,11
O. Abildgaard,Aalborg BK,RCM,Europe,22,64,73,675000.0,9
D. Eckert,RC Celta,ST,Europe,21,64,76,825000.0,12
K. Scherpen,FC Emmen,GK,Europe,18,64,78,750000.0,14
F. Dimarco,Parma,LB,Europe,20,64,75,675000.0,11
G. Thomas,Scunthorpe United,RM,Europe,21,64,77,875000.0,13
J. Carbonero,Once Caldas,LM,South_America,18,64,82,925000.0,18
L. Riveros,CD Universidad de Concepción,ST,South_America,19,64,73,675000.0,9
João Nunes,Lechia Gdańsk,RB,Europe,22,64,69,500000.0,5
D. Crnigoj,FC Lugano,RW,Europe,22,64,71,625000.0,7
Raí,Real Zaragoza,ST,South_America,20,64,73,700000.0,9
F. Downes,Ipswich Town,CAM,Europe,19,64,80,950000.0,16
Hildeberto Pereira,Vitória de Setúbal,LW,Europe,22,64,69,600000.0,5
J. Guillemenot,SK Rapid Wien,ST,Europe,20,64,72,675000.0,8
D. Yearwood,Southend United,LDM,Europe,18,64,80,925000.0,16
I. Chatzitheodoridis,Panathinaikos FC,LB,Europe,20,64,73,600000.0,9
O. Rathbone,Rochdale,CM,Europe,21,64,74,725000.0,10
J. Macías,Guadalajara,ST,North_America,18,64,75,725000.0,11
Léo Príncipe,Le Havre AC,RB,South_America,21,64,74,625000.0,10
R. Becker,Eintracht Braunschweig,RB,Europe,21,64,74,625000.0,10
Song Bum Keun,Jeonbuk Hyundai Motors,GK,Asia,20,64,75,600000.0,11
Gonçalo Cardoso,Boavista FC,LCB,Europe,17,64,78,800000.0,14
D. Furtado,Rio Ave FC,LW,Europe,21,64,76,800000.0,12
J. Candía,Free Agent,CB,South_America,22,64,74,0.0,10
T. Oude Kotte,Excelsior,CB,Europe,22,64,70,525000.0,6
M. Opondo,Vendsyssel FF,LCM,Africa,20,64,74,725000.0,10
M. Sepúlveda,CD O'Higgins,CM,South_America,19,64,77,825000.0,13
K. Lankford,1. FC Heidenheim 1846,RM,Europe,19,64,76,775000.0,12
N. De Medina,Royal Excel Mouscron,CB,Europe,20,64,75,675000.0,11
A. Jakubech,LOSC Lille,GK,Europe,21,64,75,600000.0,11
V. Sakor,IFK Göteborg,RCM,Europe,22,64,70,600000.0,6
R. Vargas,FC Luzern,RM,Europe,19,64,82,975000.0,18
B. Boutobba,Montpellier HSC,RM,Europe,19,64,73,675000.0,9
J. Schryvers,Waasland-Beveren,RWB,Europe,21,64,72,575000.0,8
T. Mokoena,Free Agent,CM,Africa,21,64,71,0.0,7
Kikas,Os Belenenses,ST,Europe,19,64,77,850000.0,13
F. Chabrolle,Olympique de Marseille,CAM,Europe,20,64,75,775000.0,11
E. Cetre,Santos Laguna,RW,South_America,20,64,74,725000.0,10
K. Tezuka,Kashiwa Reysol,CDM,Asia,22,64,69,500000.0,5
T. Lebeau,Chamois Niortais Football Club,CAM,Europe,19,64,74,700000.0,10
U. Çakır,Trabzonspor,GK,Europe,22,64,71,475000.0,7
H. Bwana,Seattle Sounders FC,LM,Africa,19,64,79,975000.0,15
D. Parker,1. FSV Mainz 05,LW,Europe,22,64,72,675000.0,8
V. Tranberg,Örebro SK,RCB,Europe,21,64,71,550000.0,7
C. Camps,Rochdale,CDM,Europe,22,64,70,600000.0,6
Jesús Areso,Athletic Club de Bilbao,RB,Europe,18,64,79,825000.0,15
O. Khan,Mansfield Town,CAM,Europe,21,64,70,625000.0,6
P. Ghiglione,Frosinone,RM,Europe,21,63,75,650000.0,12
B. White,New York Red Bulls,ST,North_America,22,63,69,525000.0,6
B. Whitfield,Port Vale,RM,Europe,22,63,69,500000.0,6
Dani Cárdenas,Levante UD,GK,Europe,21,63,73,450000.0,10
N. Zanellato,Crotone,CM,Europe,20,63,74,625000.0,11
Álex Domínguez,Deportivo Alavés,GK,Europe,19,63,77,650000.0,14
W. Saliba,AS Saint-Étienne,CB,Europe,17,63,77,650000.0,14
P. Köhn,FC Red Bull Salzburg,GK,Europe,20,63,77,675000.0,14
Ricardo Campos,Valencia CF,RM,Europe,18,63,79,750000.0,16
Joaquín,Atlético Madrid,LM,Europe,19,63,76,700000.0,13
A. Dzabana,Le Havre AC,ST,Europe,21,63,73,600000.0,10
C. Führich,1. FC Köln,CM,Europe,20,63,75,650000.0,12
H. Cavero,CD Antofagasta,CB,South_America,22,63,74,550000.0,11
R. Hack,TSG 1899 Hoffenheim,LW,Europe,19,63,78,800000.0,15
Nuno Macedo,Moreirense FC,GK,Europe,19,63,72,425000.0,9
Woo Chan Yang,Pohang Steelers,LB,Asia,21,63,74,550000.0,11
João Tavares,CD Feirense,CM,Europe,19,63,74,600000.0,11
K. Froese,Fortuna Düsseldorf,CAM,North_America,22,63,70,525000.0,7
Salva Ferrer,Gimnàstic de Tarragona,CB,Europe,20,63,74,550000.0,11
Pau Morer,Sandefjord Fotball,LM,Europe,22,63,72,575000.0,9
J. Sellars,Östersunds FK,LM,Europe,22,63,71,550000.0,8
N. Schmidt,SV Wehen Wiesbaden,CAM,Europe,20,63,76,700000.0,13
A. Palazzi,Pescara,CM,Europe,22,63,70,500000.0,7
H. Hallberg,Kalmar FF,CM,Europe,21,63,73,600000.0,10
M. Andersen,FC Nordsjælland,LCM,Europe,19,63,78,775000.0,15
M. Haas,SKN St. Pölten,LB,Europe,22,63,69,425000.0,6
E. Restrepo,Itagüí Leones FC,RCB,South_America,21,63,76,625000.0,13
B. Badibanga,Waasland-Beveren,RM,Europe,22,63,70,525000.0,7
Redru,Elche CF,LB,Europe,21,63,74,550000.0,11
S. Chilunda,CD Tenerife,ST,Africa,19,63,71,525000.0,8
G. Lillard,Chicago Fire,CB,North_America,22,63,72,500000.0,9
Diego Barri,Albacete BP,CDM,Europe,22,63,74,550000.0,11
L. Schoofs,NAC Breda,CDM,Europe,21,63,71,475000.0,8
J. Dasilva,Brentford,CM,Europe,19,63,76,675000.0,13
F. Boya,Royal Excel Mouscron,LCM,Africa,22,63,69,425000.0,6
G. Panico,Cittadella,ST,Europe,21,63,73,600000.0,10
E. Loiodice,Dijon FCO,LDM,Europe,17,63,85,800000.0,22
A. Mayorga,Club Necaxa,LB,North_America,21,63,76,625000.0,13
A. Spahic,FC Energie Cottbus,GK,Europe,21,63,71,400000.0,8
L. Wales,Melbourne City FC,LW,Oceania,20,63,70,525000.0,7
S. Hatanaka,Yokohama F. Marinos,CB,Asia,22,63,68,425000.0,5
A. Dovbyk,FC Midtjylland,ST,Europe,21,63,73,600000.0,10
Víctor Fernández,Newcastle United,LM,Europe,20,63,80,800000.0,17
D. Henen,Sporting de Charleroi,LW,Europe,22,63,74,625000.0,11
S. Kalajdzic,FC Admira Wacker Mödling,CAM,Europe,20,63,75,650000.0,12
H. De la Fuente,Vélez Sarsfield,RB,South_America,21,63,71,475000.0,8
H. Burgoyne,Plymouth Argyle,GK,Europe,21,63,76,575000.0,13
Carlos Doncel,RCD Espanyol,LM,Europe,21,63,71,550000.0,8
P. Cappelluzzo,Hellas Verona,ST,Europe,22,63,72,575000.0,9
B. Miranda,DC United,ST,South_America,20,63,73,600000.0,10
Endika,CA Osasuna,LB,Europe,21,63,70,450000.0,7
Miguel Luís,Sporting CP,CM,Europe,19,63,78,775000.0,15
Ángel,Albacete BP,LB,Europe,20,63,76,625000.0,13
J. Monroy,Boyacá Chicó FC,RB,Europe,22,63,72,475000.0,9
E. Massouema,Valenciennes FC,CDM,Europe,21,63,75,575000.0,12
E. Kayembe,RSC Anderlecht,CAM,Africa,20,63,74,625000.0,11
J. Abu Hanna,1. FC Magdeburg,LB,Europe,20,63,75,575000.0,12
Josemi,UD Las Palmas,CM,Europe,20,63,73,600000.0,10
G. Felicioli,Perugia,LB,Europe,20,63,75,575000.0,12
M. Farfan,Portland Timbers,LB,North_America,19,63,74,525000.0,11
N. Nartey,1. FC Köln,CM,Europe,18,63,81,750000.0,18
Edu Cortina,Real Oviedo,CM,Europe,21,63,74,625000.0,11
J. Jacobs,AZ Alkmaar,CM,Europe,20,63,75,650000.0,12
O. Kökçü,Feyenoord,CM,Europe,17,63,80,725000.0,17
H. Boateng,Exeter City,LCM,Europe,22,63,69,500000.0,6
I. Pomazun,PFC CSKA Moscow,GK,Europe,21,63,71,400000.0,8
R. Moreira,San Martin de Tucumán,LCB,South_America,21,63,76,625000.0,13
I. Vujica,Newcastle Jets,LB,Oceania,21,63,71,475000.0,8
B. Purrington,AFC Wimbledon,LB,Europe,22,63,70,425000.0,7
J. Flores,CD Antofagasta,LW,South_America,21,63,73,600000.0,10
J. Mvondo,Albacete BP,CDM,Africa,20,63,71,475000.0,8
A. Danzi,Hellas Verona,CDM,Europe,19,63,77,725000.0,14
J. Kerr,St. Johnstone FC,RCB,Europe,21,63,73,525000.0,10
A. Disasi,Stade de Reims,CB,Europe,20,63,74,550000.0,11
O. Stijepović,Sampdoria,CM,Europe,18,63,77,750000.0,14
O. Batista Meier,FC Bayern München,LM,Europe,17,63,83,725000.0,20
J. Bartosz,Wisła Kraków,RB,Europe,21,63,73,525000.0,10
D. Iversen,Oldham Athletic,GK,Europe,20,63,75,525000.0,12
Kim Dae Won,Daegu FC,LW,Asia,21,63,75,650000.0,12
R. Domínguez,Vancouver Whitecaps FC,CB,North_America,21,63,75,575000.0,12
S. Gartenmann,SønderjyskE,RB,Europe,21,63,73,525000.0,10
O. Solet,Olympique Lyonnais,CB,Europe,18,63,83,675000.0,20
D. Hładun,Zagłębie Lubin,GK,Europe,22,63,68,350000.0,5
B. Niasse,KAS Eupen,GK,Africa,21,63,71,400000.0,8
R. Serena,Padova,CM,Europe,21,63,71,550000.0,8
Valdu Té,Vitória de Setúbal,ST,Africa,20,63,71,550000.0,8
Sergio Buenacasa,RCD Mallorca,ST,Europe,22,63,69,525000.0,6
D. Smuga,Górnik Zabrze,ST,Europe,21,63,72,575000.0,9
Arribas,AD Alcorcón,ST,Europe,19,63,75,650000.0,12
C. Tirard,Grenoble Foot 38,LW,Europe,22,63,70,525000.0,7
F. Melegoni,Pescara,CM,Europe,19,63,80,775000.0,17
B. Mbeumo,ESTAC Troyes,RM,Europe,18,63,79,750000.0,16
M. Müldür,SK Rapid Wien,CB,Europe,19,63,76,625000.0,13
A. Cisco,Padova,ST,Europe,19,63,73,575000.0,10
P. Martínez,Club Atlético Lanús,LW,South_America,21,63,73,600000.0,10
R. Contreras,CD Antofagasta,ST,South_America,22,63,71,550000.0,8
A. Grbic,SCR Altach,ST,Europe,21,63,69,525000.0,6
G. Cortez,Lobos BUAP,CAM,South_America,22,63,71,550000.0,8
F. Sierralta,Parma,RB,South_America,21,63,77,725000.0,14
A. Georgen,Paris Saint-Germain,RB,Europe,19,63,80,700000.0,17
J. Valadez,Monarcas Morelia,CB,North_America,22,63,67,400000.0,4
J. Lewis,New York City FC,LW,North_America,21,63,77,800000.0,14
A. Mucolli,Vejle Boldklub,CM,Europe,18,63,78,750000.0,15
N. Rieble,FC Hansa Rostock,LB,Europe,22,63,69,425000.0,6
J. McGrath,Dundalk,CAM,Europe,21,63,73,600000.0,10
E. Calvillo,San Jose Earthquakes,CM,North_America,20,63,72,575000.0,9
J. Gorenc Stanković,Huddersfield Town,CB,Europe,22,63,76,625000.0,13
M. Anderson,Excelsior,RM,Europe,20,63,76,700000.0,13
A. Lucoqui,DSC Arminia Bielefeld,LB,Europe,20,63,73,525000.0,10
Jeon Se Jin,Suwon Samsung Bluewings,ST,Asia,18,63,75,625000.0,12
C. Gakpo,PSV,LW,Europe,19,63,78,800000.0,15
J. Carolina,NAC Breda,LB,North_America,19,63,74,525000.0,11
S. Nelson,Swindon Town,RCB,Europe,22,63,70,450000.0,7
B. Vazquez,Atlanta United,ST,North_America,19,63,76,700000.0,13
F. Kanoute,Pescara,CM,Africa,19,63,77,775000.0,14
D. Hashioka,Urawa Red Diamonds,RM,Asia,19,63,72,550000.0,9
M. Obafemi,Southampton,ST,Europe,17,63,78,750000.0,15
O. León,Club América,CB,North_America,18,63,76,575000.0,13
M. Leitsch,VfL Bochum 1848,CB,Europe,20,63,76,625000.0,13
D. Zamora,Club América,CB,North_America,20,63,76,625000.0,13
C. Özkan,DSC Arminia Bielefeld,RB,Europe,18,63,76,575000.0,13
Jaime Sierra,CD Leganés,CM,Europe,20,63,76,700000.0,13
Carlos Cordero,Real Sporting de Gijón,LB,Europe,21,63,72,500000.0,9
M. Collao,CD Antofagasta,CAM,South_America,20,63,77,800000.0,14
S. Müller,Karlsruher SC,GK,Europe,22,63,71,400000.0,8
C. Díaz,Curicó Unido,RB,South_America,22,63,72,475000.0,9
S. Ambrosius,Hamburger SV,CB,Europe,19,63,79,725000.0,16
E. Gertmonas,Stade Rennais FC,GK,Europe,22,63,74,500000.0,11
D. Cleary,Dundalk,LCB,Europe,22,63,72,500000.0,9
S. Ferreira,Monarcas Morelia,LS,South_America,20,63,68,500000.0,5
C. Zamudio,Monarcas Morelia,ST,North_America,20,63,70,525000.0,7
W. Nightingale,AFC Wimbledon,RCB,Europe,22,63,71,475000.0,8
F. Di Mariano,Venezia FC,LW,Europe,22,63,70,525000.0,7
M. Bähre,Barnsley,CAM,Europe,22,63,72,575000.0,9
C. Styles,Bury,CM,Europe,18,63,78,750000.0,15
Juan Pérez,CA Osasuna,GK,Europe,21,63,74,500000.0,11
H. Mendes,FC Lorient,RB,Europe,20,63,73,525000.0,10
M. Ridenton,Newcastle Jets,RDM,Oceania,22,63,71,525000.0,8
J. Strauß,FC Erzgebirge Aue,RWB,Europe,22,63,71,450000.0,8
B. Baiye,Club Brugge KV,CDM,Europe,17,63,83,650000.0,20
D. Schad,1. FC Kaiserslautern,RB,Europe,21,63,70,450000.0,7
Tachi,Atlético Madrid,CB,Europe,20,63,78,725000.0,15
R. Harper,West Bromwich Albion,CM,Europe,18,63,79,750000.0,16
A. Herrera,Real Salt Lake,LB,North_America,21,63,73,525000.0,10
R. Kolo-Muani,FC Nantes,ST,Africa,19,63,71,525000.0,8
J. Bogle,Derby County,RB,Europe,17,63,82,650000.0,19
Pelayo Morilla,Real Sporting de Gijón,RM,Europe,16,63,81,725000.0,18
C. Bramall,Arsenal,LB,Europe,22,63,70,425000.0,7
B. Blasi,Unión de Santa Fe,RB,South_America,22,63,73,500000.0,10
Ezkieta,FC Barcelona,GK,Europe,21,63,75,525000.0,12
J. Scherzer,FC Admira Wacker Mödling,LB,Europe,22,63,67,400000.0,4
Dani Gómez,Real Madrid,ST,Europe,19,63,77,800000.0,14
J. Hofmann,VfL Sportfreunde Lotte,CAM,Europe,21,63,72,575000.0,9
Fornos,Deportivo de La Coruña,CB,Europe,21,63,74,550000.0,11
P. Sabbag,CD Tondela,ST,South_America,21,63,77,825000.0,14
E. Ozuna,Club Atlético Aldosivi,LM,South_America,22,63,74,625000.0,11
I. Smith,IFK Norrköping,RM,North_America,20,63,77,725000.0,14
G. Yalçin,Beşiktaş JK,ST,Europe,19,63,75,650000.0,12
S. D'Almeida,Yeovil Town,RCM,Africa,22,63,68,475000.0,5
Lim Jae Hyeok,Daegu FC,ST,Asia,19,63,79,800000.0,16
O. Boussaid,FC Utrecht,CAM,Europe,18,63,77,750000.0,14
H. Demir,Kasimpaşa SK,CM,Europe,20,63,69,500000.0,6
T. Schützenauer,SK Sturm Graz,GK,Europe,21,63,71,400000.0,8
Jaquité,CD Tondela,CDM,Africa,22,63,73,525000.0,10
A. Jallow,FC Metz,RM,Africa,19,63,76,700000.0,13
N. Moreno,Envigado FC,LM,South_America,21,63,73,600000.0,10
C. Rodríguez,Monterrey,RM,North_America,21,63,69,500000.0,6
Zé Pedro,CD Feirense,RM,Europe,21,63,71,550000.0,8
J. Bohui,Manchester United,ST,Europe,19,63,76,700000.0,13
I. Diallo,KAS Eupen,CB,Africa,21,63,70,450000.0,7
R. Alfani,Rosario Central,CB,South_America,22,63,72,500000.0,9
Y. Benrahou,FC Girondins de Bordeaux,CAM,Africa,19,63,79,800000.0,16
M. Tumminello,Atalanta,ST,Europe,19,63,79,800000.0,16
E. Abouchabaka,SpVgg Greuther Fürth,CAM,Europe,18,63,80,750000.0,17
R. Haynes,Shrewsbury,LB,Europe,22,63,71,450000.0,8
J. Mulraney,Heart of Midlothian,LM,Europe,22,63,70,525000.0,7
T. Redding,New York Red Bulls,CB,North_America,21,63,73,525000.0,10
I. Ayala,CD Palestino,RB,South_America,20,63,75,575000.0,12
J. Justin,Luton Town,LB,Europe,20,63,75,575000.0,12
J. van der Werff,FC Red Bull Salzburg,CB,Europe,19,63,80,725000.0,17
E. Bearzotti,Cosenza,RW,Europe,21,63,73,600000.0,10
U. Yuvakuran,Beşiktaş JK,GK,Europe,20,63,76,575000.0,13
J. Aylagas,Club Atlético Colón,GK,South_America,22,63,71,400000.0,8
C. Goode,Scunthorpe United,RCB,Europe,22,63,70,450000.0,7
E. Saavedra,Free Agent,RB,South_America,22,63,73,0.0,10
M. Baku,SG Sonnenhof Großaspach,LM,Europe,20,63,77,800000.0,14
J. Baird,St. Mirren,CB,Europe,22,63,72,500000.0,9
Pistu,AD Alcorcón,CB,Europe,21,63,71,475000.0,8
C. Añez,Free Agent,RB,South_America,22,63,68,0.0,5
Carlos Isaac,Atlético Madrid,RB,Europe,20,63,76,625000.0,13
M. Wilks,Doncaster Rovers,RW,Europe,19,63,77,800000.0,14
M. Košťál,Wisła Kraków,LM,Europe,22,63,72,575000.0,9
E. Ruiz,La Equidad,GK,South_America,20,63,77,675000.0,14
D. Bizimana,Waasland-Beveren,LCM,Africa,21,63,71,475000.0,8
I. Huguenet,Defensa y Justicia,ST,South_America,20,63,76,725000.0,13
S. Vega,Millonarios FC,RB,South_America,20,63,78,725000.0,15
V. Castellanos,New York City FC,CAM,South_America,19,63,80,800000.0,17
D. Sinik,Antalyaspor,LM,Europe,19,63,77,800000.0,14
K. Al Samiri,Al Ittihad,CM,Asia,21,63,73,600000.0,10
J. Coleman,Shrewsbury,GK,Europe,22,63,71,400000.0,8
S. Wright,Aberdeen,LM,Europe,20,63,75,650000.0,12
K. Krolicki,Montreal Impact,CM,Asia,22,63,71,525000.0,8
M. Bringaker,IK Start,ST,Europe,21,63,71,550000.0,8
G. Cooper,Peterborough United,LM,Europe,21,63,72,575000.0,9
M. Multhaup,1. FC Heidenheim 1846,RM,Europe,21,63,72,575000.0,9
P. Zebli,Ascoli,CDM,Africa,20,63,74,550000.0,11
Ricardo Almeida,Moreirense FC,ST,Europe,21,63,70,525000.0,7
Rafaelson,Vegalta Sendai,ST,South_America,21,63,72,575000.0,9
L. Walsh,Bristol City,CM,Europe,20,63,75,650000.0,12
M. Şengezer,Bursaspor,GK,Europe,21,63,74,500000.0,11
H. Vetlesen,Stabæk Fotball,CDM,Europe,18,63,81,675000.0,18
R. Lauritsen,Vejle Boldklub,RCB,Europe,22,63,73,525000.0,10
J. Karlsson,IF Elfsborg,ST,Europe,19,63,71,525000.0,8
A. Da Cruz,Parma,ST,Europe,21,63,73,600000.0,10
E. Cömert,FC Basel 1893,RCB,Europe,20,63,79,725000.0,16
M. Tramoni,AC Ajaccio,RM,Europe,18,63,80,750000.0,17
F. Evina,FC Bayern München,LM,Europe,17,63,81,725000.0,18
J. Hurtado,Gimnasia y Esgrima La Plata,RW,South_America,18,63,80,750000.0,17
M. Malsa,Albacete BP,CM,Europe,22,63,67,475000.0,4
M. Nazarit,Once Caldas,CB,South_America,20,63,78,725000.0,15
N. Flø,Vendsyssel FF,GK,Europe,22,63,70,375000.0,7
K. Lulić,Waasland-Beveren,CAM,Europe,22,63,70,525000.0,7
O. Shodipo,Queens Park Rangers,LM,Europe,20,63,74,625000.0,11
A. Soumaoro,Livorno,CDM,Africa,21,63,70,450000.0,7
D. Widemann,SpVgg Unterhaching,ST,Europe,21,63,70,525000.0,7
W. Janssens,Sint-Truidense VV,ST,Europe,22,63,68,500000.0,5
O. Velanas,FC Utrecht,CM,Europe,20,63,74,625000.0,11
Carlos Miguel,FC Red Bull Salzburg,GK,South_America,21,63,75,525000.0,12
S. Hernández,Club Atlas,GK,North_America,21,63,76,575000.0,13
O. Güçtekin,Fenerbahçe SK,CDM,Europe,19,63,82,725000.0,19
L. Suárez,Gimnàstic de Tarragona,ST,South_America,20,63,72,575000.0,9
B. Öksüz,Antalyaspor,LB,Europe,22,63,74,550000.0,11
D. Campos,Chicago Fire,RB,North_America,22,63,68,400000.0,5
C. Burgess,Scunthorpe United,CB,Oceania,22,63,72,500000.0,9
Sito,Valencia CF,LM,Europe,21,63,69,500000.0,6
R. Peiponen,HJK Helsinki,RB,Europe,21,63,69,425000.0,6
M. Johnston,Celtic,LM,Europe,19,63,80,800000.0,17
R. Espejord,Tromsø IL,ST,Europe,22,63,72,575000.0,9
K. Toner,St. Patrick's Athletic,RCB,Europe,21,63,73,525000.0,10
M. Palacios,Boyacá Chicó FC,CAM,South_America,21,63,74,625000.0,11
P. Yrizar,Querétaro,ST,North_America,20,63,68,500000.0,5
Clemente,Real Zaragoza,CB,Europe,19,63,78,725000.0,15
A. Romero,Crotone,CM,South_America,22,63,72,550000.0,9
J. Hornkamp,SC Heerenveen,ST,Europe,20,63,73,600000.0,10
Joan Monterde,Levante UD,CAM,Europe,20,63,73,600000.0,10
Luan,SKN St. Pölten,RCB,South_America,22,63,70,450000.0,7
Caio César,Kawasaki Frontale,CAM,South_America,22,63,68,500000.0,5
F. Nadalín,Newell's Old Boys,RB,South_America,20,63,74,550000.0,11
B. Comley,Colchester United,CM,North_America,22,63,71,525000.0,8
L. Faye,Vitesse,LB,Europe,20,63,70,450000.0,7
T. Blomeyer,MSV Duisburg,CB,Europe,22,63,71,475000.0,8
T. Mohr,SpVgg Greuther Fürth,LM,Europe,22,63,71,550000.0,8
G. Whyte,Oxford United,RM,Europe,22,63,73,600000.0,10
M. Kuzmanović,Royal Excel Mouscron,LM,Europe,22,63,69,500000.0,6
M. Camara,BSC Young Boys,CB,Africa,20,63,78,725000.0,15
O. Bernal,La Equidad,RB,North_America,22,63,70,425000.0,7
B. Kirsch,SpVgg Greuther Fürth,CM,Europe,22,63,72,550000.0,9
M. Salisu,Real Valladolid CF,CB,Africa,19,63,76,625000.0,13
D. Djigla,Chamois Niortais Football Club,RM,Africa,22,63,68,500000.0,5
Toni Moya,Atlético Madrid,CM,Europe,20,63,79,800000.0,16
J. Gaspar,AS Monaco,RB,Europe,21,63,75,575000.0,12
D. Suga,Hokkaido Consadole Sapporo,LM,Asia,19,63,74,525000.0,11
J. Davenport,Blackburn Rovers,CDM,Europe,19,63,79,725000.0,16
Y. Dhanda,Swansea City,CAM,Europe,19,63,81,800000.0,18
Brugui,Gimnàstic de Tarragona,ST,Europe,21,63,73,600000.0,10
P. Malicsek,SK Rapid Wien,CDM,Europe,21,63,72,500000.0,9
L. Lämmel,VfR Aalen,RCM,Europe,20,63,72,575000.0,9
P. Neumann,FC Ingolstadt 04,RCB,Europe,20,63,75,575000.0,12
C. Ngonge,Club Brugge KV,ST,Europe,18,63,84,850000.0,21
Domingos Quina,Watford,CAM,Europe,18,63,81,750000.0,18
L. Sörensen,Stoke City,CDM,Europe,18,63,82,675000.0,19
Y. Lawal,Sporting Lokeren,RM,Africa,20,63,72,575000.0,9
J. Pendant,FC Sochaux-Montbéliard,LB,Europe,21,63,72,500000.0,9
A. Gaich,San Lorenzo de Almagro,ST,South_America,19,63,78,800000.0,15
S. Sosa,Club Atlético Talleres,LM,South_America,18,63,79,750000.0,16
A. Abdu Jaber,Al Wehda,ST,Africa,21,63,65,475000.0,2
A. Keita,Stabæk Fotball,LCM,Africa,20,63,75,650000.0,12
K. Itakura,Vegalta Sendai,LCB,Asia,21,63,70,450000.0,7
B. Sørmo,Kristiansund BK,RB,Europe,21,63,71,475000.0,8
A. Olliero,FC Nantes,GK,Europe,22,63,69,375000.0,6
T. Bayliss,Coventry City,RDM,Europe,19,63,78,775000.0,15
Guerrero,CF Rayo Majadahonda,CM,Europe,16,63,76,625000.0,13
Mario González,Villarreal CF,LW,Europe,22,63,71,550000.0,8
A. Akkaynak,Willem II,CM,Europe,19,63,78,775000.0,15
L. Kinsella,Walsall,RCM,Europe,22,63,70,500000.0,7
Diga,CD Feirense,RB,Europe,20,63,72,500000.0,9
S. Oum Gouet,SCR Altach,CDM,Africa,20,63,72,500000.0,9
C. Bravo,Club Atlético Banfield,LB,South_America,21,63,74,550000.0,11
E. Andersson,IK Sirius,LM,Europe,22,63,71,550000.0,8
A. Gordyushenko,PFC CSKA Moscow,CM,Europe,21,63,76,700000.0,13
S. Reddemann,SV Wehen Wiesbaden,LCB,Europe,22,63,70,450000.0,7
C. Lakin,Birmingham City,CM,Europe,19,63,79,775000.0,16
B. Soumaré,LOSC Lille,CM,Europe,19,63,81,775000.0,18
S. Perisan,Padova,GK,Europe,20,63,72,425000.0,9
J. Bataille,KV Oostende,RM,Europe,19,63,75,650000.0,12
I. Twum,IK Start,CM,Africa,20,63,78,800000.0,15
N. Rehnen,SC Fortuna Köln,GK,Europe,21,63,74,500000.0,11
A. Accardi,Palermo,CB,Europe,22,63,71,475000.0,8
S. Kroll,VfL Sportfreunde Lotte,GK,Europe,21,63,72,425000.0,9
Pedro Díaz,Real Sporting de Gijón,CAM,Europe,20,63,74,625000.0,11
Isi,Granada CF,CM,Europe,22,63,72,550000.0,9
A. McEneff,Shamrock Rovers,CM,Europe,22,63,72,550000.0,9
M. Berrío,Atlético Huila,CB,South_America,21,63,76,625000.0,13
O. Gaines,SV Darmstadt 98,LM,North_America,20,63,75,650000.0,12
S. Mmaee,Sint-Truidense VV,CB,Europe,21,63,70,450000.0,7
T. Baumgart,FC Erzgebirge Aue,RM,Europe,20,63,73,600000.0,10
T. Handwerker,FC Groningen,LB,Europe,20,63,75,650000.0,12
Huang Zichang,Jiangsu Suning FC,RM,Asia,21,63,73,600000.0,10
A. Cistana,Brescia,CB,Europe,21,63,73,525000.0,10
S. Essende,KAS Eupen,ST,Europe,20,63,74,650000.0,11
A. Bakayoko,Coventry City,ST,Africa,22,63,68,500000.0,5
S. Horemans,Excelsior,CB,Europe,20,63,74,550000.0,11
D. Giraldo,Rionegro Águilas,CDM,South_America,20,63,77,725000.0,14
J. Flores,Östersunds FK,CM,Europe,22,63,71,525000.0,8
K. Despodov,Free Agent,LM,Europe,21,63,71,0.0,8
E. Baldini,Ascoli,LW,Europe,21,63,74,625000.0,11
O. Framelin,CD Nacional,GK,Africa,21,63,69,375000.0,6
T. Conechny,Portland Timbers,ST,South_America,20,63,78,825000.0,15
N. Pierini,Spezia,LW,Europe,19,63,81,800000.0,18
R. Uldrikis,FC Sion,ST,Europe,20,63,78,825000.0,15
P. Wilson,GIF Sundsvall,LW,Europe,21,63,73,600000.0,10
A. Dijksteel,Charlton Athletic,RB,Europe,21,63,74,550000.0,11
F. Barrientos,CD Palestino,RM,South_America,21,63,76,700000.0,13
L. García,Sevilla FC,GK,South_America,20,63,72,425000.0,9
P. Pomykal,FC Dallas,RM,North_America,18,63,78,750000.0,15
J. Beyer,Borussia Mönchengladbach,RB,Europe,18,63,80,675000.0,17
J. Arctander Moe,Stabæk Fotball,LB,Europe,22,63,72,475000.0,9
H. Camara,Al Qadisiyah,ST,Asia,20,63,77,825000.0,14
Alberto Espeso,Real Sporting de Gijón,LB,Europe,20,63,75,575000.0,12
Paulo Vitor,Albacete BP,RW,South_America,19,63,80,800000.0,17
David Alba,Getafe CF,CB,Europe,19,63,74,550000.0,11
R. Hedges,Barnsley,RM,Europe,22,63,72,575000.0,9
T. Moore,Southend United,RCB,Europe,21,63,72,500000.0,9
A. Al Najjar,Al Ittihad,RM,Asia,21,63,75,650000.0,12
Gonzalo Pereira,CF Reus Deportiu,CB,Europe,21,63,71,475000.0,8
M. Ristl,VfR Aalen,CDM,Europe,21,63,70,450000.0,7
J. Lungi Sørensen,Esbjerg fB,RCM,Europe,20,63,74,625000.0,11
I. De Santis,Ascoli,CB,Europe,21,63,75,575000.0,12
A. Ferati,Hamburger SV,CAM,Europe,20,63,74,625000.0,11
M. Penney,Sheffield Wednesday,LB,Europe,20,63,79,725000.0,16
D. Soto,CD Universidad de Concepción,LB,South_America,19,63,78,700000.0,15
Ricardo Schutte,Rio Ave FC,ST,Europe,20,63,72,575000.0,9
D. Jubitana,Waasland-Beveren,CAM,Europe,19,63,75,650000.0,12
M. Salas,CD O'Higgins,LM,South_America,20,63,73,600000.0,10
C. Dummigan,Oldham Athletic,RB,Europe,22,63,72,475000.0,9
C. Lindquist,Strømsgodset IF,RB,Europe,22,63,71,450000.0,8
S. Donnellan,Yeovil Town,CB,Europe,21,63,71,475000.0,8
F. Jagiełło,Zagłębie Lubin,LDM,Europe,20,63,71,550000.0,8
Borja Fernández,Miedź Legnica,LCM,Europe,22,63,72,550000.0,9
Kang Ji Hoon,Gangwon FC,RB,Asia,21,63,73,525000.0,10
M. Rasmussen,FC Nordsjælland,LW,Europe,20,63,70,525000.0,7
F. Barboza,Argentinos Juniors,RW,South_America,21,63,75,650000.0,12
Lee Jin Hyun,Pohang Steelers,CM,Asia,20,63,73,600000.0,10
L. Meisl,SKN St. Pölten,CB,Europe,19,63,75,575000.0,12
A. Bah,SønderjyskE,RM,Europe,20,63,75,650000.0,12
E. Frederiksen,SC Heerenveen,CAM,Europe,17,63,77,725000.0,14
J. Salazar,Millonarios FC,RM,South_America,21,63,78,800000.0,15
M. Kallesøe,Randers FC,RM,Europe,21,63,73,600000.0,10
A. Bangoura,Al Fateh,RM,Africa,22,63,71,550000.0,8
Chema,UD Almería,CAM,Europe,20,63,75,650000.0,12
O. Kudryk,Shakhtar Donetsk,GK,Europe,21,63,73,450000.0,10
D. Todorovic,FC Red Bull Salzburg,RB,Europe,21,63,74,550000.0,11
D. Denić,Rosenborg BK,CM,Europe,22,63,73,575000.0,10
K. Bielik,Charlton Athletic,CB,Europe,20,63,78,725000.0,15
D. Hümmet,Trelleborgs FF,RS,Europe,21,63,70,525000.0,7
A. Mora,Deportivo Toluca,CB,North_America,20,63,71,475000.0,8
K. Magennis,St. Mirren,CM,Europe,19,63,78,775000.0,15
P. Pflücke,KFC Uerdingen 05,CAM,Europe,21,63,74,625000.0,11
A. Skovgaard,FC Nordsjælland,CB,Europe,21,63,73,525000.0,10
R. Tongyik,Western Sydney Wanderers,CB,Oceania,21,63,71,475000.0,8
W. Meyiwa,Kaizer Chiefs,CM,Africa,18,63,77,750000.0,14
D. Reimann,Holstein Kiel,GK,Europe,21,63,73,450000.0,10
T. Heintz,Sarpsborg 08 FF,LM,Europe,19,63,74,625000.0,11
M. Doucouré,Borussia Mönchengladbach,CB,Europe,20,62,79,600000.0,17
G. Mutombo,US Orléans Loiret Football,CB,Europe,22,62,70,375000.0,8
B. Lubala,Birmingham City,CAM,Africa,20,62,78,675000.0,16
A. Sosa,Club Atlético Banfield,CB,South_America,18,62,75,475000.0,13
J. Cruz,Tigres U.A.N.L.,CB,North_America,19,62,73,450000.0,11
J. Morrell,Bristol City,CM,Europe,21,62,71,475000.0,9
R. Macek,FC Lugano,CM,Europe,21,62,73,525000.0,11
Idrisa Sambú,Royal Excel Mouscron,LM,Europe,20,62,73,525000.0,11
M. Kuleli,Çaykur Rizespor,GK,Europe,20,62,73,400000.0,11
K. Duncan,New York Red Bulls,RB,North_America,20,62,74,475000.0,12
M. Eskihellaç,Yeni Malatyaspor,LM,Europe,21,62,70,450000.0,8
Bruno Michel,Ohod Club,CAM,South_America,19,62,74,525000.0,12
D. Otto,TSG 1899 Hoffenheim,ST,Europe,19,62,81,650000.0,19
Emilio Bernad,Valencia CF,GK,Europe,18,62,76,500000.0,14
M. Nicolas,Borussia Mönchengladbach,GK,Europe,20,62,76,550000.0,14
J. Möbius,Karlsruher SC,CAM,Europe,21,62,73,525000.0,11
C. Kobald,Karlsruher SC,CB,Europe,20,62,71,400000.0,9
J. Gray,Yeovil Town,RM,Europe,22,62,67,400000.0,5
M. Hongla,Granada CF,CB,Africa,20,62,70,400000.0,8
V. Dragomir,Perugia,CAM,Europe,19,62,79,650000.0,17
Ayala,CF Reus Deportiu,CB,Europe,21,62,70,400000.0,8
M. Hauptmeijer,PEC Zwolle,GK,Europe,21,62,72,375000.0,10
F. Kusić,FC Erzgebirge Aue,CB,Europe,22,62,72,425000.0,10
F. Venegas,CD Everton de Viña del Mar,CB,North_America,19,62,75,500000.0,13
Borja Estepa,Córdoba CF,ST,Europe,19,62,75,575000.0,13
M. Browne,Oxford United,LM,Europe,20,62,77,675000.0,15
O. Kabak,Galatasaray SK,RCB,Europe,18,62,77,575000.0,15
N. Espinoza,San Luis de Quillota,GK,South_America,22,62,71,350000.0,9
H. Bilal,Kasimpaşa SK,LM,Europe,20,62,74,550000.0,12
M. Léris,Chievo Verona,ST,Europe,20,62,76,675000.0,14
M. Maier,FC Admira Wacker Mödling,LM,Europe,22,62,69,425000.0,7
F. Hornby,Everton,ST,Europe,18,62,81,625000.0,19
A. López,KSV Cercle Brugge,RW,Europe,19,62,75,575000.0,13
A. Akinyemi,IK Start,ST,Africa,19,62,76,650000.0,14
R. ten Hove,Feyenoord,GK,Europe,20,62,75,475000.0,13
Pedro Neto,Lazio,ST,Europe,18,62,79,625000.0,17
M. Litka,KFC Uerdingen 05,RM,Europe,22,62,72,500000.0,10
R. Hernández,Stabæk Fotball,RB,South_America,20,62,76,600000.0,14
A. Jones,St. Mirren,RCB,Europe,20,62,74,475000.0,12
Samuel Manchón,Extremadura UD,RM,Europe,21,62,74,550000.0,12
Andrés Martín,Córdoba CF,ST,Europe,18,62,78,625000.0,16
D. Agyei,Burnley,ST,Europe,21,62,71,475000.0,9
J. Porsan-Clémenté,Montpellier HSC,ST,Europe,20,62,70,450000.0,8
M. Konradsen,FK Bodø/Glimt,CM,Europe,22,62,70,450000.0,8
R. Hardie,Livingston FC,ST,Europe,21,62,74,550000.0,12
S. Gronsveld,FC Emmen,RB,Europe,22,62,70,375000.0,8
M. Shabani,FC Bayern München,CAM,Europe,19,62,75,575000.0,13
D. Pelivan,SG Sonnenhof Großaspach,CAM,Europe,22,62,71,400000.0,9
N. Delgadillo,Vélez Sarsfield,LW,South_America,20,62,76,675000.0,14
T. Campanini,GFC Ajaccio,RB,Europe,19,62,70,375000.0,8
A. Boupendza,GFC Ajaccio,ST,Africa,21,62,72,500000.0,10
J. Hernández,Atlanta United,LB,South_America,21,62,71,400000.0,9
S. Kurt,Hertha BSC,LM,Europe,21,62,68,425000.0,6
K. Memija,Vejle Boldklub,RWB,Europe,22,62,70,375000.0,8
C. Rocchia,Olympique de Marseille,LB,Europe,20,62,76,600000.0,14
I. Escobar,Club Atlético Talleres,LB,South_America,22,62,69,350000.0,7
Pepê,Portimonense SC,CAM,South_America,20,62,75,575000.0,13
D. Johnson,Leicester City,CB,Europe,19,62,78,600000.0,16
B. Haunstrup,Portsmouth,LB,Europe,21,62,73,450000.0,11
Q. Bena,Chamois Niortais Football Club,RB,Europe,20,62,72,425000.0,10
H. Türkmen,Trabzonspor,CB,Europe,20,62,71,400000.0,9
L. Pintor,Olympique Lyonnais,ST,Europe,17,62,83,675000.0,21
Eric García,Manchester City,CB,Europe,17,62,82,550000.0,20
A. Solano,Atlético Madrid,RB,South_America,20,62,72,425000.0,10
Lee Sang Ki,Pohang Steelers,RB,Asia,22,62,70,375000.0,8
W. Omsberg,Minnesota United FC,CB,North_America,22,62,72,425000.0,10
M. Briceño,Curicó Unido,RW,South_America,22,62,73,525000.0,11
J. Tell,US Orléans Loiret Football,LM,Europe,21,62,71,475000.0,9
A. Rizzo,Cittadella,LM,Europe,21,62,72,500000.0,10
L. Thomas,Coventry City,RM,Europe,19,62,76,650000.0,14
R. Schlegel,Racing Club,CB,South_America,21,62,74,475000.0,12
D. Montoya,Itagüí Leones FC,LB,South_America,22,62,69,350000.0,7
B. Castrillon,Independiente Medellín,RM,South_America,19,62,80,650000.0,18
S. Cibois,Paris Saint-Germain,GK,Europe,20,62,79,550000.0,17
M. Hiller,TSV 1860 München,GK,Europe,21,62,69,325000.0,7
D. Kopacz,VfB Stuttgart,CAM,Europe,19,62,77,650000.0,15
H. Massengo,AS Monaco,CDM,Europe,16,62,75,450000.0,13
M. Juel Andersen,AC Horsens,CB,Europe,20,62,73,450000.0,11
D. van der Heijden,Carpi,ST,Europe,21,62,72,500000.0,10
J. Yeboah,VfL Wolfsburg,LM,Europe,18,62,83,675000.0,21
O. Zawada,Wisła Płock,ST,Europe,22,62,67,400000.0,5
L. Ndukwu,Leicester City,RM,Europe,19,62,77,650000.0,15
M. Mudryk,Shakhtar Donetsk,CAM,Europe,17,62,84,650000.0,22
Callejón,UD Almería,CM,Europe,20,62,74,525000.0,12
Pedro López,CD Lugo,CB,Europe,21,62,73,450000.0,11
J. Livolant,La Berrichonne de Châteauroux,CAM,Europe,20,62,75,575000.0,13
A. Poulsen,Borussia Mönchengladbach,LB,Europe,18,62,77,550000.0,15
E. Ortega,Club Atlas,CM,North_America,21,62,72,475000.0,10
G. Asís,Independiente,RB,South_America,22,62,73,450000.0,11
L. Abdulahi,De Graafschap,CM,Europe,22,62,70,450000.0,8
J. Sinclair,Sunderland,ST,Europe,21,62,73,525000.0,11
Sillero,Athletic Club de Bilbao,RB,Europe,20,62,74,475000.0,12
A. Gryszkiewicz,Górnik Zabrze,LB,Europe,18,62,75,475000.0,13
Jon Bakero,Toronto FC,CF,Europe,21,62,69,425000.0,7
D. Mazzocco,Padova,CM,Europe,22,62,67,400000.0,5
J. Koutroumbis,Newcastle Jets,CB,Oceania,20,62,72,425000.0,10
Guerrero,CF Reus Deportiu,LB,Europe,20,62,70,375000.0,8
J. Kade,Hertha BSC,CAM,Europe,19,62,79,650000.0,17
W. Miller,Burton Albion,LM,Europe,22,62,71,475000.0,9
B. Šerbečić,Rosenborg BK,CB,Europe,20,62,76,600000.0,14
G. Fuentes,Junior FC,LB,South_America,21,62,71,400000.0,9
J. Zwarts,Feyenoord,ST,Europe,19,62,77,650000.0,15
M. Makasi,West Ham United,CM,Europe,22,62,69,425000.0,7
A. Oviedo,Newell's Old Boys,ST,South_America,22,62,69,425000.0,7
M. Carraro,Foggia,CDM,Europe,20,62,76,650000.0,14
Hugo Duro,Getafe CF,ST,Europe,18,62,75,550000.0,13
U. Torres,Club América,LB,North_America,20,62,73,450000.0,11
Javi Mier,Real Oviedo,CAM,Europe,19,62,76,650000.0,14
J. Manns,IF Elfsborg,RB,Europe,22,62,64,300000.0,2
D. Erdoğan,LASK Linz,CM,Europe,21,62,73,525000.0,11
M. Cubillos,Deportes Iquique,RW,South_America,22,62,69,425000.0,7
K. Appin,KSV Cercle Brugge,RW,Europe,20,62,73,525000.0,11
Abenza,UD Almería,CM,Europe,22,62,69,425000.0,7
I. Diallo,Stade Brestois 29,CM,Europe,19,62,79,650000.0,17
C. Ogbene,Exeter City,LM,Europe,21,62,72,500000.0,10
L. Lapoussin,Red Star FC,CDM,Europe,22,62,69,375000.0,7
A. Sánchez,Cruz Azul,CB,North_America,19,62,73,450000.0,11
N. Estévez,Estudiantes de La Plata,RM,South_America,22,62,70,450000.0,8
K. Wilson,Walsall,RB,Europe,18,62,74,425000.0,12
B. Kraev,FC Midtjylland,CAM,Europe,21,62,69,425000.0,7
J. Segre,Venezia FC,CM,Europe,21,62,71,475000.0,9
H. Anderson,Lincoln City,RM,Europe,21,62,73,525000.0,11
Kike,Rayo Vallecano,CB,Europe,18,62,72,400000.0,10
M. Ofkir,Sandefjord Fotball,RM,Europe,21,62,70,450000.0,8
A. Amaya,Atlético Huila,RM,South_America,17,62,82,600000.0,20
W. Pérez,Club Atlético Huracán,LM,South_America,19,62,77,650000.0,15
B. Utvik,Sarpsborg 08 FF,CB,Europe,22,62,69,375000.0,7
E. Torres,Guadalajara,RM,North_America,20,62,72,500000.0,10
M. Gómez,Envigado FC,ST,South_America,21,62,76,675000.0,14
Y. van Osch,PSV,GK,Europe,21,62,74,425000.0,12
Yago,Lobos BUAP,ST,South_America,21,62,76,675000.0,14
W. Balikwisha,Standard de Liège,RM,Europe,19,62,75,575000.0,13
N. Gjorgjev,Grasshopper Club Zürich,LM,Europe,20,62,72,500000.0,10
I. Anthony,FK Haugesund,CB,Africa,20,62,68,350000.0,6
F. Ortega,Vélez Sarsfield,LB,South_America,19,62,78,575000.0,16
Josep Martínez,UD Las Palmas,GK,Europe,20,62,75,475000.0,13
S. Barratt,Southend United,LM,Europe,22,62,67,400000.0,5
B. Lozano,U.N.A.M.,RW,North_America,21,62,74,550000.0,12
N. Bustos,Club Atlético Talleres,RW,South_America,19,62,79,650000.0,17
Javi Alonso,CD Tenerife,CM,Europe,19,62,78,650000.0,16
A. Iniestra,U.N.A.M.,RDM,North_America,22,62,72,475000.0,10
N. Holland,West Ham United,LM,Europe,20,62,77,675000.0,15
P. Nguinda,KSV Cercle Brugge,RB,Europe,22,62,69,350000.0,7
R. Delaney,Rochdale,LCB,Europe,21,62,72,425000.0,10
S. Ingolitsch,SKN St. Pölten,RM,Europe,21,62,68,350000.0,6
J. Esquivel,Lobos BUAP,CDM,North_America,20,62,73,450000.0,11
F. Baak,Hertha BSC,CB,Europe,19,62,73,450000.0,11
H. Kawabe,Sanfrecce Hiroshima,RCM,Asia,22,62,71,450000.0,9
R. Hutton,Birmingham City,RB,Europe,19,62,74,450000.0,12
J. Torres,Sporting Lokeren,CDM,North_America,18,62,75,475000.0,13
B. Bye,New England Revolution,LB,North_America,22,62,69,350000.0,7
P. López,Pachuca,LCM,North_America,20,62,75,575000.0,13
L. Salas,CD Antofagasta,ST,South_America,20,62,74,550000.0,12
S. Nkansah,Eintracht Braunschweig,RCB,Europe,22,62,71,400000.0,9
R. Brewster,Liverpool,ST,Europe,18,62,84,700000.0,22
V. Méndez,Unión Española,CDM,South_America,18,62,72,400000.0,10
Luis Perea,CA Osasuna,CM,Europe,20,62,75,575000.0,13
J. Villalba,Borussia Mönchengladbach,ST,South_America,19,62,77,650000.0,15
Perera,Deportivo Alavés,CDM,Europe,21,62,73,450000.0,11
L. Watkowiak,SV Wehen Wiesbaden,GK,Europe,22,62,68,300000.0,6
K. Jakob,FC Augsburg,LB,Europe,20,62,76,600000.0,14
Dani Sandoval,Real Oviedo,LM,Europe,20,62,80,675000.0,18
K. Dirks Riis,Esbjerg fB,CB,Europe,21,62,74,475000.0,12
N. Freeman,Wycombe Wanderers,LW,Europe,22,62,68,425000.0,6
M. Degerlund,Hammarby IF,CB,Europe,20,62,69,375000.0,7
André Anderson,US Salernitana 1919,CF,South_America,18,62,79,625000.0,17
T. David,ADO Den Haag,RB,Europe,21,62,68,350000.0,6
F. Mussa,CD Tenerife,LM,Africa,22,62,72,500000.0,10
D. Caicedo,Deportivo Cali,RM,South_America,18,62,83,675000.0,21
G. Traoré,Amiens SC,CDM,Europe,18,62,75,475000.0,13
L. Dajaku,VfB Stuttgart,ST,Europe,17,62,82,600000.0,20
Rayco,CD Lugo,CAM,Europe,21,62,71,475000.0,9
B. Badiashile,AS Monaco,CB,Europe,17,62,80,550000.0,18
Y. Verschaeren,RSC Anderlecht,CAM,Europe,16,62,83,650000.0,21
M. Osores,Atlético Tucumán,CB,South_America,21,62,72,425000.0,10
M. Gueye,AS Saint-Étienne,ST,Africa,20,62,71,475000.0,9
N. McGinley,Forest Green Rovers,LCB,Europe,21,62,69,375000.0,7
N. Shipnoski,SV Wehen Wiesbaden,RM,Europe,20,62,74,550000.0,12
J. Murray,Central Coast Mariners,ST,Oceania,22,62,69,425000.0,7
S. Ambri,Valenciennes FC,ST,Europe,20,62,73,525000.0,11
N. Stierlin,RB Leipzig,CDM,Europe,18,62,76,575000.0,14
J. Anderson,Doncaster Rovers,CM,Europe,22,62,70,450000.0,8
O. Shenton,Stoke City,CM,Europe,20,62,75,575000.0,13
N. Rinderknecht,FC Ingolstadt 04,CM,Europe,20,62,76,650000.0,14
J. Díaz,Tigres U.A.N.L.,LB,North_America,19,62,73,450000.0,11
N. Díaz,CD Palestino,LCB,South_America,19,62,73,450000.0,11
M. Pronichev,FC Erzgebirge Aue,CF,Europe,18,62,78,625000.0,16
A. Dadakdeniz,Bursaspor,GK,Europe,18,62,75,425000.0,13
V. Emmersón,Vejle Boldklub,CB,Africa,22,62,70,375000.0,8
V. Mykolenko,Dynamo Kyiv,LB,Europe,19,62,77,575000.0,15
K. Çelik,Kayserispor,ST,Europe,18,62,73,500000.0,11
J. Knight,Leicester City,CB,Europe,20,62,75,525000.0,13
Samuel,CD Tenerife,CDM,Europe,21,62,74,475000.0,12
T. Thomas,AFC Wimbledon,CB,Europe,22,62,70,375000.0,8
E. Sanhueza,Audax Italiano,GK,South_America,22,62,70,325000.0,8
Y. Guzmán,Envigado FC,CAM,South_America,20,62,78,675000.0,16
F. Senninger,SV Meppen,LB,Europe,22,62,69,350000.0,7
E. Ćivić,Sparta Praha,LM,Europe,22,62,70,450000.0,8
J. Gerezgiher,SG Sonnenhof Großaspach,LM,Europe,22,62,69,425000.0,7
J. Hoffmann,SG Sonnenhof Großaspach,CM,Europe,22,62,70,450000.0,8
A. Almendra,Boca Juniors,LCM,South_America,18,62,81,625000.0,19
A. Dźwigała,Wisła Płock,LCB,Europe,22,62,68,350000.0,6
S. Friðjónsson,Vålerenga Fotball,CM,Europe,22,62,73,500000.0,11
F. Illarregui,Argentinos Juniors,ST,South_America,21,62,72,500000.0,10
J. Mosquera,Envigado FC,CDM,South_America,21,62,74,475000.0,12
H. Özkan,KV Oostende,CM,Europe,20,62,72,475000.0,10
Joan Sastre,RCD Mallorca,RB,Europe,21,62,71,400000.0,9
J. Nuttall,Blackburn Rovers,ST,Europe,21,62,74,550000.0,12
A. Rossipal,SV Sandhausen,LB,Europe,22,62,70,375000.0,8
A. Abang,New York Red Bulls,ST,Africa,21,62,69,425000.0,7
B. Kapacak,Bursaspor,RM,Europe,18,62,77,625000.0,15
O. Shaw,Hibernian,ST,Europe,20,62,77,675000.0,15
M. van Kins,ADO Den Haag,CAM,Europe,19,62,73,500000.0,11
N. Thaller,Club Atlético Lanús,CB,South_America,19,62,78,600000.0,16
Viti,Gimnàstic de Tarragona,CM,Europe,21,62,72,475000.0,10
M. Kouhyar,Walsall,LM,Asia,20,62,70,450000.0,8
A. Kiwomya,Doncaster Rovers,RM,Europe,22,62,74,550000.0,12
F. Onyeka,FC Midtjylland,RW,Africa,20,62,74,550000.0,12
F. Rodríguez,FC Luzern,CAM,Europe,22,62,69,425000.0,7
M. Rodriguez,Houston Dynamo,LW,North_America,22,62,74,550000.0,12
A. Dávila,Real Sociedad,ST,South_America,19,62,76,650000.0,14
D. Hernández,Guadalajara,LW,North_America,18,62,74,500000.0,12
Quinti,Villarreal CF,LB,Europe,21,62,69,375000.0,7
I. Ljubić,TSV Hartberg,LDM,Europe,21,62,72,475000.0,10
H. Sy,Red Star FC,LB,Africa,22,62,70,375000.0,8
J. Odgaard,Sassuolo,ST,Europe,19,62,80,650000.0,18
L. Fomba,AJ Auxerre,CDM,Europe,20,62,76,600000.0,14
C. Huérfano,Millonarios FC,RM,South_America,22,62,70,450000.0,8
I. Govea,Club Atlas,RB,North_America,21,62,71,400000.0,9
Huang Zhengyu,Guangzhou R&F; FC,CB,Asia,21,62,75,525000.0,13
A. Verdugo,Godoy Cruz,CM,South_America,20,62,73,525000.0,11
L. Kelly,Livingston FC,GK,Europe,22,62,74,425000.0,12
J. Broh Tonye,Padova,CM,Europe,21,62,71,475000.0,9
Vitinho,KSV Cercle Brugge,RB,South_America,18,62,76,550000.0,14
F. Mayer,Borussia Mönchengladbach,CB,Europe,20,62,76,600000.0,14
L. Zidane,Real Madrid,GK,Europe,20,62,71,350000.0,9
J. Weir,Hull City,CM,Europe,22,62,70,450000.0,8
D. Mihailovic,Chicago Fire,CAM,North_America,19,62,74,525000.0,12
G. Zabret,Swansea City,GK,Europe,22,62,72,375000.0,10
D. Baumgartner,FC Wacker Innsbruck,RCB,Europe,21,62,70,400000.0,8
M. Pantović,VfL Bochum 1848,LM,Europe,21,62,70,450000.0,8
M. Goncalves,Toulouse Football Club,LB,Europe,17,62,73,400000.0,11
R. Hatsuse,Gamba Osaka,LB,Asia,20,62,74,475000.0,12
R. Droehnle,US Orléans Loiret Football,CB,Europe,19,62,76,600000.0,14
S. McCoulsky,Southend United,ST,Europe,21,62,70,450000.0,8
D. Oldaker,Gillingham,CDM,Europe,19,62,71,450000.0,9
C. Ogilvie,Gillingham,LB,Europe,22,62,71,400000.0,9
Z. Elbouzedi,Waterford FC,CAM,Europe,20,62,75,575000.0,13
P. Dárdai,Hertha BSC,LM,Europe,19,62,77,650000.0,15
Prendes,Real Oviedo,CB,Europe,21,62,72,425000.0,10
G. Ferrari,San Lorenzo de Almagro,CB,South_America,21,62,74,475000.0,12
M. Willock,St. Mirren,CM,Europe,21,62,73,525000.0,11
E. Riis Jakobsen,Randers FC,ST,Europe,20,62,73,525000.0,11
S. Coulibaly,AS Nancy Lorraine,CB,Europe,22,62,73,450000.0,11
D. Johnson,Chicago Fire,RM,North_America,22,62,69,425000.0,7
T. Morishima,Sanfrecce Hiroshima,CAM,Asia,21,62,74,550000.0,12
U. Nissilä,SV Zulte-Waregem,CAM,Europe,22,62,69,425000.0,7
João Lopes,Santa Clara,GK,South_America,22,62,68,300000.0,6
C. Essers,Fortuna Sittard,RB,Europe,21,62,67,350000.0,5
M. Etuin,FC Lorient,CM,Europe,22,62,69,425000.0,7
Martí Vilá,CF Reus Deportiu,LB,Europe,19,62,74,450000.0,12
J. Yates,Carlisle United,RM,Europe,21,62,69,425000.0,7
A. Baker,Sheffield Wednesday,RB,Europe,21,62,73,450000.0,11
I. Morales,Colo-Colo,LS,South_America,18,62,77,625000.0,15
M. Verreth,PSV,RW,Europe,20,62,72,500000.0,10
K. Baccus,Western Sydney Wanderers,RCM,Oceania,20,62,72,475000.0,10
A. Ramsdale,Bournemouth,GK,Europe,20,62,76,550000.0,14
S. Sørli,Kristiansund BK,LM,Europe,22,62,68,425000.0,6
G. Crociata,Crotone,CAM,Europe,20,62,76,675000.0,14
V. Pinson,Stade de Reims,ST,Europe,22,62,69,425000.0,7
D. Avounou,US Orléans Loiret Football,LCM,Africa,20,62,75,525000.0,13
S. Barreto,Independiente,CB,South_America,19,62,77,600000.0,15
Ba Dun,Beijing Sinobo Guoan FC,CAM,Asia,22,62,69,425000.0,7
A. Georgiou,Tottenham Hotspur,LM,Europe,21,62,75,575000.0,13
Álex Blanco,Valencia CF,LM,Europe,19,62,75,575000.0,13
J. Cejas,Estudiantes de La Plata,CAM,South_America,20,62,76,675000.0,14
I. Moreno,Club América,CAM,North_America,20,62,72,500000.0,10
Lucas Rodrigues,Moreirense FC,ST,South_America,18,62,71,425000.0,9
J. Araya,Colo-Colo,CM,South_America,22,62,73,500000.0,11
A. Palumbo,US Salernitana 1919,CM,Europe,21,62,69,425000.0,7
J. Wehrmann,Feyenoord,CM,Europe,19,62,76,650000.0,14
C. Sabaly,FC Metz,LM,Africa,19,62,79,650000.0,17
M. Phaeton,En Avant de Guingamp,ST,Europe,18,62,77,625000.0,15
J. Konings,Heracles Almelo,ST,Europe,20,62,72,500000.0,10
A. Ndiaye,FC Metz,ST,Africa,18,62,80,625000.0,18
A. Groiß,Karlsruher SC,CDM,Europe,20,62,72,425000.0,10
I. Buckley-Ricketts,Peterborough United,RM,Europe,20,62,73,525000.0,11
F. Ahumada,CD Palestino,ST,South_America,22,62,72,500000.0,10
A. Vaikla,Kristiansund BK,GK,Europe,21,62,74,425000.0,12
Kike,Real Valladolid CF,CM,Europe,21,62,68,425000.0,6
A. Al Asmari,Ohod Club,CM,Asia,21,62,74,525000.0,12
A. Roldan,Seattle Sounders FC,LM,North_America,21,62,72,500000.0,10
M. Sadílek,PSV,CM,Europe,19,62,79,650000.0,17
C. Duffus,Waterford FC,LS,Europe,22,62,70,450000.0,8
F. Escales,Olympique de Marseille,GK,Europe,22,62,70,325000.0,8
C. Humphreys-Grant,Manchester City,CB,Europe,19,62,77,600000.0,15
J. Teze,PSV,RB,Europe,18,62,80,550000.0,18
A. Tanaka,Kawasaki Frontale,CM,Asia,19,62,71,450000.0,9
H. Kyprianou,Southend United,CB,Europe,21,62,69,375000.0,7
Baba Fernandes,Vitória de Setúbal,CB,Africa,18,62,74,450000.0,12
Aarón,Granada CF,GK,Europe,22,62,68,300000.0,6
J. Kitolano,Wolverhampton Wanderers,LWB,Europe,18,62,77,550000.0,15
Abeledo,Gimnàstic de Tarragona,LW,Europe,22,62,69,425000.0,7
A. McDonald,Heart of Midlothian,RM,Europe,17,62,84,650000.0,22
K. Nakamura,Gamba Osaka,RM,Asia,17,62,80,600000.0,18
K. Goden,1. FC Nürnberg,RB,Europe,19,62,75,500000.0,13
Alberto Redondo,Getafe CF,RB,Europe,21,62,72,425000.0,10
K. Shimura,Júbilo Iwata,GK,Asia,22,62,71,350000.0,9
A. Connolly,Brighton & Hove Albion,ST,Europe,18,62,81,625000.0,19
M. Siabanis,PAOK,GK,Europe,18,62,73,375000.0,11
Miguel Ángel,Getafe CF,CB,Europe,20,62,72,425000.0,10
Borja Domingo,CA Osasuna,ST,Europe,22,62,70,450000.0,8
Kim Geon Ung,Ulsan Hyundai FC,CDM,Asia,20,62,74,475000.0,12
E. Bwomono,Southend United,RB,Europe,19,62,75,500000.0,13
M. Erlic,Spezia,CB,Europe,20,62,71,400000.0,9
D. Gonzalez,CD O'Higgins,CB,South_America,20,62,76,600000.0,14
J. Verdugo,CD Huachipato,CAM,South_America,21,62,72,500000.0,10
J. Marulanda,Itagüí Leones FC,RB,South_America,22,62,71,400000.0,9
P. Choroba,SG Sonnenhof Großaspach,RB,Europe,22,62,69,350000.0,7
D. Guidi,GFC Ajaccio,RCB,Europe,22,62,70,375000.0,8
W. Decas,CD Nacional,LB,North_America,18,62,75,475000.0,13
M. Marić,Lillestrøm SK,GK,Europe,22,62,69,325000.0,7
A. Castro-Montes,KAS Eupen,RM,Europe,21,62,70,450000.0,8
L. Hemmerich,FC Erzgebirge Aue,LM,Europe,20,62,75,575000.0,13
E. García,Club Atlas,CB,North_America,20,62,75,525000.0,13
H. Ndam,New York Red Bulls,CB,Africa,19,62,72,425000.0,10
Jeong Tae Wook,Jeju United FC,CB,Asia,21,62,75,525000.0,13
S. Rhein,1. FC Nürnberg,CDM,Europe,20,62,72,425000.0,10
O. Karlsson,Trelleborgs FF,ST,Europe,21,62,70,450000.0,8
F. Arkenberg,Hallescher FC,CB,Europe,22,62,70,375000.0,8
D. Pérez,Colo-Colo,RW,South_America,18,62,78,625000.0,16
Rubén Enri,CF Reus Deportiu,ST,Europe,20,62,70,450000.0,8
A. Mostafa,KAA Gent,LM,Africa,20,62,71,475000.0,9
V. Gyökeres,Brighton & Hove Albion,ST,Europe,20,62,79,675000.0,17
P. Beruatto,Juventus,LB,Europe,19,62,78,575000.0,16
D. Šarić,Carpi,CM,Europe,21,62,72,475000.0,10
T. Field,Cheltenham Town,LB,Europe,21,62,70,375000.0,8
S. Humphrys,Scunthorpe United,ST,Europe,20,62,73,525000.0,11
D. Sterling,Coventry City,RB,Europe,18,62,74,425000.0,12
K. Michalak,Lechia Gdańsk,RM,Europe,20,62,76,675000.0,14
C. Koca,Fenerbahçe SK,CDM,Europe,22,62,73,450000.0,11
A. Karazor,Holstein Kiel,CDM,Europe,21,62,72,425000.0,10
T. Doornbusch,SC Heerenveen,GK,Europe,18,62,75,425000.0,13
S. Polat,Atiker Konyaspor,RB,Europe,21,62,74,475000.0,12
G. Miller,Bradford City,ST,Europe,19,62,71,450000.0,9
C. Brittain,Milton Keynes Dons,RWB,Europe,20,62,79,600000.0,17
J. Champness,Newcastle Jets,LM,Oceania,21,62,74,550000.0,12
P. Maronilli,Cittadella,CB,Europe,20,62,74,475000.0,12
M. Frankoch,Vendsyssel FF,CDM,Europe,22,62,72,425000.0,10
A. Ildız,Yeni Malatyaspor,CDM,Europe,21,62,70,400000.0,8
A. Dabo,FC Nantes,LM,Europe,17,62,86,650000.0,24
S. Odey,FC Zürich,ST,Africa,20,62,76,675000.0,14
M. Zemzemi,RC Strasbourg Alsace,LM,Africa,18,62,76,625000.0,14
I. Cissé,Angers SCO,CB,Europe,22,62,72,425000.0,10
R. Kaib,IF Elfsborg,LB,Europe,21,62,68,350000.0,6
S. Adekoya,Vendsyssel FF,ST,North_America,22,62,68,425000.0,6
F. Motori,Trelleborgs FF,LM,Europe,22,62,67,400000.0,5
I. Diarra,FC Girondins de Bordeaux,RW,Europe,20,62,79,675000.0,17
V. Tankovskyi,Shakhtar Donetsk,CM,Europe,22,62,71,450000.0,9
A. Adouyev,Montpellier HSC,CAM,Europe,19,62,79,650000.0,17
I. Dresevic,IF Elfsborg,RCB,Europe,21,62,71,400000.0,9
B. White,Brighton & Hove Albion,CB,Europe,20,61,76,500000.0,15
A. Sevinç,Trabzonspor,RW,Europe,19,61,75,550000.0,14
P. Struijk,Leeds United,CB,Europe,18,61,74,400000.0,13
J. Estrada,Club Atlas,GK,North_America,20,61,74,400000.0,13
M. Reuvers,NAC Breda,CAM,Europe,19,61,70,375000.0,9
A. Cervantes,Guadalajara,LDM,North_America,20,61,73,400000.0,12
I. Marega,Stade Malherbe Caen,CB,Europe,20,61,69,325000.0,8
S. Czajkowski,Vendsyssel FF,ST,Europe,21,61,71,425000.0,10
M. Insaurralde,San Lorenzo de Almagro,CM,South_America,19,61,79,525000.0,18
A. Edun,Ipswich Town,CM,Europe,20,61,75,550000.0,14
S. Cordero,CD Antofagasta,LB,South_America,22,61,68,300000.0,7
J. Ramírez,Atlético Nacional,GK,South_America,21,61,70,300000.0,9
C. Jones,Liverpool,CM,Europe,17,61,82,550000.0,21
F. Medina,Club Atlético Talleres,LB,South_America,19,61,77,475000.0,16
D. Anyembe,Esbjerg fB,RB,Europe,19,61,73,375000.0,12
Meseguer,Rayo Vallecano,LB,Europe,18,61,75,450000.0,14
C. Roberts,Newcastle United,RM,Europe,21,61,73,450000.0,12
B. Collins,Burton Albion,GK,Europe,21,61,70,300000.0,9
R. Torres,Tigres U.A.N.L.,CM,North_America,21,61,71,400000.0,10
J. Méndez,Argentinos Juniors,LW,South_America,20,61,76,550000.0,15
W. Bracamonte,Unión de Santa Fe,LM,South_America,20,61,73,450000.0,12
M. Cortés,Jaguares de Córdoba,RM,South_America,21,61,74,475000.0,13
R. Hunt,Oldham Athletic,RB,Europe,22,61,69,325000.0,8
C. Dyson,Plymouth Argyle,ST,Europe,21,61,69,375000.0,8
P. O'Connor,Blackpool,CB,Europe,20,61,72,375000.0,11
N. Beyer,FSV Zwickau,CB,Europe,21,61,70,350000.0,9
F. Gattoni,San Lorenzo de Almagro,CB,South_America,19,61,80,500000.0,19
Oh Se Hun,Ulsan Hyundai FC,ST,Asia,19,61,74,475000.0,13
A. Donkor,FC Hansa Rostock,LM,Europe,20,61,75,550000.0,14
H. Souttar,Stoke City,CB,Europe,19,61,78,500000.0,17
J. Sterry,Newcastle United,RB,Europe,22,61,69,325000.0,8
A. Andersson,BK Häcken,LB,Europe,21,61,71,350000.0,10
E. Sánchez,Pachuca,CM,North_America,18,61,75,525000.0,14
J. Willock,Arsenal,CM,Europe,18,61,79,525000.0,18
M. Gallegos,Unión de Santa Fe,ST,South_America,21,61,69,375000.0,8
P. Kpozo,Östersunds FK,LB,Africa,20,61,68,300000.0,7
K. Fila,Lechia Gdańsk,RB,Europe,20,61,72,375000.0,11
Y. Akgün,Galatasaray SK,CF,Europe,17,61,79,500000.0,18
E. Vignato,Chievo Verona,CAM,Europe,17,61,80,500000.0,19
J. Aros,Club Deportes Temuco,LDM,South_America,22,61,71,350000.0,10
A. Sissako,La Berrichonne de Châteauroux,CM,Europe,20,61,77,550000.0,16
F. Sivetti,Estudiantes de La Plata,CM,South_America,20,61,71,400000.0,10
Jorge Mier,Real Oviedo,RB,Europe,19,61,75,475000.0,14
S. Schreck,Bayer 04 Leverkusen,CAM,Europe,19,61,78,550000.0,17
A. Dursun,Trabzonspor,LB,Europe,19,61,75,475000.0,14
A. Ciss,Fortuna Sittard,CM,Africa,18,61,75,525000.0,14
Raúl Vallejo,CD Numancia,CAM,Europe,22,61,69,375000.0,8
G. Postma,FC Groningen,CDM,Europe,20,61,68,300000.0,7
Y. Valery,Southampton,RB,Europe,19,61,74,425000.0,13
L. Marseiler,SpVgg Unterhaching,RM,Europe,21,61,71,400000.0,10
C. Kouan,Perugia,CM,Africa,18,61,79,525000.0,18
J. Łukowski,Wisła Płock,LM,Europe,22,61,68,350000.0,7
C. Harries,Swansea City,CB,Europe,21,61,76,500000.0,15
P. Knechtel,FC Energie Cottbus,CB,Europe,22,61,73,400000.0,12
N. Phillips,Liverpool,CB,Europe,21,61,74,425000.0,13
S. Mohlin,Malmö FF,GK,Europe,22,61,70,290000.0,9
G. Smith,Sporting Kansas City,CB,North_America,22,61,71,350000.0,10
J. Burkardt,1. FSV Mainz 05,ST,Europe,17,61,80,500000.0,19
A. Lupu,Deportivo Alavés,ST,Europe,20,61,73,450000.0,12
Wang Jinxian,Dalian YiFang FC,RM,Asia,22,61,66,325000.0,5
A. Maziero,Rosario Central,ST,South_America,20,61,74,500000.0,13
K. Moreno,Deportivo Cali,CB,South_America,17,61,81,450000.0,20
Eliseo Falcón,Granada CF,CB,Europe,21,61,74,425000.0,13
J. Flannigan,Burton Albion,CM,Europe,22,61,66,325000.0,5
H. Adıgüzel,Akhisar Belediyespor,CM,Europe,18,61,77,525000.0,16
K. Pestka,Cracovia,LB,Europe,19,61,71,350000.0,10
B. Urbański,Willem II,CM,Europe,20,61,71,400000.0,10
M. Schüler,FC Carl Zeiss Jena,CB,Europe,20,61,69,325000.0,8
K. Knoyle,Swindon Town,RB,Europe,21,61,69,325000.0,8
J. Torres,Club Atlas,RW,North_America,18,61,76,525000.0,15
J. Coustrain,Shamrock Rovers,LM,Europe,22,61,72,425000.0,11
M. Chouiar,Racing Club de Lens,RM,Europe,19,61,75,550000.0,14
B. Figueroa,Audax Italiano,CAM,South_America,19,61,78,550000.0,17
R. de la Rosa,Pachuca,ST,North_America,18,61,79,525000.0,18
M. Sagnan,Racing Club de Lens,CB,Europe,19,61,78,500000.0,17
N. Barona,La Equidad,LM,South_America,20,61,76,550000.0,15
J. Sierra,Unión Española,ST,South_America,21,61,72,450000.0,11
A. Ryczkowski,Górnik Zabrze,LM,Europe,21,61,70,400000.0,9
M. Uusitalo,HJK Helsinki,GK,Europe,21,61,71,325000.0,10
T. Alarcón,CD O'Higgins,CB,South_America,18,61,76,475000.0,15
K. Howkins,West Bromwich Albion,CB,Europe,22,61,65,280000.0,4
B. Galindo,Guadalajara,CB,North_America,19,61,70,325000.0,9
A. Zekaj,LOSC Lille,CDM,Europe,18,61,76,475000.0,15
L. Sotomayor,Deportes Iquique,GK,South_America,21,61,73,350000.0,12
B. Kennedy,Stevenage,RM,Europe,21,61,69,375000.0,8
N. Baxter,Yeovil Town,GK,Europe,19,61,72,325000.0,11
E. Rueda,Argentinos Juniors,RW,South_America,22,61,69,375000.0,8
R. Hepburn-Murphy,Aston Villa,ST,Europe,19,61,75,550000.0,14
K. Gipson,SV Sandhausen,RB,Europe,22,61,68,300000.0,7
I. Hajtić,FC Würzburger Kickers,CB,Europe,20,61,72,375000.0,11
J. Vollert,SV Werder Bremen,CB,Europe,20,61,72,375000.0,11
G. Gül,Fortuna Düsseldorf,CB,Europe,19,61,75,500000.0,14
S. Klaas,VfL Osnabrück,CAM,Europe,20,61,76,550000.0,15
L. Mosevich,FC St. Gallen,CB,South_America,21,61,73,400000.0,12
R. Porteous,Hibernian,LCB,Europe,19,61,78,500000.0,17
H. Mörschel,Holstein Kiel,CF,Europe,20,61,73,450000.0,12
G. Sağlam,VfL Bochum 1848,CAM,Europe,20,61,74,475000.0,13
F. Geisler,FC Energie Cottbus,CAM,Europe,21,61,70,400000.0,9
A. Zendejas,Sporting Kansas City,GK,North_America,22,61,71,300000.0,10
L. Lauberbach,FSV Zwickau,LS,Europe,20,61,69,375000.0,8
Y. Clementia,OGC Nice,GK,Europe,20,61,72,350000.0,11
F. Benko,LASK Linz,CAM,Europe,20,61,77,550000.0,16
A. Paşcanu,Free Agent,CB,Europe,19,61,77,0.0,16
R. González,San Luis de Quillota,RM,South_America,22,61,68,300000.0,7
G. Hatano,FC Tokyo,GK,Asia,20,61,74,400000.0,13
M. Dobre,Bournemouth,RM,Europe,19,61,75,550000.0,14
N. Fernández,Audax Italiano,RM,South_America,18,61,77,450000.0,16
M. López,Club Atlético Banfield,ST,South_America,20,61,72,450000.0,11
J. Beste,SV Werder Bremen,LB,Europe,19,61,77,475000.0,16
D. Thomas,Kilmarnock,RM,Europe,22,61,69,375000.0,8
C. Yüksel,Galatasaray SK,CM,Europe,20,61,75,550000.0,14
T. Casali,SV Mattersburg,GK,Europe,22,61,67,250000.0,6
D. Jaiyesimi,Yeovil Town,LS,Europe,20,61,73,450000.0,12
Y. Bisseck,1. FC Köln,CB,Europe,17,61,82,500000.0,21
T. Svendsen,FK Haugesund,CM,Europe,18,61,76,525000.0,15
B. Risa,Odds BK,LB,Europe,20,61,75,500000.0,14
B. Halliday,Cambridge United,RB,Europe,22,61,69,325000.0,8
L. Dietz,VfL Sportfreunde Lotte,LDM,Europe,21,61,73,400000.0,12
N. Al Omran,Al Shabab,CAM,Asia,20,61,69,375000.0,8
Parra,AD Alcorcón,RB,Europe,22,61,68,300000.0,7
Chen Binbin,Shanghai SIPG FC,LW,Asia,20,61,74,475000.0,13
M. Toye,Minnesota United FC,ST,North_America,19,61,76,550000.0,15
N. Jackson,Colorado Rapids,ST,North_America,22,61,70,400000.0,9
B. Källman,Dundee FC,ST,Europe,19,61,70,375000.0,9
L. Cueto,SC Preußen Münster,LM,Europe,22,61,69,375000.0,8
Guillamón,Valencia CF,CB,Europe,18,61,81,475000.0,20
D. Foulon,Waasland-Beveren,LB,Europe,19,61,73,375000.0,12
L. Fritzson,Östersunds FK,RW,Europe,22,61,67,350000.0,6
P. Da Silva,Orlando City SC,CAM,North_America,19,61,78,550000.0,17
I. Ugbo,Scunthorpe United,ST,Europe,19,61,76,550000.0,15
C. Operi,La Berrichonne de Châteauroux,LWB,Europe,21,61,74,425000.0,13
T. Robinet,FC Sochaux-Montbéliard,RW,Europe,21,61,73,450000.0,12
Yeremi Valerón,UD Las Palmas,LB,Europe,21,61,71,350000.0,10
M. Amundsen,Eintracht Braunschweig,LB,Europe,20,61,74,425000.0,13
D. Tchamba,RC Strasbourg Alsace,CB,Africa,19,61,74,425000.0,13
J. Victoria,Granada CF,ST,South_America,22,61,72,425000.0,11
E. Orona,Pachuca,CB,North_America,19,61,78,500000.0,17
K. Yamaguchi,Kashima Antlers,ST,Asia,22,61,71,400000.0,10
Angel Sánchez,RCD Espanyol,LM,Europe,20,61,69,375000.0,8
N. Laursen,Brøndby IF,ST,Europe,20,61,75,550000.0,14
L. Bolton,Manchester City,RM,Europe,18,61,79,525000.0,18
F. Saavedra,Universidad de Chile,LB,South_America,21,61,69,325000.0,8
J. Lorch,SV Wehen Wiesbaden,RB,Europe,22,61,66,290000.0,5
M. Hosseini,Trabzonspor,LCB,Asia,22,61,67,290000.0,6
I. Aguilar,Club América,CDM,North_America,20,61,74,425000.0,13
Gorka Giralt,Real Oviedo,GK,Europe,22,61,71,300000.0,10
D. Barnes,Colchester United,GK,Europe,22,61,70,290000.0,9
T. Buitink,Vitesse,ST,Europe,18,61,77,525000.0,16
D. Hyam,Coventry City,LCB,Europe,22,61,73,400000.0,12
T. Denton,Peterborough United,LB,Europe,22,61,70,325000.0,9
Adrià Pedrosa,RCD Espanyol,LB,Europe,20,61,71,350000.0,10
Li Xiaoming,Shanghai Greenland Shenhua FC,CB,Asia,22,61,68,300000.0,7
M. Al Mania,Al Hazem,ST,Asia,22,61,72,425000.0,11
A. López,Club América,LW,North_America,21,61,71,400000.0,10
F. Sucsuz,FC Carl Zeiss Jena,LM,Europe,22,61,71,400000.0,10
C. Cásseres Jr,New York Red Bulls,CM,South_America,18,61,78,525000.0,17
H. Charsley,Everton,LM,Europe,21,61,69,375000.0,8
Giovanni,CD Tenerife,ST,Europe,19,61,74,475000.0,13
T. Galdames,Unión Española,LB,South_America,19,61,72,375000.0,11
M. Funk,SpVgg Greuther Fürth,GK,Europe,22,61,70,290000.0,9
S. Amuzie,FC Lugano,LB,Africa,22,61,71,350000.0,10
C. Villanueva,Colo-Colo,CAM,South_America,19,61,76,550000.0,15
B. Koglin,FC St. Pauli,CB,Europe,21,61,70,350000.0,9
D. Tuma,Hallescher FC,LM,Europe,22,61,68,350000.0,7
Álex Dos Santos,Atlético Madrid,GK,South_America,19,61,75,450000.0,14
M. Awoudja,FC Bayern München,CB,Europe,20,61,72,375000.0,11
S. Brodersen,FC St. Pauli,GK,Europe,21,61,71,325000.0,10
I. Franjic,Eintracht Braunschweig,CAM,Europe,20,61,71,400000.0,10
M. Mara,FC Lorient,LM,Africa,21,61,69,375000.0,8
A. Brorsson,Örebro SK,CB,Europe,19,61,72,375000.0,11
Rafael Camacho,Liverpool,CAM,Europe,18,61,81,525000.0,20
P. Will,FC Bayern München,CM,Europe,19,61,77,525000.0,16
A. Dønnum,Vålerenga Fotball,RM,Europe,20,61,71,400000.0,10
Y. Diouf,ESTAC Troyes,GK,Europe,18,61,79,425000.0,18
Brian Torres,CD Tenerife,CB,Europe,21,61,73,400000.0,12
Aitor Lorea,CA Osasuna,RM,Europe,20,61,77,550000.0,16
A. Pinga,Grasshopper Club Zürich,ST,Europe,20,61,73,450000.0,12
N. Andereggen,Unión de Santa Fe,ST,South_America,18,61,79,525000.0,18
M. Ambrosiewicz,Górnik Zabrze,CM,Europe,20,61,70,375000.0,9
M. Forss,Brentford,ST,Europe,19,61,73,450000.0,12
B. Álvarez,Monarcas Morelia,LB,North_America,22,61,69,325000.0,8
P. Michael,Vålerenga Fotball,ST,Africa,20,61,71,425000.0,10
A. Helmersen,Ranheim Fotball,ST,Europe,20,61,72,450000.0,11
Ángel López,SD Eibar,LM,Europe,21,61,71,400000.0,10
D. Telford,Bury,ST,Europe,21,61,70,400000.0,9
H. Tifner,Gimnasia y Esgrima La Plata,CAM,South_America,21,61,70,400000.0,9
S. Erimuya,Cádiz CF,CB,Africa,20,61,70,350000.0,9
S. van Hooijdonk,NAC Breda,LM,Europe,18,61,75,525000.0,14
F. Mac Allister,Argentinos Juniors,CM,South_America,22,61,70,375000.0,9
A. Fontana,Club Atlético Banfield,ST,South_America,22,61,71,400000.0,10
E. Ojeda,Rosario Central,CM,South_America,20,61,74,475000.0,13
B. Gaye,DSC Arminia Bielefeld,GK,Africa,20,61,73,350000.0,12
Iñaki Peña,FC Barcelona,GK,Europe,19,61,78,450000.0,17
F. Arbeláez,Patriotas Boyacá FC,LB,South_America,21,61,68,300000.0,7
E. Gutiérrez,Monterrey,RB,North_America,22,61,72,375000.0,11
J. Vásquez,Monterrey,CB,North_America,19,61,75,500000.0,14
J. McCourt,Swindon Town,CM,Europe,22,61,66,325000.0,5
J. Klinsmann,Hertha BSC,GK,North_America,21,61,75,450000.0,14
Y. Fofana,RC Strasbourg Alsace,CDM,Europe,19,61,78,500000.0,17
J. Mäder,FSV Zwickau,RM,Europe,21,61,69,375000.0,8
T. Bonga,FSV Zwickau,ST,Europe,21,61,69,375000.0,8
Kiki,Extremadura UD,LB,Europe,21,61,69,325000.0,8
Romero,Extremadura UD,CAM,Europe,22,61,69,375000.0,8
L. Ameka Autchanga,Chamois Niortais Football Club,RM,Africa,21,61,71,400000.0,10
J. Vega,Tigres U.A.N.L.,ST,North_America,20,61,73,450000.0,12
L. Daschner,MSV Duisburg,CAM,Europe,19,61,75,550000.0,14
T. Goppel,ADO Den Haag,RW,Europe,21,61,70,400000.0,9
M. Rodas,FSV Zwickau,LM,Europe,21,61,69,375000.0,8
F. Quiroz,Club Atlético Colón,LB,South_America,20,61,73,400000.0,12
M. Petrasso,Montreal Impact,RB,North_America,22,61,65,270000.0,4
J. Angulo,Club Tijuana,LM,North_America,21,61,69,375000.0,8
M. Thalhammer, SSV Jahn Regensburg,CM,Europe,20,61,72,425000.0,11
J. Hildebrandt,FC Hansa Rostock,CDM,Europe,21,61,68,300000.0,7
Robert,Real Betis,RW,Europe,17,61,81,500000.0,20
M. O'Leary,Bristol City,GK,Europe,21,61,72,350000.0,11
R. Griffiths,Olympique Lyonnais,ST,Europe,18,61,84,575000.0,23
Iván,Real Betis,LM,Europe,21,61,74,475000.0,13
F. Álvarez,San Martín de San Juan,CB,South_America,18,61,80,475000.0,19
J. Asiri,Al Wehda,ST,Asia,20,61,73,450000.0,12
Lee Jae Ik,Gangwon FC,CB,Asia,19,61,74,425000.0,13
Darío Poveda,Atlético Madrid,ST,Europe,21,61,71,425000.0,10
D. Haspolat,Excelsior,CM,Europe,18,61,76,525000.0,15
D. Lanius,SC Preußen Münster,CB,Europe,21,61,69,325000.0,8
N. Tiknizyan,PFC CSKA Moscow,LM,Europe,19,61,74,475000.0,13
S. Mbakata,FC Sochaux-Montbéliard,RB,Europe,20,61,70,325000.0,9
P. Hercher,SG Sonnenhof Großaspach,RM,Europe,22,61,67,350000.0,6
L. Balerdi,Boca Juniors,CB,South_America,19,61,78,500000.0,17
G. Guerrieri,Lazio,GK,Europe,22,61,68,260000.0,7
L. Kramer,FC Groningen,CB,Europe,18,61,75,475000.0,14
A. Melo,Gimnasia y Esgrima La Plata,RM,South_America,22,61,72,425000.0,11
D. Gyollai,Stoke City,GK,Europe,21,61,74,400000.0,13
J. Tuominen,Free Agent,ST,Europe,22,61,69,0.0,8
T. Smith,Southend United,GK,Europe,22,61,67,250000.0,6
A. Al Khulaif,Al Ahli,RM,Asia,21,61,73,450000.0,12
A. Fontana,Philadelphia Union,CAM,North_America,18,61,79,525000.0,18
P. Prado,FC Nantes,RB,South_America,22,61,72,375000.0,11
M. Rocca,Livorno,LCM,Europe,22,61,69,375000.0,8
M. Meneses,CD O'Higgins,CAM,South_America,19,61,71,400000.0,10
T. Børkeeiet,Stabæk Fotball,RCM,Europe,19,61,79,525000.0,18
M. Martic,SK Rapid Wien,CDM,Europe,22,61,64,270000.0,3
J. Lindsey,Sporting Kansas City,RB,North_America,18,61,80,450000.0,19
D. Vlahovic,Fiorentina,ST,Europe,18,61,80,525000.0,19
Miquel Parera,RCD Mallorca,GK,Europe,22,61,68,260000.0,7
Diego Pampín,RC Celta,LB,Europe,18,61,79,450000.0,18
J. Suárez,Querétaro,RM,North_America,21,61,69,375000.0,8
V. Müller,SCR Altach,LCM,Europe,19,61,75,500000.0,14
C. Ferreira,River Plate,CAM,South_America,18,61,81,525000.0,20
J. Houghton,Milton Keynes Dons,RCM,Europe,22,61,68,350000.0,7
N. Smith,Port Vale,LCB,Europe,22,61,64,270000.0,3
L. Carillo,Brescia,CB,Europe,21,61,68,300000.0,7
S. Ruiz,Envigado FC,LCB,South_America,20,61,73,400000.0,12
L. Amarilla,Vélez Sarsfield,ST,South_America,22,61,70,400000.0,9
P. Petrović,IF Brommapojkarna,LW,Europe,22,61,66,325000.0,5
Park Dae Han,Jeonnam Dragons,GK,Asia,22,61,70,290000.0,9
D. Burgzorg,De Graafschap,RM,Europe,19,61,75,550000.0,14
V. Wernersson,IFK Göteborg,LWB,Europe,22,61,69,325000.0,8
M. Havekotte,ADO Den Haag,GK,Europe,22,61,70,290000.0,9
S. Bastoni,Spezia,RW,Europe,21,61,73,450000.0,12
A. Rinomhota,Reading,RCM,Europe,21,61,74,475000.0,13
J. Caletti,Brisbane Roar,CDM,Oceania,19,61,73,375000.0,12
L. Mokhevishvili,Albacete BP,CDM,Europe,22,61,74,425000.0,13
V. Myhra,Odds BK,GK,Europe,21,61,72,350000.0,11
M. Ferreira,Red Star FC,RB,Europe,21,61,71,350000.0,10
A. Swolfs,Waasland-Beveren,GK,Europe,20,61,72,350000.0,11
K. Machida,Kashima Antlers,CB,Asia,20,61,75,500000.0,14
A. Babacan,Galatasaray SK,CAM,Europe,18,61,76,525000.0,15
K. Gutiérrez,Gimnasia y Esgrima La Plata,CM,South_America,21,61,75,550000.0,14
J. Vagnoman,Hamburger SV,LB,Europe,17,61,83,500000.0,22
A. Kostić,SK Rapid Wien,RM,Europe,22,61,68,350000.0,7
J. Brandon,Heart of Midlothian,RB,Europe,20,61,75,500000.0,14
R. Alvarez,Colo-Colo,LM,South_America,19,61,79,550000.0,18
T. Basila,FC Nantes,CB,Europe,19,61,78,500000.0,17
I. Magnusson,Kalmar FF,RM,Europe,20,61,74,475000.0,13
M. Wintzheimer,Hamburger SV,ST,Europe,19,61,77,550000.0,16
D. Emmanouilidis,Panathinaikos FC,RM,Europe,17,61,77,500000.0,16
P. Smyth,Queens Park Rangers,RM,Europe,20,61,75,550000.0,14
K. Kristinsson,Willem II,LW,Europe,19,61,74,475000.0,13
D. Duhaney,Huddersfield Town,RB,Europe,19,61,77,475000.0,16
L. Østigård,Brighton & Hove Albion,CB,Europe,18,61,81,475000.0,20
Robert Sanchez,Forest Green Rovers,GK,Europe,20,61,73,350000.0,12
S. Macías,Independiente Medellín,LB,South_America,22,61,72,375000.0,11
P. Pfeiffer,Hamburger SV,CB,Europe,18,61,79,475000.0,18
B. Anderson,Aberdeen,ST,Europe,19,61,77,550000.0,16
V. Vermeer,NAC Breda,CDM,Europe,22,61,65,280000.0,4
M. Kaasa,Odds BK,CM,Europe,20,61,74,475000.0,13
H. Al Shamrani,Al Faisaly,LB,Asia,21,61,72,375000.0,11
E. Mensah,HJK Helsinki,RW,Africa,20,61,72,425000.0,11
S. Baradji,Red Star FC,ST,Europe,22,61,68,350000.0,7
M. Igonen,Lillestrøm SK,GK,Europe,21,61,71,325000.0,10
D. Moreno,Envigado FC,CM,South_America,22,61,71,400000.0,10
D. Lippert,1. FC Nürnberg,LB,Europe,22,61,70,325000.0,9
Y. Tatsuta,Shimizu S-Pulse,RB,Asia,20,61,77,500000.0,16
M. Hjulmand,FC Admira Wacker Mödling,LCM,Europe,19,61,72,425000.0,11
J. Lotomba,BSC Young Boys,LB,Europe,19,61,78,475000.0,17
C. Owens,Queens Park Rangers,CM,Europe,20,61,75,550000.0,14
N. Raskin,KAA Gent,CM,Europe,17,61,79,500000.0,18
J. Bocanegra,Junior FC,LM,South_America,19,61,74,475000.0,13
C. Castro,Tiburones Rojos de Veracruz,CB,North_America,21,61,69,325000.0,8
F. Cambeses,Club Atlético Banfield,GK,South_America,21,61,75,450000.0,14
L. Compagnucci,San Luis de Quillota,CDM,South_America,22,61,73,400000.0,12
M. Cortesi,Brescia,ST,Europe,20,61,70,400000.0,9
M. Borquez,CD Palestino,GK,South_America,19,61,71,300000.0,10
M. Robinson,Atlanta United,CB,North_America,21,61,72,375000.0,11
J. Storey,Preston North End,CB,Europe,20,61,71,350000.0,10
G. Simeone,Unión La Calera,ST,South_America,19,61,76,550000.0,15
T. Jacobsen,SV Werder Bremen,LB,Europe,21,61,70,325000.0,9
E. Bekiroglu,TSV 1860 München,CAM,Europe,22,61,66,325000.0,5
A. Muric,Manchester City,GK,Europe,19,61,78,450000.0,17
L. Matarese,Frosinone,LM,Europe,20,61,73,450000.0,12
S. Ayala,Millonarios FC,CDM,South_America,22,61,69,325000.0,8
E. Bytyqi,FC Würzburger Kickers,ST,Europe,21,61,69,375000.0,8
M. Lercher,SV Mattersburg,LB,Europe,22,61,68,300000.0,7
J. Morias,Northampton Town,ST,North_America,22,61,70,400000.0,9
F. Lesniak,Aalborg BK,CM,Europe,22,61,69,375000.0,8
A. Whiteman,Tottenham Hotspur,GK,Europe,19,61,75,450000.0,14
T. Christensen,IK Start,LW,Europe,18,61,80,525000.0,19
R. Aït Nouri,Angers SCO,LB,Europe,17,61,81,450000.0,20
A. Bordin,Perugia,CM,Europe,19,61,73,425000.0,12
C. Klarer,Southampton,CB,Europe,18,61,77,475000.0,16
W. McDonald,Yeovil Town,LM,Europe,21,61,69,375000.0,8
S. Harrison,Tottenham Hotspur,ST,Europe,20,61,72,450000.0,11
P. Klimala,Jagiellonia Białystok,ST,Europe,19,61,73,450000.0,12
Y. Diarra,TSV Hartberg,CM,Africa,20,61,74,475000.0,13
A. Oxborough,Norwich City,GK,Europe,20,61,76,450000.0,15
M. Saito,Shonan Bellmare,CAM,Asia,19,61,72,425000.0,11
K. Sterling,Tottenham Hotspur,ST,Europe,19,61,75,550000.0,14
A. Borkovic,FK Austria Wien,CB,Europe,19,61,73,375000.0,12
G. Vicario,Venezia FC,GK,Europe,21,61,73,350000.0,12
M. Butcher,Bournemouth,CM,Europe,21,61,73,450000.0,12
N. Gómez,Pachuca,RW,North_America,20,61,70,400000.0,9
G. Cardozo,Extremadura UD,CB,South_America,20,61,71,350000.0,10
J. Clarke,Leeds United,LM,Europe,17,61,80,500000.0,19
S. Benega,Club Atlético Banfield,ST,South_America,19,61,77,550000.0,16
D. Rosales,U.N.A.M.,RB,North_America,20,61,73,400000.0,12
T. Warschewski,SC Preußen Münster,ST,Europe,20,61,72,450000.0,11
F. Sgarbi,Perugia,CB,Europe,20,61,70,350000.0,9
I. Meslier,FC Lorient,GK,Europe,18,61,79,425000.0,18
J. Sánchez Purata,Tigres U.A.N.L.,CB,North_America,20,61,74,425000.0,13
H. Daza,Deportivo Cali,LB,South_America,20,61,74,425000.0,13
E. Cerna,Tigres U.A.N.L.,LW,North_America,20,61,74,475000.0,13
E. Wichne,IK Start,RWB,Europe,21,61,72,375000.0,11
J. Simpson,Bournemouth,CB,Europe,21,61,71,350000.0,10
J. Bamert,FC Sion,RB,Europe,20,61,77,500000.0,16
A. Eisa,Shrewsbury,LM,Europe,21,61,73,450000.0,12
B. Dia,Stade de Reims,ST,Europe,21,61,70,400000.0,9
S. Banza,Racing Club de Lens,ST,Europe,21,61,70,400000.0,9
T. Onozawa,Cerezo Osaka,LM,Asia,20,61,69,375000.0,8
J. Ndecky,Fortuna Düsseldorf,RB,Africa,21,61,72,375000.0,11
L. Tupta,Hellas Verona,ST,Europe,20,61,76,550000.0,15
D. Toköz,Beşiktaş JK,CM,Europe,22,61,72,425000.0,11
M. Christensen,Aalborg BK,CM,Europe,20,61,73,450000.0,12
R. Tulloch,West Bromwich Albion,ST,Europe,17,61,76,500000.0,15
L. Agüero,Godoy Cruz,ST,South_America,21,61,72,450000.0,11
D. Meredith,West Bromwich Albion,RB,Europe,18,61,76,450000.0,15
M. Romero,Argentinos Juniors,RW,South_America,22,61,67,350000.0,6
J. Masson,Valenciennes FC,CDM,Europe,20,61,75,500000.0,14
B. Burns,Livingston FC,CM,Europe,18,61,78,525000.0,17
B. Gilmour,Chelsea,CM,Europe,17,61,84,550000.0,23
Genaro,Sevilla FC,CM,Europe,20,61,71,400000.0,10
B. Wilson,Perth Glory,CM,Oceania,21,61,73,450000.0,12
D. Heymans,Waasland-Beveren,CAM,Europe,19,61,73,425000.0,12
C. Randall,Rochdale,RB,Europe,22,61,69,325000.0,8
C. Johnson,Walsall,CB,Europe,20,61,74,425000.0,13
R. Nicolaisen,FC Midtjylland,CB,Europe,21,61,75,500000.0,14
M. Nani,Belgrano de Córdoba,LCB,South_America,20,61,75,500000.0,14
M. Kryeziu,FC Zürich,RCB,Europe,21,61,72,375000.0,11
A. Gallo,Palermo,LM,Europe,18,61,81,525000.0,20
R. Watson,Scunthorpe United,GK,Europe,22,61,69,280000.0,8
R. Romero,Audax Italiano,CM,South_America,19,61,74,475000.0,13
D. Sula,Waasland-Beveren,ST,Europe,20,61,71,425000.0,10
B. Hanlan,Gillingham,LS,Europe,21,61,68,350000.0,7
Kuk Tae Jeong,Pohang Steelers,LB,Asia,22,61,67,290000.0,6
L. Scherff,FC Hansa Rostock,LM,Europe,21,61,70,400000.0,9
M. Allende,Club Necaxa,LM,South_America,19,61,71,400000.0,10
L. Pizarro,Godoy Cruz,CM,South_America,20,61,75,550000.0,14
M. Olsen Pettersen,SK Brann,GK,Europe,18,61,76,425000.0,15
A. Berry,Central Coast Mariners,CDM,Oceania,20,61,69,325000.0,8
H. Wingo,Seattle Sounders FC,RM,North_America,22,61,69,375000.0,8
M. Taylor-Crossdale,Chelsea,ST,Europe,18,61,79,525000.0,18
C. Vidal,Montpellier HSC,CB,Europe,18,61,77,475000.0,16
F. Okenabirhie,Shrewsbury,LS,Africa,22,61,70,400000.0,9
J. Aguilera,Colo-Colo,LW,South_America,18,61,77,525000.0,16
D. Mantilla,Itagüí Leones FC,LM,South_America,21,61,69,375000.0,8
M. Pałaszewski,Śląsk Wrocław,CDM,Europe,20,60,71,325000.0,11
B. Cooper,Swansea City,CB,Europe,18,60,80,375000.0,20
G. Damen,NAC Breda,CM,Europe,20,60,66,280000.0,6
C. Rubio Sivodedov,GIF Sundsvall,CM,Europe,20,60,70,325000.0,10
J. Smith,Tranmere Rovers,RM,Europe,20,60,74,450000.0,14
M. Ndjoli,Kilmarnock,ST,Europe,19,60,75,450000.0,15
Manu Navarro,Rayo Vallecano,CM,Europe,17,60,72,325000.0,12
Javi Pérez,Real Valladolid CF,CM,Europe,22,60,68,300000.0,8
L. Yamaguchi,Extremadura UD,GK,Asia,20,60,70,260000.0,10
K. Tagawa,Sagan Tosu,ST,Asia,19,60,70,325000.0,10
P. Chato,VfL Sportfreunde Lotte,RDM,Europe,21,60,70,290000.0,10
E. Majetschak,RB Leipzig,CM,Europe,18,60,76,425000.0,16
Seo Jae Min,Daegu FC,RM,Asia,20,60,72,375000.0,12
R. Durán,Tigres U.A.N.L.,RM,North_America,20,60,72,375000.0,12
B. Adekanye,Liverpool,RW,Europe,19,60,80,450000.0,20
C. Baumgartner,TSG 1899 Hoffenheim,CAM,Europe,18,60,78,425000.0,18
L. Donnelly,Motherwell,RB,Europe,22,60,71,300000.0,11
S. Lauper,BSC Young Boys,RCB,Europe,21,60,69,280000.0,9
Anderson Emanuel,FC Sochaux-Montbéliard,LW,Africa,22,60,72,375000.0,12
A. Balanta,Deportivo Cali,CDM,South_America,18,60,80,375000.0,20
W. Hajda,Górnik Zabrze,CDM,Europe,18,60,74,375000.0,14
Otaño,CD Tenerife,GK,Europe,22,60,70,260000.0,10
D. Loader,Reading,RW,Europe,17,60,82,450000.0,22
J. Marcinkowski,San Jose Earthquakes,GK,North_America,21,60,71,280000.0,11
J. Calero,Club León,ST,South_America,19,60,76,450000.0,16
S. Perić,FC Wacker Innsbruck,CB,Europe,21,60,66,240000.0,6
R. Gül,Galatasaray SK,LM,Europe,17,60,77,400000.0,17
I. Wilson,Kilmarnock,CDM,Europe,19,60,75,400000.0,15
N. Al Dawsari,Al Hilal,CM,Asia,19,60,78,450000.0,18
P. Berg,FK Bodø/Glimt,CM,Europe,20,60,65,280000.0,5
A. Zendejas,Guadalajara,LM,North_America,20,60,69,325000.0,9
A. Karnuçu,Galatasaray SK,CDM,Europe,18,60,79,375000.0,19
D. Quaranta,Ascoli,CB,Europe,21,60,69,280000.0,9
J. Durán,Club León,CB,North_America,21,60,73,350000.0,13
M. Vargas,Universidad Católica,GK,South_America,22,60,71,280000.0,11
O. Ural,Kasimpaşa SK,RB,Europe,21,60,70,290000.0,10
S. Hart,Rochdale,LB,Europe,21,60,70,290000.0,10
M. Al Baqawi,Al Hilal,RB,Asia,22,60,69,270000.0,9
J. Díaz,Boyacá Chicó FC,LM,South_America,21,60,71,350000.0,11
G. Edmundson,Oldham Athletic,RCB,Europe,20,60,71,325000.0,11
A. Tripaldelli,PEC Zwolle,LB,Europe,19,60,78,400000.0,18
T. Kunimoto,Gyeongnam FC,ST,Asia,20,60,72,375000.0,12
V. Xenopoulos,Panathinaikos FC,GK,Europe,20,60,74,375000.0,14
B. Warland,Sydney FC,CB,Oceania,21,60,69,280000.0,9
M. Paes,FC Utrecht,GK,Europe,20,60,71,280000.0,11
R. Obermair,SK Sturm Graz,RW,Europe,22,60,69,325000.0,9
C. Palacios,Unión Española,CAM,South_America,17,60,74,400000.0,14
W. Kurtovic,Sandefjord Fotball,CM,Europe,22,60,70,325000.0,10
Yoo Seung Min,Jeonbuk Hyundai Motors,LS,Asia,19,60,73,400000.0,13
T. Freriks,FC Groningen,ST,Europe,19,60,71,350000.0,11
Manu Moya,Extremadura UD,CB,Europe,22,60,67,250000.0,7
A. Södlund,Odds BK,RM,Europe,21,60,68,300000.0,8
K. Sessa,1. FC Heidenheim 1846,CM,Europe,17,60,80,400000.0,20
Sergio Tienza,Real Betis,GK,Europe,21,60,70,260000.0,10
K. Michalski,Górnik Zabrze,RB,Europe,18,60,75,375000.0,15
Carlos Vicente,Real Zaragoza,RW,Europe,19,60,71,350000.0,11
B. Rowthorn,Southampton,CM,Europe,19,60,69,300000.0,9
T. Fleckstein,Holstein Kiel,CB,Europe,19,60,75,400000.0,15
S. Omeonga,Genoa,CM,Europe,22,60,67,290000.0,7
D. N'Lundulu,Southampton,ST,Europe,19,60,72,375000.0,12
D. Wanner,Borussia Dortmund,LM,Europe,19,60,77,450000.0,17
J. Zickert,FC Energie Cottbus,CDM,Europe,20,60,72,325000.0,12
K. Velasco,Deportivo Cali,LM,South_America,21,60,67,290000.0,7
Lee Eun Beom,Jeju United FC,ST,Asia,22,60,68,300000.0,8
B. Diakité,Toulouse Football Club,RB,Europe,17,60,80,375000.0,20
C. Guy,Blackpool,LCM,Europe,21,60,70,325000.0,10
L. Gottwalt,1. FC Kaiserslautern,CB,Europe,20,60,72,325000.0,12
N. Knothe,Eintracht Frankfurt,CB,Europe,19,60,75,400000.0,15
A. Buongiorno,Carpi,LB,Europe,19,60,76,400000.0,16
S. Walukiewicz,Pogoń Szczecin,RCB,Europe,18,60,76,375000.0,16
C. Slattery,Southampton,CAM,Europe,19,60,77,450000.0,17
D. Beyreuther,Eintracht Frankfurt,LB,Europe,18,60,76,375000.0,16
P. Bastianello,Brescia,GK,Europe,20,60,70,260000.0,10
B. Osayi-Samuel,Queens Park Rangers,LM,Africa,20,60,73,400000.0,13
L. Selahi,Standard de Liège,CM,Europe,19,60,73,375000.0,13
A. Makarov,PFC CSKA Moscow,LM,Europe,22,60,70,325000.0,10
Bruno Jordão,Lazio,CM,Europe,19,60,76,450000.0,16
A. Al Hamdan,Al Shabab,ST,Asia,18,60,74,425000.0,14
D. Henriquez,Universidad Católica,RW,South_America,19,60,76,450000.0,16
Kike PIna,SD Eibar,LB,Europe,21,60,70,290000.0,10
E. Ntim,Valenciennes FC,RB,Africa,22,60,69,270000.0,9
L. Charman,Accrington Stanley,ST,Europe,20,60,73,400000.0,13
J. Issa,Al Ittihad,CDM,Asia,21,60,71,325000.0,11
I. Näsberg,Vålerenga Fotball,LB,Europe,22,60,69,270000.0,9
A. Halme,Leeds United,CB,Europe,20,60,75,425000.0,15
T. Watson,AFC Wimbledon,RB,Europe,21,60,72,325000.0,12
M. Sifneos,Panathinaikos FC,ST,Europe,21,60,69,325000.0,9
U. Singh,Free Agent,RM,Asia,22,60,67,0.0,7
A. Maldonado,Club Atlético Banfield,CB,South_America,20,60,74,425000.0,14
B. Álvarez,Unión de Santa Fe,LM,South_America,20,60,71,350000.0,11
Ximo Miralles,AD Alcorcón,GK,Europe,22,60,68,230000.0,8
J. Fryer,Carlisle United,GK,Europe,22,60,66,210000.0,6
M. Godinho,Heart of Midlothian,RB,North_America,21,60,73,350000.0,13
F. Hörberg,Trelleborgs FF,RM,Europe,19,60,72,350000.0,12
A. Calver,Sydney FC,RB,Oceania,22,60,65,230000.0,5
J. Tymon,Stoke City,LWB,Europe,19,60,77,400000.0,17
G. Corbo,Bologna,CB,Europe,18,60,80,375000.0,20
Lombo,CD Leganés,GK,Europe,19,60,69,230000.0,9
T. Elšnik,Mansfield Town,CM,Europe,20,60,71,350000.0,11
D. Rasak,Wisła Płock,CDM,Europe,22,60,67,250000.0,7
E. Segberg,IK Start,LCM,Europe,21,60,73,400000.0,13
S. Atakayi,Rangers FC,RM,Europe,19,60,78,450000.0,18
A. Angulo,Itagüí Leones FC,CB,South_America,22,60,73,350000.0,13
A. Nguiamba,AS Nancy Lorraine,CDM,Europe,19,60,77,400000.0,17
A. Whitmore,Grimsby Town,CB,Europe,22,60,65,240000.0,5
T. van de Berg,Heracles Almelo,CB,Europe,20,60,67,250000.0,7
M. Belkheir,Brescia,ST,Africa,19,60,75,450000.0,15
M. Okazaki,FC Tokyo,CB,Asia,19,60,75,400000.0,15
A. Vogliacco,Padova,CB,Europe,19,60,72,325000.0,12
P. Ruiz,Real Salt Lake,LW,South_America,19,60,77,450000.0,17
Guo Quanbo,Beijing Sinobo Guoan FC,GK,Asia,20,60,70,260000.0,10
N. Ferguson,West Bromwich Albion,CB,Europe,17,60,75,375000.0,15
Algobia,Rayo Vallecano,CM,Europe,19,60,77,450000.0,17
A. Favaro,Padova,GK,Europe,22,60,67,210000.0,7
J. Gibbons,Port Vale,RB,Europe,20,60,66,240000.0,6
G. Maris,Cambridge United,LDM,Europe,22,60,66,280000.0,6
K. Krasniqi,VfL Osnabrück,CM,Europe,22,60,68,300000.0,8
E. Weeger,TSV 1860 München,RB,Europe,21,60,67,250000.0,7
B. Mirelis,Universidad de Chile,CB,South_America,19,60,73,350000.0,13
R. Ljubicic,SKN St. Pölten,CM,Europe,18,60,70,300000.0,10
O. Olomola,Yeovil Town,ST,Europe,20,60,70,350000.0,10
K. Arthur,Macclesfield Town,RM,Africa,22,60,64,270000.0,4
A. Majrashi,Al Shabab,RB,Asia,18,60,74,375000.0,14
J. Ortíz,Deportivo Pasto,RCB,South_America,19,60,74,400000.0,14
Matis Carvalho,Toulouse Football Club,GK,Europe,19,60,73,300000.0,13
E. List,Gillingham,ST,Europe,21,60,64,280000.0,4
J. Mukena,Watford,CB,Europe,18,60,74,375000.0,14
T. Königsmann,SpVgg Greuther Fürth,GK,Europe,21,60,66,210000.0,6
C. Zesiger,Grasshopper Club Zürich,LCB,Europe,20,60,76,425000.0,16
Adrián,Elche CF,GK,Europe,22,60,68,230000.0,8
S. Tanasijevic,Chievo Verona,CB,Europe,21,60,66,240000.0,6
R. Garay,Club Atlético Aldosivi,CM,South_America,21,60,74,450000.0,14
V. van den Bogert,Willem II,CB,Europe,18,60,71,290000.0,11
I. Camara,Red Star FC,ST,Europe,17,60,76,425000.0,16
M. Eberwein,SC Fortuna Köln,CAM,Europe,22,60,68,300000.0,8
I. Aaneba,RC Strasbourg Alsace,RB,Europe,19,60,71,300000.0,11
C. Kountouriotis,Panathinaikos FC,RW,Europe,20,60,70,325000.0,10
M. Janssen,De Graafschap,CB,Europe,19,60,68,250000.0,8
J. Karlstrøm,Tromsø IL,GK,Europe,21,60,73,325000.0,13
G. Byers,Swansea City,CM,Europe,22,60,68,300000.0,8
Lin Liangming,UD Almería,RM,Asia,21,60,73,400000.0,13
Hu Ruibao,Guangzhou Evergrande Taobao FC,CB,Asia,21,60,68,270000.0,8
Caio Marcelo,Orlando Pirates,CB,South_America,20,60,71,325000.0,11
R. Fulton,Hamilton Academical FC,GK,Europe,22,60,67,210000.0,7
M. Herrera,San Lorenzo de Almagro,RB,South_America,19,60,73,350000.0,13
A. Sicker,Holstein Kiel,LB,Europe,21,60,70,290000.0,10
V. Drkušić,SC Heerenveen,CB,Europe,18,60,75,375000.0,15
J. Maddox,Cheltenham Town,CAM,Europe,19,60,77,450000.0,17
R. Strain,Adelaide United,RB,Oceania,21,60,68,260000.0,8
M. Komenda,SV Meppen,LCB,Europe,21,60,71,325000.0,11
M. Kristensen,Esbjerg fB,RW,Europe,21,60,71,350000.0,11
J. Valencia,Millonarios FC,ST,South_America,18,60,79,425000.0,19
I. Baba,RCD Mallorca,CM,Africa,22,60,69,325000.0,9
J. Illanes,Argentinos Juniors,CB,South_America,21,60,68,270000.0,8
M. Batmaz,Karlsruher SC,ST,Europe,18,60,73,375000.0,13
V. Demaku,FK Austria Wien,CDM,Europe,18,60,76,375000.0,16
C. Sánchez,Real Sporting de Gijón,GK,North_America,18,60,75,350000.0,15
N. Janvier,Stade Rennais FC,CAM,Europe,19,60,77,450000.0,17
C. Frommann,SC Freiburg,GK,Europe,20,60,75,375000.0,15
M. Peano,Unión de Santa Fe,GK,South_America,19,60,74,375000.0,14
N. Diallo,Stade Rennais FC,LB,Europe,22,60,70,290000.0,10
S. Ntiya-Ntiya,Kaizer Chiefs,LB,Africa,21,60,68,260000.0,8
L. Czyborra,Heracles Almelo,LB,Europe,19,60,76,400000.0,16
M. Gneba,Amiens SC,RW,Europe,19,60,73,400000.0,13
F. Brener,Belgrano de Córdoba,RM,South_America,20,60,73,400000.0,13
M. Viviani,Brescia,CDM,Europe,17,60,82,400000.0,22
W. Kuzain,Sporting Kansas City,CDM,North_America,19,60,74,400000.0,14
M. Erboğa,Kasimpaşa SK,ST,Europe,19,60,71,350000.0,11
G. Bizzotto,Cittadella,CF,Europe,21,60,70,350000.0,10
M. Skenderović,TSG 1899 Hoffenheim,ST,Europe,20,60,73,400000.0,13
Sergio García,Real Zaragoza,GK,Europe,20,60,70,260000.0,10
J. Ngando,Amiens SC,LW,Africa,18,60,71,325000.0,11
V. Cabezas,Deportivo Pasto,GK,South_America,20,60,73,325000.0,13
R. Ziegele,VfL Wolfsburg,CB,Europe,21,60,74,425000.0,14
C. Cooke,Peterborough United,CM,Europe,21,60,69,325000.0,9
T. Johnson,Southampton,RM,Europe,19,60,71,350000.0,11
L. Palmiero,Cosenza,CM,Europe,22,60,71,350000.0,11
F. Ugrinic,FC Luzern,CM,Europe,19,60,79,450000.0,19
M. Hausjell,FC Admira Wacker Mödling,RM,Europe,19,60,73,400000.0,13
N. Plume,VfL Sportfreunde Lotte,CDM,Europe,21,60,69,280000.0,9
J. Wind,FC København,ST,Europe,19,60,77,450000.0,17
G. Guiffrey,Gimnasia y Esgrima La Plata,CB,South_America,20,60,71,325000.0,11
L. Woolfenden,Swindon Town,LCB,Europe,19,60,70,280000.0,10
T. Buhagiar,Sydney FC,CAM,Oceania,20,60,72,375000.0,12
J. Cacciabue,Newell's Old Boys,RDM,South_America,20,60,71,350000.0,11
Z. Brault-Guillard,Olympique Lyonnais,RB,North_America,19,60,74,400000.0,14
J. Ebot-Etchi,VfL Sportfreunde Lotte,RB,Europe,22,60,67,240000.0,7
C. Ojeda,Club Atlético Talleres,LW,South_America,19,60,77,450000.0,17
Kim Gyeong Min,Jeonnam Dragons,ST,Asia,21,60,70,350000.0,10
J. David,Hamburger SV,CDM,Europe,18,60,79,375000.0,19
T. Almada,Vélez Sarsfield,ST,South_America,17,60,80,400000.0,20
M. Acikgöz,Beşiktaş JK,CM,Europe,18,60,73,375000.0,13
F. Buntić,FC Ingolstadt 04,GK,Europe,21,60,70,260000.0,10
M. Ashimeru,FC St. Gallen,LCM,Africa,20,60,74,450000.0,14
R. Lauwers,Willem II,CAM,Europe,19,60,72,350000.0,12
Sebas Moyano,Córdoba CF,RM,Europe,21,60,73,400000.0,13
S. McLoughlin,Cork City,LCB,Europe,21,60,73,350000.0,13
D. Fitz,FK Austria Wien,CAM,Europe,19,60,78,450000.0,18
B. Nordström,IFK Göteborg,LWB,Europe,22,60,69,270000.0,9
M. Sarkaria,FK Austria Wien,CAM,Europe,21,60,69,325000.0,9
F. Sachpekidis,Kalmar FF,LM,Europe,20,60,72,375000.0,12
M. Mølvadgaard,Randers FC,ST,Europe,18,60,73,375000.0,13
M. Grødem,Vålerenga Fotball,LM,Europe,19,60,72,350000.0,12
M. Merghem,La Berrichonne de Châteauroux,LW,Europe,20,60,69,325000.0,9
B. Galván,Club Atlético Colón,ST,South_America,17,60,77,425000.0,17
C. Jacob,Stade Brestois 29,CB,Europe,21,60,70,290000.0,10
J. Pereyra,Rosario Central,CM,South_America,19,60,77,450000.0,17
J. Hou Sæter,Stabæk Fotball,RM,Europe,20,60,75,450000.0,15
S. Lebus,Unión de Santa Fe,RM,South_America,22,60,70,325000.0,10
M. Dimun,Cracovia,CDM,Europe,21,60,73,350000.0,13
E. Cantú,Monterrey,CM,North_America,19,60,72,350000.0,12
Y. Fekir,Olympique Lyonnais,LW,Europe,21,60,72,375000.0,12
S. Laiton,AJ Auxerre,GK,Europe,18,60,82,400000.0,22
D. Choinière,Montreal Impact,LM,North_America,21,60,68,300000.0,8
M. Crowe,Preston North End,GK,Europe,22,60,68,230000.0,8
D. Fernández,Deportes Iquique,CM,South_America,20,60,67,290000.0,7
G. Gori,Foggia,ST,Europe,19,60,75,450000.0,15
C. McCarthy,Cork City,CB,Europe,20,60,69,280000.0,9
D. O'Shea,Exeter City,CB,Europe,19,60,72,325000.0,12
Yeun Jong Gyu,FC Seoul,LM,Asia,20,60,74,400000.0,14
M. Krauß,SpVgg Unterhaching,RW,Europe,21,60,69,325000.0,9
S. Nigro,Brisbane Roar,LB,Oceania,21,60,69,280000.0,9
S. Lavery,Everton,ST,Europe,19,60,76,450000.0,16
K. Bennetts,Borussia Mönchengladbach,LM,Europe,19,60,78,450000.0,18
M. Zeidan,IF Brommapojkarna,CM,Europe,20,60,71,350000.0,11
T. Pukhov,PFC CSKA Moscow,CAM,Europe,20,60,71,350000.0,11
N. Fadiga,Club Brugge KV,CAM,Europe,18,60,79,425000.0,19
H. Gueye,Chamois Niortais Football Club,CB,Africa,19,60,74,400000.0,14
M. Cerofolini,Cosenza,GK,Europe,19,60,79,375000.0,19
V. Theocharis,Panathinaikos FC,CM,Europe,19,60,70,325000.0,10
K. Yamga,La Berrichonne de Châteauroux,ST,Europe,21,60,69,325000.0,9
L. Bätge,FC Würzburger Kickers,GK,Europe,20,60,70,260000.0,10
F. Rohner,FC Zürich,RM,Europe,19,60,76,450000.0,16
M. García,Deportivo Pasto,RM,South_America,19,60,69,300000.0,9
L. Valenti,Club Atlético Lanús,CB,South_America,19,60,75,400000.0,15
J. Sinisterra,Club Atlético Lanús,LW,South_America,19,60,73,400000.0,13
C. Chastang,Clermont Foot 63,CDM,Europe,20,60,67,250000.0,7
C. Lewis,Scunthorpe United,CAM,Oceania,21,60,70,325000.0,10
A. Canbaz,Eintracht Braunschweig,LW,Europe,20,60,74,450000.0,14
M. Berden,Vitesse,RW,Europe,20,60,70,325000.0,10
A. Pattison,Yeovil Town,LCM,Europe,20,60,69,325000.0,9
O. Zanzala,Accrington Stanley,LS,Africa,21,60,70,350000.0,10
J. Kabongo,Brøndby IF,CB,Europe,20,60,72,325000.0,12
D. Gojko,Piast Gliwice,RM,Europe,20,60,68,300000.0,8
Park Chang Jun,Gangwon FC,RB,Asia,21,60,68,260000.0,8
M. Hingerl,SG Sonnenhof Großaspach,CM,Europe,22,60,69,325000.0,9
J. Chicco,Boca Juniors,CDM,South_America,20,60,76,425000.0,16
H. Tijanovich,Gimnasia y Esgrima La Plata,LS,South_America,22,60,69,325000.0,9
N. Fröling,Kalmar FF,LS,Europe,18,60,73,375000.0,13
P. Ng,Crewe Alexandra,LCB,Europe,22,60,69,280000.0,9
K. Miś,Wisła Płock,LB,Europe,22,60,66,240000.0,6
S. Asta,FC Augsburg,RB,Europe,17,60,81,400000.0,21
A. Verda,Querétaro,ST,North_America,19,60,76,450000.0,16
A. Pululu,FC Basel 1893,ST,Africa,19,60,76,450000.0,16
R. Browne,Yeovil Town,LM,North_America,22,60,65,280000.0,5
S. Doumbia,Grasshopper Club Zürich,LB,Africa,21,60,70,290000.0,10
N. Mbouhom,Eintracht Frankfurt,CF,Africa,19,60,72,375000.0,12
J. Morsay,GIF Sundsvall,RW,Europe,20,60,70,325000.0,10
C. Siya,DSC Arminia Bielefeld,CM,Europe,19,60,74,450000.0,14
Yun Ji Hyeok,Jeonbuk Hyundai Motors,CB,Asia,20,60,74,425000.0,14
J. Dörfler,KFC Uerdingen 05,RM,Europe,21,60,67,290000.0,7
G. Bakırbaş,Göztepe SK,GK,Europe,22,60,66,210000.0,6
M. Balcılar,Çaykur Rizespor,ST,Europe,22,60,68,300000.0,8
C. Miller,Dundee FC,LM,Europe,20,60,74,400000.0,14
A. Lajami,Al Fateh,LCB,Asia,22,60,73,350000.0,13
P. Soko,Club Atlas,RM,Africa,20,60,69,325000.0,9
M. Camara,AS Saint-Étienne,CM,Europe,20,60,70,325000.0,10
J. Álvarez,River Plate,ST,South_America,18,60,80,425000.0,20
A. Nesbitt,Milton Keynes Dons,LM,Europe,21,60,74,450000.0,14
B. Şen,Galatasaray SK,GK,Europe,19,60,76,375000.0,16
J. Mendive,Club Atlético Huracán,GK,South_America,21,60,69,240000.0,9
D. Hume,Sunderland,LB,Europe,21,60,70,290000.0,10
E. Besea,Frosinone,CM,Africa,21,60,72,375000.0,12
F. Núñez,Godoy Cruz,RM,South_America,22,60,69,325000.0,9
E. Dahl Reitan,Rosenborg BK,RB,Europe,20,60,74,400000.0,14
A. Bianchimano,Perugia,ST,Europe,21,60,70,350000.0,10
J. Vreman,De Graafschap,CB,Europe,20,60,69,280000.0,9
C. Torres,Club León,CB,North_America,22,60,70,290000.0,10
R. Dickie,Oxford United,LCB,Europe,22,60,68,260000.0,8
Pablo Ramón,RCD Mallorca,CB,Europe,17,60,81,400000.0,21
G. Güney,Galatasaray SK,CDM,Europe,19,60,77,400000.0,17
Sergio Moreno,Rayo Vallecano,ST,Europe,19,60,73,400000.0,13
G. Vrioni,Venezia FC,ST,Europe,19,60,70,325000.0,10
W. Tchimbembé,ESTAC Troyes,RM,Europe,20,60,74,450000.0,14
P. Pusic,Grasshopper Club Zürich,RCM,Europe,19,60,72,350000.0,12
I. Rojas,Envigado FC,CDM,South_America,20,60,71,325000.0,11
B. Sissoko,ESTAC Troyes,CB,Europe,20,60,71,325000.0,11
S. Paintsil,FC Admira Wacker Mödling,LM,Africa,22,60,66,280000.0,6
E. Amenyido,VfL Osnabrück,ST,Europe,20,60,71,350000.0,11
R. Charles-Cook,Gillingham,CAM,Europe,21,60,68,300000.0,8
M. Heinrich,SC Preußen Münster,LM,Europe,20,60,68,300000.0,8
A. Erlingmark,IFK Göteborg,LCM,Europe,20,60,69,325000.0,9
G. Jones,Fleetwood Town,LB,Europe,22,60,69,270000.0,9
T. Tillman,1. FC Nürnberg,CAM,Europe,19,60,78,450000.0,18
K. Khosonov,PFC CSKA Moscow,CM,Europe,20,60,72,375000.0,12
A. Bamba,Paris FC,CB,Africa,18,60,79,375000.0,19
C. Ilic,TSV Hartberg,LB,Europe,21,60,67,250000.0,7
B. Gyamfi,Benevento,RB,Africa,22,60,67,240000.0,7
Daniel Rebollo,Real Betis,GK,Europe,18,60,74,350000.0,14
Adrià Arjona,CF Reus Deportiu,CM,Europe,22,60,67,290000.0,7
M. Choinière,Montreal Impact,CAM,North_America,19,60,75,450000.0,15
N. Sukacev,Grasshopper Club Zürich,RM,Europe,20,60,75,450000.0,15
D. Vokic,Zagłębie Sosnowiec,RDM,Europe,22,60,67,250000.0,7
R. D'Haese,KV Oostende,LM,Europe,19,60,72,350000.0,12
S. Seth,Yeni Malatyaspor,RB,Africa,20,60,72,325000.0,12
I. Ogbu,Rosenborg BK,CB,Africa,18,60,73,325000.0,13
T. Ivanof,KV Kortrijk,CAM,Europe,20,60,69,325000.0,9
C. González,Club Atlas,RB,North_America,20,60,72,325000.0,12
B. Öztürk,Antalyaspor,CB,Europe,22,60,69,280000.0,9
M. Fischer,SCR Altach,RCM,Europe,22,60,67,290000.0,7
L. Malagón,Monarcas Morelia,GK,North_America,21,60,72,290000.0,12
M. Drawz,Hamburger SV,ST,Europe,19,60,75,450000.0,15
Z. Medley,Arsenal,CB,Europe,17,60,78,375000.0,18
R. Sallinger,TSV Hartberg,GK,Europe,22,60,67,210000.0,7
L. Fraser,Toronto FC,CDM,North_America,20,60,75,425000.0,15
J. van Benthem,Heracles Almelo,CB,Europe,19,60,71,300000.0,11
Álvaro García,Albacete BP,CM,Europe,18,60,76,425000.0,16
C. Ainley,Crewe Alexandra,RM,Europe,20,60,75,450000.0,15
A. Bodart,Standard de Liège,GK,Europe,20,60,71,280000.0,11
N. Bazzana,Estudiantes de La Plata,CB,South_America,22,60,68,260000.0,8
M. Bleve,Lecce,GK,Europe,22,60,70,260000.0,10
M. Molina,Independiente,ST,South_America,18,60,77,425000.0,17
M. Behrens,Hamburger SV,GK,Europe,21,60,70,260000.0,10
M. Boudjemaa,En Avant de Guingamp,CDM,Europe,20,60,75,425000.0,15
G. Nyamsi,Stade Rennais FC,CB,Europe,21,60,70,290000.0,10
E. Reijnders,PEC Zwolle,LM,Europe,17,60,77,400000.0,17
C. McDermott,Derry City,RB,Europe,20,60,74,400000.0,14
E. Andersson,Trelleborgs FF,CM,Europe,21,60,71,350000.0,11
I. Kanu,Port Vale,ST,Europe,18,60,75,425000.0,15
A. Majrashi,Al Ahli,CDM,Asia,20,60,72,325000.0,12
T. Conlon,Port Vale,LCM,Europe,22,60,64,270000.0,4
A. Purzycki,Miedź Legnica,RCM,Europe,20,60,68,270000.0,8
M. Maranda,FC Wacker Innsbruck,LCB,Europe,20,60,69,280000.0,9
Gori López,CF Reus Deportiu,CM,Europe,19,60,72,350000.0,12
E. Bullaude,Godoy Cruz,ST,South_America,17,60,75,425000.0,15
D. Barlaser,Accrington Stanley,RCM,Europe,21,60,74,450000.0,14
D. Camacho,La Equidad,CM,South_America,21,60,73,400000.0,13
S. Cosgrove,Aberdeen,ST,Europe,21,60,70,350000.0,10
B. Garré,Manchester City,LW,South_America,17,60,78,400000.0,18
J. Jones,Crewe Alexandra,RCM,Europe,22,60,70,325000.0,10
S. Bougrine,Paris FC,CM,Africa,21,60,69,325000.0,9
C. Calderón,Club Atlas,LB,North_America,21,60,73,350000.0,13
F. Juárez,Club Atlético Talleres,CM,South_America,19,60,73,375000.0,13
Cristian Rodríguez,Atlético Madrid,CAM,Europe,22,60,70,325000.0,10
J. Yarney,Morecambe,RCB,Europe,20,60,71,325000.0,11
U. Tezel,SC Preußen Münster,RB,Europe,21,60,69,280000.0,9
A. Camara,KV Kortrijk,CB,Africa,20,60,69,280000.0,9
R. Jendrusch,FC Erzgebirge Aue,GK,Europe,22,60,66,210000.0,6
M. Demir,Hannover 96,LM,Europe,20,60,73,400000.0,13
J. Borgmann,SC Preußen Münster,LCB,Europe,20,60,67,250000.0,7
D. Esmel,1. FC Kaiserslautern,LW,Africa,20,60,72,375000.0,12
R. Husić,VfR Aalen,GK,Europe,22,60,69,240000.0,9
V. Arboleda,Portland Timbers,RW,South_America,21,60,72,375000.0,12
G. Mells,Fortuna Sittard,CM,Oceania,21,60,69,325000.0,9
Z. Grich,Chamois Niortais Football Club,LM,Europe,22,60,65,280000.0,5
A. May,Portsmouth,CM,Europe,20,60,71,350000.0,11
C. Maghoma,Arka Gdynia,CB,Africa,20,60,65,240000.0,5
M. Sorensen,Brentford,CB,Europe,19,60,75,400000.0,15
B. Morris,Forest Green Rovers,ST,Europe,18,60,77,425000.0,17
P. Mbodji,Getafe CF,CM,Africa,20,60,70,325000.0,10
S. Al Najai,Al Nassr,CDM,Asia,21,60,69,280000.0,9
D. Margush,Adelaide United,GK,Oceania,20,60,72,290000.0,12
M. Bokoum,AS Béziers,LM,Europe,18,60,71,325000.0,11
L. Cruz,Tigres U.A.N.L.,ST,North_America,21,60,72,375000.0,12
R. Escobar,Audax Italiano,CB,South_America,20,60,75,425000.0,15
A. Al Shammary,Al Shabab,LM,Asia,22,60,69,325000.0,9
F. Krüger,FC Erzgebirge Aue,ST,Europe,19,60,73,400000.0,13
H. Heath,Minnesota United FC,CM,Europe,22,60,65,270000.0,5
W. Boyle,Cheltenham Town,LCB,Europe,22,60,67,250000.0,7
A. Rodríguez,Newell's Old Boys,ST,South_America,22,60,71,350000.0,11
T. Domgjoni,FC Zürich,CM,Europe,19,60,75,450000.0,15
M. Bola,Blackpool,LWB,Europe,20,60,70,290000.0,10
S. Smith,Oxford United,ST,Europe,20,60,74,450000.0,14
B. Ashley-Seal,Wolverhampton Wanderers,ST,Europe,19,60,76,450000.0,16
S. Fujitani,Vissel Kobe,RB,Asia,20,60,67,250000.0,7
Sergi Álamo,Girona FC,LB,Europe,20,60,73,350000.0,13
A. Ćatić,PSV,RW,Europe,19,60,75,450000.0,15
A. Akinola,Toronto FC,ST,North_America,18,60,79,425000.0,19
K. Monlouis,Hamilton Academical FC,CM,Europe,22,60,70,325000.0,10
A. Anastasio,Cosenza,LB,Europe,21,60,70,290000.0,10
B. Njie,Odds BK,RW,Europe,20,60,72,375000.0,12
V. Millico,Torino,LW,Europe,17,60,78,400000.0,18
N. Husin,Notts County,CM,Asia,21,60,71,350000.0,11
D. Salazar,CD O'Higgins,ST,South_America,19,60,75,450000.0,15
V. Drchal,Sparta Praha,ST,Europe,18,60,76,425000.0,16
J. Caraballo,CD Huachipato,RM,South_America,22,60,69,325000.0,9
A. Chrzanowski,Lechia Gdańsk,CB,Europe,19,60,71,300000.0,11
T. Clarke,Shamrock Rovers,LB,Europe,20,60,74,400000.0,14
F. Carstens,FC St. Pauli,CB,Europe,19,60,71,300000.0,11
G. Scalera,Pescara,RB,Europe,20,60,71,300000.0,11
N. Arena,Vélez Sarsfield,CB,South_America,20,60,71,325000.0,11
S. Marasovic,Olympique de Marseille,CAM,Europe,20,60,74,450000.0,14
R. Boultam,US Cremonese,CM,Europe,20,60,74,450000.0,14
G. Giannoutsos,AEK Athens,LB,Europe,19,60,72,325000.0,12
L. Plogmann,SV Werder Bremen,GK,Europe,18,60,81,400000.0,21
A. Davies,Fulham,CB,Europe,20,60,71,325000.0,11
S. Adrian,Malmö FF,CM,Europe,20,60,72,375000.0,12
T. Archibald,Forest Green Rovers,LM,Europe,20,60,74,450000.0,14
C. McGrandles,Milton Keynes Dons,CM,Europe,22,60,69,325000.0,9
A. Rufer,Wellington Phoenix,RCM,Oceania,22,59,66,220000.0,7
N. Kirby,Crystal Palace,CAM,Europe,18,59,79,325000.0,20
E. Mena,Patriotas Boyacá FC,RM,South_America,20,59,72,300000.0,13
M. Haarup,Hobro IK,LB,Europe,22,59,68,200000.0,9
R. Grego-Cox,Crawley Town,ST,Europe,21,59,68,240000.0,9
R. Broom,Cheltenham Town,RWB,Europe,21,59,66,220000.0,7
M. Özvardar,Sivasspor,ST,Europe,20,59,70,270000.0,11
A. Siemaszko,Zagłębie Lubin,ST,Europe,21,59,66,220000.0,7
B. Breukers,Fortuna Sittard,CM,Europe,19,59,69,240000.0,10
G. Kılıç,1. FC Heidenheim 1846,LM,Europe,18,59,76,325000.0,17
Iván Martos,UD Almería,LB,Europe,21,59,71,240000.0,12
D. O'Halloran,Waterford FC,LM,Europe,22,59,68,240000.0,9
G. McEachran,Chelsea,CAM,Europe,17,59,81,350000.0,22
N. Mekonnen,RB Leipzig,CDM,Europe,18,59,75,290000.0,16
L. Wedl,FC Wacker Innsbruck,GK,Europe,22,59,67,170000.0,8
C. Hall,Accrington Stanley,ST,Europe,20,59,74,350000.0,15
L. Pfeiffer,VfL Osnabrück,ST,Europe,21,59,67,230000.0,8
D. Markey,St. Patrick's Athletic,CAM,Europe,21,59,70,270000.0,11
J. Schuurman,Vitesse,CDM,Europe,20,59,69,220000.0,10
J. Stanic,FC Augsburg,CB,Europe,19,59,73,300000.0,14
Joo Hyun Ho,Suwon Samsung Bluewings,LW,Asia,22,59,68,240000.0,9
A. de Jong,Free Agent,CAM,Oceania,21,59,67,0.0,8
W. Sietsma,Milton Keynes Dons,GK,Europe,22,59,68,180000.0,9
C. Jordan,Bournemouth,CB,Europe,19,59,73,300000.0,14
Óscar Gil,Elche CF,RB,Europe,20,59,69,220000.0,10
S. Matthews,Bristol Rovers,CM,Europe,21,59,67,230000.0,8
O. Patrick,Yeovil Town,ST,Europe,22,59,69,250000.0,10
L. Kryeziu,FC Lugano,ST,Europe,19,59,74,325000.0,15
J. Lyden,Oldham Athletic,CM,Oceania,22,59,69,250000.0,10
K. Hansen,Southampton,CAM,Europe,17,59,72,270000.0,13
B. Sabovic,Djurgårdens IF,CM,Europe,20,59,68,240000.0,9
F. Irie,KSV Cercle Brugge,CAM,Africa,20,59,70,270000.0,11
S. Sosa,River Plate,CDM,South_America,19,59,74,300000.0,15
Oleaga,Athletic Club de Bilbao,GK,Europe,21,59,68,180000.0,9
J. Kristoffersen,Hobro IK,ST,Europe,21,59,66,220000.0,7
F. Şimşek,Çaykur Rizespor,LM,Europe,20,59,74,350000.0,15
M. Smith,Swindon Town,CM,Europe,22,59,66,220000.0,7
M. Čović,Hertha BSC,RM,Europe,20,59,76,350000.0,17
M. Fonseca,Patronato,ST,South_America,22,59,68,240000.0,9
Y. Roemer,VVV-Venlo,ST,Europe,16,59,75,300000.0,16
Jeong Seung Won,Daegu FC,RCM,Asia,21,59,72,300000.0,13
M. Šverko,Karlsruher SC,LB,Europe,20,59,73,300000.0,14
R. Marín,Club Necaxa,ST,North_America,20,59,76,350000.0,17
N. Baumann,FC Lugano,GK,Europe,22,59,67,170000.0,8
M. Kamenz,FSV Zwickau,GK,Europe,19,59,65,150000.0,6
K. Sidibé,Toulouse Football Club,CDM,Europe,19,59,74,300000.0,15
K. Grabara,Liverpool,GK,Europe,19,59,76,280000.0,17
T. Weiner,Holstein Kiel,GK,Europe,19,59,72,230000.0,13
O. Al Khalaf,Ettifaq FC,CDM,Asia,21,59,70,240000.0,11
V. Kušej,SG Dynamo Dresden,CF,Europe,18,59,77,325000.0,18
F. Manzo,Unión La Calera,CAM,South_America,19,59,68,230000.0,9
B. Chorbadzhiyski,Free Agent,RCB,Europe,22,59,69,0.0,10
A. Sissoko,Clermont Foot 63,RB,Europe,21,59,69,220000.0,10
D. Olsson,IF Elfsborg,GK,Europe,21,59,69,190000.0,10
P. McClean,Sligo Rovers,CB,Europe,21,59,71,250000.0,12
D. Horkaš,Dinamo Zagreb,GK,Europe,19,59,69,190000.0,10
S. Sidler,FC Luzern,LB,Europe,19,59,72,260000.0,13
C. Kühlwetter,1. FC Kaiserslautern,LM,Europe,22,59,67,230000.0,8
A. Busti,Free Agent,GK,North_America,18,59,77,0.0,18
A. Mitchell,Free Agent,CB,Oceania,22,59,67,0.0,8
E. Robson,Sunderland,CM,Europe,21,59,70,260000.0,11
Moon Jeong In,Ulsan Hyundai FC,GK,Asia,20,59,70,210000.0,11
A. Gamboa,Waasland-Beveren,CB,North_America,19,59,72,260000.0,13
E. Henschel,Hallescher FC,RM,Europe,21,59,69,250000.0,10
J. Abbel,Willem II,LB,Europe,19,59,70,220000.0,11
A. Al Amri,Al Wehda,CB,Asia,21,59,69,220000.0,10
Han Seung Wook,Jeonnam Dragons,CAM,Asia,22,59,68,240000.0,9
C. Manley,Minnesota United FC,RB,North_America,22,59,69,220000.0,10
J. Peñaloza,SD Huesca,RW,South_America,18,59,77,325000.0,18
D. Martinović,SV Wehen Wiesbaden,ST,Europe,21,59,67,230000.0,8
T. Müsel,Borussia Mönchengladbach,ST,Europe,18,59,76,325000.0,17
E. Coronel,Club Atlético Banfield,RB,South_America,21,59,67,200000.0,8
W. Ditta,Junior FC,CB,South_America,21,59,68,210000.0,9
R. Sykes,Accrington Stanley,CB,Europe,19,59,72,260000.0,13
P. Kucharczyk,Śląsk Wrocław,CB,Europe,21,59,62,170000.0,3
P. Bucha,Viktoria Plzeň,CM,Europe,20,59,68,240000.0,9
J. Wrąbel,Śląsk Wrocław,GK,Europe,22,59,69,190000.0,10
B. Wilmot,Watford,CB,Europe,18,59,79,290000.0,20
Iván Jaime,Málaga CF,CM,Europe,17,59,74,300000.0,15
Oh Inpyo,LASK Linz,CAM,Asia,21,59,67,230000.0,8
R. Ariza,Alianza Petrolera,LM,South_America,20,59,65,220000.0,6
N. Tenaglia,Club Atlético Talleres,RB,South_America,22,59,69,220000.0,10
J. Meier,FC Bayern München,LB,Europe,18,59,75,290000.0,16
B. Goller,FC Schalke 04,RW,Europe,19,59,75,325000.0,16
C. Mitchell,St. Johnstone FC,GK,Europe,22,59,65,160000.0,6
K. Taylor,Bournemouth,CAM,Europe,18,59,72,280000.0,13
M. Baghdadi,Bristol Rovers,LM,Europe,21,59,67,230000.0,8
K. Kaïboue,Montpellier HSC,CDM,Europe,19,59,71,240000.0,12
V. Burgoa,Godoy Cruz,LCM,South_America,17,59,74,300000.0,15
S. Tigges,VfL Osnabrück,RM,Europe,19,59,69,240000.0,10
A. Lewis,Swansea City,LB,Europe,20,59,76,300000.0,17
O. Bertel,Millonarios FC,LB,South_America,21,59,67,200000.0,8
J. Bridge,Northampton Town,LM,Europe,22,59,67,230000.0,8
L. Zigi,FC Sochaux-Montbéliard,GK,Africa,21,59,69,190000.0,10
Raúl Sánchez,CD Leganés,LM,Europe,20,59,70,270000.0,11
A. Önal,MKE Ankaragücü,ST,Europe,22,59,68,240000.0,9
A. Casco,Club Atlético Huracán,LM,South_America,21,59,66,220000.0,7
Che Shiwei,Hebei China Fortune FC,RM,Asia,21,59,70,270000.0,11
F. Bjørkan,FK Bodø/Glimt,LB,Europe,19,59,67,190000.0,8
V. Wojtkowiak,Racing Club de Lens,CB,Europe,21,59,71,250000.0,12
G. Verón,Argentinos Juniors,ST,South_America,17,59,79,300000.0,20
R. Meraz,Monarcas Morelia,CDM,North_America,18,59,71,230000.0,12
C. Wood,Bradford City,LB,Europe,21,59,70,230000.0,11
A. Kecskés,FC Lugano,CB,Europe,22,59,67,200000.0,8
Sergio Gónzalez,Cádiz CF,CB,Europe,21,59,66,190000.0,7
W. Burger,Feyenoord,CM,Europe,17,59,79,300000.0,20
A. Hernández,U.N.A.M.,ST,North_America,20,59,71,280000.0,12
A. Hadzic,IK Start,CM,Europe,19,59,73,325000.0,14
E. Sonupé,Stevenage,RM,Europe,22,59,66,220000.0,7
Alberto González,Córdoba CF,GK,Europe,21,59,67,170000.0,8
W. Patching,Notts County,CM,Europe,19,59,73,325000.0,14
J. Vergara Berrio,De Graafschap,CM,Europe,19,59,71,270000.0,12
D. Wright,Colchester United,CM,Europe,20,59,71,280000.0,12
E. Louro,New York Red Bulls,GK,North_America,22,59,67,170000.0,8
N. Konstandopoulos,Adelaide United,CM,Oceania,22,59,67,230000.0,8
S. Seferings,TSV 1860 München,CAM,Europe,22,59,63,200000.0,4
C. Estrada,Club América,GK,North_America,21,59,73,280000.0,14
I. El Kabbou,CF Reus Deportiu,ST,Africa,18,59,78,325000.0,19
F. López,Argentinos Juniors,RW,South_America,20,59,76,350000.0,17
T. van den Belt,PEC Zwolle,CM,Europe,17,59,74,300000.0,15
D. Rosin,VfL Sportfreunde Lotte,LM,Europe,22,59,71,280000.0,12
M. Lund,Odense Boldklub,CB,Europe,22,59,66,190000.0,7
M. Busi,Sporting de Charleroi,CB,Europe,18,59,72,250000.0,13
D. Chambost,AS Saint-Étienne,CAM,Europe,20,59,67,230000.0,8
A. Ceylan,SC Fortuna Köln,LM,Europe,20,59,70,270000.0,11
Samu Pérez,Real Valladolid CF,GK,Europe,21,59,68,180000.0,9
N. Okafor,FC Basel 1893,LM,Europe,18,59,79,325000.0,20
S. Briñone,Patronato,CDM,South_America,21,59,68,210000.0,9
O. Ökke,Yeni Malatyaspor,CM,Europe,22,59,68,240000.0,9
A. Lotti,Unión de Santa Fe,ST,South_America,22,59,68,240000.0,9
E. Lara,Club León,LB,North_America,18,59,75,290000.0,16
N. Ofoborh,Bournemouth,CDM,Africa,18,59,75,290000.0,16
J. Sotirio,Western Sydney Wanderers,RW,Oceania,22,59,66,220000.0,7
B. Provoste,Colo-Colo,CAM,South_America,18,59,79,325000.0,20
F. Brorsson,Trelleborgs FF,LS,Europe,21,59,69,260000.0,10
T. Hadler,Gillingham,GK,Europe,21,59,64,150000.0,5
R. Goteni,ESTAC Troyes,CDM,Africa,22,59,64,180000.0,5
A. Ikedi,FK Haugesund,CDM,Africa,19,59,72,260000.0,13
J. Díaz Price,Club León,LM,North_America,19,59,70,260000.0,11
M. Šarkić,Aston Villa,GK,Europe,20,59,67,170000.0,8
P. Sussek,FC Ingolstadt 04,CAM,Europe,18,59,75,325000.0,16
K. Pytlik,VfL Sportfreunde Lotte,CB,Europe,20,59,66,190000.0,7
N. Alioui,KSV Cercle Brugge,LM,Europe,19,59,72,290000.0,13
A. Racioppi,Olympique Lyonnais,GK,Europe,19,59,76,280000.0,17
J. Cataldi,Gimnasia y Esgrima La Plata,RM,South_America,19,59,75,325000.0,16
S. Kaya,Göztepe SK,ST,Europe,22,59,68,240000.0,9
C. Veerachat,Cerezo Osaka,CM,Asia,22,59,63,200000.0,4
R. Rösch,FC Augsburg,CAM,Europe,19,59,72,290000.0,13
J. Maguire,Crawley Town,LB,Europe,22,59,66,180000.0,7
A. Romero,Pachuca,GK,North_America,20,59,74,280000.0,15
M. Segbers,New England Revolution,RB,North_America,22,59,68,200000.0,9
A. Çelebi,Beşiktaş JK,CB,Europe,19,59,73,300000.0,14
F. Arhin,Östersunds FK,CAM,Africa,19,59,71,270000.0,12
E. Opoku,Columbus Crew SC,RM,Africa,20,59,69,250000.0,10
T. Wiesner,Fortuna Düsseldorf,GK,Europe,21,59,69,190000.0,10
L. Mandeville,Morecambe,RM,Europe,21,59,69,250000.0,10
K. Ødemarksbakken,Lillestrøm SK,LM,Europe,22,59,67,230000.0,8
H. Sarpei,VfB Stuttgart,CDM,Africa,19,59,71,240000.0,12
I. Aliseda,Defensa y Justicia,LM,South_America,18,59,75,325000.0,16
F. Dahmen,1. FSV Mainz 05,GK,Europe,20,59,71,220000.0,12
K. Irep,Le Havre AC,LB,Europe,22,59,67,190000.0,8
P. Menzel,VfL Wolfsburg,GK,Europe,19,59,75,280000.0,16
D. Fontani,Chamois Niortais Football Club,CB,Europe,21,59,65,180000.0,6
A. Nava,Club Tijuana,CM,North_America,18,59,76,325000.0,17
G. Della Bernardina,Cittadella,CB,Europe,19,59,74,300000.0,15
E. Alvarado,Club Tijuana,CM,North_America,20,59,69,250000.0,10
A. McGowan,Hamilton Academical FC,RB,Europe,21,59,69,220000.0,10
João Virgínia,Everton,GK,Europe,18,59,76,260000.0,17
Y. Mabella,AS Nancy Lorraine,ST,Europe,22,59,68,240000.0,9
R. Hale,Derry City,RM,Europe,19,59,76,325000.0,17
E. Embleton,Grimsby Town,RM,Europe,19,59,76,325000.0,17
N. Nasseri,Gillingham,CAM,Europe,21,59,65,220000.0,6
C. Elva,FC Würzburger Kickers,RW,North_America,21,59,64,210000.0,5
V. Stenzel,FC Carl Zeiss Jena,RM,Europe,21,59,65,220000.0,6
A. Mumin,FC Nordsjælland,CB,Africa,20,59,70,240000.0,11
Paulo Alves,Wolverhampton Wanderers,CM,Europe,20,59,70,260000.0,11
Y. Armougom,Stade Malherbe Caen,LB,Europe,20,59,73,300000.0,14
T. Kucz,Bayer 04 Leverkusen,GK,Europe,18,59,75,260000.0,16
S. Sy,Amiens SC,LB,Europe,19,59,71,240000.0,12
M. McKee,Stevenage,CM,Europe,19,59,71,270000.0,12
T. Yanagi,FC Tokyo,RB,Asia,20,59,71,240000.0,12
J. Bekkema,SC Heerenveen,GK,Europe,22,59,67,170000.0,8
A. Al Yami,Al Fayha,ST,Asia,21,59,71,280000.0,12
J. Bednarczyk,Bayer 04 Leverkusen,LM,Europe,19,59,77,325000.0,18
G. Quezada,CD Lugo,CM,South_America,21,59,67,230000.0,8
M. Fallatah,Al Hilal,CM,Asia,22,59,69,250000.0,10
F. Agu,VfL Osnabrück,LB,Europe,18,59,73,290000.0,14
R. Polley,ADO Den Haag,RB,Europe,19,59,71,240000.0,12
I. Chair,Queens Park Rangers,CAM,Europe,20,59,72,300000.0,13
I. Khemis,Doncaster Rovers,CM,Africa,22,59,69,250000.0,10
O. Brynhildsen,Stabæk Fotball,RM,Europe,19,59,78,325000.0,19
R. Al Hafizi,Ohod Club,LM,Asia,22,59,67,230000.0,8
M. Rosas,Universidad Católica,RW,South_America,20,59,74,350000.0,15
J. Torres,Atlético Bucaramanga,CDM,South_America,21,59,74,300000.0,15
M. Quiñones,Deportivo Pasto,LB,South_America,22,59,64,170000.0,5
R. Keskin,Bursaspor,CDM,Europe,19,59,68,200000.0,9
J. Shipley,Coventry City,LM,Europe,20,59,69,250000.0,10
L. Fadinger,SK Sturm Graz,CAM,Europe,17,59,72,270000.0,13
P. Gómez,Puebla FC,LM,South_America,20,59,71,280000.0,12
M. Kudus,FC Nordsjælland,CF,Africa,17,59,79,300000.0,20
L. Ndenbe,KV Oostende,LB,Europe,18,59,74,290000.0,15
Dai Wai-Tsun,Oxford United,CM,Asia,18,59,71,250000.0,12
M. Virtue,Liverpool,CDM,Europe,21,59,71,250000.0,12
M. Curry,Middlesbrough,ST,Europe,18,59,76,325000.0,17
L. Weinkauf,Hannover 96,GK,Europe,21,59,71,220000.0,12
T. Wiesner,Sparta Praha,RB,Europe,20,59,68,210000.0,9
C. Holse,FC København,RM,Europe,19,59,76,325000.0,17
S. Vidal,Red Star FC,RM,Europe,22,59,66,220000.0,7
M. Kelly,Bristol Rovers,LB,Europe,20,59,68,210000.0,9
H. Andersson,Malmö FF,CB,Europe,19,59,74,300000.0,15
T. Klupś,Lech Poznań,RM,Europe,18,59,76,325000.0,17
K. O'Hara,Macclesfield Town,GK,Europe,22,59,68,180000.0,9
T. Mølgaard,Vejle Boldklub,RWB,Europe,21,59,67,200000.0,8
S. Singh,Free Agent,CB,Asia,22,59,65,0.0,6
Obama,Atlético Madrid,ST,Europe,18,59,79,325000.0,20
N. Bazan,Vélez Sarsfield,ST,South_America,19,59,69,250000.0,10
Y. Takaoka,Sagan Tosu,GK,Asia,22,59,66,160000.0,7
S. Kodama,Nagoya Grampus,LM,Asia,19,59,69,240000.0,10
A. Thapa,Free Agent,LCM,Asia,20,59,71,0.0,12
S. Farhan,Al Raed,LDM,Asia,21,59,71,250000.0,12
Yoo Ji Ha,Pohang Steelers,CB,Asia,19,59,74,300000.0,15
K. Huntelaar,De Graafschap,CM,Europe,19,59,70,260000.0,11
J. Atanasov,Bursaspor,CDM,Europe,18,59,76,290000.0,17
K. Leidsman,De Graafschap,ST,Europe,19,59,69,250000.0,10
M. Spasic,FC Admira Wacker Mödling,LB,Europe,20,59,67,200000.0,8
D. Bajselmani,PEC Zwolle,RB,Europe,19,59,70,220000.0,11
E. Ferigra,Torino,CB,South_America,19,59,72,260000.0,13
A. Barreal,Vélez Sarsfield,RW,South_America,17,59,73,300000.0,14
F. Pasqualoni,Cosenza,CB,Europe,21,59,68,210000.0,9
L. Tempelmann,SC Freiburg,CM,Europe,19,59,75,325000.0,16
D. García,Gimnasia y Esgrima La Plata,ST,South_America,21,59,68,240000.0,9
M. Kadlec,FC Admira Wacker Mödling,CAM,Europe,18,59,75,325000.0,16
J. Muscatt,Bolton Wanderers,LB,Europe,20,59,69,220000.0,10
M. Daly,Huddersfield Town,CM,Europe,17,59,80,325000.0,21
T. De Bie,KV Oostende,GK,Europe,21,59,67,170000.0,8
E. Elizalde,Pescara,LB,South_America,18,59,79,290000.0,20
G. León,Deportivo Toluca,ST,North_America,18,59,74,325000.0,15
S. Çetin,Eintracht Frankfurt,CDM,Europe,17,59,80,300000.0,21
A. Urzi,Club Atlético Banfield,RM,South_America,18,59,76,325000.0,17
A. Al Saluli,Al Ittihad,CB,Asia,19,59,74,300000.0,15
A. Al Dawsari,Al Nassr,CDM,Asia,20,59,69,220000.0,10
E. Korkmaz,VVV-Venlo,CB,Europe,21,59,68,210000.0,9
J. Galetto,Patronato,RB,South_America,21,59,68,210000.0,9
O. Sail,Wellington Phoenix,GK,Oceania,22,59,67,170000.0,8
M. Hudson,Bury,GK,Europe,19,59,65,150000.0,6
N. Bizet,AJ Auxerre,ST,Europe,21,59,69,260000.0,10
Madger Gomes,FC Sochaux-Montbéliard,LCM,Europe,21,59,70,270000.0,11
Iker Goujón,CF Reus Deportiu,CM,Europe,18,59,75,325000.0,16
N. Anderton,Accrington Stanley,LB,Europe,22,59,69,220000.0,10
J. Bruhns,SC Fortuna Köln,GK,Europe,19,59,71,210000.0,12
E. Ybáñez,Argentinos Juniors,LB,South_America,19,59,70,220000.0,11
E. Karic,SCR Altach,LB,Europe,21,59,66,190000.0,7
J. Bolado,Godoy Cruz,GK,South_America,20,59,69,190000.0,10
L. Béland-Goyette,Montreal Impact,CM,North_America,22,59,64,200000.0,5
M. Hoxha,KV Kortrijk,CAM,Europe,18,59,72,280000.0,13
K. McFarlane,Birmingham City,ST,Europe,21,59,68,240000.0,9
F. Rieder,FC Wacker Innsbruck,CM,Europe,22,59,66,220000.0,7
C. Kpekawa,St. Mirren,CB,Europe,22,59,69,220000.0,10
C. Tiéhi,Le Havre AC,CDM,Africa,20,59,76,300000.0,17
T. Matthews,Borussia Dortmund,CAM,Africa,17,59,79,300000.0,20
C. Arroyave,Itagüí Leones FC,GK,South_America,22,59,67,170000.0,8
J. Heil,TSV Hartberg,RM,Europe,21,59,66,220000.0,7
A. Jakubiak,Bristol Rovers,ST,Europe,21,59,69,260000.0,10
K. Reaves,FC Dallas,CB,North_America,22,59,68,210000.0,9
V. Baume,Sporting de Charleroi,GK,Europe,21,59,68,180000.0,9
R. Morishita,Cerezo Osaka,CB,Asia,19,59,68,200000.0,9
G. Azzinnari,Cosenza,ST,Europe,17,59,83,350000.0,24
O. Drost,AC Horsens,LS,Europe,22,59,66,220000.0,7
G. Blackwood,Adelaide United,ST,Oceania,21,59,65,220000.0,6
M. Johansson,Trelleborgs FF,GK,Europe,19,59,72,230000.0,13
M. Clark,Port Vale,LB,Europe,19,59,69,210000.0,10
B. Mines,New York Red Bulls,RM,North_America,18,59,78,325000.0,19
C. Baker-Richardson,Swansea City,ST,Europe,22,59,67,230000.0,8
S. Akgün,BB Erzurumspor,CM,Europe,18,59,78,325000.0,19
M. Folivi,Watford,ST,Europe,20,59,74,350000.0,15
M. Rayman,Al Ittihad,LB,Asia,21,59,69,220000.0,10
B. Thomas-Asante,Milton Keynes Dons,LM,Europe,19,59,74,325000.0,15
Y. Begraoui,AJ Auxerre,ST,Europe,16,59,81,350000.0,22
Guille Lara,UD Almería,GK,Europe,22,59,71,220000.0,12
W. Wood,Accrington Stanley,LB,Europe,21,59,69,220000.0,10
N. Córdova,Unión Española,RB,South_America,20,59,73,300000.0,14
Kim Bo Seop,Incheon United FC,LW,Asia,20,59,71,280000.0,12
E. Celebi,1. FC Nürnberg,CB,Europe,18,59,74,290000.0,15
E. Dabo,Valenciennes FC,CB,Africa,22,59,66,190000.0,7
A. Collins,Colchester United,ST,Europe,21,59,67,230000.0,8
P. Kasim,IFK Göteborg,LM,Africa,21,59,70,270000.0,11
T. Abdullah,Al Ittihad,RB,Asia,22,59,68,200000.0,9
J. O'Doherty,Western Sydney Wanderers,LCM,Oceania,20,59,66,220000.0,7
Fernando Costanza,LOSC Lille,RB,South_America,19,59,74,300000.0,15
F. Lobos,Universidad de Chile,ST,South_America,19,59,74,325000.0,15
J. Serafin,Cracovia,CM,Europe,22,59,66,220000.0,7
C. O'Hare,Aston Villa,CAM,Europe,20,59,74,350000.0,15
M. Carreazo,Once Caldas,CM,South_America,20,59,69,250000.0,10
R. Aoki,Nagoya Grampus,LW,Asia,22,59,70,270000.0,11
F. Camara,GFC Ajaccio,LB,Africa,20,59,68,210000.0,9
N. Trott,West Ham United,GK,Europe,19,59,76,280000.0,17
I. Boye,Örebro SK,ST,Africa,21,59,67,230000.0,8
Y. Goke,Vissel Kobe,CM,Asia,19,59,72,290000.0,13
M. Rieder,ADO Den Haag,CAM,Europe,18,59,74,325000.0,15
L. Hupfauf,FC Wacker Innsbruck,RWB,Europe,21,59,66,190000.0,7
Mollejo,Atlético Madrid,RW,Europe,17,59,79,300000.0,20
M. Kuchta,Zagłębie Lubin,GK,Europe,22,59,68,180000.0,9
Pedro Goulart,Puebla FC,ST,North_America,20,59,70,270000.0,11
J. Lahne,IF Brommapojkarna,ST,Europe,16,59,77,300000.0,18
M. García,Unión de Santa Fe,CM,South_America,22,59,66,220000.0,7
R. McKenzie,Hull City,CB,Europe,19,59,74,300000.0,15
D. Franke,VfL Wolfsburg,LB,Europe,19,59,76,300000.0,17
M. Cavalleri,Curicó Unido,ST,South_America,20,59,69,260000.0,10
A. Beyazıt,FC Energie Cottbus,CF,Europe,21,59,68,240000.0,9
A. Grijalva,Monterrey,CB,North_America,17,59,73,280000.0,14
D. Klomp,NAC Breda,RCB,Europe,19,59,69,210000.0,10
A. Baroan,Chamois Niortais Football Club,ST,Europe,18,59,75,325000.0,16
C. Lattanzio,Estudiantes de La Plata,LM,South_America,20,59,70,270000.0,11
M. Candlin,Blackburn Rovers,ST,Europe,18,59,75,325000.0,16
R. Menayese,Bristol Rovers,CB,Europe,20,59,65,180000.0,6
J. Thompson,Blackpool,CAM,Europe,21,59,73,350000.0,14
Liu Ruofan,Shanghai Greenland Shenhua FC,RM,Asia,19,59,79,325000.0,20
D. Jajic,Hammarby IF,CM,Europe,19,59,69,240000.0,10
J. Brown,Livingston FC,RB,Europe,20,59,69,220000.0,10
M. Nilor,FC Girondins de Bordeaux,ST,Europe,20,59,71,280000.0,12
V. Fernández,Unión La Calera,LB,South_America,19,59,73,300000.0,14
H. Castegren,IFK Norrköping,CB,Europe,22,59,69,220000.0,10
I. Oda,Kashima Antlers,LB,Asia,19,59,74,300000.0,15
L. Cacace,Wellington Phoenix,LWB,Oceania,17,59,73,270000.0,14
E. Veiga,Eintracht Braunschweig,CDM,Europe,21,59,69,220000.0,10
J. Mbom,SV Werder Bremen,CM,Europe,18,59,78,325000.0,19
S. van Dijck,VVV-Venlo,CB,Europe,17,59,72,230000.0,13
M. Bevan,Free Agent,ST,Oceania,21,59,69,0.0,10
S. Friede,Hertha BSC,CM,Europe,20,59,75,350000.0,16
A. Guiffrey,Patronato,RM,South_America,20,59,70,270000.0,11
M. Sætra,Strømsgodset IF,GK,Europe,21,58,64,130000.0,6
H. Magnetti,Stade Brestois 29,CM,Europe,20,58,68,200000.0,10
G. Buon,Stade Brestois 29,CB,Europe,20,58,68,180000.0,10
G. Akkan,Yeni Malatyaspor,CB,Europe,19,58,75,250000.0,17
J. Requena,Club Deportes Temuco,CAM,South_America,22,58,69,220000.0,11
C. Mbulu,Motherwell,CB,Europe,21,58,69,190000.0,11
G. Cuomo,Crotone,LCB,Europe,20,58,72,250000.0,14
A. Gürleyen,1. FSV Mainz 05,CB,Europe,19,58,75,250000.0,17
L. Jones,Luton Town,CB,Europe,22,58,65,150000.0,7
R. Gondoh,Colchester United,RM,Europe,21,58,65,180000.0,7
N. Hunziker,FC Thun,ST,Europe,22,58,69,220000.0,11
T. Reithmeir,1. FC Heidenheim 1846,CB,Europe,18,58,75,240000.0,17
L. Barreiro Martins,1. FSV Mainz 05,CM,Europe,18,58,76,260000.0,18
M. Guehi,Chelsea,CB,Europe,17,58,78,230000.0,20
R. Prieto,Tiburones Rojos de Veracruz,CAM,North_America,21,58,68,210000.0,10
I. Meite,Cardiff City,ST,Europe,21,58,68,210000.0,10
A. Amade,TSG 1899 Hoffenheim,RWB,Europe,18,58,77,230000.0,19
L. Krüger,RB Leipzig,ST,Europe,18,58,72,260000.0,14
K. Balogiannis,PAOK,CDM,Europe,19,58,74,250000.0,16
C. James,Colchester United,CB,Europe,20,58,72,250000.0,14
E. Stokes,Bohemian FC,ST,Europe,22,58,69,220000.0,11
C. Moya,San Luis de Quillota,RDM,South_America,20,58,73,250000.0,15
A. Xhemajli,Neuchâtel Xamax,CB,Europe,20,58,73,250000.0,15
M. Gillesphey,Carlisle United,LB,Europe,22,58,65,150000.0,7
G. Banaziak,Amiens SC,GK,Europe,21,58,70,180000.0,12
D. Sváček,Viktoria Plzeň,GK,Europe,21,58,65,130000.0,7
D. Sauerland,Eintracht Braunschweig,RB,Europe,21,58,67,170000.0,9
G. Kelly,Dundalk,ST,Europe,21,58,67,200000.0,9
S. Duke-McKenna,Bolton Wanderers,RM,Europe,17,58,74,250000.0,16
D. Mosquera,Itagüí Leones FC,CM,South_America,22,58,66,180000.0,8
K. Majić,Fortuna Düsseldorf,ST,Europe,20,58,72,280000.0,14
M. Real,Philadelphia Union,LB,North_America,18,58,76,230000.0,18
F. Schwarzholz,FC Augsburg,CDM,Europe,18,58,73,240000.0,15
A. Majrashi,Ettifaq FC,CDM,Asia,22,58,67,170000.0,9
E. Maceira,SD Huesca,LW,South_America,22,58,66,190000.0,8
F. Al Habib,Al Shabab,GK,Asia,20,58,72,230000.0,14
E. Osadebe,Cambridge United,CM,Europe,21,58,62,170000.0,4
E. Granat,GIF Sundsvall,CM,Europe,22,58,65,180000.0,7
L. Schelenz,KFC Uerdingen 05,CDM,Europe,19,58,70,200000.0,12
A. Morley,Rochdale,CM,Europe,18,58,72,260000.0,14
M. Nikolić,IF Brommapojkarna,ST,Europe,20,58,65,180000.0,7
J. Pestaña,Atlético Huila,RCB,South_America,20,58,72,250000.0,14
J. Tilley,Brighton & Hove Albion,CAM,Europe,20,58,74,280000.0,16
C. Antwi,FC Nordsjælland,LWB,Africa,18,58,71,200000.0,13
J. Albrecht,SV Wehen Wiesbaden,GK,Europe,20,58,65,130000.0,7
J. Sands,New York City FC,CDM,North_America,17,58,75,230000.0,17
J. Hoekstra,FC Groningen,GK,Europe,19,58,69,170000.0,11
K. Niemczycki,NAC Breda,GK,Europe,18,58,73,210000.0,15
M. Al Subaie,Ettifaq FC,LM,Asia,22,58,66,190000.0,8
Park Ji Min,Suwon Samsung Bluewings,GK,Asia,18,58,74,210000.0,16
H. Al Ghamdi,Ettifaq FC,CM,Asia,19,58,74,270000.0,16
S. Ucar,DSC Arminia Bielefeld,CDM,Europe,19,58,72,250000.0,14
N. Quindt,VfL Sportfreunde Lotte,GK,Europe,21,58,66,140000.0,8
M. Kahrıman,Medipol Başakşehir FK,ST,Europe,18,58,73,260000.0,15
S. Gubari,SCR Altach,LM,Asia,22,58,70,230000.0,12
L. Mulaj,Neuchâtel Xamax,CAM,Europe,19,58,71,240000.0,13
Z. Herivaux,New England Revolution,CM,North_America,22,58,69,210000.0,11
G. McGregor,Crystal Palace,CM,Europe,19,58,72,270000.0,14
T. Campbell,Forest Green Rovers,ST,Europe,21,58,65,180000.0,7
K. Kesgin,Göztepe SK,CM,Europe,17,58,74,250000.0,16
M. Staniszewski,Arka Gdynia,GK,Europe,21,58,62,120000.0,4
Y. Fortune,FC Sion,ST,Europe,19,58,68,200000.0,10
T. Cuello,Atlético Tucumán,LM,South_America,18,58,79,290000.0,21
Pedro Gonçalves,Wolverhampton Wanderers,CM,Europe,20,58,74,280000.0,16
K. Ayong,Piast Gliwice,ST,Europe,20,58,67,200000.0,9
J. Powell,West Ham United,LM,Europe,19,58,73,270000.0,15
M. Urynowicz,Górnik Zabrze,ST,Europe,22,58,64,180000.0,6
E. Navarrete,Audax Italiano,LB,South_America,22,58,67,170000.0,9
T. Vassell,Port Vale,CB,Europe,21,58,64,150000.0,6
T. Cordner,Bournemouth,CB,Europe,19,58,68,170000.0,10
G. Tryggvason,IK Start,RW,Europe,18,58,68,190000.0,10
C. Higuera,Club Tijuana,GK,North_America,17,58,72,200000.0,14
M. Onuoha,VfR Aalen,RB,Europe,19,58,68,170000.0,10
A. Bacci,Ascoli,GK,Europe,22,58,66,140000.0,8
J. Hodek,FSV Zwickau,CDM,Europe,20,58,68,180000.0,10
Y. Letard,VfR Aalen,CB,Europe,19,58,71,210000.0,13
I. Lara,San Luis de Quillota,LM,South_America,22,58,64,170000.0,6
J. Jaime,San Martin de Tucumán,GK,South_America,20,58,67,150000.0,9
F. Al Sagour,Al Wehda,RB,Asia,22,58,67,170000.0,9
L. Hernández,Club Necaxa,CB,North_America,20,58,70,200000.0,12
R. Hirosue,FC Tokyo,GK,Asia,19,58,73,230000.0,15
T. Baack,VfL Bochum 1848,CB,Europe,19,58,75,250000.0,17
K. Bucker,Heracles Almelo,GK,Europe,22,58,68,160000.0,10
M. Miljevic,Argentinos Juniors,CDM,North_America,17,58,78,230000.0,20
M. Brink,Esbjerg fB,CM,Europe,20,58,70,230000.0,12
A. Bakayoko,FC St. Gallen,RB,Europe,20,58,71,220000.0,13
W. Tchuameni,SønderjyskE,ST,Africa,21,58,70,230000.0,12
D. İncedere,Galatasaray SK,LM,Europe,21,58,71,250000.0,13
J. Þorsteinsson,Vendsyssel FF,LW,Europe,19,58,73,270000.0,15
M. Worthington,Forest Green Rovers,CM,Europe,20,58,70,230000.0,12
L. Grill,1. FC Kaiserslautern,GK,Europe,19,58,76,230000.0,18
F. Pizzicanella,Atlético Tucumán,GK,South_America,22,58,66,140000.0,8
J. Pantemis,Montreal Impact,GK,North_America,21,58,68,160000.0,10
R. Wilmots,Carpi,CM,Europe,21,58,68,200000.0,10
E. Boyle,Shamrock Rovers,RB,Europe,21,58,70,200000.0,12
M. Sprang,FSV Zwickau,GK,Europe,17,58,67,120000.0,9
R. Acquah,LASK Linz,CDM,Africa,21,58,67,170000.0,9
M. Wada,Yokohama F. Marinos,ST,Asia,21,58,67,200000.0,9
A. Canessa,Livorno,ST,Europe,18,58,73,260000.0,15
R. Cagnon,Olympique de Marseille,GK,Europe,21,58,71,200000.0,13
M. Roerslev,FC København,RB,Europe,19,58,75,240000.0,17
M. Holzer,TSV Hartberg,ST,Europe,19,58,69,210000.0,11
L. Travis,Blackburn Rovers,CM,Europe,20,58,72,280000.0,14
Mario Sánchez,Cádiz CF,RB,Europe,22,58,66,160000.0,8
Valery,Girona FC,LM,Europe,18,58,75,260000.0,17
C. Gutiérrez,U.N.A.M.,RM,North_America,19,58,73,270000.0,15
W. Ali,Aalborg BK,ST,Europe,19,58,73,280000.0,15
A. Jakobsen,Vejle Boldklub,ST,Europe,19,58,72,280000.0,14
L. Bonilla,Patriotas Boyacá FC,RM,South_America,20,58,66,190000.0,8
T. Duman,Fortuna Düsseldorf,CM,Europe,20,58,70,230000.0,12
M. Woud,Willem II,GK,Oceania,19,58,73,230000.0,15
J. Löwe,SG Dynamo Dresden,CAM,Europe,19,58,74,270000.0,16
B. Rivas,Atlético Huila,CM,South_America,21,58,72,280000.0,14
S. Cartwright,Peterborough United,CB,Europe,17,58,70,170000.0,12
A. Ademoglu,Bursaspor,CM,Europe,20,58,75,280000.0,17
Y. Oyanedel,Universidad Católica,LB,South_America,17,58,78,220000.0,20
Lim Eun Soo,Incheon United FC,LCM,Asia,22,58,65,180000.0,7
R. van Doorn,De Graafschap,CB,Europe,19,58,66,160000.0,8
José Uche,SD Huesca,CB,Europe,18,58,69,180000.0,11
M. Arturia,Club Atlético Talleres,ST,South_America,20,58,67,200000.0,9
E. Bansen,SV Zulte-Waregem,GK,Europe,20,58,69,170000.0,11
J. Lunney,Waterford FC,CM,Europe,20,58,71,240000.0,13
M. Cooper,Plymouth Argyle,GK,Europe,18,58,78,210000.0,20
J. Orellana,San Martin de Tucumán,CB,South_America,21,58,68,180000.0,10
B. Kavlak,Yeni Malatyaspor,ST,Europe,21,58,66,190000.0,8
G. Abregú,San Martin de Tucumán,RB,South_America,20,58,68,180000.0,10
J. Doona,St. Patrick's Athletic,RM,Europe,20,58,70,230000.0,12
R. Blumberg,Charlton Athletic,CB,Oceania,19,58,72,250000.0,14
M. Panos,AS Saint-Étienne,RB,Europe,21,58,65,150000.0,7
C. Coleman,St. Patrick's Athletic,RDM,Europe,21,58,67,200000.0,9
M. O'Riley,Fulham,CM,Europe,17,58,78,250000.0,20
G. Lapslie,Charlton Athletic,CM,Europe,20,58,71,240000.0,13
M. Gonzalez,CD Everton de Viña del Mar,GK,South_America,20,58,69,170000.0,11
L. Ingolotti,Club Atlético Aldosivi,GK,South_America,18,58,80,240000.0,22
A. Aliev,Dalkurd FF,ST,Europe,21,58,65,180000.0,7
M. Bauer,SpVgg Greuther Fürth,CB,Europe,18,58,73,240000.0,15
A. Talal,US Orléans Loiret Football,CDM,Africa,22,58,68,180000.0,10
K. Schlotterbeck,SC Freiburg,CB,Europe,21,58,68,180000.0,10
G. Kilama,Chamois Niortais Football Club,LB,Africa,19,58,71,210000.0,13
J. Debayo,Cheltenham Town,LB,Africa,21,58,66,160000.0,8
B. Chapman,Gillingham,CM,Europe,19,58,67,190000.0,9
V. Gendrey,Amiens SC,RB,Europe,18,58,70,180000.0,12
M. Schlegel,FC Carl Zeiss Jena,LM,Europe,21,58,68,210000.0,10
Y. Bangsow,Eintracht Braunschweig,GK,Europe,20,58,69,170000.0,11
S. Solli,Ranheim Fotball,RW,Europe,20,58,66,190000.0,8
M. Firlej,Korona Kielce,ST,Europe,21,58,65,180000.0,7
J. Bird,Barnsley,CM,Europe,20,58,66,190000.0,8
V. Arveladze,Korona Kielce,ST,Europe,20,58,65,180000.0,7
A. Penny,Hamilton Academical FC,CB,Europe,21,58,70,200000.0,12
J. von Moos,FC Basel 1893,ST,Europe,17,58,84,280000.0,26
G. Boylan,Sligo Rovers,RB,Europe,22,58,66,160000.0,8
I. Chicco,Club Atlético Colón,GK,South_America,22,58,68,160000.0,10
A. Nalic,Malmö FF,CAM,Europe,20,58,71,250000.0,13
D. Rodríguez,U.N.A.M.,CB,North_America,20,58,71,220000.0,13
S. Karweina,VfL Sportfreunde Lotte,ST,Europe,19,58,69,210000.0,11
Fabio,Örebro SK,CB,South_America,22,58,66,160000.0,8
M. Harness,Burton Albion,RM,Europe,22,58,62,170000.0,4
C. Rzonca,Zagłębie Sosnowiec,CAM,Europe,21,58,65,180000.0,7
A. Manzur,Godoy Cruz,CM,South_America,17,58,75,250000.0,17
S. Bone,Shamrock Rovers,CDM,Europe,19,58,73,250000.0,15
T. Sopacua,FC Groningen,RB,Europe,18,58,69,170000.0,11
H. Takimoto,Kashiwa Reysol,GK,Asia,21,58,68,160000.0,10
M. Soldo,Wolfsberger AC,GK,Europe,21,58,70,180000.0,12
K. Petratos,Newcastle Jets,LM,Oceania,20,58,68,210000.0,10
N. Giménez,Rosario Central,RB,South_America,21,58,71,220000.0,13
Wang Xiaole,Beijing Sinobo Guoan FC,CM,Asia,21,58,67,200000.0,9
L. Schaffran,SpVgg Greuther Fürth,GK,Europe,19,58,70,170000.0,12
R. Cooney,Bury,RWB,Europe,18,58,69,170000.0,11
N. Samayoa,New England Revolution,CB,North_America,22,58,67,170000.0,9
I. Bolaño,Club Atlético Tigre,RM,South_America,20,58,72,280000.0,14
K. Ogawa,Júbilo Iwata,ST,Asia,20,58,69,220000.0,11
H. Balic,SKN St. Pölten,LW,Europe,22,58,62,170000.0,4
F. Lauenborg,Randers FC,CM,Europe,21,58,66,190000.0,8
L. Scott,Western Sydney Wanderers,ST,Oceania,21,58,68,210000.0,10
A. Torres,Guadalajara,GK,North_America,22,58,69,170000.0,11
S. McMann,Hamilton Academical FC,LB,Europe,21,58,67,170000.0,9
A. Rosteghin,Cittadella,GK,Europe,18,58,78,210000.0,20
N. Awuku,Holstein Kiel,ST,Europe,18,58,77,260000.0,19
B. García,Club Tijuana,LM,North_America,20,58,66,190000.0,8
D. Riccardi,Lecce,CB,Europe,22,58,69,190000.0,11
M. Meli,Fiorentina,RW,Europe,18,58,78,260000.0,20
E. Pauchet,Chamois Niortais Football Club,GK,Europe,21,58,67,150000.0,9
E. Gründemann,FC Hansa Rostock,GK,Europe,19,58,74,230000.0,16
M. Ludwig,Hallescher FC,ST,Europe,19,58,70,220000.0,12
E. Pletinckx,SV Zulte-Waregem,CB,Europe,17,58,76,230000.0,18
A. Elyounoussi,Sarpsborg 08 FF,LM,Europe,19,58,72,270000.0,14
M. Simakan,RC Strasbourg Alsace,CB,Europe,18,58,69,180000.0,11
G. Kyrnats,PFC CSKA Moscow,GK,Europe,20,58,68,160000.0,10
N. Gómez,Rosario Central,RB,South_America,21,58,64,150000.0,6
J. Italiano,Perth Glory,LM,Oceania,16,58,79,280000.0,21
N. Baeza,CD Huachipato,LB,South_America,21,58,64,150000.0,6
Yuan Mincheng,Chongqing Dangdai Lifan FC SWM Team,RCB,Asia,22,58,66,160000.0,8
C. Baldovino,Alianza Petrolera,GK,South_America,21,58,72,230000.0,14
M. Rudakov,HJK Helsinki,GK,Europe,22,58,70,180000.0,12
J. Sbarra,Burton Albion,CAM,Europe,19,58,77,270000.0,19
F. Marín,Club Atlético Huracán,CDM,South_America,20,58,68,180000.0,10
J. Romero,Atlético Tucumán,ST,South_America,17,58,81,280000.0,23
R. Borkała,Piast Gliwice,RM,Europe,19,58,72,270000.0,14
P. Magnon,Stade Brestois 29,RM,Europe,22,58,65,180000.0,7
Marcos Lavín,Córdoba CF,GK,Europe,21,58,69,170000.0,11
S. Parlati,Ascoli,CM,Europe,21,58,70,230000.0,12
A. Appiah,Nottingham Forest,RW,Europe,17,58,81,280000.0,23
L. Klemenz,Jagiellonia Białystok,CB,Europe,22,58,67,170000.0,9
P. Tomczyk,Lech Poznań,ST,Europe,20,58,64,180000.0,6
A. Oteh,Queens Park Rangers,ST,Europe,19,58,74,280000.0,16
M. Bayo,Clermont Foot 63,ST,Europe,20,58,67,200000.0,9
N. D'Agostino,Brisbane Roar,ST,Oceania,20,58,68,210000.0,10
M. Jeahze,IF Brommapojkarna,LB,Europe,21,58,64,150000.0,6
N. Gallardo,River Plate,LB,South_America,20,58,71,220000.0,13
C. Trejo,Club Atlas,ST,North_America,18,58,77,260000.0,19
S. High,Huddersfield Town,CM,Europe,17,58,74,250000.0,16
L. Maniero,Cittadella,CM,Europe,19,58,75,270000.0,17
M. Obiero,Huddersfield Town,ST,Europe,17,58,73,250000.0,15
C. Maycock,Macclesfield Town,CDM,Europe,20,58,68,180000.0,10
T. Attis,Belgrano de Córdoba,ST,South_America,18,58,75,260000.0,17
A. Tecpanécatl,Puebla FC,RW,North_America,20,58,68,210000.0,10
M. Talbi,Çaykur Rizespor,CB,Europe,20,58,73,250000.0,15
E. Herrera,Independiente Santa Fe,LB,South_America,19,58,74,240000.0,16
R. Benz,KFC Uerdingen 05,GK,Europe,22,58,66,140000.0,8
N. Strunck,FC Nordsjælland,CM,Europe,18,58,71,230000.0,13
H. Arellano,LA Galaxy,CB,North_America,20,58,70,200000.0,12
M. Sevimler,Alanyaspor,ST,Europe,19,58,72,280000.0,14
D. Becker,Rosario Central,CM,South_America,20,58,68,200000.0,10
B. Barclay,Brighton & Hove Albion,CB,Europe,21,58,68,180000.0,10
H. Marcelin,AJ Auxerre,CB,Europe,18,58,74,240000.0,16
M. Jørgensen,Odense Boldklub,ST,Europe,17,58,74,250000.0,16
M. Beeney,Sligo Rovers,GK,Europe,22,58,66,140000.0,8
R. Alm,IF Brommapojkarna,RW,Europe,22,58,64,170000.0,6
A. Bakir,Borussia Dortmund,RM,Europe,17,58,76,250000.0,18
M. Bassouamina,AS Nancy Lorraine,LW,Europe,20,58,69,220000.0,11
S. Bose,Free Agent,LB,Asia,22,58,66,0.0,8
J. Urzúa,CD Huachipato,RCM,South_America,18,58,76,260000.0,18
B. Wiles,Rotherham United,CAM,Europe,19,58,71,240000.0,13
D. Liszka,Górnik Zabrze,LM,Europe,18,58,68,190000.0,10
M. Kumbulla,Hellas Verona,CB,Europe,18,58,75,240000.0,17
Zhang Huachen,Shanghai SIPG FC,CDM,Asia,20,58,66,160000.0,8
C. Okoroji,SC Freiburg,LB,Europe,21,58,67,170000.0,9
S. Wamangituka,Paris FC,ST,Africa,18,58,77,260000.0,19
M. Trovato,Cosenza,RW,Europe,20,58,73,280000.0,15
Y. Urra,CD Huachipato,GK,South_America,21,58,68,160000.0,10
A. Beestin,Doncaster Rovers,ST,Europe,20,58,66,190000.0,8
S. Kowalczyk,Pogoń Szczecin,RM,Europe,19,58,71,240000.0,13
Zhang Xiuwei,Tianjin Quanjian FC,CDM,Asia,22,58,64,150000.0,6
Martín,Rayo Vallecano,CB,Europe,18,58,73,240000.0,15
S. Sessegnon,Fulham,RB,Europe,18,58,77,230000.0,19
Javi Rubio,Rayo Vallecano,LM,Europe,19,58,70,220000.0,12
K. Lebon,Paris FC,LW,Europe,20,58,66,190000.0,8
C. Pring,Newport County,LB,Europe,20,58,71,220000.0,13
N. Ennis,Wolverhampton Wanderers,ST,Europe,19,58,75,280000.0,17
J. Krahl,RB Leipzig,GK,Europe,18,58,72,210000.0,14
J. Hardy,Brentford,ST,Europe,19,58,72,280000.0,14
S. Córdova,Club Necaxa,RM,North_America,21,58,67,200000.0,9
J. Soñora,Club Atlético Talleres,LW,North_America,21,58,70,230000.0,12
A. Al Aryani,Al Ittihad,RM,Asia,22,58,69,220000.0,11
S. Milewski,Zagłębie Sosnowiec,CDM,Europe,20,58,67,170000.0,9
A. Ba Masoud,Al Fayha,LWB,Asia,22,58,67,170000.0,9
B. Verbong,VVV-Venlo,GK,Europe,18,58,70,160000.0,12
S. Micolta,Unión La Calera,ST,South_America,18,58,75,260000.0,17
C. Huanca,Deportes Iquique,ST,South_America,17,58,76,250000.0,18
D. Grootenhuis,FC Emmen,LM,Europe,21,58,67,200000.0,9
T. Righetti,FC Thun,CB,Europe,20,58,69,190000.0,11
P. Camará,Crawley Town,LS,Africa,21,58,69,220000.0,11
C. Galvin,Waterford FC,LM,Europe,22,58,67,200000.0,9
B. Stevenson,Gillingham,CAM,Europe,19,58,64,170000.0,6
J. Schau,FC Carl Zeiss Jena,CDM,Europe,19,58,68,170000.0,10
D. Kelly,Bohemian FC,RM,Europe,22,58,68,200000.0,10
S. Guðjohnsen,Spezia,ST,Europe,20,58,68,210000.0,10
Cao Yongjing,Beijing Renhe FC,RM,Asia,21,58,68,210000.0,10
T. Abraham,Fulham,ST,Europe,17,58,76,250000.0,18
Pablo Cacharrón,CD Lugo,GK,Europe,21,58,70,180000.0,12
J. Doherty,Crawley Town,LB,Europe,22,58,69,190000.0,11
T. Maya,Atlético Huila,LB,South_America,21,58,68,180000.0,10
Du Changjie,Henan Jianye FC,ST,Asia,20,58,65,180000.0,7
J. Christensen,FC Nordsjælland,CM,Europe,17,58,73,250000.0,15
J. Anthony,Bournemouth,ST,Europe,18,58,73,260000.0,15
J. Boote,Bournemouth,CM,Europe,18,58,71,230000.0,13
T. Odusina,Norwich City,CB,Europe,18,58,74,240000.0,16
M. Pattier,FC Lorient,GK,Europe,22,58,66,140000.0,8
J. Cobián,Club Necaxa,LM,North_America,19,58,67,190000.0,9
Gao Huaze,Hebei China Fortune FC,LM,Asia,20,58,64,180000.0,6
D. Sugioka,Shonan Bellmare,LWB,Asia,19,58,70,190000.0,12
D. Villa,Club Atlas,LM,North_America,20,58,66,190000.0,8
R. Coughlan,Cork City,ST,Europe,21,58,69,220000.0,11
A. Álvarez,América de Cali,LB,South_America,19,58,70,190000.0,12
H. Rodgers,Accrington Stanley,RB,Europe,21,58,64,150000.0,6
S. Shome,Montreal Impact,CM,North_America,20,58,66,190000.0,8
T. Matsumoto,Sanfrecce Hiroshima,CM,Asia,19,58,74,270000.0,16
M. İnan,Antalyaspor,CM,Europe,18,58,72,260000.0,14
A. Little,Oxford United,CM,Europe,21,58,69,220000.0,11
J. Osei-Tutu,Arsenal,RB,Europe,19,58,74,240000.0,16
Y. Emghames,Hannover 96,RM,Europe,20,58,71,250000.0,13
A. Björnström,IK Sirius,LB,Europe,22,58,66,160000.0,8
M. Donohue,Fleetwood Town,RM,Europe,20,58,71,250000.0,13
M. Al Mufarrij,Al Taawoun,CB,Asia,21,58,71,220000.0,13
T. Baller,Hannover 96,CAM,Europe,19,58,73,270000.0,15
Javi López,Elche CF,CM,Europe,17,58,71,210000.0,13
Y. Al Bakr,Al Faisaly,RB,Asia,20,58,71,220000.0,13
A. Sebald,FC Hansa Rostock,GK,Europe,21,58,67,150000.0,9
A. Gomez Mancini,Angers SCO,CAM,Europe,17,58,76,250000.0,18
S. Santoro,Palermo,CM,Europe,18,58,78,260000.0,20
A. Ba,Southend United,ST,Europe,20,58,66,190000.0,8
R. Tugarev,Lokomotiv Moscow,LM,Europe,19,58,69,210000.0,11
M. Salaba,SV Mattersburg,GK,Europe,18,58,71,180000.0,13
A. Barnes,Colchester United,RB,Europe,21,58,69,190000.0,11
T. Robinson,Bradford City,LB,Europe,20,58,72,250000.0,14
L. O'Brien,Bradford City,LDM,Europe,19,58,72,270000.0,14
H. Evjen,FK Bodø/Glimt,RW,Europe,18,58,70,210000.0,12
E. Aiwu,FC Admira Wacker Mödling,RCB,Europe,17,58,76,230000.0,18
M. Lund,Doncaster Rovers,RB,Europe,21,58,67,170000.0,9
E. Kaja,Livingston FC,CAM,Europe,20,58,67,200000.0,9
A. Curry,Hull City,CB,Europe,21,58,73,250000.0,15
A. Kaltoft,Vendsyssel FF,RCB,Europe,20,58,70,200000.0,12
E. Linthorst,VVV-Venlo,CM,Europe,18,58,70,210000.0,12
L. Schneider,FC Energie Cottbus,CB,Europe,18,58,76,240000.0,18
F. Quiroz,Club Deportes Temuco,RW,South_America,20,58,68,210000.0,10
S. Steijn,VVV-Venlo,CAM,Europe,16,58,72,250000.0,14
L. Perrin,Olympique de Marseille,CB,Europe,19,58,73,250000.0,15
S. Sørløkk,Ranheim Fotball,CM,Europe,21,58,65,180000.0,7
N. Awassi,VfL Sportfreunde Lotte,CB,Europe,20,58,71,220000.0,13
R. Hirakawa,FC Tokyo,CM,Asia,18,58,78,260000.0,20
T. Nijhuis,FC Utrecht,GK,Europe,19,58,66,140000.0,8
L. Bogdan,Livorno,CB,Europe,22,58,65,150000.0,7
L. Wildin,Stevenage,RB,North_America,20,58,66,160000.0,8
R. Kim,Pohang Steelers,GK,Europe,21,58,68,160000.0,10
T. Ominami,Júbilo Iwata,LCB,Asia,20,57,72,210000.0,15
I. Angulo,Envigado FC,LS,South_America,19,57,78,240000.0,21
G. Carvajal,América de Cali,CDM,South_America,18,57,77,190000.0,20
C. Akono,SC Preußen Münster,CF,Europe,18,57,75,220000.0,18
S. Pabón,Junior FC,GK,South_America,22,57,65,110000.0,8
C. Donovan,Houston Dynamo,CB,North_America,22,57,70,180000.0,13
Park Jung Ho,Jeonbuk Hyundai Motors,CB,Asia,21,57,67,150000.0,10
R. Kehr,Borussia Dortmund,ST,Europe,18,57,76,220000.0,19
M. Soumaré,La Berrichonne de Châteauroux,RB,Europe,20,57,67,140000.0,10
S. Pirkl,FC Wacker Innsbruck,CDM,Europe,21,57,67,150000.0,10
J. Senior,Luton Town,LB,Europe,21,57,64,120000.0,7
S. Jiménez,Envigado FC,RB,South_America,20,57,74,200000.0,17
T. Nagura,V-Varen Nagasaki,CAM,Asia,20,57,73,230000.0,16
S. Seedorf,Bradford City,RM,Europe,20,57,72,230000.0,15
N. Böhmer,RB Leipzig,CB,Europe,18,57,69,150000.0,12
J. Barjonas,Bury,CM,Europe,19,57,75,220000.0,18
L. Ntumba,Dijon FCO,GK,Europe,17,57,79,190000.0,22
K. O'Connell,Bournemouth,LM,Europe,18,57,69,170000.0,12
M. Bird,Derby County,CM,Europe,17,57,78,220000.0,21
M. Tokida,Vegalta Sendai,CB,Asia,20,57,64,130000.0,7
V. Vanbaleghem,La Berrichonne de Châteauroux,CM,Europe,21,57,65,130000.0,8
H. Hawsawi,Al Faisaly,CB,Asia,20,57,70,180000.0,13
B. Bashir,Al Faisaly,CDM,Asia,20,57,66,140000.0,9
G. Volpe,US Cremonese,GK,Europe,22,57,64,110000.0,7
C. Manicone,FC Lugano,ST,Europe,20,57,72,230000.0,15
J. Caballero,Atlético Bucaramanga,RM,South_America,20,57,69,190000.0,12
S. Seddon,Stevenage,LB,Europe,20,57,73,200000.0,16
M. Al Mutairi,Al Hazem,CAM,Asia,19,57,73,220000.0,16
M. Platt,Accrington Stanley,CB,Europe,20,57,64,130000.0,7
E. Botheim,Rosenborg BK,ST,Europe,18,57,76,220000.0,19
J. Quiñones,Atlético Bucaramanga,LCB,South_America,20,57,67,150000.0,10
A. Kabashi,IF Elfsborg,ST,Europe,21,57,63,150000.0,6
J. Chávez,Tiburones Rojos de Veracruz,RW,North_America,21,57,67,170000.0,10
H. Abdelli,Le Havre AC,CAM,Europe,18,57,69,170000.0,12
T. Golden,Wigan Athletic,RB,Europe,18,57,70,160000.0,13
F. Godoy,Unión de Santa Fe,CB,South_America,18,57,79,210000.0,22
D. Tejeda,Tiburones Rojos de Veracruz,CM,North_America,20,57,67,170000.0,10
M. Jay,Exeter City,ST,Europe,22,57,63,140000.0,6
S. Woods,Crystal Palace,CB,Europe,19,57,71,200000.0,14
D. Diani,Grasshopper Club Zürich,CDM,Europe,20,57,67,150000.0,10
O. Atilgan,SG Dynamo Dresden,ST,Europe,18,57,76,220000.0,19
M. Al Rubaie,Al Batin,GK,Asia,20,57,71,190000.0,14
C. Fox,Wycombe Wanderers,CB,Europe,19,57,72,200000.0,15
B. Vera,Itagüí Leones FC,CB,South_America,19,57,73,200000.0,16
L. Maloney,1. FC Union Berlin,CDM,Europe,18,57,77,190000.0,20
J. Pask,West Ham United,CB,Europe,20,57,68,160000.0,11
A. Errico,Frosinone,CF,Europe,19,57,70,200000.0,13
T. Moschión,Club Atlético Colón,CDM,South_America,18,57,72,190000.0,15
Y. Al Shammari,Al Batin,ST,Asia,20,57,69,190000.0,12
O. Mbaizo,Philadelphia Union,RB,Africa,20,57,68,160000.0,11
O. Patiño,Rionegro Águilas,GK,South_America,21,57,68,140000.0,11
O. Shannon,Atlanta United,CAM,Europe,22,57,66,160000.0,9
L. Kunga,Atlanta United,LM,North_America,19,57,73,220000.0,16
M. Zach,Hallescher FC,GK,Europe,18,57,70,150000.0,13
E. Masciangelo,FC Lugano,LB,Europe,21,57,65,130000.0,8
E. Mergen,Alanyaspor,ST,Europe,18,57,76,220000.0,19
Y. Soma,Nagoya Grampus,CF,Asia,21,57,64,150000.0,7
N. Fiedler,Hallescher FC,LM,Europe,20,57,68,180000.0,11
C. Kirk,Crewe Alexandra,LM,Europe,20,57,72,230000.0,15
J. Bursztyn,Pogoń Szczecin,GK,Europe,20,57,65,120000.0,8
J. Scott,Motherwell,ST,Europe,17,57,74,210000.0,17
O. Al Saleem,Ettifaq FC,LB,Asia,21,57,67,140000.0,10
A. Wilson,Newcastle United,LM,Europe,18,57,80,230000.0,23
B. Kavanagh,Shamrock Rovers,LM,Europe,17,57,80,230000.0,23
N. Araya,CD Antofagasta,GK,South_America,19,57,69,140000.0,12
F. Brandhof,FC Midtjylland,CM,Europe,21,57,65,150000.0,8
K. Twardek,Sligo Rovers,LM,North_America,21,57,66,160000.0,9
O. Ottesen,FC Midtjylland,GK,Europe,19,57,67,120000.0,10
Y. Zabaleta,Itagüí Leones FC,LW,South_America,21,57,66,160000.0,9
K. Stanek,Piast Gliwice,ST,Europe,18,57,68,170000.0,11
J. McKay,Cardiff City,ST,Europe,21,57,65,160000.0,8
S. Dahlström,HJK Helsinki,LCM,Europe,21,57,67,170000.0,10
J. Barrett,Huddersfield Town,CB,Europe,18,57,72,190000.0,15
H. Spratt,Huddersfield Town,LB,Europe,18,57,70,160000.0,13
J. De Smet,KV Kortrijk,GK,Europe,19,57,70,160000.0,13
M. Juárez,Club Atlético Huracán,CDM,South_America,21,57,67,150000.0,10
R. Senhadji,FC Sochaux-Montbéliard,CB,Europe,21,57,68,160000.0,11
F. Navarro,Club Atlético Talleres,CM,South_America,18,57,78,230000.0,21
M. Ranmark,Molde FK,GK,Europe,22,57,65,110000.0,8
K. Flanagan,Crystal Palace,CAM,Europe,18,57,75,210000.0,18
H. Yalçıntekin,Alanyaspor,CM,Europe,20,57,69,180000.0,12
A. Al Qahtani,Al Qadisiyah,RM,Asia,19,57,74,220000.0,17
M. Djitté,FC Sion,ST,Africa,18,57,75,220000.0,18
T. Bakinson,Newport County,RCM,Europe,19,57,74,220000.0,17
M. Lenes,Ranheim Fotball,GK,Europe,22,57,65,110000.0,8
J. Jiménez,Rionegro Águilas,ST,South_America,20,57,71,230000.0,14
I. Domínguez,U.N.A.M.,RB,North_America,18,57,75,190000.0,18
J. Debrah,Millwall,CB,Europe,18,57,70,160000.0,13
L. Coordes,FC St. Pauli,LM,Europe,19,57,72,220000.0,15
B. Avramovic,Wolfsberger AC,LB,Europe,20,57,67,140000.0,10
O. Younger,Burnley,CB,Europe,18,57,70,160000.0,13
I. Jönsson,Trelleborgs FF,RCB,Europe,19,57,67,140000.0,10
R. Musaba,Vitesse,CAM,Europe,17,57,69,160000.0,12
J. Requena,Newell's Old Boys,CM,South_America,19,57,72,220000.0,15
Altamirano,Real Betis,LW,Europe,21,57,71,230000.0,14
N. Amamoo,Karlsruher SC,ST,Europe,20,57,68,180000.0,11
S. Graham,Oldham Athletic,CB,Europe,17,57,78,210000.0,21
Choi Young Eun,Daegu FC,GK,Asia,22,57,66,120000.0,9
L. Bilboe,Rotherham United,GK,Europe,20,57,67,130000.0,10
C. Velásquez,Envigado FC,LM,South_America,20,57,72,230000.0,15
A. Semenyo,Newport County,ST,Europe,18,57,75,220000.0,18
M. Dembélé,FC Red Bull Salzburg,CB,Europe,19,57,76,200000.0,19
L. White,Millwall,LM,Europe,19,57,70,190000.0,13
N. Leemhuis,Heracles Almelo,CM,Europe,20,57,65,150000.0,8
P. Boevink,FC Groningen,GK,Europe,20,57,70,160000.0,13
C. Whelan,Crewe Alexandra,RB,Europe,20,57,67,140000.0,10
T. Dele-Bashiru,Manchester City,CM,Europe,18,57,76,210000.0,19
R. Rosenqvist,IF Elfsborg,CM,Europe,21,57,61,130000.0,4
D. Genreau,PEC Zwolle,RM,Oceania,19,57,74,220000.0,17
J. Tabinas,Kawasaki Frontale,LB,Asia,19,57,68,150000.0,11
J. Hope,Melbourne Victory,CM,Oceania,20,57,67,170000.0,10
P. Harant,1. FC Magdeburg,ST,Europe,19,57,66,160000.0,9
M. Trejo,Monarcas Morelia,RB,North_America,19,57,70,170000.0,13
J. Chávez,Monarcas Morelia,RM,North_America,21,57,67,170000.0,10
L. Brüggemeier,SC Paderborn 07,GK,Europe,20,57,66,120000.0,9
M. Al Haeti,Ettifaq FC,GK,Asia,22,57,66,120000.0,9
N. Djouahra,Real Sociedad,CAM,Europe,18,57,76,210000.0,19
A. Hartigan,AFC Wimbledon,CM,Europe,18,57,77,210000.0,20
V. Glaentzlin,FC Sochaux-Montbéliard,ST,Europe,20,57,72,230000.0,15
J. Kitolano,Odds BK,LCM,Europe,16,57,75,200000.0,18
M. Lacroix,FC Sochaux-Montbéliard,CB,Europe,18,57,74,190000.0,17
Y. Khormi,Al Taawoun,CAM,Asia,20,57,70,200000.0,13
F. Moreno,Club León,CM,North_America,20,57,67,170000.0,10
Y. Andzouana,Girona FC,LM,Africa,21,57,69,190000.0,12
J. Mahon,Sligo Rovers,RCB,Europe,18,57,72,190000.0,15
O. Yaman,Sivasspor,LM,Europe,18,57,78,230000.0,21
A. Simpson,Gillingham,LB,Europe,19,57,66,130000.0,9
U. Yazğılı,Kasimpaşa SK,CB,Europe,19,57,69,160000.0,12
F. Kelleher,Macclesfield Town,RCB,Europe,22,57,65,130000.0,8
O. Krusnell,Hammarby IF,LB,Europe,19,57,69,160000.0,12
Y. Otto,Eintracht Braunschweig,ST,Europe,19,57,70,200000.0,13
B. Fleming,Hull City,LB,Europe,18,57,75,190000.0,18
L. Bürger,Eintracht Braunschweig,CDM,Europe,18,57,74,190000.0,17
A. Bass,Portsmouth,GK,Europe,20,57,70,160000.0,13
Y. Dieudonne,Odense Boldklub,ST,Africa,21,57,65,160000.0,8
J. Graham,Mansfield Town,ST,Europe,20,57,69,190000.0,12
D. Lavercombe,Wigan Athletic,GK,Europe,21,57,67,130000.0,10
S. Osorio,Alianza Petrolera,CAM,South_America,21,57,71,230000.0,14
B. Cam,Unión Española,CF,South_America,18,57,69,170000.0,12
R. Donelon,Sligo Rovers,LB,Europe,22,57,68,150000.0,11
C. Fogacci,GFC Ajaccio,GK,Europe,21,57,64,110000.0,7
C. Fermina,Excelsior,ST,Europe,18,57,74,220000.0,17
T. Vancooten,Stevenage,CB,North_America,20,57,70,180000.0,13
R. El Hankouri,Excelsior,CAM,Europe,17,57,71,210000.0,14
O. Özdemir,Le Havre AC,RB,Europe,20,57,66,140000.0,9
R. Schofield,Huddersfield Town,GK,Europe,18,57,77,170000.0,20
S. Härtel,FC Erzgebirge Aue,LM,Europe,19,57,68,170000.0,11
T. Trueba,Puebla FC,GK,North_America,22,57,67,130000.0,10
A. Obaid,Al Batin,LM,Asia,22,57,66,160000.0,9
A. Coote,Brentford,CAM,Europe,20,57,71,230000.0,14
R. Solan,Al Faisaly,ST,Asia,20,57,69,190000.0,12
D. Turnbull,Motherwell,CAM,Europe,18,57,77,210000.0,20
A. Edqvist,Kalmar FF,RM,Europe,19,57,75,220000.0,18
S. Al Selouli,Ettifaq FC,LM,Asia,20,57,71,230000.0,14
A. Samuel,Wycombe Wanderers,ST,Europe,22,57,65,150000.0,8
H. Gilmour,Tranmere Rovers,CM,Europe,19,57,69,180000.0,12
M. Ruiz Díaz,Estudiantes de La Plata,RB,South_America,21,57,68,180000.0,11
M. Młyński,Arka Gdynia,CAM,Europe,17,57,72,210000.0,15
Morro,Rayo Vallecano,GK,Europe,17,57,74,170000.0,17
D. O'Connor,Cork City,RM,Europe,21,57,62,140000.0,5
M. Johnstone,Sunderland,GK,Europe,19,57,70,160000.0,13
N. Cadden,Livingston FC,RM,Europe,21,57,65,150000.0,8
Y. Toure,Newcastle United,ST,Europe,17,57,80,230000.0,23
N. Bishop,Southend United,GK,Europe,18,57,71,170000.0,14
L. Martínez,Club Tijuana,RB,North_America,19,57,71,200000.0,14
Sun Jungang,Shanghai SIPG FC,RM,Asia,22,57,63,140000.0,6
M. Al Mutlaq,Al Raed,RB,Asia,20,57,69,160000.0,12
A. Suljic,BK Häcken,CB,Europe,20,57,69,160000.0,12
I. Tapia,CD Huachipato,CB,South_America,19,57,72,200000.0,15
J. Eastwood,Sheffield United,GK,Europe,21,57,65,120000.0,8
J. Brimmer,Perth Glory,CM,Oceania,20,57,67,170000.0,10
S. Grønning,Hobro IK,ST,Europe,21,57,66,160000.0,9
A. Díaz,Club Tijuana,RW,North_America,18,57,78,230000.0,21
B. Chibani,Royal Excel Mouscron,CM,Europe,19,57,65,150000.0,8
L. Ranieri,Foggia,LB,Europe,19,57,73,200000.0,16
A. Laurienté,US Orléans Loiret Football,CAM,Europe,19,57,69,180000.0,12
T. Ogiwara,Urawa Red Diamonds,LB,Asia,18,57,69,150000.0,12
E. Bohinen,Stabæk Fotball,CM,Europe,19,57,76,220000.0,19
A. Fletcher,Plymouth Argyle,ST,Europe,19,57,71,220000.0,14
E. Zehir,FC St. Pauli,CDM,Europe,20,57,68,160000.0,11
M. Sipľak,Cracovia,LB,Europe,22,57,65,130000.0,8
M. Miller,Hamilton Academical FC,RM,Europe,22,57,65,150000.0,8
Z. Westbrooke,Coventry City,CM,Europe,21,57,67,170000.0,10
K. Pagliuca,Hallescher FC,ST,Europe,21,57,67,170000.0,10
B. Hall,Notts County,CB,Europe,21,57,69,160000.0,12
M. Köbbing,1. FC Heidenheim 1846,GK,Europe,21,57,68,140000.0,11
E. Chapman,Lincoln City,CM,Europe,17,57,76,200000.0,19
L. Orellano,Vélez Sarsfield,LW,South_America,18,57,73,210000.0,16
R. Harker,Burnley,ST,Europe,18,57,75,220000.0,18
L. Rogerson,FC Carl Zeiss Jena,ST,Oceania,20,57,67,170000.0,10
L. Thomas,Forest Green Rovers,GK,Europe,20,57,67,130000.0,10
P. Sander,Holstein Kiel,LM,Europe,20,57,65,150000.0,8
A. Alibekov,Dynamo Kyiv,CDM,Europe,20,57,66,140000.0,9
J. Mashart,NAC Breda,LB,Europe,18,57,69,150000.0,12
D. Casey,Cork City,CB,Europe,20,57,69,160000.0,12
C. Norman,Oxford United,RB,Europe,22,57,63,120000.0,6
N. Lemaître,Stade de Reims,GK,Europe,21,57,68,140000.0,11
F. Ross,Aberdeen,CM,Europe,20,57,73,230000.0,16
O. Kakay,Queens Park Rangers,RB,Africa,20,57,70,180000.0,13
D. Leahy,Bohemian FC,LB,Europe,20,57,69,160000.0,12
R. Sottil,Fiorentina,LW,Europe,19,57,73,220000.0,16
Li Haitao,Jiangsu Suning FC,GK,Asia,22,57,65,110000.0,8
R. Allassani,Coventry City,LM,Europe,22,57,67,170000.0,10
D. Conroy,Swindon Town,CB,Europe,22,57,64,120000.0,7
F. Zorba,VfL Osnabrück,LB,Europe,20,57,66,140000.0,9
T. Blackmon,Los Angeles FC,RB,North_America,21,57,67,140000.0,10
T. Arndal,AC Horsens,LM,Europe,20,57,68,180000.0,11
M. Al Sufyani,Al Wehda,LM,Asia,19,57,73,220000.0,16
B. Liddle,Middlesbrough,CM,Europe,19,57,70,190000.0,13
C. Oliver,Brentford,CB,Europe,20,57,69,160000.0,12
N. Kariri,Al Fayha,RB,Asia,20,57,70,180000.0,13
Xiang Hantian,Beijing Renhe FC,RM,Asia,22,57,63,140000.0,6
R. de Vos,FC Emmen,CM,Europe,22,57,66,160000.0,9
N. Simon,Racing Club de Lens,CM,Europe,18,57,73,210000.0,16
N. Kirk,Brentford,RB,Europe,20,57,71,200000.0,14
S. Al Najrani,Al Fateh,RM,Asia,21,57,64,150000.0,7
A. Attiah,Al Wehda,GK,Asia,21,57,70,160000.0,13
K. Ademi,Neuchâtel Xamax,ST,Europe,22,57,68,180000.0,11
Zhou Dadi,Changchun Yatai FC,LM,Asia,22,57,66,160000.0,9
D. Adshead,Rochdale,CM,Europe,16,57,77,200000.0,20
J. Adelson,Newcastle Jets,RB,Oceania,22,57,67,140000.0,10
S. Bouzar,AS Nancy Lorraine,CB,Europe,18,57,70,160000.0,13
J. Curran,Dundee FC,RM,Oceania,21,57,68,160000.0,11
D. Cayupil,Club Deportes Temuco,LB,South_America,20,57,71,200000.0,14
O. Mireles,Club León,CB,North_America,19,57,70,170000.0,13
O. Valakari,Tromsø IL,CAM,Europe,18,57,73,210000.0,16
R. Holden,Bristol City,CAM,Europe,20,57,70,200000.0,13
D. Salanovic,FC Thun,RM,Europe,22,57,66,160000.0,9
Pol Lozano,RCD Espanyol,CM,Europe,18,57,74,210000.0,17
S. Todd,Derry City,CB,Europe,20,57,72,210000.0,15
C. Evans,Macclesfield Town,CM,Europe,22,57,65,150000.0,8
O. Buur Rasmussen,Wolverhampton Wanderers,RWB,Europe,20,57,71,200000.0,14
C. Libertiaux,Royal Excel Mouscron,GK,Europe,20,57,68,140000.0,11
L. Migliorelli,Venezia FC,LB,Europe,20,57,68,160000.0,11
M. Millar,Central Coast Mariners,RWB,Oceania,21,57,66,140000.0,9
M. Mejlstrup Pedersen,Hobro IK,CM,Europe,22,57,67,160000.0,10
K. Gordon,Lincoln City,RM,Europe,20,57,72,230000.0,15
A. Bayındır,MKE Ankaragücü,GK,Europe,20,57,66,120000.0,9
J. Theissen,Fortuna Düsseldorf,GK,Europe,20,57,68,140000.0,11
D. Mottley-Henry,Tranmere Rovers,RM,Europe,20,57,66,160000.0,9
J. Hernandez,Real Salt Lake,CAM,North_America,22,57,65,150000.0,8
S. Villarreal,Monterrey,RB,North_America,18,57,74,190000.0,17
S. Al Nabit,Ohod Club,LM,Asia,22,57,67,170000.0,10
B. Folami,Ipswich Town,ST,Oceania,19,57,73,220000.0,16
K. Castañeda,Deportivo Toluca,LM,North_America,18,57,75,210000.0,18
A. Ghareeb,Al Ahli,RS,Asia,21,57,68,180000.0,11
I. Jasarevic,Dalkurd FF,LB,Europe,22,57,64,120000.0,7
C. Vernam,Grimsby Town,RS,Europe,21,57,65,160000.0,8
Lee Rae Joon,Pohang Steelers,ST,Asia,21,57,66,160000.0,9
B. Taz,1. FC Union Berlin,CAM,Europe,19,57,77,220000.0,20
T. Mizutani,Shimizu S-Pulse,RM,Asia,22,57,62,140000.0,5
B. Dione,Royal Excel Mouscron,ST,Europe,21,57,66,160000.0,9
K. Al Shuwayie,Al Nassr,CB,Asia,22,57,68,160000.0,11
A. Ramírez,CD Universidad de Concepción,LW,South_America,19,57,67,160000.0,10
L. Ritson,Hull City,CB,Europe,19,57,69,160000.0,12
G. Berggren,BK Häcken,CM,Europe,20,57,65,150000.0,8
J. Oksanen,Brentford,CDM,Europe,17,57,76,180000.0,19
D. Parker,Walsall,ST,Europe,18,57,70,190000.0,13
A. Bolger,Shamrock Rovers,CM,Europe,18,57,77,210000.0,20
B. Fox,Burton Albion,CM,Europe,20,57,73,230000.0,16
E. Kastrati,Pescara,GK,Europe,21,57,69,150000.0,12
M. Al Rashidi,Al Fayha,RB,Asia,19,57,73,200000.0,16
Kim Woo Suk,Daegu FC,CB,Asia,21,57,68,160000.0,11
O. Jackson,Milton Keynes Dons,CB,Europe,19,57,72,200000.0,15
C. Thompson,Fulham,ST,Europe,18,57,73,220000.0,16
J. Shackleton,Leeds United,CM,Europe,18,57,77,210000.0,20
T. Sibbick,AFC Wimbledon,CB,Europe,19,57,69,160000.0,12
K. Oldenburger,FC Emmen,RM,Europe,22,57,64,150000.0,7
M. Lema,SK Sturm Graz,RM,Europe,18,57,75,210000.0,18
N. Cordero,Club Atlético Huracán,ST,South_America,19,57,72,220000.0,15
J. Rodríguez,Puebla FC,CM,North_America,20,57,66,160000.0,9
H. Abu Sharara,Al Qadisiyah,RM,Asia,21,57,66,160000.0,9
B. Hussein,AIK,CM,Europe,18,57,78,230000.0,21
V. Ekani,SønderjyskE,CM,Africa,21,57,71,230000.0,14
L. Gordon,St. Johnstone FC,CB,Europe,22,57,66,140000.0,9
V. Karakuş,Kayserispor,GK,Europe,20,57,67,130000.0,10
M. Al Zubaidi,Al Ahli,LB,Asia,20,57,68,160000.0,11
A. Al Bishi,Al Qadisiyah,CB,Asia,22,57,66,140000.0,9
G. Siadas,Fortuna Düsseldorf,LB,Europe,18,57,73,190000.0,16
S. Coly,Ascoli,ST,Africa,20,57,72,230000.0,15
C. Coventry,West Ham United,CM,Europe,18,57,73,210000.0,16
J. Ponceau,FC Lorient,CAM,Europe,17,57,72,210000.0,15
M. Al Haidari,Al Hilal,GK,Asia,22,57,65,110000.0,8
Y. Lenze,FC Schalke 04,GK,Europe,17,57,82,190000.0,25
F. Chenkam,Seattle Sounders FC,ST,Africa,19,57,71,220000.0,14
R. Edmondson,Leeds United,ST,Europe,17,57,79,230000.0,22
M. Klass,Southend United,CM,Europe,19,57,69,180000.0,12
J. Vom Steeg,LA Galaxy,GK,North_America,21,57,67,130000.0,10
E. Palacios,Alianza Petrolera,RB,South_America,21,57,66,140000.0,9
Kim Joon Beom,Gyeongnam FC,LM,Asia,20,57,67,170000.0,10
K. Engbers,FC Emmen,CB,Europe,18,57,68,140000.0,11
K. Wootton,Scunthorpe United,ST,Europe,21,57,64,150000.0,7
U. Türker,Alanyaspor,CM,Europe,20,57,72,230000.0,15
L. Malicsek,FC Admira Wacker Mödling,RCM,Europe,19,57,71,200000.0,14
K. da Graca,IFK Göteborg,CB,Europe,20,57,70,180000.0,13
B. Maguire,Motherwell,CB,Europe,20,57,72,210000.0,15
J. Padilla,Pachuca,RW,North_America,19,57,76,220000.0,19
S. Palma,Once Caldas,CB,South_America,18,57,77,190000.0,20
C. Crane,Livingston FC,LB,Europe,22,57,66,140000.0,9
A. Rizzo,Palermo,LW,Europe,19,57,76,220000.0,19
J. Holldack,KFC Uerdingen 05,CDM,Europe,22,57,68,160000.0,11
A. Goelzer,Valenciennes FC,LB,Europe,19,57,71,200000.0,14
A. Mironov,Lokomotiv Moscow,CM,Europe,18,57,71,210000.0,14
T. Abrahams,Exeter City,ST,Europe,19,57,69,180000.0,12
S. Ben Amar,Nîmes Olympique,ST,Africa,20,57,69,190000.0,12
M. Gillam,Rochdale,ST,Europe,19,57,69,180000.0,12
F. Kaya,FC Ingolstadt 04,ST,Europe,18,57,73,220000.0,16
J. Zea,Deportivo Cali,ST,South_America,19,57,73,220000.0,16
D. Spence,Middlesbrough,RB,Europe,17,57,77,180000.0,20
Cong Zhen,Shanghai Greenland Shenhua FC,CM,Asia,21,57,65,150000.0,8
M. Norman,Rochdale,GK,Europe,21,57,69,150000.0,12
E. Mahmutovic,Yeovil Town,CB,Europe,21,57,67,150000.0,10
Vasco Paciência,Boavista FC,ST,Europe,18,57,74,220000.0,17
F. Akammadu,Tranmere Rovers,ST,Europe,19,57,73,220000.0,16
S. Shotton,Bury,CB,Europe,17,57,69,140000.0,12
A. Hindi,Al Ahli,CB,Asia,21,57,70,180000.0,13
C. Nicell,Leeds United,CM,Europe,18,57,72,210000.0,15
J. Truque,Once Caldas,GK,South_America,19,57,73,180000.0,16
A. Adetula,Eintracht Braunschweig,LW,Europe,20,57,67,170000.0,10
B. Alférez,Godoy Cruz,CB,South_America,20,57,67,150000.0,10
D. Mitov,Cambridge United,GK,Europe,21,56,63,90000.0,7
M. Galé,La Equidad,CDM,South_America,22,56,64,110000.0,8
R. Harvey,Millwall,RM,Europe,18,56,70,190000.0,14
J. McMillan,Livingston FC,LB,Europe,20,56,68,140000.0,12
H. Clifton,Grimsby Town,LCM,Europe,20,56,68,160000.0,12
T. Heward-Belle,Sydney FC,GK,Oceania,21,56,69,140000.0,13
J. Simonsen,SønderjyskE,RB,Europe,22,56,63,110000.0,7
P. Sánchez,CD Everton de Viña del Mar,CM,South_America,20,56,64,130000.0,8
R. Koot,Fortuna Sittard,GK,Europe,18,56,68,120000.0,12
J. Pourtau,Estudiantes de La Plata,GK,South_America,18,56,75,150000.0,19
D. Mushitu,AIK,ST,Europe,18,56,70,190000.0,14
M. Berisha,1. FC Magdeburg,CF,Europe,20,56,73,200000.0,17
M. Harris,Newport County,ST,Europe,19,56,73,200000.0,17
Gao Tianyi,Jiangsu Suning FC,CDM,Asia,20,56,66,130000.0,10
L. Seydoux,BSC Young Boys,RB,Europe,20,56,68,140000.0,12
D. Mena,Boyacá Chicó FC,RM,South_America,21,56,65,140000.0,9
A. Medina,Deportivo Toluca,CM,North_America,20,56,70,200000.0,14
O. O'Dwyer,Crystal Palace,CB,Europe,20,56,69,160000.0,13
M. Parada,CD Antofagasta,CAM,South_America,20,56,68,160000.0,12
Jo Yong Jae,Daegu FC,RW,Asia,20,56,68,160000.0,12
M. Wolff,Club Atlético Tigre,GK,South_America,21,56,66,110000.0,10
O. Kensdale,Colchester United,CB,Europe,18,56,76,170000.0,20
L. Hardcastle,Port Vale,CM,Europe,19,56,64,130000.0,8
O. Malcı,Çaykur Rizespor,CDM,Europe,22,56,65,120000.0,9
H. Al Yami,Al Qadisiyah,ST,Asia,19,56,71,200000.0,15
J. Ferry,Stevenage,CM,Europe,21,56,64,130000.0,8
S. Janssen,VVV-Venlo,CM,Europe,17,56,72,180000.0,16
M. Catenacci,Djurgårdens IF,RB,Europe,17,56,73,160000.0,17
M. Guel,FC Lorient,RW,Africa,19,56,75,190000.0,19
T. Rönning,IF Elfsborg,GK,Europe,19,56,66,110000.0,10
A. Jerez,Curicó Unido,GK,South_America,19,56,66,110000.0,10
M. Pedersen,Tromsø IL,RM,Europe,18,56,76,190000.0,20
K. Politz,New York Red Bulls,CB,North_America,22,56,65,120000.0,9
K. Shiihashi,Vegalta Sendai,RCM,Asia,21,56,60,100000.0,4
M. Layer,VfR Aalen,GK,Europe,19,56,71,160000.0,15
M. Grundmann,FC Energie Cottbus,CB,Europe,20,56,66,130000.0,10
W. Biedrzycki,Górnik Zabrze,CDM,Europe,20,56,64,120000.0,8
D. Baur,Heart of Midlothian,CB,Europe,19,56,72,180000.0,16
C. Lang,Oldham Athletic,RM,Europe,19,56,73,190000.0,17
C. Ariza,Jaguares de Córdoba,GK,South_America,22,56,66,110000.0,10
S. Amin,Örebro SK,CM,Asia,20,56,64,130000.0,8
D. Hutchinson,Waterford FC,CDM,Europe,21,56,64,120000.0,8
Y. Ben El-Mhanni,Scunthorpe United,LM,Europe,22,56,65,140000.0,9
H. Isted,Luton Town,GK,Europe,21,56,67,120000.0,11
O. Yilmaz,FC Wacker Innsbruck,ST,Europe,20,56,64,140000.0,8
G. Kımışır,Antalyaspor,CB,Europe,20,56,65,120000.0,9
Z. Al Haniti,Ohod Club,CB,Asia,22,56,68,140000.0,12
N. Abdali,Al Fayha,ST,Asia,20,56,68,160000.0,12
S. McWilliams,Northampton Town,RB,Europe,19,56,72,190000.0,16
T. Roberts,FC Dallas,CAM,North_America,17,56,75,180000.0,19
J. McDonagh,Derry City,RM,Europe,22,56,66,150000.0,10
A. Koldere,Medipol Başakşehir FK,LB,Europe,18,56,74,170000.0,18
D. Stynes,Perth Glory,CAM,Oceania,19,56,67,150000.0,11
M. Kos,FK Austria Wien,GK,Europe,21,56,66,110000.0,10
F. Baptiste,Crystal Palace,ST,Europe,18,56,76,190000.0,20
Jeong Chee In,Daegu FC,LW,Asia,20,56,70,200000.0,14
K. Watts,Newcastle United,CB,Europe,18,56,76,170000.0,20
J. Lennon,St. Patrick's Athletic,LDM,Europe,20,56,70,200000.0,14
H. Duman,Strømsgodset IF,CM,Europe,19,56,68,150000.0,12
N. Anhölcher,VfR Aalen,ST,Europe,18,56,69,160000.0,13
J. Stenmark,Kalmar FF,CB,Europe,19,56,70,180000.0,14
S. Belkahia,TSV 1860 München,CB,Europe,19,56,66,120000.0,10
C. Tovar,Deportes Tolima,CB,South_America,20,56,71,180000.0,15
C. Goslin,Atlanta United,CM,North_America,18,56,78,200000.0,22
B. Stephens,Macclesfield Town,CAM,Europe,20,56,66,150000.0,10
S. Lavelle,Morecambe,LCB,Europe,21,56,65,120000.0,9
M. Rodrigues,FC Thun,RCB,Europe,21,56,65,120000.0,9
Javito,SD Huesca,RB,Europe,17,56,72,160000.0,16
W. Jakkit,FC Tokyo,RM,Asia,21,56,68,160000.0,12
H. St Clair,Venezia FC,LW,Europe,19,56,70,190000.0,14
S. Grønli,Tromsø IL,CF,Europe,17,56,77,200000.0,21
P. Jensen,FC Nordsjælland,GK,Europe,20,56,63,90000.0,7
A. Hinds,Rotherham United,LB,Europe,18,56,68,130000.0,12
F. Al Rashidi,Al Hilal,RM,Asia,21,56,65,140000.0,9
A. Ávila,Club Atlas,LM,North_America,20,56,73,200000.0,17
M. Lis,Wisła Kraków,GK,Europe,21,56,63,90000.0,7
A. Nsakala,FC Sochaux-Montbéliard,RB,Europe,18,56,78,180000.0,22
C. Carroll,Brentford,CB,Europe,19,56,74,180000.0,18
D. Takahashi,Shimizu S-Pulse,ST,Asia,19,56,70,200000.0,14
L. Brand,Willem II,GK,Europe,18,56,68,120000.0,12
Y. Zummack,VfL Sportfreunde Lotte,GK,Europe,22,56,62,90000.0,6
R. Feely,Waterford FC,RCB,Europe,21,56,67,140000.0,11
J. Hove,Strømsgodset IF,CM,Europe,17,56,74,180000.0,18
T. Deters,SV Meppen,CM,Europe,22,56,63,130000.0,7
H. Bellman,Östersunds FK,LM,Europe,19,56,71,190000.0,15
Marc Vito,Girona FC,GK,Europe,21,56,66,110000.0,10
C. MacPherson,St. Mirren,CM,Europe,19,56,71,190000.0,15
C. Rojas,Envigado FC,ST,South_America,20,56,65,140000.0,9
R. Wintle,Crewe Alexandra,LCM,Europe,21,56,66,140000.0,10
M. Smith,Free Agent,CDM,Europe,18,56,75,0.0,19
Álvaro Gómez,Albacete BP,CM,Europe,21,56,67,150000.0,11
T. Makowski,Lechia Gdańsk,CM,Europe,18,56,73,180000.0,17
C. Sickinger,1. FC Kaiserslautern,CDM,Europe,20,56,68,140000.0,12
K. Dybowski,Piast Gliwice,GK,Europe,21,56,65,110000.0,9
T. Vermot,AS Saint-Étienne,GK,Europe,21,56,65,110000.0,9
Darío Ramos,Albacete BP,GK,Europe,18,56,74,150000.0,18
R. Escobar,San Luis de Quillota,ST,South_America,21,56,62,130000.0,6
N. Pejović,Empoli,CB,Europe,19,56,73,180000.0,17
J. Lokilo,FC Lorient,RM,Africa,19,56,73,190000.0,17
Wang Ziming,Beijing Sinobo Guoan FC,ST,Asia,21,56,65,140000.0,9
T. O'Neill,Middlesbrough,ST,Europe,18,56,72,190000.0,16
C. Waters,Kilmarnock,LB,Europe,22,56,64,110000.0,8
J. Williams,Barnsley,RB,Europe,18,56,74,170000.0,18
Pedrosa,Real Valladolid CF,ST,Europe,21,56,64,140000.0,8
F. Becker,FC St. Pauli,CM,Europe,18,56,73,180000.0,17
J. Brown,Barnsley,RM,Europe,20,56,68,160000.0,12
M. Bulka,Chelsea,GK,Europe,18,56,74,150000.0,18
R. Deprem,Örebro SK,LW,Europe,20,56,65,140000.0,9
H. Al Watyan,Al Fateh,GK,Asia,21,56,66,110000.0,10
I. Samba,AJ Auxerre,RB,Europe,20,56,69,150000.0,13
J. Castillo,Deportes Iquique,LW,South_America,19,56,73,190000.0,17
O. Şahin,BB Erzurumspor,LM,Europe,20,56,64,130000.0,8
H. Campbell,Burton Albion,GK,Europe,22,56,64,100000.0,8
F. Myhre,Vålerenga Fotball,CDM,Europe,19,56,69,150000.0,13
I. Sauter,FC Zürich,CB,Europe,17,56,80,180000.0,24
M. Castaño,La Equidad,CAM,South_America,19,56,74,190000.0,18
L. Ureta,CD O'Higgins,GK,South_America,19,56,73,160000.0,17
J. Ceesay,Djurgårdens IF,RM,Europe,20,56,66,150000.0,10
J. Fischer,Excelsior,CM,Europe,18,56,72,180000.0,16
D. Pawłowski,Górnik Zabrze,RB,Europe,19,56,66,120000.0,10
J. Ball,Stevenage,CM,Europe,22,56,64,130000.0,8
M. Shinada,FC Tokyo,CM,Asia,18,56,71,180000.0,15
Li Siqi,Beijing Sinobo Guoan FC,CM,Asia,20,56,64,130000.0,8
E. Crona,Kalmar FF,ST,Europe,18,56,74,190000.0,18
M. Idzik,Miedź Legnica,ST,Europe,21,56,65,140000.0,9
L. Gelzleichter,SV Darmstadt 98,ST,Europe,18,56,74,190000.0,18
S. Kulenović,Legia Warszawa,ST,Europe,18,56,75,190000.0,19
J. Talbot,Bohemian FC,GK,Europe,21,56,63,90000.0,7
J. Hallam,Sheffield United,ST,Europe,19,56,71,200000.0,15
J. Olufsen,Ranheim Fotball,LW,Europe,22,56,64,130000.0,8
N. Al Harthi,Al Wehda,RM,Asia,19,56,70,190000.0,14
J. Thompson,Coventry City,CB,Europe,19,56,70,180000.0,14
J. Valdeblánquez,Rionegro Águilas,RM,South_America,20,56,69,170000.0,13
C. Núñez,Vélez Sarsfield,CDM,South_America,20,56,67,140000.0,11
S. Mallon,Sheffield United,LM,Europe,19,56,73,190000.0,17
K. Suzuki,Shonan Bellmare,ST,Asia,22,56,62,130000.0,6
M. Sopoćko,Lechia Gdańsk,CAM,Europe,19,56,69,170000.0,13
D. Pierias,Melbourne City FC,RB,Oceania,18,56,70,170000.0,14
C. Ellis,Limerick FC,ST,Europe,21,56,66,150000.0,10
H. Finndell,Djurgårdens IF,CM,Europe,18,56,73,180000.0,17
C. Cooper,Newport County,CM,Europe,21,56,59,110000.0,3
E. Maulana Vikri,Lechia Gdańsk,CAM,Asia,17,56,74,180000.0,18
D. Ingham,Brisbane Roar,RB,Oceania,19,56,67,130000.0,11
A. Koiki,Burnley,LB,Europe,18,56,63,100000.0,7
S. Farsak,Medipol Başakşehir FK,CDM,Europe,20,56,65,120000.0,9
I. Cameron,Kilmarnock,CF,Europe,17,56,74,180000.0,18
P. Bird,Notts County,CB,Europe,19,56,71,180000.0,15
Y. Avcılar,Medipol Başakşehir FK,CB,Europe,19,56,70,180000.0,14
R. Majecki,Legia Warszawa,GK,Europe,18,56,76,150000.0,20
S. Nakagawa,Kashiwa Reysol,CB,Asia,19,56,72,180000.0,16
P. Patron,Clermont Foot 63,GK,Europe,20,56,63,90000.0,7
R. Giles,Wolverhampton Wanderers,LWB,Europe,18,56,76,170000.0,20
S. Sohm,FC Zürich,CDM,Europe,17,56,76,160000.0,20
M. Żyro,Miedź Legnica,CB,Europe,19,56,70,180000.0,14
S. Want,Hamilton Academical FC,CB,Europe,21,56,70,180000.0,14
L. Grabovac,SKN St. Pölten,LW,Europe,20,56,69,170000.0,13
Liu Heng,Henan Jianye FC,CB,Asia,22,56,65,120000.0,9
S. Bojang,Sarpsborg 08 FF,RB,Europe,20,56,67,140000.0,11
Liu Hao,Guizhou Hengfeng FC,RM,Asia,22,56,65,120000.0,9
J. Medina,Querétaro,CM,North_America,20,56,67,150000.0,11
S. Giménez,Cruz Azul,ST,North_America,17,56,79,200000.0,23
T. Francois,Fulham,CAM,Oceania,17,56,74,180000.0,18
D. Kaneko,Shonan Bellmare,RCM,Asia,19,56,65,130000.0,9
D. van Kaam,FC Groningen,CAM,Europe,18,56,75,190000.0,19
F. Fischerauer,FC Admira Wacker Mödling,CM,Europe,19,56,68,150000.0,12
A. Hellborg,Kalmar FF,CM,Europe,19,56,73,190000.0,17
D. Miya,Vissel Kobe,CB,Asia,22,56,62,110000.0,6
M. Tapias,Pachuca,CB,North_America,21,56,64,120000.0,8
R. Correa,Independiente Medellín,RM,South_America,18,56,70,190000.0,14
O. Solbakken,Ranheim Fotball,RW,Europe,19,56,67,150000.0,11
A. Koljic,SC Fortuna Köln,LB,Europe,19,56,68,140000.0,12
J. Bennett,Sheffield United,RWB,Europe,22,56,62,100000.0,6
J. Nieva,América de Cali,CDM,South_America,19,56,70,180000.0,14
H. Salem,Ettifaq FC,LB,Asia,20,56,68,140000.0,12
E. Sandberg,Lillestrøm SK,CB,Europe,18,56,73,170000.0,17
F. Abo Bakr,Ettifaq FC,CB,Asia,21,56,67,140000.0,11
T. Tanaka,Kashima Antlers,CM,Asia,20,56,68,160000.0,12
W. Fitzgerald,Limerick FC,LM,Europe,19,56,66,140000.0,10
K. Osako,Sanfrecce Hiroshima,GK,Asia,18,56,68,120000.0,12
Wei Zhen,Shanghai SIPG FC,CB,Asia,21,56,65,120000.0,9
A. Hudu,Hammarby IF,CM,Africa,18,56,69,160000.0,13
J. Lalrinzuala,Free Agent,LB,Asia,19,56,64,0.0,8
I. Pearce,Forest Green Rovers,ST,Europe,19,56,68,160000.0,12
R. Motegi,Urawa Red Diamonds,CB,Asia,21,56,65,120000.0,9
K. Cabral,Valenciennes FC,LM,Europe,18,56,70,190000.0,14
A. Majok,Western Sydney Wanderers,ST,Africa,19,56,69,170000.0,13
R. Ito,Sagan Tosu,LM,Asia,20,56,64,130000.0,8
I. Ünal,Alanyaspor,GK,Europe,20,56,69,140000.0,13
E. Chilufya,Djurgårdens IF,ST,Africa,18,56,75,190000.0,19
M. Stajduhar,Orlando City SC,GK,North_America,20,56,69,140000.0,13
K. Fatkic,FC Thun,CAM,Europe,20,56,65,140000.0,9
A. Jakupović,Empoli,ST,Europe,20,56,72,200000.0,16
A. Eichhorn,SC Fortuna Köln,RB,Europe,19,56,66,120000.0,10
Yang Wanshun,Tianjin TEDA FC,LW,Asia,22,56,65,140000.0,9
Philippe,FC Sion,RS,South_America,18,56,73,190000.0,17
Yang Fan,Tianjin TEDA FC,RB,Asia,22,56,65,120000.0,9
K. Ichimi,Gamba Osaka,ST,Asia,20,56,70,200000.0,14
J. Ponticelli,Macclesfield Town,ST,Europe,19,56,72,200000.0,16
S. Ali Yahya,Al Hazem,RB,Asia,19,56,72,170000.0,16
S. Brolin,AIK,GK,Europe,17,56,78,160000.0,22
J. Pérez,Club Atlas,ST,North_America,18,56,74,190000.0,18
A. Pearce,Central Coast Mariners,GK,Oceania,21,56,64,100000.0,8
B. Nygren,IFK Göteborg,ST,Europe,16,56,73,180000.0,17
Yang Liyu,Guangzhou Evergrande Taobao FC,RM,Asia,21,56,63,130000.0,7
L. Davies,Cambridge United,RB,Europe,18,56,68,130000.0,12
F. Espinoza,CD Universidad de Concepción,ST,South_America,20,56,67,160000.0,11
R. Hoffmann,FC Bayern München,GK,Europe,19,56,74,160000.0,18
H. Herrera,CD O'Higgins,CM,South_America,20,56,66,140000.0,10
A. Ajdarević,Örebro SK,LW,Europe,20,56,64,130000.0,8
K. Rowles,Central Coast Mariners,LWB,Oceania,20,56,71,180000.0,15
T. Hamilton,Hull City,LM,Europe,19,56,74,190000.0,18
K. Ito,Shimizu S-Pulse,LB,Asia,19,56,65,120000.0,9
C. O'Toole,Brisbane Roar,LB,Oceania,20,56,68,140000.0,12
E. Moran,Bray Wanderers,GK,Europe,21,56,67,120000.0,11
I. Koné,FK Haugesund,ST,Africa,19,56,70,200000.0,14
K. Awuah,New York City FC,CM,North_America,22,56,64,130000.0,8
L. Ashby-Hammond,Fulham,GK,Europe,17,56,76,150000.0,20
T. Chakwana,Burnley,RM,Europe,19,56,64,130000.0,8
D. Daly,Waterford FC,LB,Europe,20,56,68,140000.0,12
S. Pedersen,Strømsgodset IF,ST,Europe,19,56,67,150000.0,11
M. Al Hamad,Al Batin,ST,Asia,19,56,68,160000.0,12
O. Ünlüçifçi,FC Würzburger Kickers,RM,Europe,21,56,66,150000.0,10
A. Hoven,Strømsgodset IF,RM,Europe,20,56,69,170000.0,13
C. Zuvela,Sydney FC,CM,Oceania,21,56,67,150000.0,11
O. Christensen,Odense Boldklub,GK,Europe,19,56,67,120000.0,11
D. Breitfelder,VfL Sportfreunde Lotte,ST,Europe,21,56,66,150000.0,10
G. Vetti,Sarpsborg 08 FF,CM,Europe,19,56,66,140000.0,10
L. Robles,Grimsby Town,ST,Europe,21,56,67,160000.0,11
M. Miño,Rosario Central,GK,South_America,20,56,70,160000.0,14
N. Mbo,Gillingham,ST,Africa,19,56,61,120000.0,5
S. Abifade,Eintracht Braunschweig,LW,Europe,18,56,77,200000.0,21
C. Lokoli-Ngoy,Sydney FC,ST,Oceania,21,56,69,180000.0,13
E. Bijlsma,FC Emmen,CM,Europe,19,56,67,150000.0,11
M. Śliwa,Wisła Kraków,CAM,Europe,17,56,75,180000.0,19
R. Vinderslev,SønderjyskE,CM,Europe,20,56,67,150000.0,11
A. Nurudeen,KAS Eupen,GK,Africa,19,56,69,140000.0,13
T. Damsgaard,Randers FC,RB,Europe,20,56,66,130000.0,10
K. Henry,Yeovil Town,ST,Europe,18,56,68,150000.0,12
A. Kuruniyan,Free Agent,LW,Asia,21,56,70,0.0,14
R. Batlokwa,Southend United,CM,Africa,20,56,68,160000.0,12
B. Leneis,FC Augsburg,GK,Europe,19,56,67,120000.0,11
M. Blair,Burnley,LM,Europe,18,56,66,130000.0,10
Lee Hyun Sik,Gangwon FC,CM,Asia,22,56,64,130000.0,8
D. López,Club Tijuana,ST,North_America,18,56,66,140000.0,10
P. Pierzchała,Korona Kielce,CB,Europe,19,56,65,120000.0,9
O. Al Owdah,Al Fayha,RB,Asia,19,56,71,170000.0,15
A. Thurgate,Newcastle Jets,CM,Oceania,18,56,69,160000.0,13
Y. Magnin,Clermont Foot 63,CM,Europe,21,56,64,130000.0,8
A. Al Enazi,Al Faisaly,RB,Asia,21,56,65,120000.0,9
N. Rodes,Sporting de Charleroi,CDM,Europe,20,56,67,140000.0,11
W. Altamirano,Belgrano de Córdoba,CM,South_America,20,56,64,130000.0,8
Ko Jae Hyun,Daegu FC,RM,Asia,19,56,71,190000.0,15
O. Evans,Wigan Athletic,GK,Europe,21,56,68,130000.0,12
Xu Yougang,Shanghai Greenland Shenhua FC,RB,Asia,22,56,65,120000.0,9
S. Alzate,Swindon Town,LCM,Europe,19,56,68,160000.0,12
M. Steinwender,SV Mattersburg,CB,Europe,18,56,70,170000.0,14
H. Cardwell,Grimsby Town,ST,Europe,21,56,63,130000.0,7
M. Vantruba,SK Slavia Praha,GK,Europe,20,56,71,160000.0,15
H. Wilder,Mansfield Town,LB,Europe,18,56,74,170000.0,18
B. Delihasan,Çaykur Rizespor,CDM,Europe,19,56,72,180000.0,16
D. Puster,FC Admira Wacker Mödling,RM,Europe,19,56,68,160000.0,12
H. Tombakti,Al Shabab,CB,Asia,19,56,71,180000.0,15
L. Gibbens,Mansfield Town,CB,Europe,17,56,71,160000.0,15
A. Ogalde,Universidad Católica,GK,South_America,21,56,64,100000.0,8
I. Olaofe,Millwall,ST,Europe,18,56,68,150000.0,12
D. Barnett,Waterford FC,LB,Europe,21,56,65,120000.0,9
R. Ferguson,Motherwell,GK,Europe,20,56,69,140000.0,13
F. Domínguez,Racing Club,CM,South_America,20,56,65,140000.0,9
N. Vitré,Clermont Foot 63,CB,Europe,20,56,68,140000.0,12
H. Al Sibyani,Al Ahli,LB,Asia,19,55,64,110000.0,9
M. Shabow,Central Coast Mariners,LM,Oceania,20,55,64,140000.0,9
A. Famewo,Grimsby Town,CB,Europe,19,55,66,130000.0,11
W. Tomlinson,Blackburn Rovers,CM,Europe,20,55,65,140000.0,10
O. Al Zayni,Al Ahli,CDM,Asia,22,55,62,110000.0,7
A. Linnér,AIK,ST,Europe,19,55,67,160000.0,12
A. Tarmin,Al Ahli,RB,Asia,21,55,67,140000.0,12
J. Roberts,Western Sydney Wanderers,ST,Oceania,17,55,75,180000.0,20
K. Horgan,Shamrock Rovers,GK,Europe,21,55,62,90000.0,7
J. Tibbetts,Peterborough United,GK,Europe,19,55,65,110000.0,10
D. Arias,Club Deportes Temuco,ST,South_America,18,55,68,160000.0,13
W. Huffer,Leeds United,GK,Europe,19,55,72,160000.0,17
W. Hanssen,FK Bodø/Glimt,ST,Europe,20,55,63,130000.0,8
M. Al Thani,Al Faisaly,RM,Asia,21,55,65,140000.0,10
Montes,Girona FC,CB,Europe,20,55,64,120000.0,9
N. Khalifa,Al Qadisiyah,RB,Asia,22,55,65,120000.0,10
A. Fisher,Blackburn Rovers,GK,Europe,20,55,63,100000.0,8
C. Lindley,Orlando City SC,CM,North_America,20,55,69,190000.0,14
M. Borgogno,Vélez Sarsfield,GK,South_America,19,55,69,160000.0,14
H. Al Shaie,Al Hazem,ST,Asia,20,55,66,150000.0,11
G. Haag,AS Nancy Lorraine,CDM,Europe,18,55,72,160000.0,17
C. McVey,IF Elfsborg,RB,Europe,21,55,63,110000.0,8
I. Ibañez,CD Everton de Viña del Mar,RB,South_America,21,55,63,110000.0,8
H. Sobol,Lech Poznań,ST,Europe,18,55,66,140000.0,11
G. Satalino,Sassuolo,GK,Europe,19,55,70,160000.0,15
A. Diaz,CD O'Higgins,LW,South_America,18,55,73,180000.0,18
M. Hauptmann,SG Dynamo Dresden,RM,Europe,18,55,72,180000.0,17
G. McDonagh,Barnsley,ST,Europe,20,55,65,150000.0,10
D. Bielica,Górnik Zabrze,GK,Europe,19,55,69,160000.0,14
M. Akjah,Al Wehda,GK,Asia,20,55,71,160000.0,16
R. Sandford,Millwall,GK,Europe,19,55,68,130000.0,13
R. Slater,Carlisle United,RCM,Europe,18,55,66,140000.0,11
A. Al Shehry,Al Qadisiyah,GK,Asia,22,55,62,90000.0,7
Gianluca Zanette,Vejle Boldklub,GK,South_America,21,55,66,120000.0,11
T. Bloor,Mansfield Town,RWB,Europe,18,55,74,160000.0,19
M. Kaastrup,Aarhus GF,LM,Europe,17,55,72,180000.0,17
P. Gueye,Le Havre AC,CDM,Europe,19,55,73,170000.0,18
M. Godoy,CD Huachipato,RW,South_America,21,55,67,160000.0,12
J. Łoś,Arka Gdynia,ST,Europe,17,55,76,200000.0,21
S. Gussiås,Molde FK,ST,Europe,18,55,67,150000.0,12
G. Piras,SK Sturm Graz,CB,Europe,19,55,70,170000.0,15
Taliby,CD Numancia,GK,Europe,21,55,64,100000.0,9
P. Waring,Cerezo Osaka,ST,Asia,19,55,61,120000.0,6
A. Agouda,Stabæk Fotball,ST,Europe,19,55,70,190000.0,15
T. Mitchell,Crystal Palace,LB,Europe,18,55,72,160000.0,17
K. Ahmadi,IK Sirius,LM,Europe,19,55,65,140000.0,10
B. Maher,St. Patrick's Athletic,GK,Europe,17,55,69,140000.0,14
A. Al Shammari,Al Shabab,CAM,Asia,19,55,66,150000.0,11
A. Haroon,Al Shabab,CB,Asia,19,55,65,120000.0,10
R. Edmonds-Green,Huddersfield Town,CB,Europe,19,55,70,170000.0,15
N. Sheron,Fleetwood Town,CB,Europe,20,55,69,180000.0,14
S. Baptiste,Oxford United,CM,Europe,20,55,71,190000.0,16
M. El Idrissy,AC Ajaccio,ST,Europe,19,55,70,190000.0,15
C. Goddard,Benevento,CAM,Asia,21,55,69,190000.0,14
B. Leiva,Universidad Católica,LW,South_America,20,55,65,140000.0,10
R. Kamber,Grasshopper Club Zürich,ST,Europe,22,55,66,150000.0,11
M. Valenta,SK Slavia Praha,CM,Europe,18,55,70,180000.0,15
T. Forbes,Newport County,RWB,Europe,22,55,66,130000.0,11
K. Lara,Curicó Unido,LB,South_America,19,55,70,170000.0,15
A. Baun,Hobro IK,RM,Europe,22,55,62,120000.0,7
B. Niezgoda,Jagiellonia Białystok,GK,Europe,18,55,73,150000.0,18
A. Doğan,Kayserispor,CB,Europe,16,55,71,160000.0,16
A. Payne,Norwich City,CM,Europe,18,55,71,180000.0,16
J. López,Racing Club,CM,South_America,18,55,70,180000.0,15
M. Matic,Grasshopper Club Zürich,GK,Europe,22,55,67,120000.0,12
J. Kayode,Rotherham United,ST,Africa,18,55,70,180000.0,15
A. Arigoni,Grasshopper Club Zürich,LB,Europe,19,55,63,110000.0,8
R. McGinley,Rotherham United,LM,Europe,18,55,68,160000.0,13
T. Amos,IFK Göteborg,GK,Europe,20,55,68,140000.0,13
Y. Taki,Shimizu S-Pulse,CM,Asia,18,55,70,180000.0,15
D. Błanik,Pogoń Szczecin,RM,Europe,21,55,64,140000.0,9
Y. Nishimura,Shimizu S-Pulse,CM,Asia,18,55,64,120000.0,9
M. Howarth,Burnley,CM,Europe,19,55,65,140000.0,10
S. Mann,TSV Hartberg,CM,Europe,21,55,67,160000.0,12
M. Karlsson,Örebro SK,GK,Europe,22,55,62,90000.0,7
Y. Oki,Kashima Antlers,GK,Asia,18,55,72,150000.0,17
R. Swan,Bohemian FC,ST,Europe,22,55,61,120000.0,6
D. Noone,Bray Wanderers,CAM,Europe,21,55,64,140000.0,9
M. Ross Jensen,Aalborg BK,CB,Europe,17,55,73,160000.0,18
F. Kraft,VfL Bochum 1848,GK,Europe,19,55,70,160000.0,15
A. Bonnah,IF Brommapojkarna,CM,Europe,18,55,65,130000.0,10
O. Bayode,Burnley,RM,Europe,19,55,63,130000.0,8
C. Bassett,Colorado Rapids,CDM,North_America,16,55,77,180000.0,22
Víctor Gómez,RCD Espanyol,LB,Europe,18,55,73,160000.0,18
B. Berríos,Colo-Colo,CM,South_America,20,55,69,190000.0,14
N. Logue,Derry City,CB,Europe,22,55,63,110000.0,8
K. Sibille,River Plate,CB,South_America,19,55,72,170000.0,17
C. Oxlade-Chamberlain,Notts County,RB,Europe,20,55,70,180000.0,15
J. Guttau,Hallescher FC,CAM,Europe,18,55,71,180000.0,16
E. Çetindere,Sivasspor,CDM,Europe,18,55,76,180000.0,21
F. Durmuş,Sivasspor,CM,Europe,19,55,71,190000.0,16
R. Lopez-Espin,Real Salt Lake,ST,North_America,22,55,64,140000.0,9
K. Davies,Notts County,CB,Europe,21,55,67,140000.0,12
Y. Aguila,Club Deportes Temuco,LB,South_America,22,55,63,110000.0,8
J. Romo,CD Palestino,ST,South_America,18,55,71,180000.0,16
A. Troffa,GFC Ajaccio,CM,Europe,18,55,68,160000.0,13
F. Darisi,Al Ahli,CB,Asia,21,55,67,140000.0,12
K. Klaesson,Vålerenga Fotball,GK,Europe,17,55,70,140000.0,15
H. Ishikawa,Sagan Tosu,CM,Asia,19,55,64,130000.0,9
C. Moreno,CD Everton de Viña del Mar,GK,North_America,20,55,64,100000.0,9
M. Hernández,Club Atlético Colón,CM,South_America,19,55,70,190000.0,15
A. Sevestre,US Orléans Loiret Football,GK,Europe,19,55,68,130000.0,13
L. Dunne,Colchester United,CAM,Europe,19,55,72,190000.0,17
L. Cass,Newcastle United,RB,Europe,18,55,74,160000.0,19
S. Jurado,Tiburones Rojos de Veracruz,GK,North_America,20,55,69,160000.0,14
R. Uehara,Júbilo Iwata,RCM,Asia,21,55,66,150000.0,11
J. Grayson,Blackburn Rovers,CB,Europe,19,55,70,170000.0,15
N. Gartside,Derry City,GK,Europe,20,55,67,130000.0,12
H. Guenouche,FC Zürich,LB,Europe,18,55,71,160000.0,16
N. Hahn,FK Austria Wien,CDM,Europe,17,55,77,180000.0,22
E. Küc,FC Würzburger Kickers,CAM,Europe,21,55,65,140000.0,10
J. Galić,SV Darmstadt 98,GK,Europe,18,55,72,150000.0,17
E. Iandolo,Swindon Town,LB,Europe,20,55,63,130000.0,8
B. Doherty,Derry City,LB,Europe,21,55,68,150000.0,13
H. Ishihara,Shonan Bellmare,LM,Asia,19,55,72,190000.0,17
W. Scott,Perth Glory,LB,Oceania,18,55,68,140000.0,13
H. Offia,IK Sirius,LM,Africa,18,55,66,140000.0,11
K. Ward,Mansfield Town,CM,Europe,18,55,74,180000.0,19
G. Rogers,Yeovil Town,RM,Europe,17,55,70,180000.0,15
W. Graham,Kilmarnock,ST,Europe,19,55,70,190000.0,15
M. Henvey,Dundee FC,ST,Europe,18,55,72,180000.0,17
L. Gray,Carlisle United,GK,Europe,22,55,65,110000.0,10
E. Suliman,FC Emmen,CB,Europe,20,55,67,140000.0,12
K. Mellado,Deportes Iquique,ST,South_America,19,55,69,190000.0,14
F. Tägtström,GIF Sundsvall,CB,Europe,20,55,64,120000.0,9
J. Kronig,BSC Young Boys,CB,Europe,18,55,77,180000.0,22
M. Edjouma,FC Lorient,CDM,Europe,21,55,64,120000.0,9
L. Wackerle,SKN St. Pölten,GK,Europe,22,55,61,90000.0,6
B. Mumba,Sunderland,CM,Europe,16,55,80,190000.0,25
R. Gómez,Belgrano de Córdoba,RM,South_America,16,55,76,190000.0,21
V. Reitstetter,FC Carl Zeiss Jena,CB,Europe,20,55,68,150000.0,13
B. Ozegovic,SCR Altach,GK,Europe,18,55,66,110000.0,11
M. Orozco,Querétaro,RB,North_America,22,55,64,120000.0,9
S. Bakan,Göztepe SK,LM,Europe,17,55,70,180000.0,15
M. Leverbe,Sampdoria,CB,Europe,21,55,63,110000.0,8
P. Almqvist,IFK Norrköping,LW,Europe,18,55,72,180000.0,17
M. Prinz,SC Preußen Münster,GK,Europe,18,55,71,150000.0,16
M. García,Once Caldas,ST,South_America,19,55,64,130000.0,9
P. Pellegrino,Cosenza,GK,Europe,20,55,64,100000.0,9
R. Al Otaibi,Al Wehda,RB,Asia,18,55,72,160000.0,17
N. Hämäläinen,Queens Park Rangers,LB,Europe,21,55,65,120000.0,10
L. Shabani,Malmö FF,LM,Europe,18,55,72,180000.0,17
B. Castrejón,Pachuca,LB,North_America,21,55,64,120000.0,9
A. Kawai,Sanfrecce Hiroshima,LB,Asia,18,55,68,140000.0,13
A. Rodriguez,Universidad de Chile,CB,South_America,19,55,71,170000.0,16
V. Kaith,Free Agent,GK,Asia,21,55,64,0.0,9
S. Daly-Bütz,Cork City,RM,Europe,22,55,63,130000.0,8
A. Gudjónsson,Strømsgodset IF,CB,Europe,19,55,71,170000.0,16
H. Andersson,Örebro SK,CB,Europe,16,55,70,160000.0,15
C. Elliot,Wellington Phoenix,CAM,Oceania,18,55,72,180000.0,17
V. Triboulet,AS Nancy Lorraine,ST,Europe,19,55,71,190000.0,16
A. Zaizen,FC Wacker Innsbruck,CAM,Asia,19,55,66,150000.0,11
A. Kigbu,Wolfsberger AC,CB,Europe,19,55,74,170000.0,19
C. Sepúlveda,Jaguares de Córdoba,CDM,South_America,21,55,67,140000.0,12
S. Martin,Hamilton Academical FC,LDM,Europe,21,55,69,190000.0,14
R. Clampin,Colchester United,LB,Europe,19,55,71,170000.0,16
L. Hlabi,Gillingham,ST,Europe,18,55,58,100000.0,3
L. O'Reilly,Carlisle United,GK,Europe,22,55,63,100000.0,8
H. Noda,Gamba Osaka,CB,Asia,20,55,70,180000.0,15
Liu Yue,Tianjin Quanjian FC,LM,Asia,20,55,64,140000.0,9
A. Takagi,Gamba Osaka,ST,Asia,20,55,66,150000.0,11
P. Bahanack,Stade de Reims,CB,Africa,20,55,64,120000.0,9
M. Leiva,CD Everton de Viña del Mar,ST,South_America,18,55,72,180000.0,17
A. Hodžić,Wolfsberger AC,ST,Europe,18,55,68,160000.0,13
R. Mantel,Sporting Lokeren,GK,Europe,17,55,73,140000.0,18
I. Mahnashi,Ettifaq FC,CM,Asia,18,55,73,180000.0,18
J. Earing,Bolton Wanderers,CM,Europe,19,55,70,190000.0,15
O. Nowak,Zagłębie Lubin,ST,Europe,20,55,64,140000.0,9
J. Alvarado,Monterrey,ST,North_America,18,55,74,180000.0,19
B. Wade,Rochdale,GK,Europe,17,55,76,160000.0,21
Mai Jiajian,Guangzhou R&F; FC,LM,Asia,22,55,61,120000.0,6
H. Hawsawi,Al Fayha,GK,Asia,21,55,66,120000.0,11
J. Montoya,Itagüí Leones FC,GK,South_America,19,55,71,160000.0,16
Dong YanFeng,Dalian YiFang FC,RB,Asia,22,55,61,100000.0,6
M. Said,Empoli,ST,Europe,18,55,76,200000.0,21
G. Arib,Valenciennes FC,CDM,Europe,18,55,69,160000.0,14
T. Mohr,Holstein Kiel,CB,Europe,21,55,63,110000.0,8
Sun Ya,Tianjin TEDA FC,RM,Asia,21,55,65,140000.0,10
J. Łabojko,Śląsk Wrocław,CDM,Europe,20,55,64,120000.0,9
D. Camara Bos,FC Emmen,RB,Europe,19,55,68,150000.0,13
A. Benedyczak,Pogoń Szczecin,ST,Europe,17,55,73,180000.0,18
Li Chen,Beijing Renhe FC,GK,Asia,21,55,67,130000.0,12
A. Kajpust,Cracovia,CB,Europe,19,55,63,110000.0,8
J. Cano,FC Dallas,RB,North_America,22,55,64,120000.0,9
A. Marie-Sainte,Livorno,CB,Europe,19,55,70,170000.0,15
L. Sutton,Scunthorpe United,RB,Europe,21,55,63,110000.0,8
D. Amos,Doncaster Rovers,LB,Europe,18,55,69,160000.0,14
A. Splaine,Derry City,CDM,Europe,21,55,63,110000.0,8
C. Peters,Walsall,ST,Europe,19,55,68,170000.0,13
R. Deiman,FC Emmen,CM,Europe,19,55,67,150000.0,12
T. Jäntti,HJK Helsinki,CAM,Europe,18,55,69,180000.0,14
Z. Hakeem,Mansfield Town,ST,Europe,19,55,68,170000.0,13
R. Ayagwa,Lillestrøm SK,CM,Africa,20,55,67,160000.0,12
P. Samiec-Talar,Śląsk Wrocław,ST,Europe,16,55,73,180000.0,18
D. Butterworth,Blackburn Rovers,ST,Europe,18,55,70,180000.0,15
Y. Nuxoll,SV Meppen,CB,Europe,20,55,67,140000.0,12
A. Sow,Racing Club de Lens,RW,Africa,18,55,70,180000.0,15
S. Svenlén,IF Brommapojkarna,CB,Europe,18,55,65,110000.0,10
F. Botiseriu,1. FC Kaiserslautern,LB,Europe,19,55,71,170000.0,16
L. Ward,Northampton Town,GK,Europe,21,55,69,160000.0,14
H. Palacios,Atlético Nacional,RW,South_America,18,55,76,200000.0,21
N. Bai,Chamois Niortais Football Club,LB,Europe,19,55,68,150000.0,13
H. Pickering,Crewe Alexandra,LB,Europe,19,55,70,170000.0,15
J. Dakir,Randers FC,GK,Europe,21,55,65,110000.0,10
Hugo Díaz,Leeds United,CB,Europe,21,55,70,180000.0,15
T. Lowery,Crewe Alexandra,CM,Europe,20,55,70,190000.0,15
J. Jaimes,Atlético Bucaramanga,CDM,South_America,20,55,69,180000.0,14
J. Tromsdal,Ranheim Fotball,CM,Europe,20,55,65,140000.0,10
O. Aga,Stabæk Fotball,ST,Europe,17,55,78,200000.0,23
J. Brannefalk,Trelleborgs FF,CM,Europe,20,55,65,140000.0,10
E. Adebayo,Swindon Town,LW,Europe,20,55,67,160000.0,12
J. Simpson,Forest Green Rovers,CM,Europe,19,55,67,150000.0,12
E. Durmaz,Hammarby IF,LM,Europe,18,54,64,100000.0,10
A. Groundstroem,IF Brommapojkarna,CB,Europe,18,54,64,90000.0,10
Y. Fofana,Le Havre AC,GK,Europe,17,54,74,110000.0,20
A. Harper,Bristol Rovers,RB,Europe,20,54,64,100000.0,10
H. Darling,Cambridge United,CB,Europe,18,54,68,130000.0,14
E. Ross,Colchester United,GK,Europe,21,54,66,100000.0,12
D. Wenzel-Halls,Brisbane Roar,ST,Oceania,20,54,68,150000.0,14
J. Quiñones Saya,América de Cali,RM,South_America,18,54,75,150000.0,21
K. Brouder,Limerick FC,LCB,Europe,19,54,64,90000.0,10
J. Berger,FC Hansa Rostock,CDM,Europe,18,54,71,130000.0,17
T. Holland,Limerick FC,GK,Europe,20,54,67,110000.0,13
R. Lovett,Cheltenham Town,GK,Europe,21,54,65,90000.0,11
C. Magerusan,Bohemian FC,ST,Europe,18,54,65,110000.0,11
V. Adebayor,Vejle Boldklub,CAM,Africa,21,54,63,110000.0,9
T. Queen,Kilmarnock,CB,Europe,19,54,69,130000.0,15
C. Ruiz,Boyacá Chicó FC,CM,South_America,20,54,65,120000.0,11
F. Macias,SD Huesca,ST,South_America,19,54,69,150000.0,15
M. Ndione,IF Elfsborg,ST,Europe,18,54,64,100000.0,10
E. Fadda,Al Qadisiyah,GK,Asia,21,54,65,90000.0,11
M. Siby,Valenciennes FC,CDM,Europe,21,54,61,80000.0,7
H. McKirdy,Aston Villa,ST,Europe,21,54,67,130000.0,13
E. Otim,Barnsley,RM,Africa,19,54,68,150000.0,14
D. Bochicchio,Sporting de Charleroi,GK,Europe,20,54,65,90000.0,11
A. Smith,Hamilton Academical FC,CAM,Europe,20,54,68,150000.0,14
E. Pastrana,Tiburones Rojos de Veracruz,CB,North_America,18,54,71,130000.0,17
B. Lund,Vendsyssel FF,LB,Europe,21,54,66,110000.0,12
M. Ibacache,CD Everton de Viña del Mar,LB,South_America,19,54,64,90000.0,10
M. Howard,Preston North End,ST,Europe,18,54,72,140000.0,18
H. Odoffin,Northampton Town,RB,Europe,20,54,64,100000.0,10
J. McAtee,Shrewsbury,ST,Europe,18,54,71,140000.0,17
R. Akbari,Melbourne Victory,CAM,Oceania,18,54,69,140000.0,15
A. Reyes Ambuila,Atlético Nacional,CB,South_America,18,54,70,130000.0,16
I. Sadiq,FC Nordsjælland,RW,Africa,18,54,70,140000.0,16
C. Merrie,Wigan Athletic,CM,Europe,19,54,70,140000.0,16
L. Morrison,Sligo Rovers,ST,Europe,19,54,67,130000.0,13
R. Strechie,Venezia FC,CM,Europe,17,54,66,110000.0,12
A. Long,Wigan Athletic,CB,Europe,17,54,72,120000.0,18
O. Sims,Colchester United,LM,Europe,17,54,74,130000.0,20
S. Wilson,Mansfield Town,GK,Europe,19,54,70,120000.0,16
L. Colville,Bradford City,LM,Europe,19,54,64,110000.0,10
S. Barone,Spezia,GK,Europe,19,54,66,90000.0,12
C. Scott,Dundee FC,ST,Europe,19,54,69,150000.0,15
M. Şatin,FC Wacker Innsbruck,RM,Europe,21,54,62,100000.0,8
J. Hackett,Sunderland,CM,Europe,18,54,64,100000.0,10
C. Giuliani,SK Sturm Graz,GK,Europe,19,54,71,120000.0,17
S. Brady,Brisbane Roar,RW,Oceania,22,54,63,100000.0,9
E. Breivik,Molde FK,CDM,Europe,18,54,68,130000.0,14
R. Huser,FC Basel 1893,CM,Europe,20,54,71,150000.0,17
J. Suárez,Alianza Petrolera,ST,South_America,20,54,65,120000.0,11
D. Gąska,Śląsk Wrocław,RM,Europe,21,54,58,90000.0,4
K. Yoshimaru,Vissel Kobe,GK,Asia,22,54,60,70000.0,6
B. Ekincier,VfL Bochum 1848,LM,Europe,19,54,68,150000.0,14
N. van den Dam,De Graafschap,GK,Europe,19,54,71,120000.0,17
S. Heaney,Bray Wanderers,LCB,Europe,22,54,60,80000.0,6
C. MacDonald,Derby County,LB,Europe,20,54,71,130000.0,17
M. Napa,Macclesfield Town,RM,Europe,19,54,74,150000.0,20
M. Venturi,Carpi,CM,Europe,19,54,66,120000.0,12
T. Durso,Gimnasia y Esgrima La Plata,GK,South_America,19,54,74,120000.0,20
L. Gamíz,Club Tijuana,CDM,North_America,18,54,69,130000.0,15
M. Molenda,Arka Gdynia,GK,Europe,17,54,74,110000.0,20
E. Watt,Wolverhampton Wanderers,CM,Europe,18,54,75,150000.0,21
Xu Tianyuan,Hebei China Fortune FC,LM,Asia,21,54,67,130000.0,13
L. D'Arrigo,Adelaide United,CAM,Oceania,16,54,71,130000.0,17
V. Barbero,Belgrano de Córdoba,ST,South_America,17,54,73,140000.0,19
A. Al Dakheel,Al Hazem,CB,Asia,22,54,63,90000.0,9
I. Acero,Deportivo Toluca,CM,North_America,18,54,73,140000.0,19
V. Adeboyejo,Barnsley,ST,Europe,20,54,63,110000.0,9
D. Dalling,Queens Park Rangers,CAM,Europe,19,54,71,150000.0,17
E. McKeown,Colchester United,ST,Europe,19,54,65,110000.0,11
J. Adams,Bury,RM,Europe,17,54,70,130000.0,16
N. Celic,LASK Linz,CDM,Europe,19,54,70,130000.0,16
M. Al Majhad,Al Fateh,CM,Asia,21,54,64,110000.0,10
J. Ferreira,FC Dallas,ST,South_America,17,54,76,150000.0,22
T. Lauritsen,Odds BK,ST,Europe,20,54,66,120000.0,12
M. Jenz,Fulham,CB,Europe,19,54,69,130000.0,15
C. Salomón,Universidad Católica,CB,South_America,18,54,67,110000.0,13
I. Núñez,Unión Española,CB,South_America,19,54,68,130000.0,14
B. Syla,Wolfsberger AC,CAM,Europe,20,54,60,90000.0,6
R. Gutiérrez,Monarcas Morelia,GK,North_America,22,54,64,80000.0,10
T. Kircher,Karlsruher SC,RB,Europe,19,54,66,100000.0,12
E. McGinty,Sligo Rovers,GK,Europe,18,54,68,110000.0,14
T. Garratt,AFC Wimbledon,LB,Europe,21,54,65,100000.0,11
S. Gucciardo,SC Paderborn 07,ST,Europe,19,54,66,120000.0,12
L. Russe,Bristol Rovers,CM,Europe,18,54,66,110000.0,12
J. Kerr,Brighton & Hove Albion,RB,Europe,20,54,69,130000.0,15
R. McCourt,Bohemian FC,LDM,Europe,20,54,64,100000.0,10
H. Strömgren,Kalmar FF,GK,Europe,21,54,62,80000.0,8
A. Fantini,Sagan Tosu,GK,Asia,20,54,68,120000.0,14
V. Piechocki,Stade de Reims,CAM,Europe,21,54,63,110000.0,9
M. Giraldo,Envigado FC,CDM,South_America,20,54,67,120000.0,13
A. Damlu,Yeni Malatyaspor,GK,Europe,18,54,71,110000.0,17
K. Hori,Yokohama F. Marinos,CAM,Asia,19,54,65,110000.0,11
S. Machino,Yokohama F. Marinos,ST,Asia,18,54,65,110000.0,11
A. Nelson,Sunderland,ST,Europe,20,54,64,110000.0,10
O. Skarsem,Rosenborg BK,CM,Europe,19,54,71,140000.0,17
C. Zamorano,Club Deportes Temuco,CDM,South_America,19,54,68,130000.0,14
A. Søndergaard,Wolverhampton Wanderers,GK,Europe,17,54,77,120000.0,23
G. Harada,Yokohama F. Marinos,GK,Asia,20,54,62,80000.0,8
E. Vertainen,HJK Helsinki,CM,Europe,19,54,67,130000.0,13
J. Breitfeld,FC Ingolstadt 04,RM,Europe,21,54,65,120000.0,11
J. Weaver,Birmingham City,GK,Europe,21,54,66,100000.0,12
Mao Haoyu,Tianjin TEDA FC,ST,Asia,21,54,62,100000.0,8
M. Lopez,CD Huachipato,CDM,South_America,21,54,66,110000.0,12
F. Fridriksson,Vejle Boldklub,LWB,Europe,19,54,70,130000.0,16
C. Camwell,Coventry City,LB,Europe,19,54,71,130000.0,17
J. Macdonald,Central Coast Mariners,ST,Oceania,22,54,65,120000.0,11
M. Schmeling,MSV Duisburg,LB,Europe,18,54,68,130000.0,14
P. Plewka,Wisła Kraków,CDM,Europe,18,54,66,110000.0,12
D. Marzino,BSC Young Boys,GK,Europe,21,54,64,90000.0,10
J. Echave,Unión Española,GK,South_America,17,54,74,110000.0,20
M. Welch-Hayes,Macclesfield Town,RB,Europe,21,54,62,90000.0,8
A. Lyons,Bohemian FC,RB,Europe,17,54,66,90000.0,12
N. Feil,VfR Aalen,CM,Europe,19,54,71,140000.0,17
G. Gibson,Sandefjord Fotball,ST,Europe,17,54,72,140000.0,18
M. Saunders-Henry,Millwall,RM,Europe,18,54,65,110000.0,11
J. Hanson,Millwall,CM,Europe,18,54,68,140000.0,14
F. Preston,Sheffield Wednesday,RM,Europe,19,54,74,150000.0,20
M. Contreras,Unión La Calera,ST,South_America,19,54,66,120000.0,12
R. Tanaka,Kashiwa Reysol,RM,Asia,19,54,66,120000.0,12
G. Botos,AEK Athens,CAM,Europe,17,54,75,150000.0,21
S. Blaney,Doncaster Rovers,CB,Europe,19,54,67,110000.0,13
T. Clavijo,Once Caldas,LB,South_America,19,54,69,130000.0,15
A. Comrie,St. Johnstone FC,RB,Europe,21,54,68,130000.0,14
Y. Ogaki,Nagoya Grampus,ST,Asia,18,54,72,140000.0,18
B. Cotter,Ipswich Town,RB,Europe,19,54,64,90000.0,10
R. Masterson,Bohemian FC,ST,Europe,21,54,61,100000.0,7
Ma Junliang,Guangzhou R&F; FC,CM,Asia,20,54,68,150000.0,14
A. Vucenovic,SKN St. Pölten,ST,Europe,20,54,64,110000.0,10
F. Gómez,Itagüí Leones FC,RM,South_America,18,54,72,140000.0,18
J. Lártiga,San Luis de Quillota,GK,South_America,20,54,68,120000.0,14
J. Meiser,SG Sonnenhof Großaspach,ST,Europe,19,54,66,120000.0,12
M. Olsen,Stabæk Fotball,RB,Europe,19,54,74,130000.0,20
A. Reid,Stevenage,ST,Europe,22,54,59,90000.0,5
J. Isaksen,Kristiansund BK,CM,Europe,18,54,67,120000.0,13
Yu Zhen,Dalian YiFang FC,CDM,Asia,21,54,63,90000.0,9
B. Morgado,FC Sion,LB,Europe,20,54,70,130000.0,16
Shen Shuaishuai,Guangzhou R&F; FC,GK,Asia,19,54,74,120000.0,20
A. Zabani,Al Batin,CDM,Asia,21,54,64,100000.0,10
L. Butroid,Scunthorpe United,LB,Europe,19,54,71,130000.0,17
S. Walker,Middlesbrough,ST,Europe,17,54,76,150000.0,22
N. Baumann,FC Zürich,GK,Europe,22,54,62,70000.0,8
P. Kalambayi,AFC Wimbledon,CB,Europe,18,54,68,130000.0,14
R. Källman,HJK Helsinki,GK,Europe,19,54,68,120000.0,14
T. Wood,AFC Wimbledon,ST,Europe,19,54,66,120000.0,12
I. Angking,New England Revolution,CDM,North_America,18,54,74,130000.0,20
Strefezza,US Cremonese,RW,South_America,21,54,62,100000.0,8
Xie Weijun,Tianjin TEDA FC,ST,Asia,20,54,63,110000.0,9
D. Pik,Cracovia,LM,Europe,17,54,68,130000.0,14
R. Campbell,Gillingham,ST,Europe,18,54,65,110000.0,11
N. James,Newcastle Jets,GK,Oceania,17,54,67,90000.0,13
D. Grimshaw,Manchester City,GK,Europe,20,54,68,120000.0,14
A. Aktas,Stade de Reims,CAM,Europe,18,54,74,140000.0,20
E. Toal,Derry City,RCB,Europe,19,54,69,130000.0,15
T. Fantacci,Carpi,CAM,Europe,21,54,65,120000.0,11
R. Hutchinson,Burton Albion,LB,Europe,18,54,74,130000.0,20
J. Veale,Cardiff City,CM,Europe,21,54,65,120000.0,11
E. Kalsaas,SK Brann,RB,Europe,17,54,66,90000.0,12
M. Frese,FC Nordsjælland,LW,Europe,20,54,65,120000.0,11
S. Yoneda,V-Varen Nagasaki,CAM,Asia,22,54,60,90000.0,6
S. Boyd,Hamilton Academical FC,ST,Europe,21,54,67,130000.0,13
A. Baldwin,Cheltenham Town,CB,Europe,21,54,66,110000.0,12
K. Grozos,Western Sydney Wanderers,CAM,Oceania,17,54,69,130000.0,15
H. Brkic,Trelleborgs FF,ST,Europe,18,54,72,140000.0,18
M. Pfeifer,TSV Hartberg,CB,Europe,18,54,64,90000.0,10
B. Crellin,Fleetwood Town,GK,Europe,18,54,74,110000.0,20
J. Gallagher,Atlanta United,ST,Europe,22,54,63,110000.0,9
J. King,St. Mirren,CM,Europe,22,54,64,110000.0,10
C. Barrios,Patriotas Boyacá FC,CAM,South_America,20,54,66,120000.0,12
H. Brockbank,Bolton Wanderers,CB,Europe,19,54,66,100000.0,12
B. Scott,1. FC Köln,GK,North_America,19,54,72,120000.0,18
M. Sheaf,Hull City,RM,Europe,18,54,69,140000.0,15
Zhang Yan,Jiangsu Suning FC,GK,Asia,21,54,64,90000.0,10
N. Mantl,SpVgg Unterhaching,GK,Europe,18,54,68,110000.0,14
K. Kumor,Zagłębie Sosnowiec,RM,Europe,18,54,71,140000.0,17
S. McNamee,Derry City,RCM,Europe,17,54,72,130000.0,18
L. Zottele,SCR Altach,CB,Europe,19,54,65,100000.0,11
C. Tanor,Hobro IK,CM,Africa,20,54,67,130000.0,13
K. Katz,HJK Helsinki,CB,Europe,18,54,68,130000.0,14
F. Al Birekan,Al Nassr,ST,Asia,18,54,74,140000.0,20
P. Teixeira,BSC Young Boys,LM,Europe,19,54,72,150000.0,18
J. Lankester,Ipswich Town,ST,Europe,18,54,75,160000.0,21
Qian Yumiao,Tianjin Quanjian FC,CB,Asia,20,54,67,120000.0,13
S. Łapiński,Jagiellonia Białystok,CAM,Europe,17,54,71,130000.0,17
T. Ryan,Cork City,GK,Europe,21,54,66,100000.0,12
J. Lindgren,IFK Norrköping,GK,Europe,20,54,67,110000.0,13
S. George,Tranmere Rovers,GK,Europe,20,54,66,100000.0,12
J. McGarry,Willem II,LW,Oceania,20,54,64,110000.0,10
D. Łuczak,Śląsk Wrocław,LM,Europe,21,54,62,100000.0,8
A. Tymiński,Piast Gliwice,CB,Europe,18,54,67,110000.0,13
Liu Boyang,Beijing Renhe FC,RB,Asia,21,54,61,80000.0,7
J. Storevik,Sandefjord Fotball,GK,Europe,21,54,66,100000.0,12
K. Velde,FK Haugesund,ST,Europe,18,54,64,100000.0,10
T. Isherwood,Bradford City,CB,Europe,20,54,70,140000.0,16
V. Fazliu,FC Lugano,CM,Europe,22,54,62,100000.0,8
D. Pakulski,Zagłębie Lubin,RM,Europe,19,54,63,100000.0,9
A. Al Dhafeeri,Al Batin,CM,Asia,20,54,63,100000.0,9
M. Saavedra,Audax Italiano,ST,South_America,18,54,69,140000.0,15
S. Wolf,FC Luzern,CM,Europe,19,54,67,130000.0,13
C. John,Wolverhampton Wanderers,CB,Europe,18,54,72,130000.0,18
T. Renaud,FC Lorient,CDM,Europe,17,54,77,130000.0,23
J. Finnerty,Bohemian FC,LCB,Europe,19,54,71,130000.0,17
K. Ackermann,BK Häcken,CM,Europe,17,54,75,150000.0,21
J. Romanski,Swindon Town,LB,Europe,18,54,64,90000.0,10
D. Gutiérrez,CD Palestino,LM,North_America,21,54,66,120000.0,12
P. Wiśniewski,Górnik Zabrze,RB,Europe,19,54,64,90000.0,10
J. Hamilton,Livingston FC,ST,Europe,18,54,73,140000.0,19
Li Hailong,Shandong Luneng TaiShan FC,RB,Asia,21,54,64,100000.0,10
F. Ibsen,FC København,GK,Europe,21,54,64,90000.0,10
B. Rivera,CD Everton de Viña del Mar,RDM,South_America,18,54,73,130000.0,19
R. McCrorie,Rangers FC,GK,Europe,20,54,69,120000.0,15
D. Ojo,Yeovil Town,LB,Europe,17,54,67,100000.0,13
A. Parsons,Bristol City,CB,Europe,19,54,70,130000.0,16
J. Doherty,Sheffield United,CDM,Europe,17,54,74,120000.0,20
N. Geisler,FC Energie Cottbus,RCM,Europe,17,54,71,130000.0,17
C. Devlin,Sydney FC,CM,Oceania,20,54,70,150000.0,16
M. Kulke,SG Dynamo Dresden,CM,Europe,17,54,72,130000.0,18
L. Pellegrini,AC Ajaccio,LB,Europe,18,54,71,130000.0,17
J. Scholz,1. FC Kaiserslautern,CB,Europe,19,54,68,130000.0,14
S. Moloney,Bury,GK,Europe,18,54,59,60000.0,5
C. Lemonheigh-Evans,Bristol City,ST,Europe,21,54,65,120000.0,11
K. O'Sullivan,Limerick FC,RM,Europe,18,54,66,110000.0,12
D. Higgins,Kilmarnock,CB,Europe,20,54,66,110000.0,12
K. Krzepisz,Arka Gdynia,GK,Europe,18,54,62,70000.0,8
O. Edlund,Hammarby IF,ST,Europe,18,54,66,110000.0,12
Y. Al Qarni,Al Ahli,CDM,Asia,19,53,66,100000.0,13
Y. Maouche,FC Zürich,CM,Europe,20,53,66,110000.0,13
L. Hedlund,BK Häcken,LW,Europe,19,53,68,130000.0,15
J. Wicks,Millwall,CM,Europe,18,53,68,120000.0,15
S. Haubrock,VfL Osnabrück,CB,Europe,18,53,69,110000.0,16
A. Estacio,Deportivo Pasto,LM,South_America,20,53,69,130000.0,16
J. Brändle,1. FC Heidenheim 1846,LB,Europe,18,53,70,110000.0,17
J. Walton,Barnsley,GK,Europe,20,53,70,110000.0,17
N. Sette,Melbourne Victory,RW,Oceania,18,53,67,120000.0,14
K. Sparta,AFC Wimbledon,CAM,Oceania,18,53,67,120000.0,14
T. Crawford,Notts County,CAM,Europe,19,53,65,100000.0,12
C. Coxe,Cardiff City,RB,Europe,19,53,69,110000.0,16
A. Crookes,Lincoln City,LB,Europe,20,53,63,80000.0,10
J. Waite,Cardiff City,CM,Europe,19,53,69,130000.0,16
L. Pierre,AC Ajaccio,ST,North_America,20,53,68,130000.0,15
K. Mooney,Cheltenham Town,ST,Europe,19,53,67,130000.0,14
J. Piggott,Morecambe,ST,Europe,19,53,67,130000.0,14
F. Figueroa,Atlético Huila,CAM,South_America,20,53,66,110000.0,13
R. Harrington,Aberdeen,RB,Europe,19,53,66,100000.0,13
F. Sasmay,CD Antofagasta,LM,South_America,20,53,63,100000.0,10
L. Rivas,Deportes Tolima,GK,South_America,19,53,70,100000.0,17
D. Smith,Portsmouth,ST,Europe,18,53,72,120000.0,19
A. Long,FC Sochaux-Montbéliard,GK,Europe,21,53,65,80000.0,12
E. Löder,FC Erzgebirge Aue,CAM,Europe,18,53,62,80000.0,9
O. Breistøl,Sandefjord Fotball,CM,Europe,19,53,66,110000.0,13
M. Schlosser,FC Erzgebirge Aue,GK,Europe,19,53,62,70000.0,9
L. Talbro,FC Nordsjælland,RB,Europe,19,53,70,110000.0,17
E. Banza,HJK Helsinki,RW,Africa,18,53,67,120000.0,14
Zhu Chenjie,Shanghai Greenland Shenhua FC,CB,Asia,17,53,74,120000.0,21
T. Hamer,Oldham Athletic,RB,Europe,18,53,73,110000.0,20
K. Agudelo,Atlético Huila,LCM,South_America,19,53,69,130000.0,16
D. Szczerbal,Śląsk Wrocław,GK,Europe,22,53,56,50000.0,3
N. Tzanev,AFC Wimbledon,GK,Oceania,21,53,65,80000.0,12
Y. Suzuki,FC Tokyo,CM,Asia,19,53,68,130000.0,15
J. Keaney,Sligo Rovers,RCM,Europe,19,53,66,110000.0,13
E. Williamson,Santa Clara,CAM,North_America,21,53,64,100000.0,11
F. Majchrowicz,Cracovia,GK,Europe,18,53,65,80000.0,12
A. Estrada,San Luis de Quillota,CM,South_America,19,53,65,100000.0,12
D. Feka,FC Luzern,CDM,Europe,21,53,59,70000.0,6
J. Dodd,Exeter City,CM,Europe,17,53,66,100000.0,13
G. Hurst,St. Johnstone FC,ST,Europe,21,53,67,130000.0,14
Lei Wenjie,Shanghai SIPG FC,ST,Asia,21,53,63,100000.0,10
D. Bumberger,LASK Linz,CB,Europe,19,53,64,90000.0,11
D. Diaz,San Luis de Quillota,RB,South_America,22,53,63,80000.0,10
S. Sarıkaya,Sivasspor,CM,Europe,18,53,72,120000.0,19
M. Zapytowski,Wisła Płock,GK,Europe,17,53,65,70000.0,12
A. Piróg,Korona Kielce,CM,Europe,18,53,65,100000.0,12
L. Allan,Hibernian,ST,Europe,21,53,62,90000.0,9
D. Valdelamar,Independiente Santa Fe,CM,South_America,21,53,63,90000.0,10
E. Erhahon,St. Mirren,LB,Europe,17,53,74,120000.0,21
K. Jaksik,Górnik Zabrze,RB,Europe,18,53,65,80000.0,12
Lucas Ribeiro,Valenciennes FC,LM,South_America,19,53,71,130000.0,18
B. Yáñez,Unión Española,LW,South_America,17,53,71,120000.0,18
H. Stenevik,SK Brann,LW,Europe,18,53,72,120000.0,19
M. Kennedy,Charlton Athletic,RM,Europe,21,53,63,100000.0,10
S. Sinyan,Lillestrøm SK,CM,Europe,21,53,62,90000.0,9
K. Yoshio,Yokohama F. Marinos,CAM,Asia,20,53,60,80000.0,7
A. Bahtijar,GIF Sundsvall,CM,Europe,19,53,65,100000.0,12
N. Kastenhofer,Hallescher FC,CB,Europe,19,53,68,110000.0,15
S. Heil,SC Paderborn 07,CB,Europe,19,53,64,90000.0,11
M. Schragl,Karlsruher SC,GK,Europe,19,53,68,100000.0,15
P. Selkos,SC Paderborn 07,ST,Europe,18,53,71,120000.0,18
J. Hanek,Karlsruher SC,CM,Europe,19,53,64,100000.0,11
B. Manosalva,CD Huachipato,GK,South_America,20,53,62,70000.0,9
M. Christiansen,Lillestrøm SK,GK,Europe,17,53,63,60000.0,10
S. Hausner,Aarhus GF,CB,Europe,18,53,67,110000.0,14
L. Pelletier,RC Strasbourg Alsace,GK,Europe,18,53,68,100000.0,15
T. Herbots,Sint-Truidense VV,GK,Europe,17,53,73,100000.0,20
S. Jamieson,St. Mirren,ST,Europe,19,53,70,130000.0,17
T. Nishiyama,Yokohama F. Marinos,CB,Asia,18,53,67,110000.0,14
Felipe Ferreyra,Curicó Unido,ST,South_America,20,53,67,130000.0,14
Y. Kaiser,FC Basel 1893,CB,Europe,20,53,62,80000.0,9
T. Hara,FC Tokyo,ST,Asia,19,53,68,130000.0,15
A. Ocejo,Santos Laguna,LM,North_America,20,53,62,90000.0,9
N. Ochojski,SC Fortuna Köln,CDM,Europe,19,53,65,90000.0,12
K. Krygård,FK Haugesund,ST,Europe,18,53,62,90000.0,9
Cui Jingming,Changchun Yatai FC,CM,Asia,21,53,62,90000.0,9
B. Servania,FC Dallas,CAM,North_America,19,53,70,130000.0,17
L. Langhans,FC Würzburger Kickers,RM,Europe,19,53,66,110000.0,13
C. Farren,Derry City,ST,Europe,19,53,64,100000.0,11
K. Yao,Charlton Athletic,CB,Europe,19,53,70,110000.0,17
D. Karimani,SC Paderborn 07,CAM,Europe,19,53,68,130000.0,15
T. Mannek,SC Paderborn 07,ST,Europe,21,53,62,90000.0,9
M. Twarowski,Jagiellonia Białystok,ST,Europe,17,53,72,120000.0,19
H. Fossdal,FK Haugesund,GK,Europe,19,53,67,100000.0,14
M. Muheim,FC St. Gallen,LM,Europe,20,53,67,130000.0,14
K. Al Mozaibri,Al Batin,GK,Asia,21,53,63,70000.0,10
A. Papadopoulos,VfR Aalen,CB,Europe,18,53,73,110000.0,20
P. Buch Christiansen,SønderjyskE,ST,Europe,18,53,70,120000.0,17
K. Shibato,Urawa Red Diamonds,CDM,Asia,22,53,62,80000.0,9
L. McCarron,Carlisle United,RW,Europe,17,53,63,80000.0,10
H. Hernández,Atlético Huila,CM,South_America,17,53,71,120000.0,18
L. Jacot,FC Luzern,GK,Europe,18,53,69,100000.0,16
M. Bildøy,SK Brann,RW,Europe,18,53,69,120000.0,16
P. Ouaneh,FC Lorient,CB,Europe,20,53,64,90000.0,11
Zhong Yihao,Guangzhou Evergrande Taobao FC,RW,Asia,22,53,58,80000.0,5
S. Arango,Boyacá Chicó FC,GK,South_America,22,53,63,70000.0,10
L. Ranger,Lillestrøm SK,RB,Europe,19,53,67,110000.0,14
L. Moser,1. FC Union Berlin,GK,Europe,18,53,71,100000.0,18
J. Campaz,Deportes Tolima,LM,South_America,18,53,75,130000.0,22
M. Ramkilde,Aalborg BK,ST,Europe,20,53,65,110000.0,12
Chen Weiming,Guangzhou R&F; FC,RB,Asia,21,53,62,80000.0,9
K. Laskoś,Wisła Kraków,CB,Europe,18,53,71,110000.0,18
J. Nahr,FC Carl Zeiss Jena,ST,Europe,18,53,67,120000.0,14
R. Ogle,Accrington Stanley,RB,Oceania,19,53,64,90000.0,11
S. Fukahori,Nagoya Grampus,ST,Asia,20,53,63,100000.0,10
A. Yusuf,IFK Göteborg,CM,Africa,17,53,69,120000.0,16
M. Bazi,IFK Norrköping,CM,Europe,20,53,70,130000.0,17
L. Sedlak,FC Carl Zeiss Jena,GK,Europe,18,53,66,80000.0,13
A. Bates,Walsall,CM,Europe,17,53,72,120000.0,19
Wen Junjie,Tianjin Quanjian FC,CB,Asia,21,53,64,90000.0,11
S. Warde,Colchester United,CM,Europe,20,53,65,100000.0,12
Y. Mustafa,Perth Glory,ST,Oceania,19,53,65,100000.0,12
Choi Beom Kyung,Incheon United FC,CM,Asia,21,53,64,100000.0,11
E. Hodge,Burton Albion,LW,Europe,22,53,63,100000.0,10
G. Vannucchi,US Salernitana 1919,GK,Europe,22,53,60,60000.0,7
J. Smylie,Central Coast Mariners,ST,Oceania,18,53,65,100000.0,12
J. Gibson,Bradford City,LW,Europe,20,53,67,130000.0,14
Shi Xiaodong,Shanghai SIPG FC,GK,Asia,21,53,63,70000.0,10
S. Strózik,Cracovia,RM,Europe,19,53,69,130000.0,16
Chen Wei,Shanghai SIPG FC,GK,Asia,20,53,65,80000.0,12
A. Al Hassan,Al Fateh,CDM,Asia,22,53,62,80000.0,9
I. Al Otaibi,Al Taawoun,CM,Asia,21,53,65,100000.0,12
Yu Hao,Shanghai SIPG FC,CB,Asia,20,53,63,80000.0,10
Jeong Chung Yeob,Daegu FC,LW,Asia,20,53,68,130000.0,15
M. Al Nakhli,Al Fateh,RM,Asia,22,53,65,110000.0,12
D. Revan,Aston Villa,CB,Europe,17,53,72,110000.0,19
W. Longbottom,Doncaster Rovers,ST,Europe,19,53,60,80000.0,7
R. Treacy,Dundalk,GK,Europe,19,53,62,70000.0,9
J. Bartels,1. FC Köln,GK,Europe,19,53,66,90000.0,13
M. Hayashi,Gamba Osaka,GK,Asia,21,53,64,80000.0,11
A. Rose,Grimsby Town,ST,North_America,19,53,64,100000.0,11
D. Valencia,Universidad Católica,ST,South_America,18,53,74,140000.0,21
D. Dumont,GFC Ajaccio,CB,Europe,18,53,66,90000.0,13
Lee Yunoh,Vegalta Sendai,GK,Asia,19,53,58,50000.0,5
J. Borquez,Deportes Iquique,GK,South_America,18,53,74,110000.0,21
J. Anziani,GFC Ajaccio,CM,Europe,19,53,66,110000.0,13
A. Ben Lamin,AIK,CB,Europe,17,53,67,110000.0,14
J. Hoormann,SV Meppen,CB,Europe,19,53,63,80000.0,10
B. Williams,Barnsley,LB,Europe,19,53,71,110000.0,18
A. Jarvis,Luton Town,ST,Europe,20,53,66,120000.0,13
M. Casey,Portsmouth,CB,Europe,18,53,73,110000.0,20
Sun Weizhe,Beijing Renhe FC,CDM,Asia,21,53,58,70000.0,5
W. Al Enezi,Al Batin,RB,Asia,19,53,68,110000.0,15
F. Langsdorf,Portland Timbers,ST,North_America,22,53,60,80000.0,7
K. McClean,St. Johnstone FC,CM,Europe,19,53,70,130000.0,17
Zhao Mingyu,Changchun Yatai FC,ST,Asia,21,53,65,110000.0,12
Yan Hao,Henan Jianye FC,ST,Asia,19,53,69,130000.0,16
M. Ozga,Jagiellonia Białystok,CB,Europe,18,53,68,110000.0,15
P. Kekeris,Central Coast Mariners,LW,Oceania,18,53,70,120000.0,17
M. O'Connor,Bray Wanderers,GK,Europe,22,53,61,70000.0,8
G. Henriksson,IF Elfsborg,CB,Europe,20,53,61,80000.0,8
J. Doyle-Hayes,Aston Villa,CM,Europe,19,53,72,130000.0,19
S. Gustafsson,Örebro SK,GK,Europe,18,53,69,100000.0,16
J. Brady,Limerick FC,GK,Europe,21,53,67,110000.0,14
E. Dubickas,Lecce,CF,Europe,19,53,68,130000.0,15
K. Broda,Wisła Kraków,GK,Europe,16,53,74,110000.0,21
L. Brook,Adelaide United,CAM,Oceania,17,53,75,130000.0,22
D. Gibbons,Bray Wanderers,CB,Europe,20,53,62,80000.0,9
D. Palacios,Jaguares de Córdoba,LB,South_America,21,53,63,80000.0,10
M. Knox,Livingston FC,ST,Europe,18,53,75,140000.0,22
D. Makoma,Stevenage,CM,Europe,19,53,64,100000.0,11
W. Długosz,Korona Kielce,CAM,Europe,18,53,63,90000.0,10
J. Giraldo,Independiente Medellín,CB,South_America,20,53,64,90000.0,11
L. Demaj,SV Meppen,RM,Europe,20,53,63,100000.0,10
J. King,Sydney FC,LB,Oceania,17,53,69,100000.0,16
A. Al Meqran,Al Raed,ST,Asia,21,53,62,90000.0,9
L. Soldini,FC Lugano,GK,Europe,17,53,71,100000.0,18
M. Al Shudukhi,Al Raed,RM,Asia,19,53,71,130000.0,18
J. Skotadis,Sydney FC,RW,Oceania,18,53,68,120000.0,15
M. Bustgaard Larsen,Odds BK,LW,Europe,18,53,70,120000.0,17
D. Walters,Coventry City,LM,Europe,19,53,64,100000.0,11
C. McLennan,Aberdeen,RM,Europe,18,53,73,120000.0,20
A. Klimczak,Arka Gdynia,LB,Europe,20,53,58,70000.0,5
A. Al Sabahi,Al Batin,CM,Asia,21,52,62,80000.0,10
G. Nyberg,IK Sirius,GK,Europe,20,52,60,60000.0,8
K. Høgh,Randers FC,ST,Europe,17,52,66,100000.0,14
B. Grøtterud,FK Bodø/Glimt,GK,Europe,19,52,60,50000.0,8
R. Campbell,Notts County,ST,Europe,17,52,72,100000.0,20
O. Kåhed,Örebro SK,RWB,Europe,19,52,64,80000.0,12
Feng Boxuan,Guangzhou Evergrande Taobao FC,RM,Asia,21,52,62,80000.0,10
R. Yamamoto,V-Varen Nagasaki,CF,Asia,17,52,68,100000.0,16
P. Sokół,Korona Kielce,GK,Europe,18,52,74,100000.0,22
R. Najjarine,Melbourne City FC,LW,Oceania,18,52,71,100000.0,19
P. Durin,Portsmouth,GK,Europe,17,52,74,90000.0,22
J. Olstad,Sarpsborg 08 FF,ST,Europe,16,52,69,100000.0,17
M. Kaufmann,Aalborg BK,ST,Europe,17,52,68,100000.0,16
E. Bojang,Hammarby IF,GK,Europe,17,52,69,80000.0,17
O. Sahraoui,Vålerenga Fotball,CM,Europe,17,52,67,100000.0,15
O. Jonsson,Djurgårdens IF,GK,Europe,21,52,60,60000.0,8
B. Slisz,Zagłębie Lubin,LDM,Europe,19,52,64,90000.0,12
P. Kirk,Bohemian FC,LB,Europe,20,52,60,60000.0,8
E. Ceide,Rosenborg BK,RW,Europe,16,52,75,110000.0,23
B. Waine,Wellington Phoenix,ST,Oceania,16,52,66,100000.0,14
J. Lambert,Dundee FC,RM,Europe,19,52,66,110000.0,14
T. Noda,Vissel Kobe,CM,Asia,20,52,59,70000.0,7
S. Noreña,Envigado FC,CB,South_America,19,52,66,100000.0,14
L. Smyth,Stevenage,ST,Europe,16,52,73,110000.0,21
G. Newell,Motherwell,ST,Europe,21,52,62,80000.0,10
M. Yıldız,Kasimpaşa SK,GK,Europe,19,52,61,60000.0,9
A. Scott,Accrington Stanley,ST,Europe,18,52,68,100000.0,16
B. Żynel,Wisła Płock,GK,Europe,20,52,62,60000.0,10
T. Koch,SK Sturm Graz,CDM,Europe,17,52,73,100000.0,21
A. Romairone,Carpi,ST,Europe,18,52,71,100000.0,19
T. Hama,Hokkaido Consadole Sapporo,CB,Asia,20,52,59,60000.0,7
A. Georgiou,Stevenage,ST,Europe,18,52,65,90000.0,13
T. Yasui,Vissel Kobe,CDM,Asia,19,52,65,80000.0,13
H. Abdulmajeed,Ohod Club,GK,Asia,21,52,62,60000.0,10
H. Hauso,Vålerenga Fotball,CB,Europe,17,52,68,90000.0,16
J. Stevens,Oxford United,GK,Europe,20,52,58,50000.0,6
Ning Weichen,Beijing Sinobo Guoan FC,ST,Asia,21,52,61,80000.0,9
G. Tolino,FC St. Gallen,GK,Europe,18,52,74,100000.0,22
A. McCann,St. Johnstone FC,CM,Europe,18,52,72,100000.0,20
S. Boyd,Shamrock Rovers,ST,Europe,20,52,66,110000.0,14
H. Saruta,Kashiwa Reysol,GK,Asia,19,52,67,90000.0,15
M. Köstenbauer,FC Admira Wacker Mödling,GK,Europe,16,52,74,90000.0,22
J. Diaz,Independiente Medellín,CM,South_America,17,52,74,110000.0,22
Dong Honglin,Dalian YiFang FC,ST,Asia,22,52,59,70000.0,7
C. Moore,Dundee FC,CM,Europe,18,52,70,100000.0,18
D. Mandroiu,Bohemian FC,CM,Europe,19,52,67,110000.0,15
H. Biggins,Fleetwood Town,CM,Europe,22,52,61,80000.0,9
K. Yakob,BK Häcken,CM,Europe,17,52,70,100000.0,18
S. Opsahl,Vålerenga Fotball,CM,Europe,18,52,67,100000.0,15
K. Askildsen,Stabæk Fotball,CM,Europe,17,52,77,110000.0,25
R. Cunningham,Hamilton Academical FC,CM,Europe,20,52,66,110000.0,14
A. Weidinger, SSV Jahn Regensburg,GK,Europe,21,52,60,60000.0,8
T. Möller,VfL Osnabrück,LM,Europe,19,52,68,110000.0,16
A. Al Suhaimi,Ohod Club,RM,Asia,21,52,60,70000.0,8
A. Stamatelopoulos,Adelaide United,ST,Oceania,19,52,66,110000.0,14
A. Lesiotis,Melbourne City FC,CDM,Oceania,18,52,69,90000.0,17
L. Beckemeyer,VfL Osnabrück,GK,Europe,18,52,68,80000.0,16
M. Boe Mikkelsen,Vendsyssel FF,RM,Europe,18,52,68,100000.0,16
M. Ormazábal,Curicó Unido,RW,South_America,19,52,64,90000.0,12
D. Parkhouse,Sheffield United,ST,Europe,18,52,71,100000.0,19
C. Brown,Cardiff City,CB,Europe,20,52,64,80000.0,12
C. Hauervig,Brøndby IF,GK,Europe,19,52,67,90000.0,15
W. Jääskeläinen,Crewe Alexandra,GK,Europe,19,52,69,90000.0,17
C. Cañizales,Boyacá Chicó FC,CAM,South_America,19,52,68,110000.0,16
V. Vesiaho,HJK Helsinki,CB,Europe,19,52,65,80000.0,13
R. Fujimura,Hokkaido Consadole Sapporo,CF,Asia,19,52,61,80000.0,9
S. Pryce,Swindon Town,ST,Europe,18,52,64,80000.0,12
G. Zuñiga,CD O'Higgins,RB,South_America,18,52,62,60000.0,10
T. Romboli,Livorno,GK,Europe,19,52,68,90000.0,16
S. Bohan,Bohemian FC,GK,Europe,17,52,67,80000.0,15
F. Gemmi,Livorno,CDM,Europe,21,52,60,60000.0,8
J. Brendieck,MSV Duisburg,GK,Europe,19,52,66,90000.0,14
A. Mahlonoko,Orlando Pirates,CAM,Africa,16,52,71,100000.0,19
A. Ahl Holmström,Kalmar FF,ST,Europe,19,52,68,110000.0,16
E. Gumbs,Tranmere Rovers,CB,Europe,20,52,65,90000.0,13
G. Tsitaishvili,Dynamo Kyiv,RM,Europe,17,52,72,100000.0,20
B. Bytyqi,Aalborg BK,LB,Europe,21,52,63,80000.0,11
Nan Xiaoheng,Jiangsu Suning FC,ST,Asia,22,52,59,70000.0,7
M. Al Baqawi,Al Taawoun,GK,Asia,20,52,62,60000.0,10
A. Kappenberger,Hobro IK,GK,Europe,21,52,63,70000.0,11
C. Gutiérrez,CD Antofagasta,ST,South_America,18,52,70,100000.0,18
Liang Jinhu,Jiangsu Suning FC,CB,Asia,21,52,60,60000.0,8
Jin Qi,Henan Jianye FC,CB,Asia,20,52,61,70000.0,9
N. Ziswiler,FC Thun,GK,Europe,18,52,68,80000.0,16
Zheng Zhiming,Guangzhou R&F; FC,CB,Asia,19,52,64,80000.0,12
J. Larsen,Sarpsborg 08 FF,ST,Europe,18,52,67,100000.0,15
L. Baines,Fleetwood Town,CB,Europe,19,52,68,100000.0,16
O. Klitten,Aalborg BK,ST,Europe,18,52,68,100000.0,16
K. Yamada,Yokohama F. Marinos,RB,Asia,18,52,63,70000.0,11
C. Walsh-O'Loghlen,Limerick FC,LM,Europe,19,52,70,110000.0,18
J. Delianov,Melbourne City FC,GK,Oceania,18,52,71,80000.0,19
J. Riquelme,CD Huachipato,LB,South_America,18,52,72,90000.0,20
A. Al Moghir,Al Taawoun,CB,Asia,21,52,60,60000.0,8
K. Kubota,Kashima Antlers,CDM,Asia,21,52,65,90000.0,13
N. Senoo,Gamba Osaka,CAM,Asia,21,52,62,80000.0,10
G. Meli,Empoli,GK,Europe,19,52,70,90000.0,18
G. Severinsen,Tromsø IL,CDM,Europe,18,52,69,90000.0,17
E. Damgaard,FC Nordsjælland,RWB,Europe,19,52,62,70000.0,10
Zhang Lingfeng,Jiangsu Suning FC,RM,Asia,21,52,61,80000.0,9
M. Boney,Blackpool,GK,Europe,20,52,69,90000.0,17
S. Kayembe,IK Sirius,LM,Europe,17,52,64,80000.0,12
R. Niizato,V-Varen Nagasaki,CM,Asia,22,52,60,70000.0,8
F. Tauchhammer,Wolfsberger AC,RB,Europe,16,52,71,90000.0,19
O. Björtuft,Odds BK,CB,Europe,19,52,68,100000.0,16
B. Chevreuil,La Berrichonne de Châteauroux,CAM,North_America,21,52,60,70000.0,8
Anwar Memet Ali,Guizhou Hengfeng FC,ST,Asia,20,52,58,70000.0,6
J. Iaciofano,Northampton Town,ST,Europe,19,52,65,100000.0,13
G. Pintidis,FC Ingolstadt 04,CM,Europe,18,52,68,100000.0,16
M. Frendrup,Brøndby IF,CM,Europe,17,52,68,100000.0,16
N. Al Farshan,Al Nassr,CM,Asia,19,52,66,110000.0,14
Liu Shibo,Guangzhou Evergrande Taobao FC,GK,Asia,21,52,63,70000.0,11
N. Baba,Waterford FC,CB,Europe,21,52,64,80000.0,12
N. Marthinussen,SK Brann,CB,Europe,18,52,65,80000.0,13
T. Ko,Gamba Osaka,CM,Asia,20,52,66,110000.0,14
Wu Wei,Tianjin Quanjian FC,CDM,Asia,21,52,56,60000.0,4
K. Sanada,Shonan Bellmare,GK,Asia,19,52,68,90000.0,16
A. Collins,Exeter City,CAM,Europe,18,52,67,100000.0,15
J. Sparkes,Exeter City,LM,Europe,17,52,68,100000.0,16
F. Bustamante,Club Atlético Tigre,RM,South_America,19,52,66,110000.0,14
P. Świątko,Wisła Kraków,CB,Europe,19,52,68,100000.0,16
B. Gradecki,Wisła Płock,GK,Europe,18,52,62,60000.0,10
A. Knüver,SC Preußen Münster,CM,Europe,19,52,61,70000.0,9
C. Blues,Livingston FC,CM,Europe,20,52,62,80000.0,10
K. Kouassivi-Benissan,HJK Helsinki,RB,Europe,19,52,68,100000.0,16
A. Czaplak,Zagłębie Sosnowiec,GK,Europe,21,52,60,60000.0,8
C. Kirby,Sheffield Wednesday,CM,Europe,19,52,68,110000.0,16
A. Öhman,IFK Göteborg,RWB,Europe,20,52,63,80000.0,11
A. Vergara,Unión La Calera,ST,South_America,22,52,57,70000.0,5
M. Al Saeed,Al Fateh,LM,Asia,21,52,61,80000.0,9
R. Sears,Shrewsbury,RB,Europe,19,52,63,70000.0,11
D. Thøgersen,Aarhus GF,LB,Europe,18,52,66,90000.0,14
Yao Junsheng,Shandong Luneng TaiShan FC,RCM,Asia,22,52,60,70000.0,8
D. Sesay,Crawley Town,RWB,Europe,19,52,67,100000.0,15
F. Norman,Exeter City,GK,Europe,18,52,67,80000.0,15
N. Gribenco,Aarhus GF,LM,Europe,21,52,63,90000.0,11
A. André Jr,Bristol Rovers,GK,Africa,21,52,60,60000.0,8
R. Hauge,FK Bodø/Glimt,CM,Europe,16,52,67,100000.0,15
T. Nagaishi,Cerezo Osaka,GK,Asia,22,52,60,60000.0,8
I. Aliu,FC Zürich,CM,Europe,18,52,72,100000.0,20
H. Smith,Bristol City,CB,Europe,19,52,68,100000.0,16
K. Thiesson Kristensen,Aarhus GF,GK,Europe,18,52,66,80000.0,14
J. Cajuste,FC Midtjylland,CDM,Europe,18,52,70,90000.0,18
M. Tilio,Sydney FC,CAM,Oceania,16,52,69,100000.0,17
R. Al Najjar,Al Shabab,GK,Asia,21,52,61,60000.0,9
S. Graves,Randers FC,CB,Europe,19,51,62,50000.0,11
Deng Yubiao,Guangzhou Evergrande Taobao FC,CM,Asia,21,51,60,60000.0,9
S. Bareiro,CD Huachipato,ST,South_America,19,51,64,70000.0,13
C. Romaña,Boyacá Chicó FC,CB,South_America,18,51,70,70000.0,19
H. Ræstad,Molde FK,GK,Europe,18,51,61,40000.0,10
K. Ramè,Foggia,CDM,Europe,20,51,65,70000.0,14
D. Mamaliga,Bray Wanderers,CM,Europe,17,51,67,70000.0,16
E. Harloff,SK Brann,GK,Europe,19,51,63,50000.0,12
L. Kerrigan,Sligo Rovers,CAM,Europe,18,51,66,80000.0,15
F. Delaveris,Odds BK,LW,Europe,17,51,66,70000.0,15
A. Daniels,Toronto FC,CAM,North_America,19,51,63,60000.0,12
J. Dunn,Toronto FC,CB,North_America,17,51,74,70000.0,23
A. Read,Luton Town,LM,Europe,18,51,63,60000.0,12
F. Mortensen,AC Horsens,CM,Europe,19,51,64,70000.0,13
M. Wolfe,Barnsley,CM,Europe,18,51,73,80000.0,22
J. Caldwell,New York City FC,GK,North_America,22,51,63,50000.0,12
H. Andersson,Trelleborgs FF,ST,Europe,19,51,61,60000.0,10
B. Zamora,Independiente Santa Fe,CM,South_America,20,51,64,70000.0,13
B. Taverner,Oxford United,ST,Europe,19,51,64,70000.0,13
J. Osobiński,Korona Kielce,GK,Europe,18,51,61,40000.0,10
M. Skjellerup,Hobro IK,ST,Europe,22,51,58,50000.0,7
L. Wade-Slater,Stevenage,RB,Europe,20,51,60,50000.0,9
T. Stevenson,Charlton Athletic,LB,Europe,19,51,69,70000.0,18
S. Twine,Swindon Town,ST,Europe,18,51,63,60000.0,12
C. McWilliams,Northampton Town,RB,Europe,17,51,65,60000.0,14
J. Valbuena,Independiente Medellín,CAM,South_America,20,51,59,50000.0,8
K. Ogudugu,Vålerenga Fotball,RW,Europe,17,51,68,70000.0,17
I. Umbdenstock,FC Sochaux-Montbéliard,CDM,Europe,19,51,63,60000.0,12
P. Niyongabire,Adelaide United,CAM,Africa,18,51,67,80000.0,16
A. Kräuchi,FC St. Gallen,LM,Europe,20,51,62,60000.0,11
D. Thiam,SPAL,GK,Africa,20,51,66,70000.0,15
J. Rowland,Shrewsbury,CAM,Europe,16,51,66,70000.0,15
W. Dean,Exeter City,CM,Europe,17,51,67,70000.0,16
A. Reghba,Bohemian FC,ST,Europe,18,51,69,80000.0,18
R. Graydon,Bohemian FC,RM,Europe,19,51,65,80000.0,14
J. Conze,SC Preußen Münster,LM,Europe,18,51,65,80000.0,14
Carlos Mendes Gomes,Morecambe,CAM,Europe,19,51,61,60000.0,10
D. Hodzic,Vejle Boldklub,GK,Europe,22,51,61,50000.0,10
C. Øyvann,FK Bodø/Glimt,CB,Europe,18,51,66,70000.0,15
L. Brown,Motherwell,CM,Europe,19,51,71,80000.0,20
E. McCue,Houston Dynamo,CB,Europe,17,51,74,70000.0,23
A. Skindlo,FK Bodø/Glimt,ST,Europe,19,51,62,60000.0,11
K. Konstandopoulos,Adelaide United,CAM,Oceania,19,51,67,80000.0,16
K. Salazar,Atlético Huila,CM,South_America,19,51,64,70000.0,13
S. Sarri,Foggia,GK,Europe,17,51,74,70000.0,23
O. Schindler,SC Paderborn 07,CDM,Europe,18,51,65,70000.0,14
M. Arena,Foggia,CB,Europe,19,51,61,50000.0,10
L. Cavallini,Foggia,LW,Europe,18,51,69,80000.0,18
B. Hvidt,Aarhus GF,CM,Europe,18,51,65,80000.0,14
S. Pollock,Northampton Town,CM,Europe,17,51,69,70000.0,18
J. Baxter,Preston North End,CM,Europe,17,51,67,70000.0,16
T. Stead,Preston North End,CB,Europe,18,51,67,70000.0,16
A. O'Reilly,Preston North End,CM,Europe,17,51,71,70000.0,20
R. Meshino,Gamba Osaka,ST,Asia,20,51,64,70000.0,13
Zhang Hengyuan,Changchun Yatai FC,CDM,Asia,21,51,64,60000.0,13
C. Royo,SV Darmstadt 98,LB,Europe,17,51,68,60000.0,17
Ding Bowei,Tianjin TEDA FC,GK,Asia,21,51,59,40000.0,8
M. Grabowski,Wisła Kraków,LB,Europe,18,51,63,50000.0,12
L. Catherall,Gillingham,GK,Europe,18,51,59,40000.0,8
A. Bark,Örebro SK,ST,Europe,17,51,66,70000.0,15
L. Hunn,Grasshopper Club Zürich,GK,Europe,19,51,65,70000.0,14
C. Pavéz,Curicó Unido,CM,South_America,19,51,64,70000.0,13
Ali Shirmemet,Henan Jianye FC,CAM,Asia,21,51,61,60000.0,10
T. Harigaya,Júbilo Iwata,CM,Asia,19,51,68,80000.0,17
Min Gyeong Min,Daegu FC,CM,Asia,22,51,59,50000.0,8
C. Murphy,Cork City,ST,Europe,18,51,66,80000.0,15
A. Bærtelsen,Aalborg BK,CB,Europe,18,51,66,70000.0,15
Abdugheni Abduhamit,Jiangsu Suning FC,RM,Asia,20,51,61,60000.0,10
Lee Dong Hee,Jeju United FC,CM,Asia,21,51,57,50000.0,6
L. Mwandwe,Shrewsbury,ST,Europe,17,51,68,70000.0,17
D. Mehmedovic,SKN St. Pölten,LB,Europe,20,51,65,70000.0,14
G. Smith,Dundalk,CB,Europe,18,51,64,60000.0,13
Cai Haojian,Guangzhou R&F; FC,CM,Asia,22,51,58,50000.0,7
Kim Jong Jin,Gyeongnam FC,CM,Asia,19,51,64,70000.0,13
Yang Fangzhi,Dalian YiFang FC,RW,Asia,21,51,59,50000.0,8
T. Schneider,KFC Uerdingen 05,GK,Europe,20,51,60,40000.0,9
L. Reilly,Crewe Alexandra,ST,Europe,18,51,69,80000.0,18
S. Bugge Jepsen,Aarhus GF,CM,Europe,18,51,66,80000.0,15
F. Murray,Hibernian,LM,Europe,19,51,71,80000.0,20
M. Najjar,Melbourne City FC,ST,Oceania,18,51,70,80000.0,19
J. Harboe,Odense Boldklub,CM,Europe,18,51,69,80000.0,18
J. García,Audax Italiano,GK,South_America,19,51,60,40000.0,9
A. McGovern,Bray Wanderers,LB,Europe,19,51,65,70000.0,14
A. Delap,Derry City,CDM,Europe,19,51,65,70000.0,14
M. Larsen,Esbjerg fB,CM,Europe,16,51,71,70000.0,20
E. López,Envigado FC,CM,South_America,18,51,71,80000.0,20
M. Bloomfield,Hamilton Academical FC,ST,Europe,21,51,57,50000.0,6
Zhang Yuan,Guizhou Hengfeng FC,CM,Asia,21,51,60,60000.0,9
T. Mourdoukoutas,Western Sydney Wanderers,CB,Oceania,19,51,70,70000.0,19
D. Craddock,Aberdeen,GK,Europe,20,51,68,70000.0,17
A. Al Yousif,Al Fateh,LB,Asia,21,51,60,50000.0,9
J. Steiger,Wolfsberger AC,CM,Europe,17,51,72,80000.0,21
L. Schöfl,Wolfsberger AC,CM,Europe,17,51,72,80000.0,21
O. Urhoghide,AFC Wimbledon,CB,Europe,17,51,61,40000.0,10
L. Finochietto,Argentinos Juniors,GK,South_America,21,51,59,40000.0,8
A. Eleftheriou,Watford,RM,Europe,20,51,62,60000.0,11
Yu Bin,Beijing Renhe FC,RB,Asia,22,51,59,50000.0,8
M. Woźniak,Lechia Gdańsk,GK,Europe,17,51,69,60000.0,18
B. Reynolds,FC Dallas,ST,North_America,17,51,73,80000.0,22
J. Szpaderski,Miedź Legnica,GK,Europe,19,51,66,70000.0,15
F. Konstandeliasz,Malmö FF,LM,Europe,19,51,68,80000.0,17
B. Seymour,Exeter City,ST,Europe,19,51,64,70000.0,13
R. Grym,Wisła Płock,CM,Europe,19,51,63,60000.0,12
C. Kelly,St. Patrick's Athletic,LB,Europe,19,51,63,60000.0,12
T. Rohde,AC Horsens,ST,Europe,18,51,67,80000.0,16
J. Pawlik,Zagłębie Sosnowiec,LB,Europe,18,51,68,70000.0,17
H. Kisiel,Miedź Legnica,CM,Europe,17,51,68,70000.0,17
S. Laitinen,HJK Helsinki,RB,Europe,18,51,66,70000.0,15
L. Jephcott,Plymouth Argyle,ST,Europe,18,51,67,80000.0,16
J. Imbrechts,Sporting de Charleroi,GK,Europe,16,51,72,70000.0,21
J. O'Keeffe,Dundalk,ST,Europe,18,51,65,80000.0,14
J. Heaton,St. Mirren,CB,Europe,21,51,63,60000.0,12
A. Ammitzbøll,Aarhus GF,ST,Europe,19,51,64,70000.0,13
D. Schwizer,FC Thun,CAM,Europe,22,51,60,60000.0,9
I. Richards,Adelaide United,GK,Oceania,19,51,66,70000.0,15
J. Ellis,Bray Wanderers,RS,Europe,17,51,67,70000.0,16
B. Galach,Crawley Town,ST,Europe,17,51,63,60000.0,12
W. Møller,Esbjerg fB,ST,Europe,20,51,64,70000.0,13
C. Addai,Coventry City,GK,Africa,20,51,61,50000.0,10
T. Jacobsen,SønderjyskE,RM,Europe,20,50,64,60000.0,14
J. Adebayo-Smith,Lincoln City,ST,North_America,17,50,68,60000.0,18
B. O'Gorman,Bray Wanderers,RM,Europe,16,50,69,60000.0,19
S. Al Wehimid,Al Nassr,GK,Asia,20,50,67,50000.0,17
L. Cornic,Vålerenga Fotball,RB,Europe,17,50,71,60000.0,21
A. Ousou,BK Häcken,CB,Europe,18,50,67,50000.0,17
M. Gudmann,FC Nordsjælland,CB,Europe,18,50,67,50000.0,17
S. Foss,Sandefjord Fotball,CB,Europe,19,50,61,40000.0,11
A. Perea,Atlético Nacional,CM,South_America,17,50,72,60000.0,22
Chen Ji,Guizhou Hengfeng FC,LM,Asia,21,50,59,50000.0,9
D. Asonganyi,Milton Keynes Dons,ST,Europe,17,50,73,70000.0,23
D. Dillon,Shamrock Rovers,CM,Europe,19,50,68,60000.0,18
C. Cappis,Hobro IK,CM,North_America,18,50,64,60000.0,14
Zhou Xin,Stabæk Fotball,RB,Asia,20,50,61,40000.0,11
Zhang Enge,Shanghai SIPG FC,CB,Asia,21,50,59,40000.0,9
B. Hedley,Morecambe,CDM,Europe,19,50,62,50000.0,12
T. Knowles,Cambridge United,ST,Europe,19,50,59,40000.0,9
S. Parada,San Luis de Quillota,ST,South_America,17,50,67,60000.0,17
C. Landa,Tiburones Rojos de Veracruz,CM,North_America,19,50,60,50000.0,10
Zhen'ao Wang,Vejle Boldklub,LW,Asia,18,50,62,50000.0,12
S. Whaler,Northampton Town,RM,Europe,17,50,67,60000.0,17
P. Omochere,Bohemian FC,RM,Europe,17,50,66,60000.0,16
G. Arndal-Lauritzen,Brøndby IF,LB,Europe,20,50,64,60000.0,14
J. Morris,Doncaster Rovers,ST,Europe,18,50,68,60000.0,18
K. Lara,Atlético Huila,RB,South_America,16,50,74,60000.0,24
M. Humpenöder,FC Würzburger Kickers,GK,Europe,19,50,57,30000.0,7
K. Civelek,BB Erzurumspor,GK,Europe,20,50,58,30000.0,8
M. Antkowiak,Lincoln City,GK,Europe,18,50,58,30000.0,8
N. Suman,Western Sydney Wanderers,GK,Oceania,18,50,66,50000.0,16
F. Nørgaard,AC Horsens,GK,Europe,19,50,64,50000.0,14
E. Destanoglu,Beşiktaş JK,GK,Europe,17,50,74,50000.0,24
C. Björk,IFK Norrköping,CF,Europe,18,50,70,60000.0,20
H. Wulff,Stabæk Fotball,GK,Europe,18,50,69,50000.0,19
C. Mesa,América de Cali,CB,South_America,20,50,67,60000.0,17
L. Valeau,Ascoli,CM,Europe,19,50,65,60000.0,15
P. Phillips,Cork City,CM,Europe,19,50,61,50000.0,11
Hong Hyeon Seok,SpVgg Unterhaching,CM,Asia,19,50,63,50000.0,13
C. Walsh,Bray Wanderers,CB,Europe,17,50,70,50000.0,20
T. Miyamoto,Kashiwa Reysol,LB,Asia,19,50,66,60000.0,16
R. Hurley,Cork City,LB,Europe,18,50,61,40000.0,11
Gao Dalun,Jiangsu Suning FC,ST,Asia,21,50,58,40000.0,8
R. Hackett-Fairchild,Charlton Athletic,ST,Europe,20,50,66,70000.0,16
L. Klitten,Aalborg BK,LB,Europe,18,50,65,50000.0,15
Zhang Jingyi,Jiangsu Suning FC,GK,Asia,20,50,58,30000.0,8
T. Brownsword,Morecambe,CB,Europe,18,50,65,50000.0,15
J. García,Santos Laguna,GK,North_America,20,50,62,40000.0,12
E. Dahlqvist,IFK Göteborg,LWB,Europe,19,50,64,60000.0,14
Liu Yi,Tianjin Quanjian FC,CDM,Asia,21,50,58,40000.0,8
D. Campbell,Aberdeen,CM,Europe,17,50,76,60000.0,26
M. Sutton,Melbourne Victory,GK,Oceania,18,50,71,60000.0,21
C. Hughes,St. Patrick's Athletic,CM,Europe,18,50,62,50000.0,12
T. Kawamura,Sanfrecce Hiroshima,CM,Asia,18,50,61,50000.0,11
S. Al Saeed,Al Taawoun,CM,Asia,19,50,65,60000.0,15
B. Horton,Doncaster Rovers,LB,Europe,17,50,67,50000.0,17
S. Bækgaard,Esbjerg fB,CM,Europe,18,50,65,60000.0,15
J. Mortensen,Esbjerg fB,LB,Europe,17,50,71,60000.0,21
J. Martin,Waterford FC,CAM,Europe,19,50,64,60000.0,14
T. Allarakhia,Crawley Town,RM,Europe,20,50,61,50000.0,11
M. Tokich,Western Sydney Wanderers,CM,Oceania,19,50,65,60000.0,15
Kwon Ki Pyo,Pohang Steelers,ST,Asia,21,50,59,50000.0,9
J. Foulston,Newport County,CB,Europe,17,50,66,50000.0,16
J. Sheridan,Oldham Athletic,LB,Europe,18,50,65,50000.0,15
M. Ichimaru,Gamba Osaka,CDM,Asia,21,50,64,60000.0,14
R. Shibamoto,Gamba Osaka,CM,Asia,18,50,69,60000.0,19
H. Benns,Port Vale,RW,Europe,18,50,58,40000.0,8
M. Schantl,TSV Hartberg,CM,Europe,17,50,67,60000.0,17
P. Paya,GIF Sundsvall,CDM,Europe,18,50,67,50000.0,17
G. Barry,Limerick FC,CM,Europe,18,50,61,50000.0,11
E. Bilen,Göztepe SK,GK,Europe,17,50,69,50000.0,19
M. Al Dhafeeri,Al Batin,ST,Asia,19,50,62,50000.0,12
S. Dawood,Al Batin,CB,Asia,19,50,62,50000.0,12
J. Granlund,Sandefjord Fotball,GK,Europe,18,50,65,50000.0,15
M. Connor,Waterford FC,GK,Europe,21,50,63,50000.0,13
Zeng Qingshen,Vejle Boldklub,CM,Asia,21,50,62,50000.0,12
B. Arapovic,BK Häcken,CM,Europe,19,50,64,60000.0,14
P. Żyra,Zagłębie Lubin,CM,Europe,20,50,60,50000.0,10
J. Hipper,TSV 1860 München,GK,Europe,19,50,59,30000.0,9
J. Lynch,Crewe Alexandra,CAM,Europe,18,50,65,60000.0,15
H. Bernat,Odense Boldklub,GK,Europe,17,50,71,50000.0,21
V. Smedsrud,SønderjyskE,GK,Europe,18,50,64,50000.0,14
T. Johnson,Crewe Alexandra,RB,Europe,17,50,66,50000.0,16
J. Cleary,Bohemian FC,GK,Europe,16,50,72,50000.0,22
A. Osmanoski,SpVgg Unterhaching,CM,Europe,18,50,66,60000.0,16
J. Kelly,Bray Wanderers,GK,Europe,17,50,66,50000.0,16
O. Ollikainen,HJK Helsinki,CM,Europe,17,50,64,60000.0,14
G. Tegue,Independiente Medellín,CB,South_America,18,50,68,50000.0,18
J. Lindstrøm,Brøndby IF,CAM,Europe,18,50,65,60000.0,15
Chen Zhao,Shanghai Greenland Shenhua FC,GK,Asia,21,50,61,40000.0,11
R. Pasquel,Deportivo Toluca,GK,North_America,22,50,60,40000.0,10
M. Al Qaydhi,Al Raed,CB,Asia,20,50,58,40000.0,8
O. Olsen,FC Midtjylland,RWB,Europe,17,50,67,50000.0,17
K. Moesgaard,Esbjerg fB,LM,Europe,21,50,61,50000.0,11
T. Callens,Stade Malherbe Caen,GK,Europe,19,50,65,50000.0,15
D. Collins,Sligo Rovers,LM,Europe,17,49,62,50000.0,13
J. Egan,Carlisle United,RM,Europe,19,49,62,60000.0,13
Xie Xiaofan,Jiangsu Suning FC,CM,Asia,20,49,61,50000.0,12
B. Buckley,Grimsby Town,CAM,Europe,17,49,61,50000.0,12
G. Figliuzzi,Crotone,GK,Europe,17,49,69,50000.0,20
O. Finney,Crewe Alexandra,CM,Europe,20,49,63,60000.0,14
G. Hollywood,Bray Wanderers,CM,Europe,16,49,67,60000.0,18
Zhu Jiayi,Shanghai SIPG FC,CB,Asia,19,49,62,50000.0,13
B. Sass-Davies,Crewe Alexandra,CB,Europe,18,49,70,60000.0,21
N. Stephan,FC Würzburger Kickers,GK,Europe,17,49,67,50000.0,18
J. Greatorex,Barnsley,GK,Europe,18,49,66,50000.0,17
J. James,Luton Town,RB,Europe,18,49,67,50000.0,18
F. Sinclair-Smith,Blackpool,ST,Europe,17,49,67,60000.0,18
T. O'Connor,Limerick FC,CB,Europe,17,49,59,40000.0,10
Liu Yaoxin,Tianjin TEDA FC,CM,Asia,20,49,57,40000.0,8
M. Finne Wørts,FC Nordsjælland,CB,Europe,19,49,61,50000.0,12
F. Ranocchia,Perugia,CM,Europe,17,49,72,60000.0,23
N. Morahan,Sligo Rovers,CM,Europe,18,49,68,60000.0,19
A. Kelsey,Scunthorpe United,GK,Europe,18,49,65,50000.0,16
M. Foy,Cambridge United,ST,Europe,19,49,61,50000.0,12
Yin Congyao,Chongqing Dangdai Lifan FC SWM Team,CAM,Asia,21,49,59,50000.0,10
Liu Bin,Chongqing Dangdai Lifan FC SWM Team,CDM,Asia,20,49,66,60000.0,17
K. Hawley,Morecambe,ST,Europe,18,49,59,40000.0,10
Chen Yajun,Guangzhou R&F; FC,CM,Asia,19,49,67,60000.0,18
Li Yuyang,Guangzhou R&F; FC,CM,Asia,20,49,61,50000.0,12
W. Henry,Swindon Town,GK,Europe,19,49,66,50000.0,17
J. Garcia Sossa,CD Huachipato,CAM,South_America,18,49,70,70000.0,21
M. Harsman,SV Meppen,GK,Europe,18,49,65,50000.0,16
R. Griffiths,Crewe Alexandra,LM,Europe,18,49,66,60000.0,17
D. Mackay,Kilmarnock,GK,Europe,21,49,56,30000.0,7
A. Iontton,Stevenage,CM,Europe,17,49,70,60000.0,21
W. Appleyard,Stevenage,GK,Europe,18,49,65,50000.0,16
C. Levingston,Bohemian FC,CM,Europe,20,49,59,50000.0,10
R. Hughes,Hamilton Academical FC,CM,Europe,19,49,64,60000.0,15
J. Yabur,Atlético Nacional,CM,South_America,19,49,62,50000.0,13
M. Dyrmose,SønderjyskE,LB,Europe,17,49,69,50000.0,20
M. Roberts,Northampton Town,LM,Europe,17,48,66,60000.0,18
Liu Guobo,Beijing Sinobo Guoan FC,CM,Asia,18,48,66,60000.0,18
J. Devine,Tranmere Rovers,CM,Europe,18,48,60,50000.0,12
K. Taylor,Shrewsbury,CM,Europe,17,48,63,60000.0,15
T. Lawal,LASK Linz,GK,Europe,18,48,69,60000.0,21
L. Jagne,Morecambe,CM,Europe,20,48,60,50000.0,12
D. Szczepaniak,Morecambe,GK,Europe,18,48,63,50000.0,15
P. Wieliczko,Wisła Płock,CM,Europe,18,48,58,40000.0,10
T. Gundelund,Vejle Boldklub,RWB,Europe,16,48,66,50000.0,18
Wang Xin,Guangzhou R&F; FC,RWB,Asia,20,48,58,40000.0,10
M. Frøkjær-Jensen,Odense Boldklub,CM,Europe,18,48,63,60000.0,15
H. Norris,Oldham Athletic,CB,Europe,17,48,66,50000.0,18
N. Ayéva,Örebro SK,ST,Europe,16,48,72,70000.0,24
Wu Lei,Tianjin Quanjian FC,LDM,Asia,21,48,58,40000.0,10
J. Manley,St. Patrick's Athletic,CB,Europe,19,48,59,40000.0,11
T. Pugh,Scunthorpe United,CM,Europe,17,48,65,60000.0,17
Nicolas Firmino,New England Revolution,CAM,South_America,17,48,70,60000.0,22
C. Hawkins,Burton Albion,GK,Europe,18,48,65,50000.0,17
R. Takae,Gamba Osaka,CDM,Asia,20,48,63,60000.0,15
S. Adewusi,Carlisle United,CM,Africa,18,48,63,60000.0,15
E. Clarke,Fleetwood Town,LB,Europe,19,48,59,40000.0,11
T. Hillman,Newport County,RM,Europe,17,48,57,40000.0,9
R. Roache,Blackpool,ST,Europe,18,48,69,70000.0,21
L. Wahlstedt,Dalkurd FF,GK,Europe,18,48,65,50000.0,17
J. Williams,Northampton Town,CB,Europe,17,48,64,50000.0,16
M. Hurst,St. Johnstone FC,GK,Europe,22,48,58,40000.0,10
C. Maher,Bray Wanderers,RB,Europe,17,48,66,50000.0,18
Y. Góez,Atlético Nacional,CDM,South_America,18,48,65,50000.0,17
D. Horton,Lincoln City,CM,Europe,18,48,55,40000.0,7
E. Tweed,Derry City,LCM,Europe,19,48,59,50000.0,11
Zhang Yufeng,Beijing Renhe FC,CM,Asia,20,47,64,60000.0,17
C. Ehlich,SpVgg Unterhaching,RB,Europe,19,47,59,40000.0,12
L. Collins,Newport County,CM,Europe,17,47,62,60000.0,15
A. Kaltner,SpVgg Unterhaching,ST,Europe,18,47,61,60000.0,14
L. Watkins,Cambridge United,CM,Europe,18,47,67,60000.0,20
J. Norville-Williams,Cambridge United,LB,Europe,18,47,65,50000.0,18
S. Squire,Cambridge United,CDM,Europe,18,47,64,50000.0,17
N. Fuentes,Unión Española,RB,South_America,18,47,64,50000.0,17
J. Milli,Lecce,GK,Europe,18,47,65,50000.0,18
S. Griffin,Waterford FC,CM,Europe,18,47,67,60000.0,20
K. Fujikawa,Júbilo Iwata,CM,Asia,19,47,61,60000.0,14
D. Holland,Cork City,CM,Europe,18,47,61,60000.0,14
J. Livesey,Burton Albion,GK,Europe,18,47,70,60000.0,23
M. Baldisimo,Vancouver Whitecaps FC,CM,North_America,18,47,69,70000.0,22
J. Young,Swindon Town,ST,Europe,18,47,62,60000.0,15
D. Walsh,Waterford FC,RB,Europe,18,47,68,60000.0,21
J. Lundstram,Crewe Alexandra,CM,Europe,19,47,65,60000.0,18
N. Christoffersson,Trelleborgs FF,ST,Europe,19,47,63,60000.0,16
B. Worman,Cambridge United,ST,Europe,16,47,67,60000.0,20
D. Walker-Rice,Tranmere Rovers,RW,Europe,17,47,66,60000.0,19
G. Nugent,Tranmere Rovers,CM,Europe,16,46,66,60000.0,20
