Name,Club,Overall,Position,Value,Wage,Fair_Wage,Wage_Delta_Pct,Wage_Status
L. Messi,FC Barcelona,94,RF,110500000.0,565000.0,204400.52136914592,176.41808162495528,Avoid (Overpaid)
Cristiano Ronaldo,Juventus,94,ST,77000000.0,405000.0,156525.19022290886,158.74429503854046,Avoid (Overpaid)
Neymar Jr,Paris Saint-Germain,92,LW,118500000.0,290000.0,215233.20352313895,34.73757545444104,Avoid (Overpaid)
De Gea,Manchester United,91,GK,72000000.0,260000.0,148950.49287333502,74.55464227372487,Avoid (Overpaid)
K. De Bruyne,Manchester City,91,RCM,102000000.0,355000.0,192663.5335353441,84.25905177062234,Avoid (Overpaid)
E. Hazard,Chelsea,91,LF,93000000.0,340000.0,179953.6445355975,88.93754604272155,Avoid (Overpaid)
L. Modrić,Real Madrid,91,RCM,67000000.0,420000.0,141237.02144632424,197.3724563850399,Avoid (Overpaid)
L. Suárez,FC Barcelona,91,RS,80000000.0,455000.0,161008.159878625,182.59437306966237,Avoid (Overpaid)
Sergio Ramos,Real Madrid,91,RCB,51000000.0,380000.0,115450.69042919995,229.14484840871063,Avoid (Overpaid)
J. Oblak,Atlético Madrid,90,GK,68000000.0,94000.0,142791.42046478394,-34.16971433295403,Target (Underpaid)
R. Lewandowski,FC Bayern München,90,ST,77000000.0,205000.0,156525.19022290886,30.96933452568098,Avoid (Overpaid)
T. Kroos,Real Madrid,90,LCM,76500000.0,355000.0,155773.63047992485,127.89479766650894,Avoid (Overpaid)
D. Godín,Atlético Madrid,90,CB,44000000.0,125000.0,103520.43642702868,20.749104538515176,Normal Market
David Silva,Manchester City,90,LCM,60000000.0,285000.0,130179.41247602248,118.92862671545214,Avoid (Overpaid)
N. Kanté,Chelsea,89,LDM,63000000.0,225000.0,134957.52463672223,66.7191218908716,Avoid (Overpaid)
P. Dybala,Juventus,89,LF,89000000.0,205000.0,174202.6080539551,17.679064791329722,Normal Market
H. Kane,Tottenham Hotspur,89,ST,83500000.0,205000.0,166183.19235405826,23.35784208744851,Normal Market
A. Griezmann,Atlético Madrid,89,CAM,78000000.0,145000.0,158024.49920246893,-8.24207592379792,Normal Market
M. ter Stegen,FC Barcelona,89,GK,58000000.0,240000.0,126959.34288423363,89.03689523569854,Avoid (Overpaid)
T. Courtois,Real Madrid,89,GK,53500000.0,240000.0,119605.62433549178,100.65946006586113,Avoid (Overpaid)
Sergio Busquets,FC Barcelona,89,CDM,51500000.0,315000.0,116285.85695375685,170.8841885434661,Avoid (Overpaid)
E. Cavani,Paris Saint-Germain,89,LS,60000000.0,200000.0,130179.41247602248,53.63412401084361,Avoid (Overpaid)
M. Neuer,FC Bayern München,89,GK,38000000.0,130000.0,92893.84719811,39.94468301302624,Avoid (Overpaid)
S. Agüero,Manchester City,89,ST,64500000.0,300000.0,137324.20450979847,118.46112349305047,Avoid (Overpaid)
G. Chiellini,Juventus,89,LCB,27000000.0,215000.0,72166.1237101641,197.92371953285158,Avoid (Overpaid)
K. Mbappé,Paris Saint-Germain,88,RM,81000000.0,100000.0,162492.66910525566,-38.45876213946343,Target (Underpaid)
M. Salah,Liverpool,88,RM,69500000.0,255000.0,145111.87931358351,75.72648166794858,Avoid (Overpaid)
Casemiro,Real Madrid,88,CDM,59500000.0,285000.0,129377.05860212346,120.28634989798903,Avoid (Overpaid)
J. Rodríguez,FC Bayern München,88,LAM,69500000.0,315000.0,145111.87931358351,117.0738891192306,Avoid (Overpaid)
L. Insigne,Napoli,88,LW,62000000.0,165000.0,133371.56258653812,23.714528644694987,Normal Market
Isco,Real Madrid,88,LW,73500000.0,315000.0,151236.92642124428,108.28246609734849,Avoid (Overpaid)
C. Eriksen,Tottenham Hotspur,88,CAM,73500000.0,205000.0,151236.92642124428,35.54890650779822,Avoid (Overpaid)
Coutinho,FC Barcelona,88,LW,69500000.0,340000.0,145111.87931358351,134.30197555726477,Avoid (Overpaid)
P. Aubameyang,Arsenal,88,LM,59000000.0,265000.0,128572.94168295234,106.10868549112205,Avoid (Overpaid)
M. Hummels,FC Bayern München,88,LCB,46000000.0,160000.0,106976.62021893912,49.56539071111319,Avoid (Overpaid)
Marcelo,Real Madrid,88,LB,43000000.0,285000.0,101777.00920529103,180.02394865537454,Avoid (Overpaid)
G. Bale,Real Madrid,88,ST,60000000.0,355000.0,130179.41247602248,172.7005701192474,Avoid (Overpaid)
H. Lloris,Tottenham Hotspur,88,GK,36000000.0,150000.0,89256.31605755539,68.05533392536064,Avoid (Overpaid)
G. Higuaín,Milan,88,LS,57000000.0,245000.0,125338.46071861267,95.47072669898976,Avoid (Overpaid)
Thiago Silva,Paris Saint-Germain,88,RCB,24000000.0,165000.0,66151.78244394621,149.42638566060248,Avoid (Overpaid)
S. Handanovič,Inter,88,GK,30000000.0,110000.0,78008.0317963608,41.01112086400786,Avoid (Overpaid)
G. Buffon,Paris Saint-Germain,88,GK,4000000.0,77000.0,17605.086771598606,337.37358979803605,Avoid (Overpaid)
S. Umtiti,FC Barcelona,87,CB,57000000.0,205000.0,125338.46071861267,63.557138666501636,Avoid (Overpaid)
M. Icardi,Inter,87,ST,64500000.0,130000.0,137324.20450979847,-5.333513153011467,Normal Market
K. Koulibaly,Napoli,87,LCB,51000000.0,115000.0,115450.69042919995,-0.39037482367967147,Normal Market
P. Pogba,Manchester United,87,RDM,64000000.0,210000.0,136536.92470789648,53.8045480731813,Avoid (Overpaid)
K. Navas,Real Madrid,87,GK,30500000.0,195000.0,78966.5032186749,146.94014810305563,Avoid (Overpaid)
R. Lukaku,Manchester United,87,ST,62500000.0,230000.0,134165.37210654852,71.43022554086731,Avoid (Overpaid)
C. Immobile,Lazio,87,ST,52000000.0,115000.0,117118.90826095096,-1.8091939998534268,Normal Market
Jordi Alba,FC Barcelona,87,LB,38000000.0,250000.0,92893.84719811,169.12439040966584,Avoid (Overpaid)
D. Mertens,Napoli,87,RF,45000000.0,135000.0,105253.5439531608,28.261714455977614,Normal Market
J. Vertonghen,Tottenham Hotspur,87,LCB,34000000.0,155000.0,85565.58564831487,81.14759435770024,Avoid (Overpaid)
M. Hamšík,Napoli,87,LCM,46500000.0,125000.0,107834.48287101103,15.918393330194702,Normal Market
I. Rakitić,FC Barcelona,87,RCM,46500000.0,260000.0,107834.48287101103,141.110258126805,Avoid (Overpaid)
Piqué,FC Barcelona,87,RCB,34000000.0,240000.0,85565.58564831487,180.48659771514878,Avoid (Overpaid)
L. Sané,Manchester City,86,LW,61000000.0,195000.0,131778.90478160465,47.97512570253243,Avoid (Overpaid)
Bernardo Silva,Manchester City,86,RW,59500000.0,180000.0,129377.05860212346,39.128220988203594,Avoid (Overpaid)
Ederson,Manchester City,86,GK,41500000.0,125000.0,99141.85025231351,26.08197212567463,Normal Market
S. Mané,Liverpool,86,LM,52000000.0,195000.0,117118.90826095096,66.49745365242245,Avoid (Overpaid)
V. van Dijk,Liverpool,86,LCB,44500000.0,165000.0,104388.26178129265,58.06374891623067,Avoid (Overpaid)
R. Sterling,Manchester City,86,RW,56500000.0,195000.0,124525.23814314046,56.594761758937196,Avoid (Overpaid)
Roberto Firmino,Liverpool,86,CAM,53000000.0,195000.0,118778.76715039149,64.17075600145029,Avoid (Overpaid)
R. Varane,Real Madrid,86,RCB,50000000.0,210000.0,113773.90638790008,84.57659288240245,Avoid (Overpaid)
M. Verratti,Paris Saint-Germain,86,LCM,55000000.0,135000.0,122074.19358980267,10.588483962164032,Normal Market
Alex Sandro,Juventus,86,LB,36500000.0,160000.0,90170.54174437241,77.44154233162924,Avoid (Overpaid)
Douglas Costa,Juventus,86,LM,46500000.0,175000.0,107834.48287101103,62.28575066227259,Avoid (Overpaid)
T. Müller,FC Bayern München,86,CAM,45000000.0,135000.0,105253.5439531608,28.261714455977614,Normal Market
Thiago,FC Bayern München,86,CM,45500000.0,130000.0,106116.31853071172,22.507076951011985,Normal Market
M. Reus,Borussia Dortmund,86,LM,43500000.0,100000.0,102650.03138642517,-2.581617706914424,Normal Market
Azpilicueta,Chelsea,86,RB,35000000.0,175000.0,87417.83755155026,100.18797639189208,Avoid (Overpaid)
L. Bonucci,Juventus,86,RCB,30000000.0,160000.0,78008.0317963608,105.10708489310234,Avoid (Overpaid)
T. Alderweireld,Tottenham Hotspur,86,RCB,39000000.0,150000.0,94693.77625790678,58.40534185843628,Avoid (Overpaid)
M. Pjanić,Juventus,86,CDM,44000000.0,180000.0,103520.43642702868,73.87871053546185,Avoid (Overpaid)
M. Benatia,Juventus,86,CB,30000000.0,160000.0,78008.0317963608,105.10708489310234,Avoid (Overpaid)
M. Özil,Arsenal,86,CAM,43500000.0,190000.0,102650.03138642517,85.0949263568626,Avoid (Overpaid)
Fernandinho,Manchester City,86,CDM,18000000.0,185000.0,53485.48905401053,245.8882086937336,Avoid (Overpaid)
Iniesta,Vissel Kobe,86,LF,21500000.0,21000.0,60988.32387715079,-65.56717964195828,Target (Underpaid)
M. Škriniar,Inter,85,LCB,46500000.0,82000.0,107834.48287101103,-23.957533975392277,Normal Market
S. Milinković-Savić,Lazio,85,CM,50500000.0,73000.0,114613.38249902843,-36.30761224535118,Target (Underpaid)
Marco Asensio,Real Madrid,85,RW,54000000.0,215000.0,120430.46554213138,78.52625499050689,Avoid (Overpaid)
N. Fekir,Olympique Lyonnais,85,CAM,50000000.0,92000.0,113773.90638790008,-19.137873594376067,Normal Market
Alisson,Liverpool,85,GK,36500000.0,115000.0,90170.54174437241,27.536108550858522,Normal Market
J. Kimmich,FC Bayern München,85,RCM,40500000.0,92000.0,97371.25907349627,-5.516267453666201,Normal Market
Saúl,Atlético Madrid,85,RCM,50500000.0,77000.0,114613.38249902843,-32.81761839578138,Target (Underpaid)
R. Mahrez,Manchester City,85,RW,40500000.0,205000.0,97371.25907349627,110.53440404346118,Avoid (Overpaid)
D. Alaba,FC Bayern München,85,LB,38000000.0,110000.0,92893.84719811,18.414731780252975,Normal Market
Koke,Atlético Madrid,85,LM,45000000.0,88000.0,105253.5439531608,-16.392363910177554,Normal Market
A. Lacazette,Arsenal,85,ST,45000000.0,180000.0,105253.5439531608,71.01561927463682,Avoid (Overpaid)
K. Manolas,Roma,85,LCB,37500000.0,96000.0,91989.25259343382,4.360017386261998,Normal Market
N. Otamendi,Manchester City,85,CB,28500000.0,170000.0,75107.16512755315,126.34325195378105,Avoid (Overpaid)
Parejo,Valencia CF,85,RCM,37000000.0,66000.0,91081.50207055302,-27.53742692025932,Normal Market
Paulinho,Guangzhou Evergrande Taobao FC,85,LDM,37000000.0,235000.0,91081.50207055302,158.01067687483425,Avoid (Overpaid)
W. Szczęsny,Juventus,85,GK,32000000.0,125000.0,81817.67424977996,52.77872555798807,Avoid (Overpaid)
A. Sánchez,Manchester United,85,RW,37500000.0,215000.0,91989.25259343382,133.72295560464926,Avoid (Overpaid)
Y. Brahimi,FC Porto,85,LM,39000000.0,28000.0,94693.77625790678,-70.4310028530919,Target (Underpaid)
J. Boateng,FC Bayern München,85,RCB,30000000.0,115000.0,78008.0317963608,47.42071726691731,Avoid (Overpaid)
A. Vidal,FC Barcelona,85,CAM,26000000.0,205000.0,70181.72340621173,192.09884005478213,Avoid (Overpaid)
I. Perišić,Inter,85,LM,37500000.0,110000.0,91989.25259343382,19.579186588425205,Normal Market
E. Džeko,Roma,85,ST,30500000.0,115000.0,78966.5032186749,45.63136939410974,Avoid (Overpaid)
S. Khedira,Juventus,85,RCM,33000000.0,160000.0,83699.04732462612,91.16107663620257,Avoid (Overpaid)
Diego Costa,Atlético Madrid,85,LS,38500000.0,100000.0,93795.3381690757,6.615106840107307,Normal Market
R. Nainggolan,Inter,85,CAM,35500000.0,105000.0,88338.76770463288,18.860612082653418,Normal Market
Naldo,FC Schalke 04,85,CB,9000000.0,38000.0,32050.365348957537,18.563391044888604,Normal Market
B. Matuidi,Juventus,85,LM,26000000.0,145000.0,70181.72340621173,106.60649662411419,Avoid (Overpaid)
Miranda,Inter,85,CB,15500000.0,96000.0,47891.370570386345,100.45364928303316,Avoid (Overpaid)
K. Benzema,Real Madrid,85,ST,37000000.0,240000.0,91081.50207055302,163.50026574451155,Avoid (Overpaid)
Filipe Luís,Atlético Madrid,85,LB,21500000.0,81000.0,60988.32387715079,32.8123070953038,Avoid (Overpaid)
V. Kompany,Manchester City,85,CB,22000000.0,170000.0,62033.04610750335,174.04748060475666,Avoid (Overpaid)
Pepe,Beşiktaş JK,85,RCB,9000000.0,57000.0,32050.365348957537,77.8450865673329,Avoid (Overpaid)
Z. Ibrahimović,LA Galaxy,85,RS,14000000.0,15000.0,44422.12221917591,-66.23304054229791,Target (Underpaid)
D. Sánchez,Tottenham Hotspur,84,RCB,34000000.0,105000.0,85565.58564831487,22.71288650037759,Normal Market
J. Giménez,Atlético Madrid,84,RCB,34000000.0,63000.0,85565.58564831487,-26.372268099773443,Normal Market
Alex Telles,FC Porto,84,LB,32000000.0,22000.0,81817.67424977996,-73.1109443017941,Target (Underpaid)
A. Laporte,Manchester City,84,LCB,34000000.0,135000.0,85565.58564831487,57.77371121477118,Avoid (Overpaid)
Bruno Fernandes,Sporting CP,84,LCM,40500000.0,22000.0,97371.25907349627,-77.40606395631148,Target (Underpaid)
N. Süle,FC Bayern München,84,CB,36500000.0,84000.0,90170.54174437241,-6.843190275894645,Normal Market
A. Martial,Manchester United,84,LW,42500000.0,165000.0,100901.33144309274,63.52608795163245,Avoid (Overpaid)
D. Alli,Tottenham Hotspur,84,LCM,42500000.0,115000.0,100901.33144309274,13.97272796628928,Normal Market
Fabinho,Liverpool,84,CDM,34000000.0,120000.0,85565.58564831487,40.24329885757439,Avoid (Overpaid)
Marquinhos,Paris Saint-Germain,84,LDM,35500000.0,90000.0,88338.76770463288,1.8805246422743591,Normal Market
William Carvalho,Real Betis,84,CDM,31500000.0,38000.0,80871.24279316196,-53.01172742307223,Target (Underpaid)
Jorginho,Chelsea,84,CM,38000000.0,155000.0,92893.84719811,66.85712205399282,Avoid (Overpaid)
F. Thauvin,Olympique de Marseille,84,RM,39000000.0,72000.0,94693.77625790678,-23.965435907950585,Normal Market
Carvajal,Real Madrid,84,RB,31500000.0,185000.0,80871.24279316196,128.75869544030627,Avoid (Overpaid)
M. Depay,Olympique Lyonnais,84,ST,42000000.0,93000.0,100022.95863505182,-7.021346629703384,Normal Market
H. Son,Tottenham Hotspur,84,LM,37000000.0,125000.0,91081.50207055302,37.2397217419331,Avoid (Overpaid)
A. Lopes,Olympique Lyonnais,84,GK,25000000.0,72000.0,68177.28193955572,5.607026199480071,Normal Market
S. de Vrij,Inter,84,CB,31500000.0,88000.0,80871.24279316196,8.814947020253792,Normal Market
M. Perin,Juventus,84,GK,29500000.0,105000.0,77045.37862162177,36.28332014002606,Avoid (Overpaid)
J. Cuadrado,Juventus,84,RAM,29500000.0,150000.0,77045.37862162177,94.69045734289439,Avoid (Overpaid)
Iago Aspas,RC Celta,84,ST,30000000.0,45000.0,78008.0317963608,-42.31363237381497,Target (Underpaid)
B. Leno,Arsenal,84,GK,27000000.0,115000.0,72166.1237101641,59.35454765710666,Avoid (Overpaid)
N. Matić,Manchester United,84,CDM,24000000.0,165000.0,66151.78244394621,149.42638566060248,Avoid (Overpaid)
L. Hrádecký,Bayer 04 Leverkusen,84,GK,22000000.0,74000.0,62033.04610750335,19.29125626324701,Normal Market
Illarramendi,Real Sociedad,84,RDM,31000000.0,51000.0,79920.87917048554,-36.18688817072711,Target (Underpaid)
K. Walker,Manchester City,84,RB,24500000.0,165000.0,67167.23161578942,145.65550199215357,Avoid (Overpaid)
I. Gündoğan,Manchester City,84,CM,32000000.0,175000.0,81817.67424977996,113.8902157811833,Avoid (Overpaid)
José Callejón,Napoli,84,RM,27500000.0,105000.0,73151.1027277252,43.53850603020871,Avoid (Overpaid)
A. Di María,Paris Saint-Germain,84,RM,29500000.0,125000.0,77045.37862162177,62.242047785745314,Avoid (Overpaid)
M. Mandžukić,Juventus,84,ST,25000000.0,160000.0,68177.28193955572,134.68228044328905,Avoid (Overpaid)
Willian,Chelsea,84,RW,30500000.0,175000.0,78966.5032186749,121.61295342581917,Avoid (Overpaid)
Sergio Asenjo,Villarreal CF,84,GK,24000000.0,42000.0,66151.78244394621,-36.5096472863921,Target (Underpaid)
E. Banega,Sevilla FC,84,CDM,29000000.0,31000.0,76078.45409797481,-59.25258949126674,Target (Underpaid)
A. Witsel,Borussia Dortmund,84,LCM,24000000.0,77000.0,66151.78244394621,16.39897997494782,Normal Market
D. Payet,Olympique de Marseille,84,CAM,27500000.0,75000.0,73151.1027277252,2.527504307291932,Normal Market
Jonas,SL Benfica,84,ST,16500000.0,25000.0,50155.38033886238,-50.15489897376173,Target (Underpaid)
Sokratis,Arsenal,84,RCB,23000000.0,140000.0,64104.111647018486,118.39472758142723,Avoid (Overpaid)
S. Ruffier,AS Saint-Étienne,84,GK,19000000.0,41000.0,55665.224232373715,-26.34539685163925,Normal Market
Falcao,AS Monaco,84,RS,25000000.0,115000.0,68177.28193955572,68.67788906861401,Avoid (Overpaid)
K. Schmeichel,Leicester City,84,GK,19000000.0,78000.0,55665.224232373715,40.12339135541801,Avoid (Overpaid)
Raúl Albiol,Napoli,84,RCB,18000000.0,88000.0,53485.48905401053,64.53060737864085,Avoid (Overpaid)
A. Gómez,Atalanta,84,LS,30000000.0,53000.0,78008.0317963608,-32.05827812915985,Target (Underpaid)
A. Barzagli,Juventus,84,CB,4200000.0,95000.0,18251.264823823625,420.51187091425686,Avoid (Overpaid)
Quaresma,Beşiktaş JK,84,RM,15500000.0,80000.0,47891.370570386345,67.04470773586097,Avoid (Overpaid)
A. Robben,FC Bayern München,84,RM,15500000.0,110000.0,47891.370570386345,129.68647313680884,Avoid (Overpaid)
O. Dembélé,FC Barcelona,83,RW,40000000.0,155000.0,96481.68951137905,60.652244778237744,Avoid (Overpaid)
Gabriel Jesus,Manchester City,83,ST,41000000.0,130000.0,98257.96466006922,32.304796308110724,Avoid (Overpaid)
Ronaldo Cabrais,Grêmio,83,RW,28000000.0,51000.0,74131.4149102806,-31.203255648466943,Target (Underpaid)
Josué Chiamulera,Grêmio,83,LCB,22500000.0,43000.0,63071.58441731427,-31.823498018553444,Target (Underpaid)
Louri Beretta,Atlético Mineiro,83,ST,28500000.0,60000.0,75107.16512755315,-20.114146369253746,Normal Market
P. Kimpembe,Paris Saint-Germain,83,LCB,30500000.0,82000.0,78966.5032186749,3.8414981766695515,Normal Market
N. Keïta,Liverpool,83,CM,34000000.0,120000.0,85565.58564831487,40.24329885757439,Avoid (Overpaid)
C. Tolisso,FC Bayern München,83,CM,34000000.0,85000.0,85565.58564831487,-0.6609966425514742,Normal Market
T. Lemar,Atlético Madrid,83,LM,35500000.0,64000.0,88338.76770463288,-27.551626921049344,Normal Market
K. Coman,FC Bayern München,83,LM,34000000.0,85000.0,85565.58564831487,-0.6609966425514742,Normal Market
J. Tah,Bayer 04 Leverkusen,83,CB,29500000.0,67000.0,77045.37862162177,-13.03826238684051,Normal Market
Anderson Talisca,Guangzhou Evergrande Taobao FC,83,CAM,36500000.0,18000.0,90170.54174437241,-80.03782648769172,Target (Underpaid)
T. Werner,RB Leipzig,83,RW,34500000.0,70000.0,86493.46455030727,-19.069029823304348,Normal Market
A. Rabiot,Paris Saint-Germain,83,CM,33000000.0,91000.0,83699.04732462612,8.72286233684021,Normal Market
L. Goretzka,FC Bayern München,83,CM,34000000.0,85000.0,85565.58564831487,-0.6609966425514742,Normal Market
Q. Promes,Sevilla FC,83,RM,30500000.0,28000.0,78966.5032186749,-64.54192745186893,Target (Underpaid)
H. Ziyech,Ajax,83,RAM,32500000.0,28000.0,82760.25087659869,-66.16733310565968,Target (Underpaid)
Lucas Vázquez,Real Madrid,83,RW,27000000.0,205000.0,72166.1237101641,184.06680234527707,Avoid (Overpaid)
Y. Carrasco,Dalian YiFang FC,83,LM,33000000.0,20000.0,83699.04732462612,-76.10486542047468,Target (Underpaid)
Gerard Moreno,Villarreal CF,83,LS,32000000.0,53000.0,81817.67424977996,-35.22182036341305,Target (Underpaid)
Felipe,FC Porto,83,RCB,20000000.0,22000.0,57815.184137173244,-61.94771264966926,Target (Underpaid)
M. Kovačić,Chelsea,83,LCM,35000000.0,165000.0,87417.83755155026,88.74866345521254,Avoid (Overpaid)
Kepa,Chelsea,83,GK,28500000.0,84000.0,75107.16512755315,11.840195083044755,Normal Market
Manu Trigueros,Villarreal CF,83,RCM,30000000.0,49000.0,78008.0317963608,-37.185955251487414,Target (Underpaid)
S. Gnabry,FC Bayern München,83,ST,34500000.0,85000.0,86493.46455030727,-1.726679071155281,Normal Market
J. Pickford,Everton,83,GK,25000000.0,78000.0,68177.28193955572,14.40761171610341,Normal Market
S. Savić,Atlético Madrid,83,CB,26000000.0,67000.0,70181.72340621173,-4.533549835754138,Normal Market
J. Stones,Manchester City,83,RCB,28500000.0,125000.0,75107.16512755315,66.42886173072135,Avoid (Overpaid)
Suso,Milan,83,RW,33000000.0,115000.0,83699.04732462612,37.39702383227059,Avoid (Overpaid)
J. Draxler,Paris Saint-Germain,83,CM,32500000.0,91000.0,82760.25087659869,9.956167406606047,Normal Market
Felipe Anderson,West Ham United,83,LM,31500000.0,110000.0,80871.24279316196,36.01868377531724,Avoid (Overpaid)
Lucas Moura,Tottenham Hotspur,83,RM,31000000.0,115000.0,79920.87917048554,43.892310987576124,Avoid (Overpaid)
Danilo Pereira,FC Porto,83,CDM,27000000.0,21000.0,72166.1237101641,-70.90047390609357,Target (Underpaid)
Nacho Fernández,Real Madrid,83,CB,24500000.0,180000.0,67167.23161578942,167.98782035507665,Avoid (Overpaid)
T. Horn,1. FC Köln,83,GK,24000000.0,25000.0,66151.78244394621,-62.208123384757194,Target (Underpaid)
Allan,Napoli,83,RCM,26500000.0,87000.0,71176.36858521638,22.231580128787655,Normal Market
F. Acerbi,Lazio,83,CB,19000000.0,64000.0,55665.224232373715,14.9730390608558,Normal Market
Sergi Roberto,FC Barcelona,83,RB,26500000.0,170000.0,71176.36858521638,138.84331749303337,Avoid (Overpaid)
Rodrigo,Valencia CF,83,ST,30500000.0,57000.0,78966.5032186749,-27.817495169876043,Normal Market
Pizzi,SL Benfica,83,LCM,25500000.0,22000.0,69182.06925823749,-68.19985259781679,Target (Underpaid)
K. Kampl,RB Leipzig,83,LCM,26500000.0,74000.0,71176.36858521638,3.9670911440262824,Normal Market
Neto,Valencia CF,83,GK,21000000.0,41000.0,59937.23576687942,-31.59511032596519,Target (Underpaid)
O. Baumann,TSG 1899 Hoffenheim,83,GK,21000000.0,42000.0,59937.23576687942,-29.92669838269605,Normal Market
I. Gueye,Everton,83,RDM,21000000.0,125000.0,59937.23576687942,108.55149290864273,Avoid (Overpaid)
H. Mkhitaryan,Arsenal,83,RM,25500000.0,145000.0,69182.06925823749,109.59188060529846,Avoid (Overpaid)
Marcos Alonso,Chelsea,83,LB,24000000.0,130000.0,66151.78244394621,96.51775839926256,Avoid (Overpaid)
D. Subašić,AS Monaco,83,GK,13000000.0,70000.0,42055.32969357614,66.44739325558622,Avoid (Overpaid)
K. Glik,AS Monaco,83,RCB,19000000.0,86000.0,55665.224232373715,54.495021238024975,Avoid (Overpaid)
K. Strootman,Olympique de Marseille,83,CDM,21000000.0,66000.0,59937.23576687942,10.115188255763352,Normal Market
B. Dost,Sporting CP,83,ST,26000000.0,26000.0,70181.72340621173,-62.95331784671057,Target (Underpaid)
Oscar,Shanghai SIPG FC,83,LCM,30500000.0,29000.0,78966.5032186749,-63.27556771800711,Target (Underpaid)
M. Balotelli,OGC Nice,83,LS,27500000.0,55000.0,73151.1027277252,-24.813163507985916,Normal Market
Luiz Gustavo,Olympique de Marseille,83,LCB,19000000.0,63000.0,55665.224232373715,13.176585325529928,Normal Market
Giuliano,Al Nassr,83,CAM,26000000.0,64000.0,70181.72340621173,-8.808167007287535,Normal Market
David Luiz,Chelsea,83,LCB,17500000.0,130000.0,52383.80878809442,148.16828521553757,Avoid (Overpaid)
R. Fährmann,FC Schalke 04,83,GK,20000000.0,38000.0,57815.184137173244,-34.27332184942872,Target (Underpaid)
Juan Mata,Manchester United,83,RM,24500000.0,160000.0,67167.23161578942,138.21139587117923,Avoid (Overpaid)
Adán,Atlético Madrid,83,GK,15500000.0,55000.0,47891.370570386345,14.843236568404414,Normal Market
Rui Patrício,Wolverhampton Wanderers,83,GK,16500000.0,74000.0,50155.38033886238,47.54149903766528,Avoid (Overpaid)
Y. Sommer,Borussia Mönchengladbach,83,GK,20000000.0,35000.0,57815.184137173244,-39.46227012447382,Target (Underpaid)
Javi Martínez,FC Bayern München,83,CDM,20000000.0,94000.0,57815.184137173244,62.58704595141317,Avoid (Overpaid)
L. Bender,Bayer 04 Leverkusen,83,RB,20000000.0,82000.0,57815.184137173244,41.83125285123276,Avoid (Overpaid)
Lucas Leiva,Lazio,83,LDM,17500000.0,64000.0,52383.80878809442,22.175155798418494,Normal Market
S. Mandanda,Olympique de Marseille,83,GK,13000000.0,51000.0,42055.32969357614,21.26881508621282,Normal Market
Cesc Fàbregas,Chelsea,83,CM,22000000.0,140000.0,62033.04610750335,125.6861604980349,Avoid (Overpaid)
M. Dembélé,Tottenham Hotspur,83,CM,24000000.0,120000.0,66151.78244394621,81.40100775316543,Avoid (Overpaid)
F. Ribéry,FC Bayern München,83,LM,11500000.0,72000.0,38413.413338757826,87.43452805157112,Avoid (Overpaid)
R. Jarstein,Hertha BSC,83,GK,13000000.0,33000.0,42055.32969357614,-21.53194317950935,Normal Market
D. De Rossi,Roma,83,RDM,8000000.0,80000.0,29379.28056560728,172.30074549086007,Avoid (Overpaid)
Pepe Reina,Milan,83,GK,6000000.0,56000.0,23753.935737680138,135.75040624181247,Avoid (Overpaid)
J. Pavlenka,SV Werder Bremen,82,GK,19500000.0,30000.0,56743.80432931239,-47.13079189069674,Target (Underpaid)
M. de Ligt,Ajax,82,RCB,27000000.0,11000.0,72166.1237101641,-84.75739109366806,Target (Underpaid)
Rodri,Atlético Madrid,82,CM,29000000.0,59000.0,76078.45409797481,-22.44847677370121,Normal Market
Arthur,FC Barcelona,82,LCM,32500000.0,125000.0,82760.25087659869,51.03869149259073,Avoid (Overpaid)
G. Donnarumma,Milan,82,GK,29000000.0,23000.0,76078.45409797481,-69.76805026771403,Target (Underpaid)
Rosberto Dourado,Atlético Mineiro,82,RCM,16500000.0,46000.0,50155.38033886238,-8.28501411172158,Normal Market
Juiano Mestres,Cruzeiro,82,RCB,6500000.0,39000.0,25201.016301615186,54.755663554332166,Avoid (Overpaid)
Raphaelito Anjos,Grêmio,82,GK,14000000.0,32000.0,44422.12221917591,-27.96381982356888,Normal Market
Gelson Martins,Atlético Madrid,82,RM,29500000.0,59000.0,77045.37862162177,-23.42175344512821,Normal Market
Gonçalo Guedes,Valencia CF,82,LM,29000000.0,36000.0,76078.45409797481,-52.68042650598718,Target (Underpaid)
L. Torreira,Arsenal,82,LCM,25000000.0,98000.0,68177.28193955572,43.74289677151454,Avoid (Overpaid)
Malcom,FC Barcelona,82,RW,31500000.0,140000.0,80871.24279316196,73.11468844131285,Avoid (Overpaid)
Pau López,Real Betis,82,GK,21500000.0,21000.0,60988.32387715079,-65.56717964195828,Target (Underpaid)
L. Hernández,Atlético Madrid,82,LB,25500000.0,53000.0,69182.06925823749,-23.390553985649536,Normal Market
C. Lenglet,FC Barcelona,82,LCB,26000000.0,135000.0,70181.72340621173,92.35777271900287,Avoid (Overpaid)
A. Kramarić,TSG 1899 Hoffenheim,82,LCM,26000000.0,54000.0,70181.72340621173,-23.056890912398856,Normal Market
A. Robertson,Liverpool,82,LB,24500000.0,98000.0,67167.23161578942,45.90447997109728,Avoid (Overpaid)
Dani García,Athletic Club de Bilbao,82,RCM,20000000.0,33000.0,57815.184137173244,-42.921568974503884,Target (Underpaid)
F. Bernardeschi,Juventus,82,RM,29500000.0,110000.0,77045.37862162177,42.773002051455876,Avoid (Overpaid)
J. Brandt,Bayer 04 Leverkusen,82,LM,30500000.0,68000.0,78966.5032186749,-13.887538097395982,Normal Market
D. Rugani,Juventus,82,CB,24500000.0,95000.0,67167.23161578942,41.43801629851267,Avoid (Overpaid)
Samu Castillejo,Milan,82,RM,29000000.0,94000.0,76078.45409797481,23.5566641232557,Normal Market
João Cancelo,Juventus,82,RB,25500000.0,95000.0,69182.06925823749,37.31881832760933,Avoid (Overpaid)
A. Romagnoli,Milan,82,LCB,26500000.0,84000.0,71176.36858521638,18.016698055381188,Normal Market
T. Partey,Atlético Madrid,82,CDM,25500000.0,59000.0,69182.06925823749,-14.717786512326839,Normal Market
Fred,Manchester United,82,CM,26500000.0,140000.0,71176.36858521638,96.69449675896864,Avoid (Overpaid)
J. Vardy,Leicester City,82,ST,20000000.0,96000.0,57815.184137173244,66.04634480144324,Avoid (Overpaid)
A. Belotti,Torino,82,LS,30000000.0,58000.0,78008.0317963608,-25.648681726250405,Normal Market
E. Forsberg,RB Leipzig,82,LM,26000000.0,67000.0,70181.72340621173,-4.533549835754138,Normal Market
J. Lingard,Manchester United,82,CAM,26500000.0,140000.0,71176.36858521638,96.69449675896864,Avoid (Overpaid)
F. Vázquez,Sevilla FC,82,LCM,21500000.0,27000.0,60988.32387715079,-55.729230968232066,Target (Underpaid)
E. Višća,Medipol Başakşehir FK,82,RM,22500000.0,40000.0,63071.58441731427,-36.579998156793906,Target (Underpaid)
A. Rüdiger,Chelsea,82,CB,22500000.0,110000.0,63071.58441731427,74.40500506881678,Avoid (Overpaid)
A. Florenzi,Roma,82,RB,20500000.0,73000.0,58879.589987857435,23.98184161108217,Normal Market
H. Maguire,Leicester City,82,LCB,23500000.0,77000.0,65130.79216296449,18.223650354716135,Normal Market
T. Meunier,Paris Saint-Germain,82,RM,21000000.0,87000.0,59937.23576687942,45.15183906441533,Avoid (Overpaid)
S. Sané,FC Schalke 04,82,CB,18500000.0,41000.0,54579.20399578295,-24.879813191911232,Normal Market
G. Kondogbia,Valencia CF,82,CM,27500000.0,46000.0,73151.1027277252,-37.116464024860946,Target (Underpaid)
Rafinha,FC Barcelona,82,CAM,29500000.0,165000.0,77045.37862162177,114.15950307718381,Avoid (Overpaid)
Gabriel Paulista,Valencia CF,82,LCB,21000000.0,44000.0,59937.23576687942,-26.589874496157766,Normal Market
Morata,Chelsea,82,ST,28500000.0,135000.0,75107.16512755315,79.74317066917908,Avoid (Overpaid)
J. Cillessen,FC Barcelona,82,GK,18000000.0,135000.0,53485.48905401053,152.40490904677856,Avoid (Overpaid)
W. Ben Yedder,Sevilla FC,82,RS,23500000.0,28000.0,65130.79216296449,-57.009581689194135,Target (Underpaid)
C. Bakambu,Beijing Sinobo Guoan FC,82,ST,26000000.0,33000.0,70181.72340621173,-52.97921111313263,Target (Underpaid)
Pablo Sarabia,Sevilla FC,82,RCM,26000000.0,26000.0,70181.72340621173,-62.95331784671057,Target (Underpaid)
W. Zaha,Crystal Palace,82,LS,28500000.0,78000.0,75107.16512755315,3.8516097199701296,Normal Market
Luis Alberto,Lazio,82,CF,28500000.0,67000.0,75107.16512755315,-10.79413011233335,Normal Market
Jonathan Viera,Beijing Sinobo Guoan FC,82,LF,22500000.0,31000.0,63071.58441731427,-50.84949857151527,Target (Underpaid)
Bartra,Real Betis,82,CB,21000000.0,32000.0,59937.23576687942,-46.61081781538747,Target (Underpaid)
S. Coates,Sporting CP,82,RCB,21000000.0,19000.0,59937.23576687942,-68.3001730778863,Target (Underpaid)
Willian José,Real Sociedad,82,ST,26500000.0,44000.0,71176.36858521638,-38.18172959003843,Target (Underpaid)
Víctor Ruiz,Villarreal CF,82,LCB,19500000.0,43000.0,56743.80432931239,-24.220801709998664,Normal Market
T. Delaney,Borussia Dortmund,82,LCM,21500000.0,61000.0,60988.32387715079,0.019144849549775807,Normal Market
K. Casteels,VfL Wolfsburg,82,GK,19500000.0,46000.0,56743.80432931239,-18.93388089906834,Normal Market
M. Götze,Borussia Dortmund,82,CM,27000000.0,67000.0,72166.1237101641,-7.158654843250904,Normal Market
S. Mustafi,Arsenal,82,RCB,22500000.0,115000.0,63071.58441731427,82.33250529921754,Avoid (Overpaid)
J. Pastore,Roma,82,CAM,21500000.0,84000.0,60988.32387715079,37.7312814321669,Avoid (Overpaid)
Pedro,Chelsea,82,RW,21000000.0,140000.0,59937.23576687942,133.57767205767982,Avoid (Overpaid)
G. Bonaventura,Milan,82,CM,22000000.0,115000.0,62033.04610750335,85.38506040910009,Avoid (Overpaid)
R. Bürki,Borussia Dortmund,82,GK,18500000.0,50000.0,54579.20399578295,-8.390016087696624,Normal Market
S. Nzonzi,Roma,82,CDM,17000000.0,77000.0,51273.875023498054,50.17394328927167,Avoid (Overpaid)
A. Ramsey,Arsenal,82,CAM,25000000.0,130000.0,68177.28193955572,90.67935286017234,Avoid (Overpaid)
K. Trippier,Tottenham Hotspur,82,RB,18500000.0,99000.0,54579.20399578295,81.38776814636068,Avoid (Overpaid)
A. Kolarov,Roma,82,LB,12500000.0,73000.0,40854.1986491904,78.6842048398534,Avoid (Overpaid)
G. Sigurðsson,Everton,82,CAM,22500000.0,125000.0,63071.58441731427,98.18750576001905,Avoid (Overpaid)
S. Giovinco,Toronto FC,82,CF,20000000.0,15000.0,57815.184137173244,-74.0552586247745,Target (Underpaid)
M. Arnautović,West Ham United,82,LS,22000000.0,120000.0,62033.04610750335,93.44528042688705,Avoid (Overpaid)
N. Gaitán,Dalian YiFang FC,82,CAM,21000000.0,22000.0,59937.23576687942,-63.29493724807889,Target (Underpaid)
J. Henderson,Liverpool,82,RCM,18000000.0,125000.0,53485.48905401053,133.70824911738757,Avoid (Overpaid)
M. Kruse,SV Werder Bremen,82,ST,21500000.0,45000.0,60988.32387715079,-26.215384947053444,Normal Market
M. Parolo,Lazio,82,RDM,9000000.0,59000.0,32050.365348957537,84.08526504337968,Avoid (Overpaid)
L. Fejsa,SL Benfica,82,CDM,17000000.0,18000.0,51273.875023498054,-64.89440286744299,Target (Underpaid)
A. Rami,Olympique de Marseille,82,RCB,12500000.0,57000.0,40854.1986491904,39.52054350509101,Avoid (Overpaid)
G. Wijnaldum,Liverpool,82,CAM,23000000.0,130000.0,64104.111647018486,102.79510418275386,Avoid (Overpaid)
F. Fazio,Roma,82,LCB,15000000.0,73000.0,46745.12589202906,56.16601433187691,Avoid (Overpaid)
O. Giroud,Chelsea,82,ST,20000000.0,140000.0,57815.184137173244,142.15091950210473,Avoid (Overpaid)
Marcano,Roma,82,CB,15000000.0,73000.0,46745.12589202906,56.16601433187691,Avoid (Overpaid)
A. Guardado,Real Betis,82,CM,19000000.0,35000.0,55665.224232373715,-37.12411926359449,Target (Underpaid)
E. Garay,Valencia CF,82,RCB,15000000.0,44000.0,46745.12589202906,-5.872539306813918,Normal Market
Jardel,SL Benfica,82,LCB,12500000.0,17000.0,40854.1986491904,-58.38860983181496,Target (Underpaid)
S. Sirigu,Torino,82,GK,13500000.0,45000.0,43244.45137620746,4.059592775313653,Normal Market
E. Viviano,Sporting CP,82,GK,12500000.0,15000.0,40854.1986491904,-63.28406749866026,Target (Underpaid)
L. Koscielny,Arsenal,82,CB,12500000.0,115000.0,40854.1986491904,181.4888158436047,Avoid (Overpaid)
A. Consigli,Sassuolo,82,GK,13500000.0,52000.0,43244.45137620746,20.246640540362442,Normal Market
L. Biglia,Milan,82,CDM,12500000.0,98000.0,40854.1986491904,139.87742567541963,Avoid (Overpaid)
Dani Alves,Paris Saint-Germain,82,RB,4800000.0,62000.0,20143.6333275082,207.7895580800343,Avoid (Overpaid)
David Villa,New York City FC,82,ST,8000000.0,12000.0,29379.28056560728,-59.15488817637099,Target (Underpaid)
Aduriz,Athletic Club de Bilbao,82,ST,8000000.0,29000.0,29379.28056560728,-1.2909797595632226,Normal Market
P. Čech,Arsenal,82,GK,3000000.0,60000.0,14234.18449253613,321.5204603499536,Avoid (Overpaid)
M. Rashford,Manchester United,81,LW,27000000.0,110000.0,72166.1237101641,52.42608906331942,Avoid (Overpaid)
Laure Santeiro,Fluminense,81,CAM,17000000.0,40000.0,51273.875023498054,-21.987561927651083,Normal Market
L. Bailey,Bayer 04 Leverkusen,81,LM,26500000.0,54000.0,71176.36858521638,-24.132122678683523,Normal Market
M. Akanji,Borussia Dortmund,81,LCB,21000000.0,49000.0,59937.23576687942,-18.247814779812057,Normal Market
F. de Jong,Ajax,81,LDM,26000000.0,19000.0,70181.72340621173,-72.92742458028849,Target (Underpaid)
Nélson Semedo,FC Barcelona,81,RB,20000000.0,125000.0,57815.184137173244,116.20617812687921,Avoid (Overpaid)
Pablo Fornals,Villarreal CF,81,CAM,24000000.0,36000.0,66151.78244394621,-45.579697674050365,Target (Underpaid)
Fabián,Napoli,81,LM,26000000.0,64000.0,70181.72340621173,-8.808167007287535,Normal Market
E. Bailly,Manchester United,81,CB,21000000.0,105000.0,59937.23576687942,75.18325404325988,Avoid (Overpaid)
Dani Ceballos,Real Madrid,81,LCM,25000000.0,120000.0,68177.28193955572,76.01171033246679,Avoid (Overpaid)
H. Lozano,PSV,81,LS,24000000.0,22000.0,66151.78244394621,-66.74314857858634,Target (Underpaid)
Morales,Levante UD,81,LS,17000000.0,33000.0,51273.875023498054,-35.63973859031214,Target (Underpaid)
J. Seri,Fulham,81,LDM,20500000.0,73000.0,58879.589987857435,23.98184161108217,Normal Market
M. Politano,Inter,81,RM,22500000.0,57000.0,63071.58441731427,-9.62649737343131,Normal Market
M. Brozović,Inter,81,LDM,18500000.0,64000.0,54579.20399578295,17.260779407748323,Normal Market
Williams,Athletic Club de Bilbao,81,LW,24500000.0,31000.0,67167.23161578942,-53.84654204995903,Target (Underpaid)
A. Correa,Atlético Madrid,81,RM,24500000.0,54000.0,67167.23161578942,-19.60365389347701,Normal Market
A. Christensen,Chelsea,81,LCB,21500000.0,91000.0,60988.32387715079,49.20888821818081,Avoid (Overpaid)
João Mário,Inter,81,CAM,22500000.0,71000.0,63071.58441731427,12.570503271690825,Normal Market
T. Strakosha,Lazio,81,GK,17000000.0,36000.0,51273.875023498054,-29.78880573488597,Normal Market
E. Hysaj,Napoli,81,RB,20000000.0,58000.0,57815.184137173244,0.3196666508719552,Normal Market
P. Zieliński,Napoli,81,RCM,24500000.0,64000.0,67167.23161578942,-4.715441651528307,Normal Market
Ricardo Pereira,Leicester City,81,RB,19000000.0,64000.0,55665.224232373715,14.9730390608558,Normal Market
Grimaldo,SL Benfica,81,LB,20500000.0,14000.0,58879.589987857435,-76.22266051294314,Target (Underpaid)
R. Guerreiro,Borussia Dortmund,81,LM,24000000.0,54000.0,66151.78244394621,-18.369546511075555,Normal Market
A. Doucouré,Watford,81,RDM,19500000.0,60000.0,56743.80432931239,5.738416218606515,Normal Market
J. Martínez,Atlanta United,81,LS,22500000.0,14000.0,63071.58441731427,-77.80299935487787,Target (Underpaid)
C. Bacca,Villarreal CF,81,LS,16000000.0,45000.0,49027.996155357476,-8.215706272379075,Normal Market
A. Plea,Borussia Mönchengladbach,81,LW,22000000.0,40000.0,62033.04610750335,-35.51823985770432,Target (Underpaid)
B. Davies,Tottenham Hotspur,81,LB,18500000.0,87000.0,54579.20399578295,59.40137200740787,Avoid (Overpaid)
M. Nastasić,FC Schalke 04,81,LCB,18500000.0,36000.0,54579.20399578295,-34.04081158314157,Target (Underpaid)
A. Milik,Napoli,81,CF,25500000.0,71000.0,69182.06925823749,2.6277484343185487,Normal Market
M. Sabitzer,RB Leipzig,81,LM,22500000.0,54000.0,63071.58441731427,-14.382997511671766,Normal Market
B. Mendy,Manchester City,81,LB,20000000.0,105000.0,57815.184137173244,81.61318962657855,Avoid (Overpaid)
C. Kramer,Borussia Mönchengladbach,81,CDM,17000000.0,35000.0,51273.875023498054,-31.739116686694697,Target (Underpaid)
S. Vrsaljko,Inter,81,RB,18000000.0,57000.0,53485.48905401053,6.570961597528734,Normal Market
T. Hazard,Borussia Mönchengladbach,81,RW,21500000.0,40000.0,60988.32387715079,-34.41367550849195,Target (Underpaid)
K. Bellarabi,Bayer 04 Leverkusen,81,RM,18000000.0,76000.0,53485.48905401053,42.094615463371646,Avoid (Overpaid)
S. Zaza,Torino,81,RS,21000000.0,48000.0,59937.23576687942,-19.9162267230812,Normal Market
F. Ghoulam,Napoli,81,LB,16500000.0,68000.0,50155.38033886238,35.5786747913681,Avoid (Overpaid)
B. Lecomte,Montpellier HSC,81,GK,15000000.0,27000.0,46745.12589202906,-42.23996730190854,Target (Underpaid)
J. Iličić,Atalanta,81,CAM,17000000.0,41000.0,51273.875023498054,-20.03725097584236,Normal Market
K. Volland,Bayer 04 Leverkusen,81,ST,22000000.0,76000.0,62033.04610750335,22.515344270361794,Normal Market
Paco Alcácer,Borussia Dortmund,81,ST,23500000.0,59000.0,65130.79216296449,-9.413047130801921,Normal Market
Vitolo,Atlético Madrid,81,LM,18000000.0,65000.0,53485.48905401053,21.52828954104154,Normal Market
G. Xhaka,Arsenal,81,LDM,22000000.0,115000.0,62033.04610750335,85.38506040910009,Avoid (Overpaid)
D. Tadić,Ajax,81,LAM,17500000.0,26000.0,52383.80878809442,-50.36634295689248,Target (Underpaid)
C. Aránguiz,Bayer 04 Leverkusen,81,LDM,17000000.0,76000.0,51273.875023498054,48.223632337462945,Avoid (Overpaid)
S. Verdi,Napoli,81,RW,19500000.0,77000.0,56743.80432931239,35.697634147211694,Avoid (Overpaid)
D. Lovren,Liverpool,81,RCB,16000000.0,115000.0,49027.996155357476,134.55986174836457,Avoid (Overpaid)
G. Medel,Beşiktaş JK,81,RCB,13000000.0,56000.0,42055.32969357614,33.15791460446897,Avoid (Overpaid)
X. Shaqiri,Liverpool,81,CAM,19000000.0,130000.0,55665.224232373715,133.53898559236336,Avoid (Overpaid)
J. Corona,FC Porto,81,RM,21500000.0,18000.0,60988.32387715079,-70.48615397882138,Target (Underpaid)
A. Areola,Paris Saint-Germain,81,GK,16500000.0,61000.0,50155.38033886238,21.622046504021384,Normal Market
K. Vogt,TSG 1899 Hoffenheim,81,CB,17500000.0,42000.0,52383.80878809442,-19.822554007287863,Normal Market
Ander Herrera,Manchester United,81,CM,17500000.0,140000.0,52383.80878809442,167.25815330904047,Avoid (Overpaid)
E. Salvio,SL Benfica,81,RW,18500000.0,19000.0,54579.20399578295,-65.18820611332472,Target (Underpaid)
S. El Shaarawy,Roma,81,LM,21000000.0,77000.0,59937.23576687942,28.46771963172391,Normal Market
C. Smalling,Manchester United,81,RCB,16000000.0,130000.0,49027.996155357476,165.1546263242382,Avoid (Overpaid)
Hulk,Shanghai SIPG FC,81,RCM,15500000.0,25000.0,47891.370570386345,-47.79852883254345,Target (Underpaid)
S. Kagawa,Borussia Dortmund,81,CAM,17500000.0,65000.0,52383.80878809442,24.084142607768786,Normal Market
M. Lanzini,West Ham United,81,CAM,23000000.0,90000.0,64104.111647018486,40.396610588060376,Avoid (Overpaid)
L. Stindl,Borussia Mönchengladbach,81,CF,18000000.0,43000.0,53485.48905401053,-19.604362303618675,Normal Market
O. Toprak,Borussia Dortmund,81,CB,16000000.0,59000.0,49027.996155357476,20.339407331769657,Normal Market
D. Perotti,Roma,81,LW,17500000.0,84000.0,52383.80878809442,60.354891985424274,Avoid (Overpaid)
F. Muslera,Galatasaray SK,81,GK,10000000.0,52000.0,34644.86923626099,50.094375145091604,Avoid (Overpaid)
S. Kjær,Sevilla FC,81,RCB,14000000.0,23000.0,44422.12221917591,-48.22399549819013,Target (Underpaid)
S. Bender,Bayer 04 Leverkusen,81,LCB,14000000.0,69000.0,44422.12221917591,55.32801350542961,Avoid (Overpaid)
M. Valbuena,Fenerbahçe SK,81,LM,11000000.0,86000.0,37172.35883262683,131.35470199033023,Avoid (Overpaid)
Pedro León,SD Eibar,81,RM,15500000.0,32000.0,47891.370570386345,-33.18211690565561,Target (Underpaid)
K. Boateng,Sassuolo,81,CM,15000000.0,65000.0,46745.12589202906,39.05193056947944,Avoid (Overpaid)
L. Piszczek,Borussia Dortmund,81,RB,7000000.0,57000.0,26619.28070364867,114.13050425583846,Avoid (Overpaid)
A. Candreva,Inter,81,RM,15500000.0,74000.0,47891.370570386345,54.51635465567139,Avoid (Overpaid)
D. Wass,Valencia CF,81,RB,17000000.0,46000.0,51273.875023498054,-10.28569621679874,Normal Market
E. Lamela,Tottenham Hotspur,81,RM,21000000.0,105000.0,59937.23576687942,75.18325404325988,Avoid (Overpaid)
D. Rose,Tottenham Hotspur,81,LB,14500000.0,92000.0,45588.85582146803,101.8037047481168,Avoid (Overpaid)
C. Vela,Los Angeles FC,81,RW,17500000.0,15000.0,52383.80878809442,-71.36519785974566,Target (Underpaid)
Renato Augusto,Beijing Sinobo Guoan FC,81,LCM,16500000.0,28000.0,50155.38033886238,-44.17348685061314,Target (Underpaid)
A. Valencia,Manchester United,81,RM,10000000.0,120000.0,34644.86923626099,246.37163495021142,Avoid (Overpaid)
L. Fabiański,West Ham United,81,GK,9000000.0,70000.0,32050.365348957537,118.4062466616369,Avoid (Overpaid)
João Moutinho,Wolverhampton Wanderers,81,RCM,15000000.0,85000.0,46745.12589202906,81.83713997547312,Avoid (Overpaid)
Borja Valero,Inter,81,CAM,11000000.0,74000.0,37172.35883262683,99.07265054981904,Avoid (Overpaid)
F. Quagliarella,Sampdoria,81,RS,8000000.0,39000.0,29379.28056560728,32.74661342679428,Avoid (Overpaid)
B. Gomis,Al Hilal,81,ST,14000000.0,56000.0,44422.12221917591,26.063315308754465,Normal Market
H. Herrera,FC Porto,81,CM,17500000.0,20000.0,52383.80878809442,-61.82026381299423,Target (Underpaid)
Raffael,Borussia Mönchengladbach,81,CF,11000000.0,41000.0,37172.35883262683,10.297009088413251,Normal Market
Nani,Sporting CP,81,LM,15500000.0,19000.0,47891.370570386345,-60.32688191273302,Target (Underpaid)
J. Milner,Liverpool,81,CM,13500000.0,120000.0,43244.45137620746,177.4922474008364,Avoid (Overpaid)
J. Mathieu,Sporting CP,81,LCB,5500000.0,18000.0,22274.97032447727,-19.19181153646539,Normal Market
Joaquín,Real Betis,81,LS,6000000.0,24000.0,23753.935737680138,1.0358883893482027,Normal Market
M. Gómez,RC Celta,80,ST,20500000.0,25000.0,58879.589987857435,-57.540465201684185,Target (Underpaid)
K. Havertz,Bayer 04 Leverkusen,80,CAM,22000000.0,32000.0,62033.04610750335,-48.41459188616346,Target (Underpaid)
T. Ndombele,Olympique Lyonnais,80,CM,22500000.0,51000.0,63071.58441731427,-19.139497649912222,Normal Market
H. Aouar,Olympique Lyonnais,80,LM,23500000.0,51000.0,65130.79216296449,-21.696023791032168,Normal Market
Carlos Soler,Valencia CF,80,RM,21000000.0,31000.0,59937.23576687942,-48.279229758656605,Target (Underpaid)
Odriozola,Real Madrid,80,RB,18500000.0,115000.0,54579.20399578295,110.70296299829776,Avoid (Overpaid)
M. Almirón,Atlanta United,80,CAM,19500000.0,11000.0,56743.80432931239,-80.61462369325547,Target (Underpaid)
Welington Dano,Cruzeiro,80,LB,10500000.0,34000.0,35916.47638100917,-5.335925386106374,Normal Market
Everton Andrão,Fluminense,80,CDM,4500000.0,34000.0,19205.69367823022,77.03083559298474,Avoid (Overpaid)
Oyarzabal,Real Sociedad,80,CAM,21000000.0,29000.0,59937.23576687942,-51.616053645194896,Target (Underpaid)
F. Balbuena,West Ham United,80,RCB,15500000.0,80000.0,47891.370570386345,67.04470773586097,Avoid (Overpaid)
M. Marega,FC Porto,80,RS,16000000.0,19000.0,49027.996155357476,-61.246631537226726,Target (Underpaid)
B. Pavard,VfB Stuttgart,80,RB,17500000.0,33000.0,52383.80878809442,-37.00343529144046,Target (Underpaid)
W. Ndidi,Leicester City,80,LDM,17000000.0,50000.0,51273.875023498054,-2.4844524095638496,Normal Market
A. Onana,Ajax,80,GK,14500000.0,14000.0,45588.85582146803,-69.29074058180832,Target (Underpaid)
G. Lo Celso,Real Betis,80,RCM,20000000.0,72000.0,57815.184137173244,24.534758601082427,Normal Market
M. Acuña,Sporting CP,80,LB,12500000.0,16000.0,40854.1986491904,-60.83633866523761,Target (Underpaid)
Rúben Neves,Wolverhampton Wanderers,80,LCM,20500000.0,59000.0,58879.589987857435,0.2045021240253154,Normal Market
Mariano,Real Madrid,80,ST,20000000.0,140000.0,57815.184137173244,142.15091950210473,Avoid (Overpaid)
Raúl,SC Braga,80,CB,12000000.0,19000.0,39640.448901425145,-52.06916034869394,Target (Underpaid)
M. Caldara,Milan,80,CB,17500000.0,73000.0,52383.80878809442,39.3560370825711,Avoid (Overpaid)
M. Vecino,Inter,80,LM,14500000.0,63000.0,45588.85582146803,38.19166738186259,Avoid (Overpaid)
T. Bakayoko,Milan,80,LCM,17000000.0,85000.0,51273.875023498054,65.77643090374146,Avoid (Overpaid)
M. Dahoud,Borussia Dortmund,80,CM,20000000.0,50000.0,57815.184137173244,-13.517528749248314,Normal Market
Rafa,SL Benfica,80,RW,18500000.0,17000.0,54579.20399578295,-68.85260546981685,Target (Underpaid)
K. Baldé,Inter,80,RM,20000000.0,65000.0,57815.184137173244,12.427212625977191,Normal Market
G. Rulli,Real Sociedad,80,GK,14000000.0,26000.0,44422.12221917591,-41.47060360664972,Target (Underpaid)
F. Armani,River Plate,80,GK,9000000.0,22000.0,32050.365348957537,-31.358036763485547,Target (Underpaid)
Rony Lopes,AS Monaco,80,RM,20000000.0,65000.0,57815.184137173244,12.427212625977191,Normal Market
Santi Mina,Valencia CF,80,LS,20000000.0,40000.0,57815.184137173244,-30.81402299939865,Target (Underpaid)
K. Demirbay,TSG 1899 Hoffenheim,80,RCM,19500000.0,37000.0,56743.80432931239,-34.79464333185931,Target (Underpaid)
Gayà,Valencia CF,80,LB,16500000.0,33000.0,50155.38033886238,-34.20446664536548,Target (Underpaid)
André Gomes,Everton,80,LDM,19500000.0,130000.0,56743.80432931239,129.0999018069808,Avoid (Overpaid)
N. Tagliafico,Ajax,80,LB,15000000.0,20000.0,46745.12589202906,-57.214790594006324,Target (Underpaid)
M. Sanson,Olympique de Marseille,80,RDM,19500000.0,47000.0,56743.80432931239,-17.171573962091564,Normal Market
Pacheco,Deportivo Alavés,80,GK,13000000.0,23000.0,42055.32969357614,-45.31014221602167,Target (Underpaid)
E. Can,Juventus,80,CM,19500000.0,91000.0,56743.80432931239,60.369931264886546,Avoid (Overpaid)
H. Çalhanoğlu,Milan,80,CAM,19500000.0,89000.0,56743.80432931239,56.84531739093299,Avoid (Overpaid)
M. Ginter,Borussia Mönchengladbach,80,RWB,15500000.0,28000.0,47891.370570386345,-41.53435229244866,Target (Underpaid)
M. Keane,Everton,80,RCB,15500000.0,88000.0,47891.370570386345,83.74917850944706,Avoid (Overpaid)
L. Shaw,Manchester United,80,LB,16500000.0,96000.0,50155.38033886238,91.40518794075496,Avoid (Overpaid)
Z. Feddal,Real Betis,80,CB,12000000.0,29000.0,39640.448901425145,-26.842402637480227,Normal Market
S. Haller,Eintracht Frankfurt,80,RS,19000000.0,41000.0,55665.224232373715,-26.34539685163925,Normal Market
Bernard,Everton,80,LM,17500000.0,97000.0,52383.80878809442,85.17172050697803,Avoid (Overpaid)
T. Inui,Real Betis,80,LM,14000000.0,30000.0,44422.12221917591,-32.46608108459582,Target (Underpaid)
Portu,Girona FC,80,RM,17500000.0,37000.0,52383.80878809442,-29.36748805403931,Normal Market
M. Batshuayi,Valencia CF,80,ST,19500000.0,105000.0,56743.80432931239,85.0422283825614,Avoid (Overpaid)
E. Zahavi,Guangzhou R&F; FC,80,LS,14500000.0,24000.0,45588.85582146803,-47.35555528309997,Target (Underpaid)
T. Vaclík,Sevilla FC,80,GK,11500000.0,17000.0,38413.413338757826,-55.74462532115682,Target (Underpaid)
N. Pope,Burnley,80,GK,13000000.0,48000.0,42055.32969357614,14.135355375259124,Normal Market
Héctor Bellerín,Arsenal,80,RB,16500000.0,85000.0,50155.38033886238,69.47334348921012,Avoid (Overpaid)
P. Kadeřábek,TSG 1899 Hoffenheim,80,RWB,14000000.0,39000.0,44422.12221917591,-12.205905409974571,Normal Market
J. Butland,Stoke City,80,GK,14000000.0,39000.0,44422.12221917591,-12.205905409974571,Normal Market
J. Vestergaard,Southampton,80,CB,14500000.0,51000.0,45588.85582146803,11.86944502341257,Normal Market
J. Tarkowski,Burnley,80,RCB,15500000.0,56000.0,47891.370570386345,16.931295415102674,Normal Market
Deulofeu,Watford,80,RS,18500000.0,56000.0,54579.20399578295,2.603181981779782,Normal Market
E. Dier,Tottenham Hotspur,80,CDM,16500000.0,73000.0,50155.38033886238,45.54769499661575,Avoid (Overpaid)
J. Murillo,Valencia CF,80,LCB,16000000.0,38000.0,49027.996155357476,-22.49326307445344,Normal Market
M. Badelj,Lazio,80,CDM,11500000.0,53000.0,38413.413338757826,37.97263870462874,Avoid (Overpaid)
N. Schulz,TSG 1899 Hoffenheim,80,LWB,14500000.0,37000.0,45588.85582146803,-18.839814394779115,Normal Market
L. Digne,Everton,80,LB,16000000.0,79000.0,49027.996155357476,61.13242676626784,Avoid (Overpaid)
M. Uth,FC Schalke 04,80,ST,17500000.0,42000.0,52383.80878809442,-19.822554007287863,Normal Market
Cristian Tello,Real Betis,80,LM,16000000.0,30000.0,49027.996155357476,-38.81047084825271,Target (Underpaid)
D. Vida,Beşiktaş JK,80,LCB,11500000.0,55000.0,38413.413338757826,43.17915337272794,Avoid (Overpaid)
L. Muriel,Sevilla FC,80,ST,17500000.0,24000.0,52383.80878809442,-54.18431657559306,Target (Underpaid)
V. Aboubakar,FC Porto,80,ST,18000000.0,19000.0,53485.48905401053,-64.4763461341571,Target (Underpaid)
A. Oxlade-Chamberlain,Liverpool,80,CM,19500000.0,94000.0,56743.80432931239,65.65685207581687,Avoid (Overpaid)
S. Aurier,Tottenham Hotspur,80,RB,15500000.0,82000.0,47891.370570386345,71.22082542925749,Avoid (Overpaid)
J. Matip,Liverpool,80,CB,15000000.0,99000.0,46745.12589202906,111.7867865596687,Avoid (Overpaid)
Sergi Enrich,SD Eibar,80,RS,15500000.0,34000.0,47891.370570386345,-29.00599921225909,Normal Market
A. Yarmolenko,West Ham United,80,RM,15000000.0,92000.0,46745.12589202906,96.8119632675709,Avoid (Overpaid)
Hugo Mallo,RC Celta,80,RB,13500000.0,27000.0,43244.45137620746,-37.56424433481181,Target (Underpaid)
André Almeida,SL Benfica,80,RB,12000000.0,15000.0,39640.448901425145,-62.15986343317943,Target (Underpaid)
D. Didavi,VfB Stuttgart,80,CAM,15000000.0,44000.0,46745.12589202906,-5.872539306813918,Normal Market
R. Rodríguez,Milan,80,LB,15500000.0,81000.0,47891.370570386345,69.13276658255923,Avoid (Overpaid)
R. Pereyra,Watford,80,LM,15500000.0,65000.0,47891.370570386345,35.72382503538703,Avoid (Overpaid)
Mario Gaspar,Villarreal CF,80,RB,12000000.0,35000.0,39640.448901425145,-11.706348010751999,Normal Market
Maicon,Galatasaray SK,80,CB,11500000.0,63000.0,38413.413338757826,64.00521204512472,Avoid (Overpaid)
D. Blind,Ajax,80,LB,12000000.0,22000.0,39640.448901425145,-44.50113303532983,Target (Underpaid)
J. Zoet,PSV,80,GK,12500000.0,16000.0,40854.1986491904,-60.83633866523761,Target (Underpaid)
A. Ljajić,Beşiktaş JK,80,CAM,17500000.0,52000.0,52383.80878809442,-0.7326859137849722,Normal Market
Canales,Real Betis,80,RCM,15500000.0,30000.0,47891.370570386345,-37.35823459905214,Target (Underpaid)
Iago Falqué,Torino,80,RW,15000000.0,59000.0,46745.12589202906,26.216367747681335,Normal Market
L. de Jong,PSV,80,ST,16000000.0,23000.0,49027.996155357476,-53.088027650327085,Target (Underpaid)
Guaita,Crystal Palace,80,GK,9000000.0,48000.0,32050.365348957537,49.76428342512244,Avoid (Overpaid)
Muniain,Athletic Club de Bilbao,80,CAM,18500000.0,31000.0,54579.20399578295,-43.201809974371905,Target (Underpaid)
Susaeta,Athletic Club de Bilbao,80,RW,14000000.0,33000.0,44422.12221917591,-25.712689193055404,Normal Market
S. Rudy,FC Schalke 04,80,CDM,12000000.0,37000.0,39640.448901425145,-6.660996468509256,Normal Market
K. Trapp,Eintracht Frankfurt,80,GK,11500000.0,61000.0,38413.413338757826,58.79869737702553,Avoid (Overpaid)
V. Wanyama,Tottenham Hotspur,80,CDM,14500000.0,86000.0,45588.85582146803,88.6425935688918,Avoid (Overpaid)
N. Nkoulou,Torino,80,CB,12000000.0,50000.0,39640.448901425145,26.13378855606857,Normal Market
R. Boudebouz,Real Betis,80,CAM,15000000.0,31000.0,46745.12589202906,-33.68292542070981,Target (Underpaid)
Camacho,VfL Wolfsburg,80,CDM,13500000.0,51000.0,43244.45137620746,17.934205145355474,Normal Market
S. Ulreich,FC Bayern München,80,GK,10000000.0,61000.0,34644.86923626099,76.07224776635746,Avoid (Overpaid)
M. Musacchio,Milan,80,RCB,12500000.0,85000.0,40854.1986491904,108.0569508409252,Avoid (Overpaid)
C. Stuani,Girona FC,80,ST,13500000.0,41000.0,43244.45137620746,-5.1901488047142275,Normal Market
P. Gulácsi,RB Leipzig,80,GK,10500000.0,45000.0,35916.47638100917,25.29068698897686,Normal Market
Bruno,Villarreal CF,80,CM,7000000.0,39000.0,26619.28070364867,46.51034501715262,Avoid (Overpaid)
F. Delph,Manchester City,80,LB,11500000.0,120000.0,38413.413338757826,212.3908800859519,Avoid (Overpaid)
A. Lallana,Liverpool,80,CM,13500000.0,110000.0,43244.45137620746,154.3678934507667,Avoid (Overpaid)
Marcelo,Olympique Lyonnais,80,RCB,10000000.0,64000.0,34644.86923626099,84.73153864011275,Avoid (Overpaid)
S. Coleman,Everton,80,RWB,11000000.0,97000.0,37172.35883262683,160.94658247746548,Avoid (Overpaid)
Alexandre Pato,Tianjin Quanjian FC,80,ST,15500000.0,35000.0,47891.370570386345,-26.917940365560828,Normal Market
Antunes,Getafe CF,80,LB,9500000.0,27000.0,33356.53848238384,-19.056349284386435,Normal Market
Nacho Monreal,Arsenal,80,LB,8000000.0,99000.0,29379.28056560728,236.97217254493935,Avoid (Overpaid)
Beñat,Athletic Club de Bilbao,80,LCM,12500000.0,30000.0,40854.1986491904,-26.56813499732052,Normal Market
A. Fernández,Beijing Renhe FC,80,LDM,11000000.0,20000.0,37172.35883262683,-46.19658093248134,Target (Underpaid)
K. Gameiro,Valencia CF,80,ST,13500000.0,45000.0,43244.45137620746,4.059592775313653,Normal Market
I. Piatti,Montreal Impact,80,LW,9000000.0,13000.0,32050.365348957537,-59.43883990569601,Target (Underpaid)
V. Birsa,Chievo Verona,80,CAM,13000000.0,23000.0,42055.32969357614,-45.31014221602167,Target (Underpaid)
S. Romero,Manchester United,80,GK,9000000.0,91000.0,32050.365348957537,183.92812066012795,Avoid (Overpaid)
D. Criscito,Genoa,80,LCB,10000000.0,21000.0,34644.86923626099,-39.384963883713006,Target (Underpaid)
D. Valeri,Portland Timbers,80,RF,11500000.0,12000.0,38413.413338757826,-68.76091199140481,Target (Underpaid)
D. Sturridge,Liverpool,80,ST,15500000.0,125000.0,47891.370570386345,161.00735583728274,Avoid (Overpaid)
Raúl García,Athletic Club de Bilbao,80,CAM,13000000.0,30000.0,42055.32969357614,-28.66540289046305,Normal Market
S. Defour,Burnley,80,LCM,13500000.0,65000.0,43244.45137620746,50.308300675453054,Avoid (Overpaid)
M. Škrtel,Fenerbahçe SK,80,LCB,6000000.0,68000.0,23753.935737680138,186.2683504364866,Avoid (Overpaid)
S. Radu,Lazio,80,LCB,10000000.0,51000.0,34644.86923626099,47.20794485383985,Avoid (Overpaid)
G. Cahill,Chelsea,80,CB,8500000.0,99000.0,30725.089298527844,222.21224497708283,Avoid (Overpaid)
L. Diarra,Paris Saint-Germain,80,CDM,6000000.0,75000.0,23753.935737680138,215.73715121671313,Avoid (Overpaid)
L. Perrin,AS Saint-Étienne,80,RCB,8500000.0,37000.0,30725.089298527844,20.422758223758233,Normal Market
Dante,OGC Nice,80,CB,4500000.0,37000.0,19205.69367823022,92.65120343942456,Avoid (Overpaid)
A. Gignac,Tigres U.A.N.L.,80,ST,12000000.0,70000.0,39640.448901425145,76.587303978496,Avoid (Overpaid)
M. Gómez,VfB Stuttgart,80,LS,12000000.0,46000.0,39640.448901425145,16.043085471583087,Normal Market
Juanfran,Atlético Madrid,80,RB,5500000.0,53000.0,22274.97032447727,137.93522158707412,Avoid (Overpaid)
Santi Cazorla,Villarreal CF,80,LCM,8500000.0,39000.0,30725.089298527844,26.932096506123543,Normal Market
Jesús Navas,Sevilla FC,80,RM,11500000.0,22000.0,38413.413338757826,-42.728338650908825,Target (Underpaid)
J. Mascherano,Hebei China Fortune FC,80,LDM,4500000.0,20000.0,19205.69367823022,4.135785642932197,Normal Market
A. Mirante,Roma,80,GK,6000000.0,51000.0,23753.935737680138,114.70126282736493,Avoid (Overpaid)
B. Schweinsteiger,Chicago Fire,80,LCB,6000000.0,11000.0,23753.935737680138,-53.6918844882154,Target (Underpaid)
Moyá,Real Sociedad,80,GK,6000000.0,26000.0,23753.935737680138,9.455545755127218,Normal Market
W. Rooney,DC United,80,ST,12000000.0,13000.0,39640.448901425145,-67.20521497542217,Target (Underpaid)
Fernando Torres,Sagan Tosu,80,LS,8000000.0,10000.0,29379.28056560728,-65.96240681364249,Target (Underpaid)
Rúben Dias,SL Benfica,79,RCB,15000000.0,10000.0,46745.12589202906,-78.60739529700317,Target (Underpaid)
David Neres,Ajax,79,RW,18000000.0,18000.0,53485.48905401053,-66.34601212709619,Target (Underpaid)
Raphinha,Sporting CP,79,RM,18000000.0,13000.0,53485.48905401053,-75.69434209179168,Target (Underpaid)
A. Harit,FC Schalke 04,79,LCM,18000000.0,27000.0,53485.48905401053,-49.51901819064428,Target (Underpaid)
Richarlison,Everton,79,ST,18000000.0,79000.0,53485.48905401053,47.703613442188946,Avoid (Overpaid)
L. Martínez,Inter,79,ST,18000000.0,54000.0,53485.48905401053,0.961963618711432,Normal Market
F. Kessié,Milan,79,CM,19500000.0,24000.0,56743.80432931239,-57.70463351255739,Target (Underpaid)
Luimo Boas Santos,Santos,79,ST,12000000.0,26000.0,39640.448901425145,-34.41042995084434,Target (Underpaid)
Gabri Prestão,Internacional,79,GK,9000000.0,24000.0,32050.365348957537,-25.11785828743878,Normal Market
Melvin Parrela,América FC (Minas Gerais),79,LCM,9500000.0,20000.0,33356.53848238384,-40.04174021065662,Target (Underpaid)
Antônio Chiamuloira,Internacional,79,CB,9500000.0,30000.0,33356.53848238384,-10.06261031598493,Normal Market
Maikel Catarino,Atlético Mineiro,79,RB,3600000.0,38000.0,16286.667419118616,133.31967812759845,Avoid (Overpaid)
André Silva,Sevilla FC,79,ST,19000000.0,84000.0,55665.224232373715,50.90211376737324,Avoid (Overpaid)
C. Pulisic,Borussia Dortmund,79,RM,18000000.0,26000.0,53485.48905401053,-51.388684183583386,Target (Underpaid)
M. Dmitrović,SD Eibar,79,GK,10000000.0,21000.0,34644.86923626099,-39.384963883713006,Target (Underpaid)
L. Tousart,Olympique Lyonnais,79,RDM,14500000.0,43000.0,45588.85582146803,-5.678703215554107,Normal Market
Marcos Llorente,Real Madrid,79,CDM,16000000.0,110000.0,49027.996155357476,124.36160688974003,Avoid (Overpaid)
S. Bergwijn,PSV,79,LW,18000000.0,17000.0,53485.48905401053,-68.21567812003529,Target (Underpaid)
A. Diallo,Borussia Dortmund,79,LCB,15000000.0,43000.0,46745.12589202906,-8.011799777113602,Normal Market
A. Golovin,AS Monaco,79,CAM,17000000.0,61000.0,51273.875023498054,18.968968060332102,Normal Market
M. Campaña,Independiente,79,GK,10000000.0,21000.0,34644.86923626099,-39.384963883713006,Target (Underpaid)
C. Pavón,Boca Juniors,79,RW,17500000.0,27000.0,52383.80878809442,-48.4573561475422,Target (Underpaid)
K. Toko-Ekambi,Villarreal CF,79,LS,15000000.0,38000.0,46745.12589202906,-18.70810212861202,Normal Market
Granell,Girona FC,79,LWB,12000000.0,37000.0,39640.448901425145,-6.660996468509256,Normal Market
F. Cervi,SL Benfica,79,LW,17000000.0,15000.0,51273.875023498054,-70.74533572286916,Target (Underpaid)
J. Weigl,Borussia Dortmund,79,CDM,14500000.0,43000.0,45588.85582146803,-5.678703215554107,Normal Market
V. Lindelöf,Manchester United,79,CB,14500000.0,91000.0,45588.85582146803,99.61018621824596,Avoid (Overpaid)
A. Rebić,Eintracht Frankfurt,79,CAM,16000000.0,39000.0,49027.996155357476,-20.45361210272853,Normal Market
A. Sanabria,Real Betis,79,ST,17500000.0,27000.0,52383.80878809442,-48.4573561475422,Target (Underpaid)
R. Battaglia,Sporting CP,79,CM,14500000.0,17000.0,45588.85582146803,-62.710184992195806,Target (Underpaid)
M. Philipp,Borussia Dortmund,79,ST,17000000.0,53000.0,51273.875023498054,3.3664804458623196,Normal Market
A. Saint-Maximin,OGC Nice,79,RS,18000000.0,31000.0,53485.48905401053,-42.040354218887884,Target (Underpaid)
D. Zappacosta,Chelsea,79,RB,12500000.0,94000.0,40854.1986491904,130.08651034172905,Avoid (Overpaid)
L. Alario,Bayer 04 Leverkusen,79,ST,16000000.0,67000.0,49027.996155357476,36.65661510556893,Avoid (Overpaid)
D. Benedetto,Boca Juniors,79,ST,13000000.0,32000.0,42055.32969357614,-23.909763083160584,Normal Market
I. Marcone,Cruz Azul,79,RDM,11500000.0,31000.0,38413.413338757826,-19.299022644462433,Normal Market
J. Gbamin,1. FSV Mainz 05,79,RCM,14500000.0,26000.0,45588.85582146803,-42.9685182233583,Target (Underpaid)
J. Lerma,Bournemouth,79,RCM,14500000.0,55000.0,45588.85582146803,20.64351914289591,Normal Market
Ricardo Horta,SC Braga,79,LM,17000000.0,16000.0,51273.875023498054,-68.79502477106043,Target (Underpaid)
M. Meyer,Crystal Palace,79,LM,16000000.0,53000.0,49027.996155357476,8.1015015014202,Normal Market
Bruma,RB Leipzig,79,LW,16500000.0,48000.0,50155.38033886238,-4.297406029622517,Normal Market
R. Centurión,Racing Club,79,RM,15500000.0,25000.0,47891.370570386345,-47.79852883254345,Target (Underpaid)
Jonny,Wolverhampton Wanderers,79,LWB,13500000.0,43000.0,43244.45137620746,-0.5652780147002874,Normal Market
Otávio,FC Porto,79,RM,17500000.0,15000.0,52383.80878809442,-71.36519785974566,Target (Underpaid)
J. Hofmann,Borussia Mönchengladbach,79,CAM,15000000.0,32000.0,46745.12589202906,-31.543664950410122,Target (Underpaid)
N. Aké,Bournemouth,79,CB,14500000.0,55000.0,45588.85582146803,20.64351914289591,Normal Market
J. Hector,1. FC Köln,79,LWB,10000000.0,26000.0,34644.86923626099,-24.952812427454198,Normal Market
S. Kolašinac,Arsenal,79,LB,13000000.0,89000.0,42055.32969357614,111.62597142495963,Avoid (Overpaid)
G. Pizarro,Tigres U.A.N.L.,79,LDM,10000000.0,58000.0,34644.86923626099,67.41295689260218,Avoid (Overpaid)
Roger,Levante UD,79,RS,14500000.0,32000.0,45588.85582146803,-29.80740704413329,Normal Market
Sergio Rico,Fulham,79,GK,11500000.0,13000.0,38413.413338757826,-66.15765465735521,Target (Underpaid)
L. Milivojević,Crystal Palace,79,RCM,12500000.0,56000.0,40854.1986491904,37.07281467166836,Avoid (Overpaid)
D. Baselli,Torino,79,CDM,15500000.0,49000.0,47891.370570386345,2.31488348821484,Normal Market
K. Rekik,Hertha BSC,79,CB,14000000.0,26000.0,44422.12221917591,-41.47060360664972,Target (Underpaid)
Denis Suárez,FC Barcelona,79,CM,17500000.0,120000.0,52383.80878809442,129.07841712203466,Avoid (Overpaid)
W. Orban,RB Leipzig,79,RCB,13000000.0,48000.0,42055.32969357614,14.135355375259124,Normal Market
Mário Rui,Napoli,79,LB,11500000.0,60000.0,38413.413338757826,56.19544004297593,Avoid (Overpaid)
Iñigo Martínez,Athletic Club de Bilbao,79,LCB,12000000.0,26000.0,39640.448901425145,-34.41042995084434,Target (Underpaid)
K. Zouma,Everton,79,CB,14000000.0,80000.0,44422.12221917591,80.09045044107779,Avoid (Overpaid)
Roque Mesa,Sevilla FC,79,CDM,10000000.0,20000.0,34644.86923626099,-42.27139417496477,Target (Underpaid)
J. Brooks,VfL Wolfsburg,79,LCB,14000000.0,44000.0,44422.12221917591,-0.9502522574072079,Normal Market
L. Karius,Beşiktaş JK,79,GK,11500000.0,71000.0,38413.413338757826,84.83127071752152,Avoid (Overpaid)
D. Klaassen,SV Werder Bremen,79,LCM,15000000.0,32000.0,46745.12589202906,-31.543664950410122,Target (Underpaid)
M. Elyounoussi,Southampton,79,LM,17500000.0,48000.0,52383.80878809442,-8.368633151186128,Normal Market
L. Bittencourt,TSG 1899 Hoffenheim,79,LM,16000000.0,35000.0,49027.996155357476,-28.61221598962817,Normal Market
Sergi Darder,RCD Espanyol,79,RCM,16000000.0,29000.0,49027.996155357476,-40.85012181997762,Target (Underpaid)
J. Roussillon,VfL Wolfsburg,79,LB,14000000.0,44000.0,44422.12221917591,-0.9502522574072079,Normal Market
D. Demme,RB Leipzig,79,CDM,12000000.0,50000.0,39640.448901425145,26.13378855606857,Normal Market
J. Gouweleeuw,FC Augsburg,79,RCB,12000000.0,28000.0,39640.448901425145,-29.365078408601597,Normal Market
M. Rojo,Manchester United,79,CB,10000000.0,115000.0,34644.86923626099,231.9394834939526,Avoid (Overpaid)
J. Veretout,Fiorentina,79,CDM,16500000.0,59000.0,50155.38033886238,17.634438421922322,Normal Market
L. Kurzawa,Paris Saint-Germain,79,LB,13000000.0,68000.0,42055.32969357614,61.69175344828376,Avoid (Overpaid)
G. Ramírez,Sampdoria,79,CAM,13000000.0,41000.0,42055.32969357614,-2.509383950299499,Normal Market
David López,RCD Espanyol,79,RCB,10000000.0,32000.0,34644.86923626099,-7.6342306799436255,Normal Market
C. Tătăruşanu,FC Nantes,79,GK,7000000.0,23000.0,26619.28070364867,-13.596463195012554,Normal Market
A. Mandi,Real Betis,79,RCB,13000000.0,26000.0,42055.32969357614,-38.17668250506798,Target (Underpaid)
D. Sidibé,AS Monaco,79,RB,12000000.0,61000.0,39640.448901425145,53.88322203840366,Avoid (Overpaid)
Y. Konoplyanka,FC Schalke 04,79,LW,12500000.0,41000.0,40854.1986491904,0.3568821703286222,Normal Market
S. Berghuis,Feyenoord,79,RW,15000000.0,20000.0,46745.12589202906,-57.214790594006324,Target (Underpaid)
H. Vanaken,Club Brugge KV,79,CAM,15500000.0,27000.0,47891.370570386345,-43.62241113914693,Target (Underpaid)
Campaña,Levante UD,79,CDM,15500000.0,28000.0,47891.370570386345,-41.53435229244866,Target (Underpaid)
M. van Ginkel,Chelsea,79,CM,14500000.0,98000.0,45588.85582146803,114.9648159273418,Avoid (Overpaid)
Nolito,Sevilla FC,79,LM,11000000.0,21000.0,37172.35883262683,-43.506409979105406,Target (Underpaid)
M. Gregoritsch,FC Augsburg,79,CAM,16000000.0,27000.0,49027.996155357476,-44.929423763427444,Target (Underpaid)
Ibai Gómez,Deportivo Alavés,79,RM,12500000.0,31000.0,40854.1986491904,-24.12040616389787,Normal Market
Danilo,Manchester City,79,RB,12000000.0,110000.0,39640.448901425145,177.49433482335087,Avoid (Overpaid)
R. Barkley,Chelsea,79,CAM,16000000.0,89000.0,49027.996155357476,81.52893648351694,Avoid (Overpaid)
M. Ryan,Brighton & Hove Albion,79,GK,10500000.0,41000.0,35916.47638100917,14.153737034401138,Normal Market
Sergio León,Real Betis,79,ST,12500000.0,32000.0,40854.1986491904,-21.67267733047522,Normal Market
B. Stambouli,FC Schalke 04,79,RCB,10500000.0,33000.0,35916.47638100917,-8.120162874750305,Normal Market
J. Guilavogui,VfL Wolfsburg,79,CDM,12000000.0,46000.0,39640.448901425145,16.043085471583087,Normal Market
Sérgio Oliveira,FC Porto,79,CM,15500000.0,17000.0,47891.370570386345,-64.50299960612953,Target (Underpaid)
D. Caligiuri,FC Schalke 04,79,RWB,9000000.0,33000.0,32050.365348957537,2.9629448547716803,Normal Market
C. Wilson,Bournemouth,79,ST,15500000.0,77000.0,47891.370570386345,60.78053119576617,Avoid (Overpaid)
P. Jones,Manchester United,79,CB,12000000.0,110000.0,39640.448901425145,177.49433482335087,Avoid (Overpaid)
Borja García,Girona FC,79,LM,13000000.0,35000.0,42055.32969357614,-16.77630337220689,Normal Market
Y. Belhanda,Galatasaray SK,79,CAM,12500000.0,65000.0,40854.1986491904,59.1023741724722,Avoid (Overpaid)
G. Pezzella,Fiorentina,79,RCB,12500000.0,56000.0,40854.1986491904,37.07281467166836,Avoid (Overpaid)
Jaume Costa,Villarreal CF,79,LB,9000000.0,34000.0,32050.365348957537,6.083034092795065,Normal Market
C. Tosun,Everton,79,ST,14500000.0,105000.0,45588.85582146803,130.31944563643765,Avoid (Overpaid)
Escudero,Sevilla FC,79,LM,10000000.0,20000.0,34644.86923626099,-42.27139417496477,Target (Underpaid)
Kike García,SD Eibar,79,ST,13000000.0,32000.0,42055.32969357614,-23.909763083160584,Normal Market
Elkeson,Shanghai SIPG FC,79,ST,13000000.0,25000.0,42055.32969357614,-40.55450240871921,Target (Underpaid)
Ricardo Goulart,Guangzhou Evergrande Taobao FC,79,CF,14500000.0,25000.0,45588.85582146803,-45.16203675322913,Target (Underpaid)
J. Guðmundsson,Burnley,79,RM,13000000.0,61000.0,42055.32969357614,45.04701412272514,Avoid (Overpaid)
N. Clyne,Liverpool,79,RB,11500000.0,94000.0,38413.413338757826,144.70618940066228,Avoid (Overpaid)
M. Hitz,Borussia Dortmund,79,GK,8000000.0,41000.0,29379.28056560728,39.55413206406579,Avoid (Overpaid)
De Marcos,Athletic Club de Bilbao,79,RB,9500000.0,27000.0,33356.53848238384,-19.056349284386435,Normal Market
B. Mee,Burnley,79,LCB,10000000.0,58000.0,34644.86923626099,67.41295689260218,Avoid (Overpaid)
Rafael,Olympique Lyonnais,79,RB,10500000.0,60000.0,35916.47638100917,67.05424931863581,Avoid (Overpaid)
Iborra,Leicester City,79,CDM,9500000.0,66000.0,33356.53848238384,97.86225730483315,Avoid (Overpaid)
J. Wilshere,West Ham United,79,CM,15000000.0,83000.0,46745.12589202906,77.55861903487374,Avoid (Overpaid)
B. Hübner,TSG 1899 Hoffenheim,79,CB,10000000.0,39000.0,34644.86923626099,12.570781358818707,Normal Market
Souza,Al Ahli,79,CDM,10000000.0,44000.0,34644.86923626099,27.002932815077514,Normal Market
F. Coquelin,Valencia CF,79,LCM,12000000.0,36000.0,39640.448901425145,-9.183672239630628,Normal Market
Alex Teixeira,Jiangsu Suning FC,79,LS,13000000.0,30000.0,42055.32969357614,-28.66540289046305,Normal Market
Y. M'Vila,AS Saint-Étienne,79,LDM,11500000.0,36000.0,38413.413338757826,-6.282735974214439,Normal Market
K. Asamoah,Inter,79,LB,9500000.0,62000.0,33356.53848238384,85.87060534696448,Avoid (Overpaid)
R. Zieler,VfB Stuttgart,79,GK,10000000.0,32000.0,34644.86923626099,-7.6342306799436255,Normal Market
D. Drinkwater,Chelsea,79,CM,12500000.0,110000.0,40854.1986491904,169.25017167649145,Avoid (Overpaid)
N. Kalinić,Atlético Madrid,79,ST,12000000.0,60000.0,39640.448901425145,51.360546267282295,Avoid (Overpaid)
Mariano,Galatasaray SK,79,RB,7000000.0,57000.0,26619.28070364867,114.13050425583846,Avoid (Overpaid)
S. Feghouli,Galatasaray SK,79,RM,12500000.0,65000.0,40854.1986491904,59.1023741724722,Avoid (Overpaid)
Adrien Silva,Leicester City,79,CM,12000000.0,75000.0,39640.448901425145,89.20068283410286,Avoid (Overpaid)
Fernando,Galatasaray SK,79,CDM,9500000.0,57000.0,33356.53848238384,70.88104039962863,Avoid (Overpaid)
I. Traoré,Borussia Mönchengladbach,79,RM,12000000.0,34000.0,39640.448901425145,-14.229023781873371,Normal Market
G. Mercado,Sevilla FC,79,RCB,8500000.0,19000.0,30725.089298527844,-38.16128631752956,Target (Underpaid)
N. Petersen,SC Freiburg,79,RS,12500000.0,35000.0,40854.1986491904,-14.329490830207273,Normal Market
O. Karnezis,Napoli,79,GK,7000000.0,48000.0,26619.28070364867,80.32042463649553,Avoid (Overpaid)
M. Sakho,Crystal Palace,79,CB,11500000.0,58000.0,38413.413338757826,50.988925374876736,Avoid (Overpaid)
Sidnei,Real Betis,79,LCB,11500000.0,27000.0,38413.413338757826,-29.71205198066083,Normal Market
S. Jovetić,AS Monaco,79,ST,13000000.0,79000.0,42055.32969357614,87.84777238844731,Avoid (Overpaid)
Eder,Jiangsu Suning FC,79,RS,11500000.0,29000.0,38413.413338757826,-24.505537312561632,Normal Market
J. Hernández,West Ham United,79,ST,12000000.0,90000.0,39640.448901425145,127.04081940092343,Avoid (Overpaid)
Fabricio,Fulham,79,GK,8000000.0,47000.0,29379.28056560728,59.976687975880296,Avoid (Overpaid)
Kiko Casilla,Real Madrid,79,GK,7500000.0,105000.0,28011.30530207255,274.84865081325245,Avoid (Overpaid)
Ángel,Getafe CF,79,ST,11500000.0,31000.0,38413.413338757826,-19.299022644462433,Normal Market
M. Schneiderlin,Everton,79,CDM,10000000.0,92000.0,34644.86923626099,165.55158679516205,Avoid (Overpaid)
M. Fellaini,Manchester United,79,CM,11500000.0,120000.0,38413.413338757826,212.3908800859519,Avoid (Overpaid)
D. Ospina,Napoli,79,GK,8500000.0,80000.0,30725.089298527844,160.37353129461238,Avoid (Overpaid)
S. Mignolet,Liverpool,79,GK,8000000.0,76000.0,29379.28056560728,158.68570821631707,Avoid (Overpaid)
A. Begović,Bournemouth,79,GK,7500000.0,52000.0,28011.30530207255,85.63933183132502,Avoid (Overpaid)
N. Şahin,SV Werder Bremen,79,CDM,10000000.0,32000.0,34644.86923626099,-7.6342306799436255,Normal Market
R. Bertrand,Southampton,79,LB,10000000.0,53000.0,34644.86923626099,52.98080543634337,Avoid (Overpaid)
A. Masiello,Atalanta,79,CB,7000000.0,30000.0,26619.28070364867,12.700265397809712,Normal Market
T. Walcott,Everton,79,RM,12500000.0,105000.0,40854.1986491904,157.01152750937817,Avoid (Overpaid)
Charles,SD Eibar,79,LS,6500000.0,31000.0,25201.016301615186,23.01091205600762,Normal Market
T. Heaton,Burnley,79,GK,7000000.0,45000.0,26619.28070364867,69.05039809671457,Avoid (Overpaid)
H. Ben Arfa,Stade Rennais FC,79,CAM,11000000.0,38000.0,37172.35883262683,2.2264962282854532,Normal Market
D. Abraham,Eintracht Frankfurt,79,CB,8500000.0,37000.0,30725.089298527844,20.422758223758233,Normal Market
E. Lavezzi,Hebei China Fortune FC,79,CAM,8000000.0,22000.0,29379.28056560728,-25.117294990013477,Normal Market
S. Kalou,Hertha BSC,79,LM,10000000.0,34000.0,34644.86923626099,-1.8613700974401026,Normal Market
R. Babel,Beşiktaş JK,79,LM,11000000.0,55000.0,37172.35883262683,47.95940243567631,Avoid (Overpaid)
A. Young,Manchester United,79,LB,7000000.0,110000.0,26619.28070364867,313.2343064586356,Avoid (Overpaid)
J. Hart,Burnley,79,GK,7500000.0,45000.0,28011.30530207255,60.649421777108195,Avoid (Overpaid)
L. López,Racing Club,79,LS,6000000.0,22000.0,23753.935737680138,-7.383768976430814,Normal Market
D. Baier,FC Augsburg,79,CDM,3800000.0,28000.0,16950.410474284574,65.18774009914823,Avoid (Overpaid)
B. Yılmaz,Trabzonspor,79,ST,10000000.0,41000.0,34644.86923626099,18.343641941322232,Normal Market
R. Adler,1. FSV Mainz 05,79,GK,6500000.0,25000.0,25201.016301615186,-0.7976515677357899,Normal Market
S. Lichtsteiner,Arsenal,79,RB,3600000.0,94000.0,16286.667419118616,477.1592037893225,Avoid (Overpaid)
E. Adebayor,Medipol Başakşehir FK,79,ST,6500000.0,34000.0,25201.016301615186,34.915193867879324,Avoid (Overpaid)
E. Belözoğlu,Medipol Başakşehir FK,79,CM,4000000.0,23000.0,17605.086771598606,30.644059290322467,Avoid (Overpaid)
Loren,Real Betis,78,RS,14000000.0,25000.0,44422.12221917591,-43.72173423716318,Target (Underpaid)
Éder Militão,FC Porto,78,LCB,14000000.0,10000.0,44422.12221917591,-77.48869369486528,Target (Underpaid)
F. Chiesa,Fiorentina,78,RW,16000000.0,46000.0,49027.996155357476,-6.176055300654165,Normal Market
M. Lazzari,SPAL,78,RM,13000000.0,15000.0,42055.32969357614,-64.33270144523152,Target (Underpaid)
A. Hakimi,Borussia Dortmund,78,LB,12500000.0,49000.0,40854.1986491904,19.938712837709815,Normal Market
S. Nakajima,Portimonense SC,78,LW,14000000.0,12000.0,44422.12221917591,-72.98643243383833,Target (Underpaid)
L. Jović,Eintracht Frankfurt,78,LS,15500000.0,12000.0,47891.370570386345,-74.94329383962085,Target (Underpaid)
S. Ascacíbar,VfB Stuttgart,78,CDM,12000000.0,24000.0,39640.448901425145,-39.45578149308708,Target (Underpaid)
A. Lafont,Fiorentina,78,GK,14000000.0,12000.0,44422.12221917591,-72.98643243383833,Target (Underpaid)
T. Alexander-Arnold,Liverpool,78,RB,14000000.0,36000.0,44422.12221917591,-18.959297301514987,Normal Market
F. Krovinović,SL Benfica,78,CAM,14000000.0,12000.0,44422.12221917591,-72.98643243383833,Target (Underpaid)
Sidney Pessinho,Internacional,78,CDM,9000000.0,27000.0,32050.365348957537,-15.757590573368626,Normal Market
Everticinho,Grêmio,78,RB,7500000.0,29000.0,28011.30530207255,3.5296273674697245,Normal Market
Claudio Coíntra,Internacional,78,CAM,5000000.0,30000.0,20760.410648348814,44.50581208703625,Avoid (Overpaid)
Ronaldo Esler,Atlético Mineiro,78,LB,7500000.0,34000.0,28011.30530207255,21.379563120481745,Normal Market
P. Lees-Melou,OGC Nice,78,RCM,12500000.0,33000.0,40854.1986491904,-19.224948497052573,Normal Market
B. Chilwell,Leicester City,78,LB,12500000.0,43000.0,40854.1986491904,5.2523398371739205,Normal Market
João Novais,SC Braga,78,CAM,13000000.0,15000.0,42055.32969357614,-64.33270144523152,Target (Underpaid)
D. Calabria,Milan,78,RB,14500000.0,52000.0,45588.85582146803,14.062963553283407,Normal Market
F. Mendy,Olympique Lyonnais,78,LB,13000000.0,47000.0,42055.32969357614,11.757535471607891,Normal Market
L. Pellegrini,Roma,78,CM,14000000.0,51000.0,44422.12221917591,14.8076621561871,Normal Market
Soares,FC Porto,78,LS,12000000.0,17000.0,39640.448901425145,-57.11451189093668,Target (Underpaid)
M. Díaz,Club Atlético Huracán,78,GK,6000000.0,15000.0,23753.935737680138,-36.852569756657374,Target (Underpaid)
G. Martínez,River Plate,78,CAM,13500000.0,25000.0,43244.45137620746,-42.18911512482575,Target (Underpaid)
M. Eggestein,SV Werder Bremen,78,RCM,14000000.0,22000.0,44422.12221917591,-50.47512612870361,Target (Underpaid)
Trezeguet,Kasimpaşa SK,78,LM,13000000.0,15000.0,42055.32969357614,-64.33270144523152,Target (Underpaid)
N. Amiri,TSG 1899 Hoffenheim,78,CAM,14500000.0,27000.0,45588.85582146803,-40.774999693487466,Target (Underpaid)
Vallejo,Real Madrid,78,CB,13500000.0,81000.0,43244.45137620746,87.30726699556458,Avoid (Overpaid)
J. Gomez,Liverpool,78,CB,14500000.0,61000.0,45588.85582146803,33.80463032212092,Avoid (Overpaid)
Diogo Jota,Wolverhampton Wanderers,78,LW,15500000.0,56000.0,47891.370570386345,16.931295415102674,Normal Market
Joan Jordán,SD Eibar,78,LCM,13500000.0,22000.0,43244.45137620746,-49.126421309846656,Target (Underpaid)
Dyego Sousa,SC Braga,78,ST,10500000.0,19000.0,35916.47638100917,-47.09948771576533,Target (Underpaid)
A. Marušić,Lazio,78,RM,12500000.0,46000.0,40854.1986491904,12.595526337441868,Normal Market
David Soria,Getafe CF,78,GK,9000000.0,18000.0,32050.365348957537,-43.83839371557908,Target (Underpaid)
V. Rongier,FC Nantes,78,RCM,14000000.0,25000.0,44422.12221917591,-43.72173423716318,Target (Underpaid)
W. Weghorst,VfL Wolfsburg,78,LS,13000000.0,48000.0,42055.32969357614,14.135355375259124,Normal Market
O. Al Soma,Al Ahli,78,LS,10500000.0,47000.0,35916.47638100917,30.85916196626472,Avoid (Overpaid)
M. Nakamba,Club Brugge KV,78,LCM,12000000.0,20000.0,39640.448901425145,-49.54648457757257,Target (Underpaid)
Petros,Al Nassr,78,LDM,10000000.0,43000.0,34644.86923626099,24.11650252382575,Normal Market
Pablo Maffeo,VfB Stuttgart,78,RWB,13000000.0,24000.0,42055.32969357614,-42.93232231237044,Target (Underpaid)
Y. Mina,Everton,78,LCB,12500000.0,68000.0,40854.1986491904,66.44556067274016,Avoid (Overpaid)
M. Dúbravka,Newcastle United,78,GK,8500000.0,39000.0,30725.089298527844,26.932096506123543,Normal Market
Diego Carlos,FC Nantes,78,RCB,10500000.0,25000.0,35916.47638100917,-30.39406278390174,Target (Underpaid)
D. Djené,Getafe CF,78,RCB,10000000.0,23000.0,34644.86923626099,-33.61210330120949,Target (Underpaid)
G. Simeone,Fiorentina,78,ST,15000000.0,53000.0,46745.12589202906,13.380804925883236,Normal Market
M. Meza,Independiente,78,LM,12500000.0,23000.0,40854.1986491904,-43.702236831279066,Target (Underpaid)
Bastos,Lazio,78,CB,10000000.0,44000.0,34644.86923626099,27.002932815077514,Normal Market
S. Lobotka,RC Celta,78,CM,14000000.0,22000.0,44422.12221917591,-50.47512612870361,Target (Underpaid)
Y. Tielemans,AS Monaco,78,CM,16000000.0,47000.0,49027.996155357476,-4.136404328929256,Normal Market
Marcelo Goiano,SC Braga,78,RB,7500000.0,15000.0,28011.30530207255,-46.450192740963935,Target (Underpaid)
K. Tete,Olympique Lyonnais,78,RB,11500000.0,47000.0,38413.413338757826,22.353094700331148,Normal Market
Capa,Athletic Club de Bilbao,78,RB,10500000.0,23000.0,35916.47638100917,-35.96253776118961,Target (Underpaid)
M. Sportiello,Frosinone,78,GK,9000000.0,22000.0,32050.365348957537,-31.358036763485547,Target (Underpaid)
Jemerson,AS Monaco,78,LCB,11000000.0,55000.0,37172.35883262683,47.95940243567631,Avoid (Overpaid)
N. Maksimović,Napoli,78,CB,11000000.0,54000.0,37172.35883262683,45.269231482300384,Avoid (Overpaid)
D. Zapata,Atalanta,78,RS,12000000.0,41000.0,39640.448901425145,3.4297066159762304,Normal Market
J. Correa,Lazio,78,LM,14000000.0,42000.0,44422.12221917591,-5.452513518434153,Normal Market
E. Rigoni,Atalanta,78,RM,13000000.0,29000.0,42055.32969357614,-31.04322279411428,Target (Underpaid)
C. Izquierdoz,Boca Juniors,78,RCB,8000000.0,25000.0,29379.28056560728,-14.906017034106226,Normal Market
W. Barrios,Boca Juniors,78,CDM,12500000.0,20000.0,40854.1986491904,-51.04542333154701,Target (Underpaid)
J. Mojica,Girona FC,78,LWB,10500000.0,28000.0,35916.47638100917,-22.041350317969954,Normal Market
A. Iwobi,Arsenal,78,LM,14000000.0,81000.0,44422.12221917591,82.34158107159128,Avoid (Overpaid)
D. Laxalt,Milan,78,LB,12500000.0,76000.0,40854.1986491904,86.02739134012135,Avoid (Overpaid)
N. Bentaleb,FC Schalke 04,78,CM,13500000.0,29000.0,43244.45137620746,-32.93937354479787,Target (Underpaid)
N. Stark,Hertha BSC,78,CB,12000000.0,24000.0,39640.448901425145,-39.45578149308708,Target (Underpaid)
M. Lemina,Southampton,78,LCM,13500000.0,44000.0,43244.45137620746,1.7471573803066827,Normal Market
L. Dendoncker,Wolverhampton Wanderers,78,CB,12000000.0,18000.0,39640.448901425145,-54.59183611981532,Target (Underpaid)
Ricardo Esgaio,SC Braga,78,RM,12500000.0,16000.0,40854.1986491904,-60.83633866523761,Target (Underpaid)
P. Sisto,RC Celta,78,LW,14000000.0,25000.0,44422.12221917591,-43.72173423716318,Target (Underpaid)
P. Max,FC Augsburg,78,LWB,11000000.0,22000.0,37172.35883262683,-40.81623902572947,Target (Underpaid)
R. Gagliardini,Inter,78,CDM,11500000.0,46000.0,38413.413338757826,19.74983736628155,Normal Market
Pere Pons,Girona FC,78,RCM,13500000.0,31000.0,43244.45137620746,-28.314502754783927,Normal Market
D. Berardi,Sassuolo,78,RW,14000000.0,50000.0,44422.12221917591,12.556531525673629,Normal Market
M. Halstenberg,RB Leipzig,78,LB,10000000.0,45000.0,34644.86923626099,29.889363106329274,Normal Market
J. Quintero,River Plate,78,CAM,12500000.0,15000.0,40854.1986491904,-63.28406749866026,Target (Underpaid)
Tiago Volpi,Querétaro,78,GK,8500000.0,10000.0,30725.089298527844,-67.45330858817346,Target (Underpaid)
Óliver Torres,FC Porto,78,CM,13500000.0,13000.0,43244.45137620746,-69.9383398649094,Target (Underpaid)
Omar Mascarell,FC Schalke 04,78,CDM,10500000.0,29000.0,35916.47638100917,-19.257112829326026,Normal Market
H. Sakai,Olympique de Marseille,78,RB,8000000.0,44000.0,29379.28056560728,49.76541001997305,Avoid (Overpaid)
Andreas Pereira,Manchester United,78,CM,14000000.0,91000.0,44422.12221917591,104.852887376726,Avoid (Overpaid)
A. Januzaj,Real Sociedad,78,RW,14000000.0,29000.0,44422.12221917591,-34.7172117151093,Target (Underpaid)
B. Cristante,Roma,78,CM,15000000.0,26000.0,46745.12589202906,-44.379227772208225,Target (Underpaid)
Matheus,SC Braga,78,GK,9500000.0,12000.0,33356.53848238384,-64.02504412639396,Target (Underpaid)
B. Traoré,Olympique Lyonnais,78,RM,14000000.0,57000.0,44422.12221917591,28.314445939267934,Normal Market
Y. Poulsen,RB Leipzig,78,RW,13000000.0,48000.0,42055.32969357614,14.135355375259124,Normal Market
L. Trossard,KRC Genk,78,LM,14000000.0,17000.0,44422.12221917591,-61.73077928127096,Target (Underpaid)
M. Arnold,VfL Wolfsburg,78,LCM,13500000.0,40000.0,43244.45137620746,-7.5025841997211975,Normal Market
M. De Sciglio,Juventus,78,RB,10500000.0,78000.0,35916.47638100917,117.17052411422655,Avoid (Overpaid)
Leo Baptistao,RCD Espanyol,78,RW,12500000.0,29000.0,40854.1986491904,-29.01586383074317,Normal Market
V. Chiricheş,Napoli,78,CB,8500000.0,57000.0,30725.089298527844,85.51614104741134,Avoid (Overpaid)
L. Pavoletti,Cagliari,78,RS,10500000.0,39000.0,35916.47638100917,8.585262057113278,Normal Market
A. Cragno,Cagliari,78,GK,10500000.0,21000.0,35916.47638100917,-41.53101273847747,Target (Underpaid)
L. Castro,Cagliari,78,CM,10000000.0,36000.0,34644.86923626099,3.9114904850634207,Normal Market
N. Füllkrug,Hannover 96,78,RS,12500000.0,38000.0,40854.1986491904,-6.986304329939326,Normal Market
F. Fajr,Stade Malherbe Caen,78,RCM,10000000.0,28000.0,34644.86923626099,-19.179951844950676,Normal Market
R. Jiménez,Wolverhampton Wanderers,78,RS,12000000.0,15000.0,39640.448901425145,-62.15986343317943,Target (Underpaid)
E. Sala,FC Nantes,78,ST,11000000.0,31000.0,37172.35883262683,-16.604700445346076,Normal Market
S. García,Godoy Cruz,78,ST,11000000.0,20000.0,37172.35883262683,-46.19658093248134,Target (Underpaid)
S. Arias,Atlético Madrid,78,RB,10500000.0,46000.0,35916.47638100917,28.07492447762079,Normal Market
B. Reynet,Toulouse Football Club,78,GK,8500000.0,24000.0,30725.089298527844,-21.887940611616283,Normal Market
Pozuelo,KRC Genk,78,CAM,12000000.0,19000.0,39640.448901425145,-52.06916034869394,Target (Underpaid)
A. Trebel,RSC Anderlecht,78,CM,11500000.0,23000.0,38413.413338757826,-40.12508131685922,Target (Underpaid)
J. Lascelles,Newcastle United,78,RCB,12000000.0,39000.0,39640.448901425145,-1.6156449262665125,Normal Market
T. Kongolo,Huddersfield Town,78,LCB,12000000.0,39000.0,39640.448901425145,-1.6156449262665125,Normal Market
A. Carrillo,Al Hilal,78,RM,11000000.0,14000.0,37172.35883262683,-62.337606652736945,Target (Underpaid)
Álvaro,Villarreal CF,78,RCB,9500000.0,32000.0,33356.53848238384,-4.066784337050593,Normal Market
G. Defrel,Sampdoria,78,LS,11000000.0,64000.0,37172.35883262683,72.17094101605971,Avoid (Overpaid)
V. Darida,Hertha BSC,78,CM,10500000.0,30000.0,35916.47638100917,-16.472875340682094,Normal Market
R. Saponara,Sampdoria,78,CAM,12500000.0,56000.0,40854.1986491904,37.07281467166836,Avoid (Overpaid)
Pedro Mendes,Montpellier HSC,78,RCB,10000000.0,26000.0,34644.86923626099,-24.952812427454198,Normal Market
C. Schindler,Huddersfield Town,78,CB,10000000.0,48000.0,34644.86923626099,38.548653980084566,Avoid (Overpaid)
N. Chadli,AS Monaco,78,LM,10500000.0,66000.0,35916.47638100917,83.75967425049939,Avoid (Overpaid)
Arbilla,SD Eibar,78,CB,7000000.0,23000.0,26619.28070364867,-13.596463195012554,Normal Market
L. Dunk,Brighton & Hove Albion,78,LCB,11000000.0,46000.0,37172.35883262683,23.747863855292916,Normal Market
P. Hernández,Independiente,78,CM,9000000.0,24000.0,32050.365348957537,-25.11785828743878,Normal Market
J. Guidetti,Deportivo Alavés,78,LS,13000000.0,29000.0,42055.32969357614,-31.04322279411428,Target (Underpaid)
Sergi Gómez,Sevilla FC,78,LCB,11500000.0,17000.0,38413.413338757826,-55.74462532115682,Target (Underpaid)
Oriol Romeu,Southampton,78,CDM,10500000.0,46000.0,35916.47638100917,28.07492447762079,Normal Market
Lucas Pérez,West Ham United,78,ST,10500000.0,85000.0,35916.47638100917,136.66018653473407,Avoid (Overpaid)
Cláudio Ramos,CD Tondela,78,GK,9500000.0,6000.0,33356.53848238384,-82.012522063197,Target (Underpaid)
F. Lejeune,Newcastle United,78,CB,10000000.0,46000.0,34644.86923626099,32.77579339758104,Avoid (Overpaid)
N. Lodeiro,Seattle Sounders FC,78,CAM,10000000.0,11000.0,34644.86923626099,-68.24926679623063,Target (Underpaid)
O. Özyakup,Beşiktaş JK,78,RDM,13000000.0,47000.0,42055.32969357614,11.757535471607891,Normal Market
C. Tévez,Boca Juniors,78,CAM,5000000.0,26000.0,20760.410648348814,25.23837047543141,Normal Market
K. Papadopoulos,Hamburger SV,78,CB,10500000.0,16000.0,35916.47638100917,-55.45220018169712,Target (Underpaid)
M. Gradel,Toulouse Football Club,78,LW,10000000.0,32000.0,34644.86923626099,-7.6342306799436255,Normal Market
M. Debuchy,AS Saint-Étienne,78,RB,5500000.0,31000.0,22274.97032447727,39.169657909420714,Avoid (Overpaid)
V. Moses,Chelsea,78,RW,11000000.0,105000.0,37172.35883262683,182.46795010447295,Avoid (Overpaid)
Z. Junuzović,FC Red Bull Salzburg,78,CM,9500000.0,39000.0,33356.53848238384,16.91860658921959,Normal Market
Granero,RCD Espanyol,78,LCM,9500000.0,30000.0,33356.53848238384,-10.06261031598493,Normal Market
J. Baumgartlinger,Bayer 04 Leverkusen,78,CDM,7500000.0,53000.0,28011.30530207255,89.20931898192744,Avoid (Overpaid)
Fábio Coentrão,Rio Ave FC,78,RW,10000000.0,13000.0,34644.86923626099,-62.476406213727095,Target (Underpaid)
B. Costil,FC Girondins de Bordeaux,78,GK,6500000.0,32000.0,25201.016301615186,26.979005993298188,Normal Market
N. Gudelj,Sporting CP,78,CDM,10500000.0,19000.0,35916.47638100917,-47.09948771576533,Target (Underpaid)
L. Pratto,River Plate,78,LS,10000000.0,28000.0,34644.86923626099,-19.179951844950676,Normal Market
E. Hernández,Cruz Azul,78,LM,10000000.0,29000.0,34644.86923626099,-16.293521553698913,Normal Market
Jurado,Al Ahli,78,LCM,8000000.0,41000.0,29379.28056560728,39.55413206406579,Avoid (Overpaid)
R. Cabella,AS Saint-Étienne,78,CAM,10500000.0,36000.0,35916.47638100917,0.23254959118148627,Normal Market
Rafael Tolói,Atalanta,78,RCB,10000000.0,27000.0,34644.86923626099,-22.066382136202435,Normal Market
C. Bravo,Manchester City,78,GK,2400000.0,50000.0,12070.765716475502,314.22392890746386,Avoid (Overpaid)
Hernanes,Hebei China Fortune FC,78,RDM,6000000.0,19000.0,23753.935737680138,-20.013255025099337,Normal Market
K. Honda,Melbourne Victory,78,RM,8000000.0,12000.0,29379.28056560728,-59.15488817637099,Target (Underpaid)
J. Holebas,Watford,78,LB,2900000.0,51000.0,13882.09299222484,267.37976059204016,Avoid (Overpaid)
Javi García,Real Betis,78,CDM,7000000.0,23000.0,26619.28070364867,-13.596463195012554,Normal Market
Sergio,RC Celta,78,GK,6500000.0,19000.0,25201.016301615186,-24.6062151914792,Normal Market
M. Cáceres,Lazio,78,LCB,7000000.0,44000.0,26619.28070364867,65.29372258345425,Avoid (Overpaid)
Daniel Carriço,Sevilla FC,78,CB,8000000.0,18000.0,29379.28056560728,-38.73233226455648,Target (Underpaid)
J. Cork,Burnley,78,RCM,10000000.0,58000.0,34644.86923626099,67.41295689260218,Avoid (Overpaid)
J. Tomkins,Crystal Palace,78,RCB,9000000.0,53000.0,32050.365348957537,65.36472961523937,Avoid (Overpaid)
Gervinho,Parma,78,RW,9000000.0,49000.0,32050.365348957537,52.884372663145825,Avoid (Overpaid)
J. Shelvey,Newcastle United,78,CM,12500000.0,50000.0,40854.1986491904,22.386441671132467,Normal Market
R. Vormer,Club Brugge KV,78,RCM,9500000.0,26000.0,33356.53848238384,-22.054262273853606,Normal Market
J. Lens,Beşiktaş JK,78,LM,10000000.0,50000.0,34644.86923626099,44.321514562588085,Avoid (Overpaid)
Adriano,Beşiktaş JK,78,LB,4000000.0,45000.0,17605.086771598606,155.60794208976134,Avoid (Overpaid)
S. Cook,Bournemouth,78,RCB,8500000.0,58000.0,30725.089298527844,88.77081018859398,Avoid (Overpaid)
L. Podolski,Vissel Kobe,78,RF,6500000.0,11000.0,25201.016301615186,-56.35096668980375,Target (Underpaid)
C. Ansaldi,Torino,78,LM,7000000.0,54000.0,26619.28070364867,102.86047771605749,Avoid (Overpaid)
Manu García,Deportivo Alavés,78,LCM,6000000.0,24000.0,23753.935737680138,1.0358883893482027,Normal Market
R. Alessandrini,LA Galaxy,78,RM,10000000.0,11000.0,34644.86923626099,-68.24926679623063,Target (Underpaid)
J. Ward-Prowse,Southampton,77,RM,12000000.0,41000.0,39640.448901425145,3.4297066159762304,Normal Market
M. Harnik,SV Werder Bremen,77,ST,8000000.0,31000.0,29379.28056560728,5.516538877708279,Normal Market
B. Moukandjo,Beijing Renhe FC,77,CAM,9000000.0,25000.0,32050.365348957537,-21.997769049415396,Normal Market
G. Pereiro,PSV,77,RM,12000000.0,15000.0,39640.448901425145,-62.15986343317943,Target (Underpaid)
G. Castro,VfB Stuttgart,77,CM,7500000.0,34000.0,28011.30530207255,21.379563120481745,Normal Market
Aarón Martín,1. FSV Mainz 05,77,LB,11000000.0,18000.0,37172.35883262683,-51.576922839233205,Target (Underpaid)
F. Johnson,Borussia Mönchengladbach,77,LM,8500000.0,29000.0,30725.089298527844,-5.614594905703008,Normal Market
L. López,Genoa,77,CB,7000000.0,13000.0,26619.28070364867,-51.16321832761579,Target (Underpaid)
M. Dossevi,Toulouse Football Club,77,RM,8500000.0,30000.0,30725.089298527844,-2.3599257645203524,Normal Market
Caiuby,FC Augsburg,77,LM,8500000.0,27000.0,30725.089298527844,-12.123933188068317,Normal Market
Gabriel,SL Benfica,77,CM,11500000.0,11000.0,38413.413338757826,-71.36416932545441,Target (Underpaid)
Iván Ramis,SD Eibar,77,LCB,3600000.0,22000.0,16286.667419118616,35.07981365282016,Avoid (Overpaid)
M. Suchý,FC Basel 1893,77,CB,6500000.0,26000.0,25201.016301615186,3.1704423695547783,Normal Market
T. Vilhena,Feyenoord,77,CM,11500000.0,13000.0,38413.413338757826,-66.15765465735521,Target (Underpaid)
E. Çolak,Al Wehda,77,CAM,9500000.0,27000.0,33356.53848238384,-19.056349284386435,Normal Market
V. Germain,Olympique de Marseille,77,ST,9000000.0,49000.0,32050.365348957537,52.884372663145825,Avoid (Overpaid)
G. Hoarau,BSC Young Boys,77,LS,4700000.0,26000.0,19832.735372967483,31.09638943420106,Avoid (Overpaid)
Sergio García,RCD Espanyol,77,LW,4100000.0,23000.0,17929.20503985547,28.28231898108409,Normal Market
E. Choupo-Moting,Paris Saint-Germain,77,ST,9000000.0,75000.0,32050.365348957537,134.00669285175383,Avoid (Overpaid)
J. Pinola,River Plate,77,LCB,2100000.0,16000.0,10936.792689572723,46.295174957961876,Avoid (Overpaid)
J. Hendrix,PSV,77,LCM,10000000.0,13000.0,34644.86923626099,-62.476406213727095,Target (Underpaid)
J. Izquierdo,Brighton & Hove Albion,77,LM,10500000.0,45000.0,35916.47638100917,25.29068698897686,Normal Market
C. Grenier,Stade Rennais FC,77,LDM,10000000.0,32000.0,34644.86923626099,-7.6342306799436255,Normal Market
T. Strobl,Borussia Mönchengladbach,77,CDM,7000000.0,27000.0,26619.28070364867,1.4302388580287413,Normal Market
V. Odjidja-Ofoe,KAA Gent,77,CM,8500000.0,24000.0,30725.089298527844,-21.887940611616283,Normal Market
N. Guzmán,Tigres U.A.N.L.,77,GK,5000000.0,38000.0,20760.410648348814,83.04069531024591,Avoid (Overpaid)
F. Fabra,Boca Juniors,77,LB,8000000.0,22000.0,29379.28056560728,-25.117294990013477,Normal Market
J. Maddison,Leicester City,77,CAM,13000000.0,45000.0,42055.32969357614,7.001895664305429,Normal Market
K. El Ahmadi,Al Ittihad,77,RDM,3600000.0,35000.0,16286.667419118616,114.8997035385775,Avoid (Overpaid)
M. Carcela-González,Standard de Liège,77,RM,8500000.0,19000.0,30725.089298527844,-38.16128631752956,Target (Underpaid)
M. Gabbiadini,Southampton,77,ST,10500000.0,51000.0,35916.47638100917,41.99611192084044,Avoid (Overpaid)
M. Ritchie,Newcastle United,77,RM,9000000.0,49000.0,32050.365348957537,52.884372663145825,Avoid (Overpaid)
G. Bou,Racing Club,77,ST,9000000.0,26000.0,32050.365348957537,-18.87767981139201,Normal Market
Javi Fuego,Villarreal CF,77,CDM,2700000.0,28000.0,13168.207110816804,112.63335064801545,Avoid (Overpaid)
E. Akbaba,Galatasaray SK,77,CAM,11000000.0,51000.0,37172.35883262683,37.198718622172585,Avoid (Overpaid)
J. Amavi,Olympique de Marseille,77,LB,10000000.0,34000.0,34644.86923626099,-1.8613700974401026,Normal Market
R. Malinovskyi,KRC Genk,77,RCM,11500000.0,17000.0,38413.413338757826,-55.74462532115682,Target (Underpaid)
D. Welbeck,Arsenal,77,LW,9500000.0,95000.0,33356.53848238384,184.80173399938104,Avoid (Overpaid)
G. Conti,SL Benfica,77,CB,10500000.0,10000.0,35916.47638100917,-72.1576251135607,Target (Underpaid)
Bruno,Getafe CF,77,CB,8000000.0,23000.0,29379.28056560728,-21.71353567137773,Normal Market
Garry Rodrigues,Galatasaray SK,77,LM,9500000.0,53000.0,33356.53848238384,58.88938844175996,Avoid (Overpaid)
A. Schwolow,SC Freiburg,77,GK,7000000.0,19000.0,26619.28070364867,-28.62316524805385,Normal Market
L. Cook,Bournemouth,77,CM,12500000.0,44000.0,40854.1986491904,7.70006867059657,Normal Market
P. Pérez,Boca Juniors,77,CM,6500000.0,24000.0,25201.016301615186,-4.765745505026358,Normal Market
Gazzolisco,Internacional,77,LB,6500000.0,26000.0,25201.016301615186,3.1704423695547783,Normal Market
Jonatan Soriano,Beijing Sinobo Guoan FC,77,ST,7000000.0,23000.0,26619.28070364867,-13.596463195012554,Normal Market
Rubén Peña,SD Eibar,77,RB,8500000.0,22000.0,30725.089298527844,-28.397278893981593,Normal Market
Mikel San José,Athletic Club de Bilbao,77,CM,8500000.0,25000.0,30725.089298527844,-18.633271470433627,Normal Market
P. Groß,Brighton & Hove Albion,77,CAM,10000000.0,47000.0,34644.86923626099,35.6622236888328,Avoid (Overpaid)
L. Baines,Everton,77,LB,3400000.0,74000.0,15613.217053206474,373.95741536048575,Avoid (Overpaid)
A. Ogbonna,West Ham United,77,CB,6500000.0,65000.0,25201.016301615186,157.92610592388695,Avoid (Overpaid)
Juan Jesus,Roma,77,CB,7500000.0,51000.0,28011.30530207255,82.06934468072262,Avoid (Overpaid)
J. Martínez,Portimonense SC,77,ST,8000000.0,22000.0,29379.28056560728,-25.117294990013477,Normal Market
N. Elvedi,Borussia Mönchengladbach,77,RCB,11000000.0,19000.0,37172.35883262683,-48.88675188585727,Target (Underpaid)
G. Moreno,Shanghai Greenland Shenhua FC,77,CAM,7000000.0,17000.0,26619.28070364867,-36.1365162745745,Target (Underpaid)
J. Valdivia,Colo-Colo,77,CAM,4500000.0,10000.0,19205.69367823022,-47.9321071785339,Target (Underpaid)
A. Carroll,West Ham United,77,ST,9000000.0,80000.0,32050.365348957537,149.60713904187074,Avoid (Overpaid)
T. Gutiérrez,Junior FC,77,ST,5500000.0,6000.0,22274.97032447727,-73.0639371788218,Target (Underpaid)
Álex Remiro,Athletic Club de Bilbao,77,GK,9000000.0,15000.0,32050.365348957537,-53.19866142964924,Target (Underpaid)
Wilson Eduardo,SC Braga,77,RS,9500000.0,17000.0,33356.53848238384,-49.03547917905813,Target (Underpaid)
Jorge Meré,1. FC Köln,77,CB,10500000.0,15000.0,35916.47638100917,-58.23643767034105,Target (Underpaid)
M. Elneny,Arsenal,77,RDM,9000000.0,76000.0,32050.365348957537,137.1267820897772,Avoid (Overpaid)
D. Torres,Deportivo Alavés,77,CDM,7000000.0,24000.0,26619.28070364867,-9.83978768175223,Normal Market
Y. Bounou,Girona FC,77,GK,7500000.0,22000.0,28011.30530207255,-21.460282686747107,Normal Market
A. Jahanbakhsh,Brighton & Hove Albion,77,RM,11500000.0,41000.0,38413.413338757826,6.733550696033555,Normal Market
J. Calleri,Deportivo Alavés,77,LS,12000000.0,24000.0,39640.448901425145,-39.45578149308708,Target (Underpaid)
Simão Acunha,Atlético Mineiro,77,CAM,8500000.0,35000.0,30725.089298527844,13.91341994139292,Normal Market
N. Müller,Eintracht Frankfurt,77,RM,8500000.0,34000.0,30725.089298527844,10.658750800210267,Normal Market
L. Ocampos,Olympique de Marseille,77,LM,12000000.0,38000.0,39640.448901425145,-4.138320697387884,Normal Market
J. Rodriguez,West Bromwich Albion,77,RS,9000000.0,41000.0,32050.365348957537,27.92365875895875,Normal Market
V. Ibišević,Hertha BSC,77,LS,5500000.0,31000.0,22274.97032447727,39.169657909420714,Avoid (Overpaid)
S. Rondón,Newcastle United,77,RS,9000000.0,41000.0,32050.365348957537,27.92365875895875,Normal Market
Victor Sánchez,RCD Espanyol,77,CDM,6500000.0,26000.0,25201.016301615186,3.1704423695547783,Normal Market
D. Suárez,Getafe CF,77,RB,6500000.0,22000.0,25201.016301615186,-12.701933379607494,Normal Market
K. Huntelaar,Ajax,77,ST,4700000.0,20000.0,19832.735372967483,0.8433764878469694,Normal Market
L. Dubois,Olympique Lyonnais,77,RB,10500000.0,44000.0,35916.47638100917,22.506449500332927,Normal Market
André Pinto,Sporting CP,77,CB,7000000.0,14000.0,26619.28070364867,-47.40654281435547,Target (Underpaid)
K. Lala,RC Strasbourg Alsace,77,RWB,8500000.0,19000.0,30725.089298527844,-38.16128631752956,Target (Underpaid)
O. Kıvrak,Trabzonspor,77,GK,5500000.0,24000.0,22274.97032447727,7.744251284712809,Normal Market
A. Bertolacci,Milan,77,CM,9000000.0,75000.0,32050.365348957537,134.00669285175383,Avoid (Overpaid)
E. Giaccherini,Chievo Verona,77,LW,5500000.0,20000.0,22274.97032447727,-10.213123929405992,Normal Market
A. Živković,SL Benfica,77,LW,12500000.0,11000.0,40854.1986491904,-73.07498283235086,Target (Underpaid)
R. Ábila,Boca Juniors,77,ST,9000000.0,27000.0,32050.365348957537,-15.757590573368626,Normal Market
P. Diop,SD Eibar,77,RCM,5000000.0,22000.0,20760.410648348814,5.970928863826579,Normal Market
T. Chandler,Eintracht Frankfurt,77,RB,7000000.0,33000.0,26619.28070364867,23.970291937590684,Normal Market
R. Klavan,Cagliari,77,CB,5000000.0,30000.0,20760.410648348814,44.50581208703625,Avoid (Overpaid)
D. Da Silva,Stade Rennais FC,77,RCB,6500000.0,30000.0,25201.016301615186,19.042818118717054,Normal Market
D. Benaglio,AS Monaco,77,GK,3600000.0,44000.0,16286.667419118616,170.1596273056403,Avoid (Overpaid)
T. Rincón,Torino,77,CM,8000000.0,42000.0,29379.28056560728,42.95789138270154,Avoid (Overpaid)
M. Pereira,FC Porto,77,RB,2500000.0,13000.0,12440.36013958961,4.498582469726253,Normal Market
C. Borges,Göztepe SK,77,LDM,6500000.0,24000.0,25201.016301615186,-4.765745505026358,Normal Market
J. Sand,Deportivo Cali,77,ST,3200000.0,3000.0,14929.332828980785,-79.90533110644833,Target (Underpaid)
Markel Bergara,Getafe CF,77,CDM,5000000.0,22000.0,20760.410648348814,5.970928863826579,Normal Market
Vágner Love,Beşiktaş JK,77,ST,4700000.0,50000.0,19832.735372967483,152.10844121961742,Avoid (Overpaid)
B. Bourigeaud,Stade Rennais FC,77,LM,11500000.0,28000.0,38413.413338757826,-27.10879464661123,Normal Market
R. Soriano,Torino,77,RCM,9500000.0,31000.0,33356.53848238384,-7.064697326517762,Normal Market
R. Sambueza,Deportivo Toluca,77,RM,4500000.0,26000.0,19205.69367823022,35.37652133581186,Avoid (Overpaid)
Montoya,Brighton & Hove Albion,77,RB,8000000.0,43000.0,29379.28056560728,46.36165070133729,Avoid (Overpaid)
A. Poli,Bologna,77,RCM,9000000.0,34000.0,32050.365348957537,6.083034092795065,Normal Market
C. Austin,Southampton,77,LS,9000000.0,53000.0,32050.365348957537,65.36472961523937,Avoid (Overpaid)
L. Tonelli,Sampdoria,77,CB,8500000.0,53000.0,30725.089298527844,72.49746448268071,Avoid (Overpaid)
M. Zárate,Boca Juniors,77,ST,8000000.0,26000.0,29379.28056560728,-11.502257715470474,Normal Market
J. Sancho,Borussia Dortmund,77,RM,14500000.0,22000.0,45588.85582146803,-51.74259234284163,Target (Underpaid)
D. Basta,Lazio,77,RB,3400000.0,41000.0,15613.217053206474,162.5980274294583,Avoid (Overpaid)
Marçal,Olympique Lyonnais,77,LB,6500000.0,54000.0,25201.016301615186,114.27707261369069,Avoid (Overpaid)
Munir,FC Barcelona,77,ST,12500000.0,115000.0,40854.1986491904,181.4888158436047,Avoid (Overpaid)
J. McCarthy,Everton,77,CDM,7500000.0,74000.0,28011.30530207255,164.17904914457793,Avoid (Overpaid)
J. Aquino,Tigres U.A.N.L.,77,LM,9000000.0,54000.0,32050.365348957537,68.48481885326275,Avoid (Overpaid)
H. Pérez,RCD Espanyol,77,RM,8500000.0,29000.0,30725.089298527844,-5.614594905703008,Normal Market
Jô,Nagoya Grampus,77,ST,8000000.0,11000.0,29379.28056560728,-62.55864749500674,Target (Underpaid)
R. Gurtner,Amiens SC,77,GK,5500000.0,15000.0,22274.97032447727,-32.65984294705449,Target (Underpaid)
C. Sánchez,West Ham United,77,CDM,5000000.0,65000.0,20760.410648348814,213.09592618857855,Avoid (Overpaid)
M. Sissoko,Tottenham Hotspur,77,CM,9000000.0,79000.0,32050.365348957537,146.48704980384736,Avoid (Overpaid)
W. Anton,Hannover 96,77,RCB,11000000.0,22000.0,37172.35883262683,-40.81623902572947,Target (Underpaid)
E. Skhiri,Montpellier HSC,77,RCM,10000000.0,21000.0,34644.86923626099,-39.384963883713006,Target (Underpaid)
Rúben Vezo,Valencia CF,77,CB,10500000.0,26000.0,35916.47638100917,-27.609825295257817,Normal Market
Jorge Molina,Getafe CF,77,RS,3200000.0,20000.0,14929.332828980785,33.96445929034449,Avoid (Overpaid)
M. Hasebe,Eintracht Frankfurt,77,CB,2700000.0,31000.0,13168.207110816804,135.41549536030283,Avoid (Overpaid)
A. Schürrle,Fulham,77,RM,9500000.0,47000.0,33356.53848238384,40.90191050495694,Avoid (Overpaid)
O. Ighalo,Changchun Yatai FC,77,ST,9000000.0,16000.0,32050.365348957537,-50.078572191625845,Target (Underpaid)
L. Acosta,Club Atlético Lanús,77,RS,8500000.0,22000.0,30725.089298527844,-28.397278893981593,Normal Market
V. Babacan,Medipol Başakşehir FK,77,GK,7000000.0,21000.0,26619.28070364867,-21.109814221533203,Normal Market
R. Aguilar,Montpellier HSC,77,RWB,9500000.0,23000.0,33356.53848238384,-31.048001242255115,Target (Underpaid)
Yeray,Athletic Club de Bilbao,77,RCB,10500000.0,19000.0,35916.47638100917,-47.09948771576533,Target (Underpaid)
J. Defoe,Bournemouth,77,ST,4100000.0,49000.0,17929.20503985547,173.29711435100523,Avoid (Overpaid)
L. Schøne,Ajax,77,RCM,6500000.0,19000.0,25201.016301615186,-24.6062151914792,Normal Market
C. Ünder,Roma,77,LM,14500000.0,46000.0,45588.85582146803,0.9018523740583975,Normal Market
M. Dabbur,FC Red Bull Salzburg,77,RS,11000000.0,40000.0,37172.35883262683,7.60683813503732,Normal Market
Roberto,RCD Espanyol,77,GK,5000000.0,21000.0,20760.410648348814,1.154068460925371,Normal Market
Djaniny,Al Ahli,77,ST,10500000.0,42000.0,35916.47638100917,16.937974523045067,Normal Market
Wallace,Lazio,77,RCB,10000000.0,35000.0,34644.86923626099,1.025060193811659,Normal Market
Pedro Obiang,West Ham United,77,LCM,9000000.0,65000.0,32050.365348957537,102.80580047151997,Avoid (Overpaid)
D. Heintz,SC Freiburg,77,LCB,9000000.0,20000.0,32050.365348957537,-37.598215239532315,Target (Underpaid)
N. Mukiele,RB Leipzig,77,RB,12000000.0,30000.0,39640.448901425145,-24.319726866358856,Normal Market
T. Vermaelen,FC Barcelona,77,CB,5000000.0,110000.0,20760.410648348814,429.8546443191329,Avoid (Overpaid)
I. Abate,Milan,77,RB,6000000.0,68000.0,23753.935737680138,186.2683504364866,Avoid (Overpaid)
Diego Llorente,Real Sociedad,77,RCB,10500000.0,22000.0,35916.47638100917,-38.74677524983354,Target (Underpaid)
C. Wood,Burnley,77,ST,10500000.0,56000.0,35916.47638100917,55.91729936406009,Avoid (Overpaid)
Formosandrinho,Botafogo,77,RS,9500000.0,26000.0,33356.53848238384,-22.054262273853606,Normal Market
E. Pulgar,Bologna,77,CDM,10000000.0,26000.0,34644.86923626099,-24.952812427454198,Normal Market
V. Grifo,TSG 1899 Hoffenheim,77,LM,11000000.0,33000.0,37172.35883262683,-11.224358538594212,Normal Market
A. Turan,Medipol Başakşehir FK,77,CM,7500000.0,120000.0,28011.30530207255,328.3984580722885,Avoid (Overpaid)
J. dos Santos,LA Galaxy,77,LCM,9000000.0,10000.0,32050.365348957537,-68.79910761976615,Target (Underpaid)
D. Schwaab,PSV,77,RCB,7000000.0,16000.0,26619.28070364867,-39.89319178783482,Target (Underpaid)
M. Schmelzer,Borussia Dortmund,77,LB,6500000.0,43000.0,25201.016301615186,70.62803930349443,Avoid (Overpaid)
L. Spinazzola,Juventus,77,LM,11000000.0,80000.0,37172.35883262683,115.21367627007464,Avoid (Overpaid)
A. Dragović,Bayer 04 Leverkusen,77,CB,7500000.0,50000.0,28011.30530207255,78.49935753012022,Avoid (Overpaid)
D. Pröpper,Brighton & Hove Albion,77,CM,10500000.0,47000.0,35916.47638100917,30.85916196626472,Avoid (Overpaid)
R. Inglese,Parma,77,ST,10500000.0,60000.0,35916.47638100917,67.05424931863581,Avoid (Overpaid)
A. Marchesín,Club América,77,GK,5500000.0,43000.0,22274.97032447727,93.04178355177712,Avoid (Overpaid)
R. De Paul,Udinese,77,LW,12000000.0,27000.0,39640.448901425145,-31.88775417972297,Target (Underpaid)
C. Gentner,VfB Stuttgart,77,RCM,6500000.0,34000.0,25201.016301615186,34.915193867879324,Avoid (Overpaid)
G. Murray,Brighton & Hove Albion,77,ST,4700000.0,51000.0,19832.735372967483,157.15061004400977,Avoid (Overpaid)
Rafael Carioca,Tigres U.A.N.L.,77,RDM,8500000.0,54000.0,30725.089298527844,75.75213362386336,Avoid (Overpaid)
A. McCarthy,Southampton,77,GK,7000000.0,37000.0,26619.28070364867,38.99699399063198,Avoid (Overpaid)
L. Chichizola,Getafe CF,77,GK,7000000.0,19000.0,26619.28070364867,-28.62316524805385,Normal Market
D. Zakaria,Borussia Mönchengladbach,77,CM,13000000.0,21000.0,42055.32969357614,-50.06578202332413,Target (Underpaid)
N. Castillo,SL Benfica,77,ST,12000000.0,14000.0,39640.448901425145,-64.68253920430081,Target (Underpaid)
D. Origi,Liverpool,77,ST,12000000.0,83000.0,39640.448901425145,109.38208900307383,Avoid (Overpaid)
O. Yokuşlu,RC Celta,77,LDM,10500000.0,19000.0,35916.47638100917,-47.09948771576533,Target (Underpaid)
D. Cheryshev,Valencia CF,77,LM,9500000.0,31000.0,33356.53848238384,-7.064697326517762,Normal Market
D. Selke,Hertha BSC,77,RS,12500000.0,27000.0,40854.1986491904,-33.91132149758847,Target (Underpaid)
Wendell,Bayer 04 Leverkusen,77,LB,9500000.0,43000.0,33356.53848238384,28.91025854708827,Normal Market
M. Layún,Villarreal CF,77,RCM,6500000.0,28000.0,25201.016301615186,11.106630244135914,Normal Market
Y. Sabaly,FC Girondins de Bordeaux,77,RB,9000000.0,35000.0,32050.365348957537,9.203123330818448,Normal Market
P. Cutrone,Milan,77,RS,16000000.0,62000.0,49027.996155357476,26.458360246944384,Normal Market
F. Marchetti,Genoa,77,GK,2100000.0,9000.0,10936.792689572723,-17.708964086146445,Normal Market
W. Cyprien,OGC Nice,77,LCM,12500000.0,28000.0,40854.1986491904,-31.46359266416582,Target (Underpaid)
G. Paletta,Jiangsu Suning FC,77,RCB,5000000.0,20000.0,20760.410648348814,-3.662791941975837,Normal Market
F. Caicedo,Lazio,77,ST,9000000.0,51000.0,32050.365348957537,59.12455113919259,Avoid (Overpaid)
Jordi Masip,Real Valladolid CF,77,GK,6000000.0,17000.0,23753.935737680138,-28.432912390878357,Normal Market
B. Espinosa,Girona FC,77,CB,7000000.0,29000.0,26619.28070364867,8.943589884549388,Normal Market
M. Benassi,Fiorentina,77,RCM,11500000.0,45000.0,38413.413338757826,17.146580032231952,Normal Market
P. Jagielka,Everton,77,CB,2100000.0,53000.0,10936.792689572723,384.6027670482487,Avoid (Overpaid)
J. Kucka,Trabzonspor,77,CM,7500000.0,32000.0,28011.30530207255,14.239588819276939,Normal Market
R. Brady,Burnley,77,LWB,10500000.0,52000.0,35916.47638100917,44.78034940948437,Avoid (Overpaid)
A. Szymanowski,CD Leganés,77,LM,8500000.0,31000.0,30725.089298527844,0.8947433766623025,Normal Market
W. Reid,West Ham United,77,CB,7000000.0,68000.0,26619.28070364867,155.453934901702,Avoid (Overpaid)
Cédric,Southampton,77,RB,8500000.0,43000.0,30725.089298527844,39.95077307085416,Avoid (Overpaid)
R. Civelli,Club Atlético Banfield,77,RCB,2700000.0,16000.0,13168.207110816804,21.504771798865978,Normal Market
R. Loftus-Cheek,Chelsea,77,CM,13000000.0,76000.0,42055.32969357614,80.71431267749361,Avoid (Overpaid)
S. De Maio,Bologna,77,CB,6000000.0,30000.0,23753.935737680138,26.294860486685252,Normal Market
S. Brown,Celtic,77,CDM,3600000.0,47000.0,16286.667419118616,188.57960189466124,Avoid (Overpaid)
A. Mitrović,Fulham,77,ST,12000000.0,52000.0,39640.448901425145,31.179140098311315,Avoid (Overpaid)
P. Skjelbred,Hertha BSC,77,CDM,6000000.0,26000.0,23753.935737680138,9.455545755127218,Normal Market
D. Cvitanich,Club Atlético Banfield,77,ST,4700000.0,19000.0,19832.735372967483,-4.198792336545379,Normal Market
K. Lasagna,Udinese,77,ST,11500000.0,29000.0,38413.413338757826,-24.505537312561632,Normal Market
R. Palacio,Bologna,77,RS,3200000.0,27000.0,14929.332828980785,80.85202004196506,Avoid (Overpaid)
M. Wolf,Borussia Dortmund,77,RM,12000000.0,41000.0,39640.448901425145,3.4297066159762304,Normal Market
E. Gigliotti,Independiente,77,ST,8000000.0,24000.0,29379.28056560728,-18.309776352741977,Normal Market
N. Jørgensen,Feyenoord,77,ST,10500000.0,17000.0,35916.47638100917,-52.667962693053184,Target (Underpaid)
Laguardia,Deportivo Alavés,77,RCB,8000000.0,24000.0,29379.28056560728,-18.309776352741977,Normal Market
J. Lukaku,Lazio,77,LM,11500000.0,39000.0,38413.413338757826,1.5270360279343576,Normal Market
J. Augustin,RB Leipzig,77,ST,13500000.0,39000.0,43244.45137620746,-9.815019594728168,Normal Market
M. Diakhaby,Valencia CF,77,CB,11000000.0,22000.0,37172.35883262683,-40.81623902572947,Target (Underpaid)
Douglas,Vitória Guimarães,77,GK,2100000.0,6000.0,10936.792689572723,-45.139309390764296,Target (Underpaid)
N. Pejčinović,Changchun Yatai FC,77,CB,6500000.0,13000.0,25201.016301615186,-48.41477881522261,Target (Underpaid)
D. van de Beek,Ajax,77,CAM,12500000.0,14000.0,40854.1986491904,-65.73179633208291,Target (Underpaid)
Borja Iglesias,RCD Espanyol,77,ST,12000000.0,29000.0,39640.448901425145,-26.842402637480227,Normal Market
G. Shibasaki,Getafe CF,77,LM,11000000.0,24000.0,37172.35883262683,-35.43589711897761,Target (Underpaid)
W. Hughes,Watford,77,RM,12500000.0,45000.0,40854.1986491904,10.14779750401922,Normal Market
S. Boufal,RC Celta,77,LM,11500000.0,41000.0,38413.413338757826,6.733550696033555,Normal Market
T. Kehrer,Paris Saint-Germain,77,RB,11000000.0,43000.0,37172.35883262683,15.677350995165117,Normal Market
M. Lang,Borussia Mönchengladbach,77,RB,8000000.0,26000.0,29379.28056560728,-11.502257715470474,Normal Market
E. Gutiérrez,PSV,77,LCM,13000000.0,15000.0,42055.32969357614,-64.33270144523152,Target (Underpaid)
D. Upamecano,RB Leipzig,77,LCB,13000000.0,18000.0,42055.32969357614,-57.19924173427783,Target (Underpaid)
Jefferson,Sporting CP,77,LB,6500000.0,14000.0,25201.016301615186,-44.44668487793204,Target (Underpaid)
W. Benítez,OGC Nice,77,GK,8000000.0,23000.0,29379.28056560728,-21.71353567137773,Normal Market
E. Bardhi,Levante UD,77,LCM,12000000.0,22000.0,39640.448901425145,-44.50113303532983,Target (Underpaid)
K. Mbodji,FC Nantes,77,CB,7000000.0,21000.0,26619.28070364867,-21.109814221533203,Normal Market
B. Sarr,Olympique de Marseille,77,RB,9000000.0,40000.0,32050.365348957537,24.80356952093537,Normal Market
F. Ferreyra,SL Benfica,77,ST,10500000.0,14000.0,35916.47638100917,-61.020675158984986,Target (Underpaid)
Danilo,Bologna,77,CB,2700000.0,26000.0,13168.207110816804,97.44525417315721,Avoid (Overpaid)
A. Ayew,Fenerbahçe SK,77,RM,9000000.0,35000.0,32050.365348957537,9.203123330818448,Normal Market
K. Mitroglou,Olympique de Marseille,77,ST,8500000.0,47000.0,30725.089298527844,52.96944963558479,Avoid (Overpaid)
P. Herrmann,Borussia Mönchengladbach,77,RM,9500000.0,29000.0,33356.53848238384,-13.060523305452099,Normal Market
D. da Costa,Eintracht Frankfurt,77,RM,9000000.0,27000.0,32050.365348957537,-15.757590573368626,Normal Market
V. Fischer,FC København,77,LM,12000000.0,20000.0,39640.448901425145,-49.54648457757257,Target (Underpaid)
Wesley,Club Brugge KV,77,LS,13500000.0,20000.0,43244.45137620746,-53.751292099860606,Target (Underpaid)
D. Ginczek,VfL Wolfsburg,77,RS,10500000.0,46000.0,35916.47638100917,28.07492447762079,Normal Market
F. Kostić,Eintracht Frankfurt,77,LM,10500000.0,16000.0,35916.47638100917,-55.45220018169712,Target (Underpaid)
R. Fraser,Bournemouth,77,LM,11500000.0,52000.0,38413.413338757826,35.36938137057915,Avoid (Overpaid)
Cote,SD Eibar,77,LB,7000000.0,23000.0,26619.28070364867,-13.596463195012554,Normal Market
H. Winks,Tottenham Hotspur,77,CM,13000000.0,66000.0,42055.32969357614,56.93611364098129,Avoid (Overpaid)
K. Mbabu,BSC Young Boys,77,RB,10000000.0,19000.0,34644.86923626099,-45.15782446621653,Target (Underpaid)
M. Hinteregger,FC Augsburg,77,LCB,9500000.0,23000.0,33356.53848238384,-31.048001242255115,Target (Underpaid)
L. Acosta,DC United,77,CAM,11000000.0,8000.0,37172.35883262683,-78.47863237299254,Target (Underpaid)
M. Jørgensen,Huddersfield Town,77,CB,8500000.0,45000.0,30725.089298527844,46.46011135321947,Avoid (Overpaid)
M. Fabián,Eintracht Frankfurt,77,CAM,9000000.0,36000.0,32050.365348957537,12.323212568841834,Normal Market
Carlos Eduardo,Al Hilal,77,CAM,9000000.0,41000.0,32050.365348957537,27.92365875895875,Normal Market
Rubén Castro,UD Las Palmas,77,ST,3200000.0,11000.0,14929.332828980785,-26.319547390310525,Normal Market
L. Augustinsson,SV Werder Bremen,77,LB,10000000.0,22000.0,34644.86923626099,-36.49853359246124,Target (Underpaid)
S. Aziz,Galatasaray SK,77,RCB,8500000.0,48000.0,30725.089298527844,56.22411877676744,Avoid (Overpaid)
G. Ochoa,Standard de Liège,77,GK,5000000.0,13000.0,20760.410648348814,-37.380814762284295,Target (Underpaid)
P. Hetemaj,Chievo Verona,77,CM,7500000.0,19000.0,28011.30530207255,-32.17024413855432,Target (Underpaid)
André André,Vitória Guimarães,77,LCM,9000000.0,13000.0,32050.365348957537,-59.43883990569601,Target (Underpaid)
Vinícius Júnior,Real Madrid,77,LW,17500000.0,66000.0,52383.80878809442,25.993129417119075,Normal Market
B. Džemaili,Bologna,77,LCM,6500000.0,33000.0,25201.016301615186,30.947099930588756,Avoid (Overpaid)
Juanpe,Girona FC,77,LCB,8500000.0,27000.0,30725.089298527844,-12.123933188068317,Normal Market
M. Vorm,Tottenham Hotspur,77,GK,3600000.0,56000.0,16286.667419118616,243.83952566172402,Avoid (Overpaid)
B. Oczipka,FC Schalke 04,77,LWB,6500000.0,30000.0,25201.016301615186,19.042818118717054,Normal Market
R. Bentancur,Juventus,77,RCM,15500000.0,62000.0,47891.370570386345,29.459648495292246,Normal Market
T. Hernández,Real Sociedad,77,LB,11000000.0,76000.0,37172.35883262683,104.45299245657091,Avoid (Overpaid)
M. Lowton,Burnley,77,RB,6500000.0,50000.0,25201.016301615186,98.40469686452842,Avoid (Overpaid)
I. Diop,West Ham United,77,LCB,12000000.0,46000.0,39640.448901425145,16.043085471583087,Normal Market
B. André,Stade Rennais FC,77,RDM,9000000.0,32000.0,32050.365348957537,-0.15714438325170413,Normal Market
C. Piccini,Valencia CF,77,RB,9000000.0,29000.0,32050.365348957537,-9.517412097321856,Normal Market
Paulinho,SC Braga,77,LS,11000000.0,16000.0,37172.35883262683,-56.95726474598507,Target (Underpaid)
A. Diawara,Napoli,77,CM,14000000.0,41000.0,44422.12221917591,-7.703644148947626,Normal Market
Yuri Berchiche,Athletic Club de Bilbao,77,LB,7000000.0,23000.0,26619.28070364867,-13.596463195012554,Normal Market
F. Kamano,FC Girondins de Bordeaux,77,LW,12000000.0,39000.0,39640.448901425145,-1.6156449262665125,Normal Market
F. Cartabia,Deportivo de La Coruña,77,RM,11000000.0,12000.0,37172.35883262683,-67.7179485594888,Target (Underpaid)
E. Ünal,Real Valladolid CF,77,ST,12500000.0,26000.0,40854.1986491904,-36.35905033101112,Target (Underpaid)
I. Radovanović,Chievo Verona,77,CM,7000000.0,18000.0,26619.28070364867,-32.37984076131417,Target (Underpaid)
Renan Ribeiro,Sporting CP,77,GK,7000000.0,11000.0,26619.28070364867,-58.67656935413644,Target (Underpaid)
Jony,Deportivo Alavés,77,LM,9500000.0,12000.0,33356.53848238384,-64.02504412639396,Target (Underpaid)
D. Buonanotte,Universidad Católica,77,CAM,8500000.0,12000.0,30725.089298527844,-60.943970305808136,Target (Underpaid)
Tomás Pina,Deportivo Alavés,77,RCM,8000000.0,25000.0,29379.28056560728,-14.906017034106226,Normal Market
N. Pallois,FC Nantes,77,LCB,6500000.0,25000.0,25201.016301615186,-0.7976515677357899,Normal Market
D. Latza,1. FSV Mainz 05,77,LCM,9000000.0,30000.0,32050.365348957537,-6.397322859298472,Normal Market
F. Belluschi,San Lorenzo de Almagro,77,CAM,4500000.0,22000.0,19205.69367823022,14.549364207225416,Normal Market
O. Abdulrahman,Al Hilal,77,CAM,10500000.0,39000.0,35916.47638100917,8.585262057113278,Normal Market
O. Trejo,Rayo Vallecano,77,RCM,8500000.0,21000.0,30725.089298527844,-31.651948035164246,Target (Underpaid)
N. Barella,Cagliari,77,RCM,15500000.0,24000.0,47891.370570386345,-49.886587679241714,Target (Underpaid)
Angeliño,PSV,77,LB,10500000.0,11000.0,35916.47638100917,-69.37338762491677,Target (Underpaid)
Vieirundinho,Santos,77,RCB,6500000.0,18000.0,25201.016301615186,-28.57430912876977,Normal Market
F. Orellana,SD Eibar,77,RM,7000000.0,24000.0,26619.28070364867,-9.83978768175223,Normal Market
F. Grillitsch,TSG 1899 Hoffenheim,77,CM,11500000.0,30000.0,38413.413338757826,-21.90227997851203,Normal Market
C. Ortíz,Monterrey,77,LCM,7000000.0,43000.0,26619.28070364867,61.53704707019392,Avoid (Overpaid)
Bruno Viana,SC Braga,77,RCB,10500000.0,12000.0,35916.47638100917,-66.58915013627283,Target (Underpaid)
J. Maidana,River Plate,77,RCB,5000000.0,22000.0,20760.410648348814,5.970928863826579,Normal Market
R. Funes Mori,Villarreal CF,77,LCB,8500000.0,28000.0,30725.089298527844,-8.869264046885663,Normal Market
D. Kohr,Bayer 04 Leverkusen,77,RDM,10000000.0,43000.0,34644.86923626099,24.11650252382575,Normal Market
F. Higuaín,Columbus Crew SC,77,CAM,5500000.0,10000.0,22274.97032447727,-55.10656196470299,Target (Underpaid)
A. Barák,Udinese,77,CM,12500000.0,24000.0,40854.1986491904,-41.254507997856415,Target (Underpaid)
F. Andone,Brighton & Hove Albion,77,ST,11500000.0,49000.0,38413.413338757826,27.559609368430348,Normal Market
Adrián,FC Porto,77,ST,8500000.0,16000.0,30725.089298527844,-47.925293741077525,Target (Underpaid)
G. González,Bologna,77,RCB,6500000.0,30000.0,25201.016301615186,19.042818118717054,Normal Market
Otávio,FC Girondins de Bordeaux,77,CDM,10000000.0,32000.0,34644.86923626099,-7.6342306799436255,Normal Market
D. Janmaat,Watford,77,RB,7000000.0,50000.0,26619.28070364867,87.83377566301618,Avoid (Overpaid)
R. Funes Mori,Monterrey,77,ST,10500000.0,49000.0,35916.47638100917,36.42763694355258,Avoid (Overpaid)
P. Schick,Roma,77,ST,14000000.0,53000.0,44422.12221917591,19.309923417214044,Normal Market
Aleix Vidal,Sevilla FC,77,RB,7000000.0,17000.0,26619.28070364867,-36.1365162745745,Target (Underpaid)
A. Schöpf,FC Schalke 04,77,RM,12000000.0,27000.0,39640.448901425145,-31.88775417972297,Target (Underpaid)
W. Boly,Wolverhampton Wanderers,77,LCB,9000000.0,58000.0,32050.365348957537,80.96517580535628,Avoid (Overpaid)
Alberto Moreno,Liverpool,77,LB,9000000.0,76000.0,32050.365348957537,137.1267820897772,Avoid (Overpaid)
C. Villanueva,Al Ittihad,77,CAM,7000000.0,39000.0,26619.28070364867,46.51034501715262,Avoid (Overpaid)
M. Weiser,Bayer 04 Leverkusen,77,RB,10000000.0,43000.0,34644.86923626099,24.11650252382575,Normal Market
G. Escalante,SD Eibar,77,CDM,10000000.0,21000.0,34644.86923626099,-39.384963883713006,Target (Underpaid)
M. Holgate,Everton,76,CB,9000000.0,50000.0,32050.365348957537,56.00446190116921,Avoid (Overpaid)
J. Hopf,MKE Ankaragücü,76,GK,4700000.0,17000.0,19832.735372967483,-14.283129985330076,Normal Market
D. Zurutuza,Real Sociedad,76,LDM,6500000.0,26000.0,25201.016301615186,3.1704423695547783,Normal Market
Juanmi,Real Sociedad,76,LM,9500000.0,27000.0,33356.53848238384,-19.056349284386435,Normal Market
K. Gibbs,West Bromwich Albion,76,LWB,6000000.0,32000.0,23753.935737680138,34.71451785246427,Avoid (Overpaid)
F. Fernández,Newcastle United,76,LCB,6000000.0,42000.0,23753.935737680138,76.81280468135935,Avoid (Overpaid)
L. Kalinić,KAA Gent,76,GK,6500000.0,17000.0,25201.016301615186,-32.54240306606034,Target (Underpaid)
N. Radoja,RC Celta,76,CM,10000000.0,22000.0,34644.86923626099,-36.49853359246124,Target (Underpaid)
N. Blandi,San Lorenzo de Almagro,76,ST,8000000.0,23000.0,29379.28056560728,-21.71353567137773,Normal Market
David Juncà,RC Celta,76,LB,8500000.0,18000.0,30725.089298527844,-41.41595545871221,Target (Underpaid)
Wu Lei,Shanghai SIPG FC,76,RW,9000000.0,19000.0,32050.365348957537,-40.7183044775557,Target (Underpaid)
Gabriel Boschilia,FC Nantes,76,RW,10500000.0,48000.0,35916.47638100917,33.643399454908646,Avoid (Overpaid)
Iuri Medeiros,Genoa,76,RM,10000000.0,12000.0,34644.86923626099,-65.36283650497886,Target (Underpaid)
M. Phillips,West Bromwich Albion,76,RM,8000000.0,34000.0,29379.28056560728,15.727816833615533,Normal Market
Iván Cuéllar,CD Leganés,76,GK,3100000.0,21000.0,14583.223197940628,44.00108751654791,Avoid (Overpaid)
J. Lössl,Huddersfield Town,76,GK,5000000.0,34000.0,20760.410648348814,63.77325369864108,Avoid (Overpaid)
Mario Suárez,Guizhou Hengfeng FC,76,LCM,6500000.0,16000.0,25201.016301615186,-36.510497003350906,Target (Underpaid)
W. Bony,Swansea City,76,ST,7500000.0,32000.0,28011.30530207255,14.239588819276939,Normal Market
S. Doumbia,Girona FC,76,ST,7500000.0,31000.0,28011.30530207255,10.669601668674533,Normal Market
D. Reyes,Fenerbahçe SK,76,RCB,8500000.0,48000.0,30725.089298527844,56.22411877676744,Avoid (Overpaid)
Bernat,Paris Saint-Germain,76,LB,7500000.0,54000.0,28011.30530207255,92.77930613252984,Avoid (Overpaid)
V. Behrami,Udinese,76,CM,3100000.0,24000.0,14583.223197940628,64.57267144748332,Avoid (Overpaid)
S. Langkamp,SV Werder Bremen,76,CB,5500000.0,24000.0,22274.97032447727,7.744251284712809,Normal Market
J. Sosa,Trabzonspor,76,LDM,4500000.0,30000.0,19205.69367823022,56.2036784643983,Avoid (Overpaid)
A. Touré,FC Nantes,76,LCM,8000000.0,20000.0,29379.28056560728,-31.92481362728498,Target (Underpaid)
Jesé,Paris Saint-Germain,76,LM,9500000.0,59000.0,33356.53848238384,76.87686637856297,Avoid (Overpaid)
D. Ings,Southampton,76,RS,9500000.0,85000.0,33356.53848238384,154.82260410470937,Avoid (Overpaid)
M. Esser,Hannover 96,76,GK,4900000.0,24000.0,20452.843979506302,17.343094310248194,Normal Market
F. Acheampong,Tianjin TEDA FC,76,ST,10500000.0,16000.0,35916.47638100917,-55.45220018169712,Target (Underpaid)
R. Knoche,VfL Wolfsburg,76,RCB,8000000.0,36000.0,29379.28056560728,22.535335470887034,Normal Market
O. Vlachodimos,SL Benfica,76,GK,8000000.0,7000.0,29379.28056560728,-76.17368476954974,Target (Underpaid)
J. Denayer,Olympique Lyonnais,76,LCB,9500000.0,41000.0,33356.53848238384,22.914432568153927,Normal Market
S. Rode,Borussia Dortmund,76,CDM,7500000.0,40000.0,28011.30530207255,42.799486024096176,Avoid (Overpaid)
Wendel,Sporting CP,76,RCM,12500000.0,10000.0,40854.1986491904,-75.52271166577351,Target (Underpaid)
A. Nagy,Bologna,76,CDM,9500000.0,24000.0,33356.53848238384,-28.050088252787948,Normal Market
Alfa Semedo,SL Benfica,76,CDM,10500000.0,8000.0,35916.47638100917,-77.72610009084856,Target (Underpaid)
A. Barnes,Burnley,76,ST,8000000.0,55000.0,29379.28056560728,87.2067625249663,Avoid (Overpaid)
Alan Kardec,Chongqing Dangdai Lifan FC SWM Team,76,ST,7500000.0,13000.0,28011.30530207255,-53.590167042168744,Target (Underpaid)
Marcelo,Sporting CP,76,CB,6000000.0,13000.0,23753.935737680138,-45.27222712243639,Target (Underpaid)
E. Boateng,Levante UD,76,ST,10500000.0,22000.0,35916.47638100917,-38.74677524983354,Target (Underpaid)
Dalbert,Inter,76,LB,8500000.0,41000.0,30725.089298527844,33.44143478848885,Avoid (Overpaid)
A. Halilović,Milan,76,RM,11000000.0,61000.0,37172.35883262683,64.10042815593191,Avoid (Overpaid)
T. Cleverley,Watford,76,CM,7500000.0,51000.0,28011.30530207255,82.06934468072262,Avoid (Overpaid)
M. Uribe,Club América,76,RCM,8500000.0,54000.0,30725.089298527844,75.75213362386336,Avoid (Overpaid)
P. Bargfrede,SV Werder Bremen,76,CDM,6000000.0,25000.0,23753.935737680138,5.245717072237712,Normal Market
J. Jankto,Sampdoria,76,RM,11500000.0,23000.0,38413.413338757826,-40.12508131685922,Target (Underpaid)
Junior Firpo,Real Betis,76,LM,8500000.0,15000.0,30725.089298527844,-51.17996288226018,Target (Underpaid)
D. D'Ambrosio,Inter,76,LB,6000000.0,50000.0,23753.935737680138,110.49143414447542,Avoid (Overpaid)
M. Díaz,Racing Club,76,CDM,5000000.0,19000.0,20760.410648348814,-8.479652344877046,Normal Market
S. Vokes,Burnley,76,ST,8000000.0,55000.0,29379.28056560728,87.2067625249663,Avoid (Overpaid)
Héldon,Al Taawoun,76,LM,7500000.0,23000.0,28011.30530207255,-17.890295536144702,Normal Market
Mario Hermoso,RCD Espanyol,76,LCB,10000000.0,21000.0,34644.86923626099,-39.384963883713006,Target (Underpaid)
F. Bartels,SV Werder Bremen,76,RM,7000000.0,27000.0,26619.28070364867,1.4302388580287413,Normal Market
K. Malcuit,Napoli,76,RB,7500000.0,47000.0,28011.30530207255,67.789396078313,Avoid (Overpaid)
R. Marin,Standard de Liège,76,CM,10500000.0,15000.0,35916.47638100917,-58.23643767034105,Target (Underpaid)
Ayoze Pérez,Newcastle United,76,CF,10500000.0,42000.0,35916.47638100917,16.937974523045067,Normal Market
V. Berisha,Lazio,76,LM,9500000.0,40000.0,33356.53848238384,19.91651957868676,Normal Market
R. Freuler,Atalanta,76,RDM,9000000.0,26000.0,32050.365348957537,-18.87767981139201,Normal Market
Ganso,Amiens SC,76,CAM,8000000.0,17000.0,29379.28056560728,-42.13609158319224,Target (Underpaid)
Vicente Gómez,Deportivo de La Coruña,76,LCM,7500000.0,12000.0,28011.30530207255,-57.16015419277115,Target (Underpaid)
M. Pašalić,Atalanta,76,RCM,10500000.0,71000.0,35916.47638100917,97.68086169371905,Avoid (Overpaid)
Vitor Hugo,Fiorentina,76,LCB,7500000.0,45000.0,28011.30530207255,60.649421777108195,Avoid (Overpaid)
B. Fornaroli,Melbourne City FC,76,ST,7500000.0,15000.0,28011.30530207255,-46.450192740963935,Target (Underpaid)
R. Snodgrass,West Ham United,76,RM,7500000.0,66000.0,28011.30530207255,135.6191519397587,Avoid (Overpaid)
Francisco Geraldes,Eintracht Frankfurt,76,CAM,11000000.0,12000.0,37172.35883262683,-67.7179485594888,Target (Underpaid)
D. Santon,Roma,76,LB,6500000.0,47000.0,25201.016301615186,86.5004150526567,Avoid (Overpaid)
M. Niang,Stade Rennais FC,76,LW,10500000.0,37000.0,35916.47638100917,3.0167870798254164,Normal Market
O. Wendt,Borussia Mönchengladbach,76,LB,4300000.0,24000.0,18571.32775646113,29.2314707635817,Normal Market
F. Benković,Celtic,76,LCB,10500000.0,37000.0,35916.47638100917,3.0167870798254164,Normal Market
M. Torres,Deportivo Cali,76,CAM,4700000.0,4000.0,19832.735372967483,-79.8313247024306,Target (Underpaid)
M. Noble,West Ham United,76,RCM,6500000.0,66000.0,25201.016301615186,161.89419986117753,Avoid (Overpaid)
M. Rashica,SV Werder Bremen,76,RW,11000000.0,25000.0,37172.35883262683,-32.745726165601674,Target (Underpaid)
C. Benteke,Crystal Palace,76,ST,8000000.0,53000.0,29379.28056560728,80.39924388769481,Avoid (Overpaid)
Rômulo,Genoa,76,RM,6500000.0,17000.0,25201.016301615186,-32.54240306606034,Target (Underpaid)
D. Pabón,Monterrey,76,RW,7500000.0,46000.0,28011.30530207255,64.2194089277106,Avoid (Overpaid)
Embarba,Rayo Vallecano,76,RM,9000000.0,20000.0,32050.365348957537,-37.598215239532315,Target (Underpaid)
C. Kerbrat,En Avant de Guingamp,76,RCB,5000000.0,21000.0,20760.410648348814,1.154068460925371,Normal Market
L. Teodorczyk,Udinese,76,ST,9000000.0,28000.0,32050.365348957537,-12.637501335345242,Normal Market
Alexo Baia,Cruzeiro,76,RB,5500000.0,25000.0,22274.97032447727,12.23359508824251,Normal Market
David Seijalbo,Cruzeiro,76,RDM,2300000.0,25000.0,11697.125679260675,113.72771983057075,Avoid (Overpaid)
N. Nández,Boca Juniors,76,RCM,11500000.0,20000.0,38413.413338757826,-47.93485331900802,Target (Underpaid)
L. Rupp,TSG 1899 Hoffenheim,76,CM,8000000.0,32000.0,29379.28056560728,8.92029819634403,Normal Market
Jordi Amat,Rayo Vallecano,76,LCB,8500000.0,18000.0,30725.089298527844,-41.41595545871221,Target (Underpaid)
F. Di Francesco,Sassuolo,76,LW,10000000.0,44000.0,34644.86923626099,27.002932815077514,Normal Market
T. Rogić,Celtic,76,CAM,9500000.0,46000.0,33356.53848238384,37.90399751548977,Avoid (Overpaid)
G. Töre,Beşiktaş JK,76,RM,9000000.0,43000.0,32050.365348957537,34.16383723500552,Avoid (Overpaid)
M. Destro,Bologna,76,ST,8000000.0,33000.0,29379.28056560728,12.324057514979781,Normal Market
Josué,Akhisar Belediyespor,76,CAM,8000000.0,19000.0,29379.28056560728,-35.32857294592073,Target (Underpaid)
Ki Sung Yueng,Newcastle United,76,LCM,7500000.0,46000.0,28011.30530207255,64.2194089277106,Avoid (Overpaid)
H. Onyekuru,Galatasaray SK,76,ST,12500000.0,56000.0,40854.1986491904,37.07281467166836,Avoid (Overpaid)
N. Pépé,LOSC Lille,76,RM,11500000.0,26000.0,38413.413338757826,-32.315309314710426,Target (Underpaid)
Matheus Pereira,1. FC Nürnberg,76,RM,11000000.0,12000.0,37172.35883262683,-67.7179485594888,Target (Underpaid)
Y. Salibur,AS Saint-Étienne,76,RM,8000000.0,23000.0,29379.28056560728,-21.71353567137773,Normal Market
E. Vargas,Tigres U.A.N.L.,76,CAM,8000000.0,55000.0,29379.28056560728,87.2067625249663,Avoid (Overpaid)
L. Magallán,Boca Juniors,76,CB,9500000.0,18000.0,33356.53848238384,-46.037566189590954,Target (Underpaid)
Danny,Clube Sport Marítimo,76,CAM,3900000.0,12000.0,17278.84488957022,-30.5509131154746,Target (Underpaid)
C. Hérelle,OGC Nice,76,RCB,8500000.0,26000.0,30725.089298527844,-15.378602329250974,Normal Market
E. Mangala,Manchester City,76,CB,7500000.0,84000.0,28011.30530207255,199.87892065060194,Avoid (Overpaid)
O. Selnæs,AS Saint-Étienne,76,RDM,8500000.0,24000.0,30725.089298527844,-21.887940611616283,Normal Market
Víctor Vázquez,Toronto FC,76,CAM,6500000.0,9000.0,25201.016301615186,-64.28715456438489,Target (Underpaid)
Diego Mariño,Real Sporting de Gijón,76,GK,6000000.0,9000.0,23753.935737680138,-62.111541853994424,Target (Underpaid)
Carles Planas,Girona FC,76,LB,7000000.0,26000.0,26619.28070364867,-2.3264366552315825,Normal Market
G. Fernández,Racing Club,76,CAM,9000000.0,21000.0,32050.365348957537,-34.47812600150893,Target (Underpaid)
Soldado,Fenerbahçe SK,76,ST,4800000.0,61000.0,20143.6333275082,202.825210369066,Avoid (Overpaid)
A. Ekdal,Sampdoria,76,LCM,7500000.0,34000.0,28011.30530207255,21.379563120481745,Normal Market
Gedson Fernandes,SL Benfica,76,RCM,12000000.0,6000.0,39640.448901425145,-84.86394537327178,Target (Underpaid)
M. Darmian,Manchester United,76,LB,6000000.0,88000.0,23753.935737680138,270.46492409427674,Avoid (Overpaid)
N. Chalobah,Watford,76,CDM,8500000.0,38000.0,30725.089298527844,23.677427364940886,Normal Market
R. Pizarro,Monterrey,76,RCM,10500000.0,37000.0,35916.47638100917,3.0167870798254164,Normal Market
S. Tshabalala,BB Erzurumspor,76,LM,4700000.0,16000.0,19832.735372967483,-19.325298809722426,Normal Market
L. Rossettini,Chievo Verona,76,LCB,3100000.0,16000.0,14583.223197940628,9.715114298322215,Normal Market
F. Viviani,SPAL,76,CM,9500000.0,15000.0,33356.53848238384,-55.03130515799246,Target (Underpaid)
M. de Roon,Atalanta,76,RDM,8000000.0,26000.0,29379.28056560728,-11.502257715470474,Normal Market
Rubén Duarte,Deportivo Alavés,76,LB,8500000.0,18000.0,30725.089298527844,-41.41595545871221,Target (Underpaid)
Y. Ōsako,SV Werder Bremen,76,CF,8000000.0,30000.0,29379.28056560728,2.1127795590725285,Normal Market
Gil,Shandong Luneng TaiShan FC,76,LCB,5000000.0,18000.0,20760.410648348814,-13.296512747778252,Normal Market
A. Ruiz,Club Atlético Colón,76,CF,10000000.0,13000.0,34644.86923626099,-62.476406213727095,Target (Underpaid)
P. van Aanholt,Crystal Palace,76,LB,6500000.0,44000.0,25201.016301615186,74.59613324078501,Avoid (Overpaid)
S. Meïté,Torino,76,LCM,8000000.0,31000.0,29379.28056560728,5.516538877708279,Normal Market
K. Dolberg,Ajax,76,ST,12000000.0,15000.0,39640.448901425145,-62.15986343317943,Target (Underpaid)
Juli Freitinho,Bahia,76,RCB,5500000.0,13000.0,22274.97032447727,-41.63853055411389,Target (Underpaid)
L. Vietto,Fulham,76,ST,10000000.0,42000.0,34644.86923626099,21.230072232573992,Normal Market
A. Izzo,Torino,76,RCB,8500000.0,36000.0,30725.089298527844,17.168089082575577,Normal Market
A. Paloschi,SPAL,76,ST,8000000.0,17000.0,29379.28056560728,-42.13609158319224,Target (Underpaid)
G. Gönül,Beşiktaş JK,76,RB,3000000.0,40000.0,14234.18449253613,181.0136402333024,Avoid (Overpaid)
Llorente,Tottenham Hotspur,76,ST,4800000.0,76000.0,20143.6333275082,277.29042603359045,Avoid (Overpaid)
J. Morel,Olympique Lyonnais,76,CB,2300000.0,48000.0,11697.125679260675,310.35722207469587,Avoid (Overpaid)
G. Kakuta,Rayo Vallecano,76,LM,8000000.0,20000.0,29379.28056560728,-31.92481362728498,Target (Underpaid)
João Pedro,Cagliari,76,LS,9500000.0,30000.0,33356.53848238384,-10.06261031598493,Normal Market
S. García,Deportivo Toluca,76,LB,6000000.0,23000.0,23753.935737680138,-3.173940293541306,Normal Market
Eltildo Correia,Atlético Mineiro,76,RCB,6500000.0,30000.0,25201.016301615186,19.042818118717054,Normal Market
Kenedy,Newcastle United,76,LM,11500000.0,71000.0,38413.413338757826,84.83127071752152,Avoid (Overpaid)
M. Moralez,New York City FC,76,LCM,7000000.0,9000.0,26619.28070364867,-66.18992038065709,Target (Underpaid)
N. Vukčević,Levante UD,76,CDM,8000000.0,21000.0,29379.28056560728,-28.52105430864923,Normal Market
F. Borini,Milan,76,LW,8000000.0,76000.0,29379.28056560728,158.68570821631707,Avoid (Overpaid)
I. Sarr,Stade Rennais FC,76,RM,13500000.0,22000.0,43244.45137620746,-49.126421309846656,Target (Underpaid)
C. Clark,Newcastle United,76,CB,7000000.0,42000.0,26619.28070364867,57.780371556933595,Avoid (Overpaid)
Mata,Getafe CF,76,LS,7500000.0,25000.0,28011.30530207255,-10.750321234939893,Normal Market
M. Albrighton,Leicester City,76,RM,8000000.0,60000.0,29379.28056560728,104.22555911814506,Avoid (Overpaid)
A. Gray,Watford,76,ST,9000000.0,53000.0,32050.365348957537,65.36472961523937,Avoid (Overpaid)
F. Guarín,Shanghai Greenland Shenhua FC,76,LDM,6000000.0,16000.0,23753.935737680138,-32.642741073767866,Target (Underpaid)
Yoel,Real Valladolid CF,76,GK,5000000.0,18000.0,20760.410648348814,-13.296512747778252,Normal Market
J. Cuadrado,Once Caldas,76,GK,3900000.0,3000.0,17278.84488957022,-82.63772827886865,Target (Underpaid)
S. Widmer,FC Basel 1893,76,RB,7500000.0,23000.0,28011.30530207255,-17.890295536144702,Normal Market
A. Mehmedi,VfL Wolfsburg,76,CAM,8000000.0,40000.0,29379.28056560728,36.15037274543004,Avoid (Overpaid)
Pablo,FC Girondins de Bordeaux,76,LCB,7500000.0,34000.0,28011.30530207255,21.379563120481745,Normal Market
I. Slimani,Fenerbahçe SK,76,ST,7500000.0,62000.0,28011.30530207255,121.33920333734906,Avoid (Overpaid)
C. Erkin,Beşiktaş JK,76,LB,6000000.0,41000.0,23753.935737680138,72.60297599846984,Avoid (Overpaid)
A. Samaris,SL Benfica,76,CDM,6000000.0,12000.0,23753.935737680138,-49.4820558053259,Target (Underpaid)
G. Lapadula,Genoa,76,ST,8000000.0,20000.0,29379.28056560728,-31.92481362728498,Target (Underpaid)
Dênildo Stein,Cruzeiro,76,ST,7500000.0,30000.0,28011.30530207255,7.09961451807213,Normal Market
S. Padt,FC Groningen,76,GK,6500000.0,8000.0,25201.016301615186,-68.25524850167545,Target (Underpaid)
S. Taïder,Montreal Impact,76,LCM,8000000.0,30000.0,29379.28056560728,2.1127795590725285,Normal Market
F. Klaus,VfL Wolfsburg,76,RM,9000000.0,38000.0,32050.365348957537,18.563391044888604,Normal Market
H. Nordtveit,TSG 1899 Hoffenheim,76,RCB,7000000.0,31000.0,26619.28070364867,16.456940911070035,Normal Market
L. Zuffi,FC Basel 1893,76,CAM,7000000.0,25000.0,26619.28070364867,-6.0831121684919065,Normal Market
Emilio Piodão,Bahia,76,RDM,6500000.0,13000.0,25201.016301615186,-48.41477881522261,Target (Underpaid)
S. Zuber,TSG 1899 Hoffenheim,76,LM,7500000.0,29000.0,28011.30530207255,3.5296273674697245,Normal Market
J. Palomino,Atalanta,76,CB,7500000.0,25000.0,28011.30530207255,-10.750321234939893,Normal Market
Y. Mutō,Newcastle United,76,ST,10000000.0,46000.0,34644.86923626099,32.77579339758104,Avoid (Overpaid)
J. Altidore,Toronto FC,76,ST,8000000.0,10000.0,29379.28056560728,-65.96240681364249,Target (Underpaid)
M. Barbosa,Villarreal CF,76,GK,3900000.0,22000.0,17278.84488957022,27.32332595496324,Normal Market
G. Laborde,Montpellier HSC,76,RS,10500000.0,24000.0,35916.47638100917,-33.17830027254568,Target (Underpaid)
P. Baysse,Stade Malherbe Caen,76,RCB,5500000.0,34000.0,22274.97032447727,52.63768932000982,Avoid (Overpaid)
Eric Botteghin,Feyenoord,76,RCB,5500000.0,13000.0,22274.97032447727,-41.63853055411389,Target (Underpaid)
Iván Alejo,Getafe CF,76,RM,10500000.0,20000.0,35916.47638100917,-44.315250227121396,Target (Underpaid)
S. Blanco,Portland Timbers,76,LF,7500000.0,9000.0,28011.30530207255,-67.87011564457836,Target (Underpaid)
Thiago Mendes,LOSC Lille,76,RDM,8000000.0,28000.0,29379.28056560728,-4.694739078198974,Normal Market
D. Brosinski,1. FSV Mainz 05,76,RB,6000000.0,25000.0,23753.935737680138,5.245717072237712,Normal Market
T. Monconduit,Amiens SC,76,RDM,7500000.0,18000.0,28011.30530207255,-35.74023128915672,Target (Underpaid)
Andrés Fernández,Villarreal CF,76,GK,4700000.0,22000.0,19832.735372967483,10.927714136631666,Normal Market
Eraso,CD Leganés,76,CAM,8000000.0,29000.0,29379.28056560728,-1.2909797595632226,Normal Market
M. Konaté,Amiens SC,76,ST,10000000.0,20000.0,34644.86923626099,-42.27139417496477,Target (Underpaid)
C. Théréau,Fiorentina,76,LW,3400000.0,40000.0,15613.217053206474,156.19319749215447,Avoid (Overpaid)
A. Donatti,Racing Club,76,LCB,5000000.0,19000.0,20760.410648348814,-8.479652344877046,Normal Market
T. Jedvaj,Bayer 04 Leverkusen,76,LB,9500000.0,40000.0,33356.53848238384,19.91651957868676,Normal Market
Pedro Henrique,Vitória Guimarães,76,LCB,8500000.0,10000.0,30725.089298527844,-67.45330858817346,Target (Underpaid)
J. Briand,FC Girondins de Bordeaux,76,ST,6000000.0,41000.0,23753.935737680138,72.60297599846984,Avoid (Overpaid)
F. Lustenberger,Hertha BSC,76,RCB,5500000.0,24000.0,22274.97032447727,7.744251284712809,Normal Market
J. Ayew,Crystal Palace,76,ST,8500000.0,31000.0,30725.089298527844,0.8947433766623025,Normal Market
S. Sanogo,BSC Young Boys,76,LCM,6000000.0,22000.0,23753.935737680138,-7.383768976430814,Normal Market
R. Thomas,Angers SCO,76,LCB,5500000.0,21000.0,22274.97032447727,-5.723780125876292,Normal Market
Rafael Cachoira,Paraná,76,RCB,5500000.0,20000.0,22274.97032447727,-10.213123929405992,Normal Market
N. Sansone,Villarreal CF,76,ST,9000000.0,32000.0,32050.365348957537,-0.15714438325170413,Normal Market
E. Bičakčić,TSG 1899 Hoffenheim,76,LCB,6000000.0,31000.0,23753.935737680138,30.50468916957476,Avoid (Overpaid)
J. Veltman,Ajax,76,RB,7500000.0,16000.0,28011.30530207255,-42.880205590361534,Target (Underpaid)
A. Knockaert,Brighton & Hove Albion,76,RM,8500000.0,44000.0,30725.089298527844,43.205442212036814,Avoid (Overpaid)
Douglas Santos,Hamburger SV,76,LB,8500000.0,12000.0,30725.089298527844,-60.943970305808136,Target (Underpaid)
M. Dembélé,Olympique Lyonnais,76,ST,12000000.0,43000.0,39640.448901425145,8.475058158218973,Normal Market
E. Valencia,Tigres U.A.N.L.,76,ST,8000000.0,55000.0,29379.28056560728,87.2067625249663,Avoid (Overpaid)
F. Mollet,Montpellier HSC,76,CAM,9000000.0,25000.0,32050.365348957537,-21.997769049415396,Normal Market
D. Dumfries,PSV,76,RB,8500000.0,13000.0,30725.089298527844,-57.68930116462548,Target (Underpaid)
Koo Ja Cheol,FC Augsburg,76,CAM,7500000.0,25000.0,28011.30530207255,-10.750321234939893,Normal Market
A. Petagna,SPAL,76,RS,10500000.0,25000.0,35916.47638100917,-30.39406278390174,Target (Underpaid)
De Tomás,Rayo Vallecano,76,ST,11000000.0,105000.0,37172.35883262683,182.46795010447295,Avoid (Overpaid)
E. Balanta,FC Basel 1893,76,LCB,9000000.0,23000.0,32050.365348957537,-28.237947525462165,Normal Market
T. Koubek,Stade Rennais FC,76,GK,7000000.0,21000.0,26619.28070364867,-21.109814221533203,Normal Market
J. Allen,Stoke City,76,RDM,7500000.0,44000.0,28011.30530207255,57.07943462650579,Avoid (Overpaid)
Alan Carvalho,Guangzhou Evergrande Taobao FC,76,ST,8000000.0,21000.0,29379.28056560728,-28.52105430864923,Normal Market
S. Ristovski,Sporting CP,76,RB,7500000.0,12000.0,28011.30530207255,-57.16015419277115,Target (Underpaid)
Maicón,Antalyaspor,76,RM,8000000.0,19000.0,29379.28056560728,-35.32857294592073,Target (Underpaid)
D. Quintero,Minnesota United FC,76,CAM,7500000.0,10000.0,28011.30530207255,-64.30012849397596,Target (Underpaid)
P. Højbjerg,Southampton,76,RCM,10000000.0,38000.0,34644.86923626099,9.684351067566945,Normal Market
I. Santini,RSC Anderlecht,76,ST,7500000.0,23000.0,28011.30530207255,-17.890295536144702,Normal Market
M. Boselli,Club León,76,ST,4800000.0,32000.0,20143.6333275082,58.85912675098546,Avoid (Overpaid)
L. Antonelli,Empoli,76,LB,5000000.0,14000.0,20760.410648348814,-32.56395435938308,Target (Underpaid)
B. Embolo,FC Schalke 04,76,ST,12500000.0,24000.0,40854.1986491904,-41.254507997856415,Target (Underpaid)
V. Eysseric,Fiorentina,76,LW,9000000.0,53000.0,32050.365348957537,65.36472961523937,Avoid (Overpaid)
C. Salcedo,Eintracht Frankfurt,76,RCB,8500000.0,25000.0,30725.089298527844,-18.633271470433627,Normal Market
A. Ranocchia,Inter,76,CB,5500000.0,47000.0,22274.97032447727,110.99915876589593,Avoid (Overpaid)
L. Unnerstall,VVV-Venlo,76,GK,6000000.0,12000.0,23753.935737680138,-49.4820558053259,Target (Underpaid)
T. Baumgartl,VfB Stuttgart,76,RCB,8500000.0,25000.0,30725.089298527844,-18.633271470433627,Normal Market
F. Bustos,Independiente,76,RB,9000000.0,16000.0,32050.365348957537,-50.078572191625845,Target (Underpaid)
P. Jansson,Leeds United,76,RCB,7500000.0,38000.0,28011.30530207255,35.65951172289136,Avoid (Overpaid)
W. Vainqueur,Antalyaspor,76,CDM,6000000.0,18000.0,23753.935737680138,-24.22308370798885,Normal Market
Rubén Blanco,RC Celta,76,GK,8000000.0,14000.0,29379.28056560728,-52.34736953909949,Target (Underpaid)
P. Aguilar,Cruz Azul,76,RCB,5000000.0,23000.0,20760.410648348814,10.787789266727788,Normal Market
A. Ndiaye Diedhiou,Getafe CF,76,LM,12000000.0,17000.0,39640.448901425145,-57.11451189093668,Target (Underpaid)
Rafinha,FC Bayern München,76,RB,4300000.0,53000.0,18571.32775646113,185.3861646029096,Avoid (Overpaid)
G. Cabral,RC Celta,76,CB,4400000.0,21000.0,18889.452238672216,11.173154915561167,Normal Market
J. De Guzmán,Eintracht Frankfurt,76,RCM,7000000.0,32000.0,26619.28070364867,20.21361642433036,Normal Market
S. Terodde,1. FC Köln,76,LS,7500000.0,23000.0,28011.30530207255,-17.890295536144702,Normal Market
J. Fernandes,Alanyaspor,76,LM,7500000.0,16000.0,28011.30530207255,-42.880205590361534,Target (Underpaid)
Kiko Femenía,Watford,76,RB,7000000.0,44000.0,26619.28070364867,65.29372258345425,Avoid (Overpaid)
Recio,CD Leganés,76,CM,8000000.0,26000.0,29379.28056560728,-11.502257715470474,Normal Market
A. Smith,Bournemouth,76,RB,6500000.0,51000.0,25201.016301615186,102.37279080181898,Avoid (Overpaid)
D. Stephens,Brighton & Hove Albion,76,RCM,7500000.0,46000.0,28011.30530207255,64.2194089277106,Avoid (Overpaid)
Miguel Lopes,Akhisar Belediyespor,76,RB,5000000.0,17000.0,20760.410648348814,-18.11337315067946,Normal Market
I. Belfodil,TSG 1899 Hoffenheim,76,ST,9500000.0,35000.0,33356.53848238384,4.926954631350914,Normal Market
J. Campbell,Frosinone,76,LF,9000000.0,19000.0,32050.365348957537,-40.7183044775557,Target (Underpaid)
Marc Roca,RCD Espanyol,76,CDM,11500000.0,17000.0,38413.413338757826,-55.74462532115682,Target (Underpaid)
M. Veljković,SV Werder Bremen,76,RCB,9500000.0,21000.0,33356.53848238384,-37.04382722118945,Target (Underpaid)
J. Willems,Eintracht Frankfurt,76,LB,8000000.0,25000.0,29379.28056560728,-14.906017034106226,Normal Market
A. Lennon,Burnley,76,RM,7000000.0,48000.0,26619.28070364867,80.32042463649553,Avoid (Overpaid)
F. Forster,Southampton,76,GK,5500000.0,33000.0,22274.97032447727,48.14834551648011,Avoid (Overpaid)
Júnior Caiçara,Medipol Başakşehir FK,76,RB,6000000.0,24000.0,23753.935737680138,1.0358883893482027,Normal Market
C. Biraghi,Fiorentina,76,LB,7500000.0,42000.0,28011.30530207255,49.939460325300985,Avoid (Overpaid)
Aritz Elustondo,Real Sociedad,76,CB,8500000.0,21000.0,30725.089298527844,-31.651948035164246,Target (Underpaid)
Fred Aníbão,Atlético Paranaense,76,GK,5500000.0,12000.0,22274.97032447727,-46.12787435764359,Target (Underpaid)
O. Romero,Shanghai Greenland Shenhua FC,76,RM,9000000.0,16000.0,32050.365348957537,-50.078572191625845,Target (Underpaid)
Nelsildo Reis,Botafogo,76,GK,4900000.0,17000.0,20452.843979506302,-16.881974863574197,Normal Market
V. Koziello,1. FC Köln,76,CM,10500000.0,19000.0,35916.47638100917,-47.09948771576533,Target (Underpaid)
A. Cresswell,West Ham United,76,LB,6000000.0,63000.0,23753.935737680138,165.21920702203906,Avoid (Overpaid)
Alex Berenguer,Torino,76,LM,10500000.0,34000.0,35916.47638100917,-5.335925386106374,Normal Market
C. Davies,Derby County,76,CB,3100000.0,38000.0,14583.223197940628,160.57339645851528,Avoid (Overpaid)
C. Kouyaté,Crystal Palace,76,LCM,6000000.0,46000.0,23753.935737680138,93.65211941291739,Avoid (Overpaid)
Y. Kobayashi,Kawasaki Frontale,76,ST,7500000.0,12000.0,28011.30530207255,-57.16015419277115,Target (Underpaid)
Camarasa,Cardiff City,76,RM,10500000.0,20000.0,35916.47638100917,-44.315250227121396,Target (Underpaid)
J. Martin,RC Strasbourg Alsace,76,LCM,7500000.0,20000.0,28011.30530207255,-28.600256987951916,Normal Market
J. Grealish,Aston Villa,76,LCM,11500000.0,18000.0,38413.413338757826,-53.14136798710722,Target (Underpaid)
J. Montero,Swansea City,76,LM,8000000.0,30000.0,29379.28056560728,2.1127795590725285,Normal Market
J. Forrest,Celtic,76,RM,8500000.0,48000.0,30725.089298527844,56.22411877676744,Avoid (Overpaid)
M. Antenucci,SPAL,76,LS,4800000.0,17000.0,20143.6333275082,-15.606088913538976,Normal Market
R. Durmisi,Lazio,76,LB,8500000.0,33000.0,30725.089298527844,7.404081659027613,Normal Market
P. Schwegler,Hannover 96,76,CDM,5000000.0,29000.0,20760.410648348814,39.688951684135034,Avoid (Overpaid)
A. Hunt,Hamburger SV,76,RCM,7000000.0,16000.0,26619.28070364867,-39.89319178783482,Target (Underpaid)
Aday Benítez,Girona FC,76,LWB,5500000.0,26000.0,22274.97032447727,16.72293889177221,Normal Market
K. Tierney,Celtic,76,LB,11000000.0,32000.0,37172.35883262683,-13.914529491970146,Normal Market
Jaume,Valencia CF,76,GK,6000000.0,23000.0,23753.935737680138,-3.173940293541306,Normal Market
I. Brizuela,Guadalajara,76,RM,8000000.0,36000.0,29379.28056560728,22.535335470887034,Normal Market
A. Souquet,KAA Gent,76,RB,7500000.0,19000.0,28011.30530207255,-32.17024413855432,Target (Underpaid)
A. Delort,Montpellier HSC,76,LS,9000000.0,30000.0,32050.365348957537,-6.397322859298472,Normal Market
P. Zabaleta,West Ham United,76,RB,3000000.0,60000.0,14234.18449253613,321.5204603499536,Avoid (Overpaid)
Andeson Trigo,Fluminense,76,LB,5500000.0,25000.0,22274.97032447727,12.23359508824251,Normal Market
J. Gnagnon,Sevilla FC,76,CB,9500000.0,11000.0,33356.53848238384,-67.02295711586113,Target (Underpaid)
Mosquera,Deportivo de La Coruña,76,CDM,5500000.0,10000.0,22274.97032447727,-55.10656196470299,Target (Underpaid)
I. Bebou,Hannover 96,76,RM,10500000.0,28000.0,35916.47638100917,-22.041350317969954,Normal Market
R. Morrison,Lazio,76,CAM,9500000.0,40000.0,33356.53848238384,19.91651957868676,Normal Market
J. McArthur,Crystal Palace,76,RM,7000000.0,48000.0,26619.28070364867,80.32042463649553,Avoid (Overpaid)
R. Olsen,Roma,76,GK,5500000.0,41000.0,22274.97032447727,84.06309594471772,Avoid (Overpaid)
W. Hoedt,Southampton,76,LCB,8500000.0,34000.0,30725.089298527844,10.658750800210267,Normal Market
R. Holding,Arsenal,76,CB,9500000.0,64000.0,33356.53848238384,91.86643132589882,Avoid (Overpaid)
F. Montero,Sporting CP,76,ST,7500000.0,15000.0,28011.30530207255,-46.450192740963935,Target (Underpaid)
N. Sliti,Dijon FCO,76,RM,9000000.0,15000.0,32050.365348957537,-53.19866142964924,Target (Underpaid)
J. Vázquez,Santos Laguna,76,LCM,5500000.0,20000.0,22274.97032447727,-10.213123929405992,Normal Market
Rodrigo Ely,Deportivo Alavés,76,CB,8500000.0,18000.0,30725.089298527844,-41.41595545871221,Target (Underpaid)
M. Benítez,Independiente,76,CAM,10000000.0,18000.0,34644.86923626099,-48.04425475746829,Target (Underpaid)
Y. Yazıcı,Trabzonspor,76,RM,11000000.0,22000.0,37172.35883262683,-40.81623902572947,Target (Underpaid)
Y. Sankharé,FC Girondins de Bordeaux,76,LCM,7500000.0,39000.0,28011.30530207255,39.22949887349377,Avoid (Overpaid)
A. N'Diaye,Málaga CF,76,RDM,7000000.0,28000.0,26619.28070364867,5.186914371289065,Normal Market
S. Bell,1. FSV Mainz 05,76,RCB,7500000.0,24000.0,28011.30530207255,-14.320308385542296,Normal Market
K. Linetty,Sampdoria,76,CM,10500000.0,28000.0,35916.47638100917,-22.041350317969954,Normal Market
F. Uduokhai,VfL Wolfsburg,76,CB,10000000.0,26000.0,34644.86923626099,-24.952812427454198,Normal Market
M. Samatta,KRC Genk,76,ST,10000000.0,18000.0,34644.86923626099,-48.04425475746829,Target (Underpaid)
Barragán,Real Betis,76,RWB,5000000.0,21000.0,20760.410648348814,1.154068460925371,Normal Market
R. Hamouma,AS Saint-Étienne,76,RM,7000000.0,30000.0,26619.28070364867,12.700265397809712,Normal Market
L. Skorupski,Bologna,76,GK,6500000.0,23000.0,25201.016301615186,-8.733839442316926,Normal Market
Toño García,Levante UD,76,LM,6000000.0,22000.0,23753.935737680138,-7.383768976430814,Normal Market
A. Szalai,TSG 1899 Hoffenheim,76,ST,7500000.0,35000.0,28011.30530207255,24.94955027108415,Normal Market
Raúl Navas,Real Sociedad,76,CB,5500000.0,24000.0,22274.97032447727,7.744251284712809,Normal Market
B. Koné,MKE Ankaragücü,76,LCB,5500000.0,20000.0,22274.97032447727,-10.213123929405992,Normal Market
J. Brekalo,VfL Wolfsburg,76,LW,11500000.0,33000.0,38413.413338757826,-14.092507976363237,Normal Market
Diego Tardelli,Shandong Luneng TaiShan FC,76,LS,4700000.0,20000.0,19832.735372967483,0.8433764878469694,Normal Market
A. Hegazi,West Bromwich Albion,76,LCB,7500000.0,31000.0,28011.30530207255,10.669601668674533,Normal Market
M. Sels,RC Strasbourg Alsace,76,GK,6500000.0,14000.0,25201.016301615186,-44.44668487793204,Target (Underpaid)
D. Gray,Leicester City,76,LM,11000000.0,50000.0,37172.35883262683,34.508547668796645,Avoid (Overpaid)
M. Pjaca,Fiorentina,76,LW,11000000.0,75000.0,37172.35883262683,101.76282150319497,Avoid (Overpaid)
M. Arambarri,Getafe CF,76,RCM,8500000.0,18000.0,30725.089298527844,-41.41595545871221,Target (Underpaid)
A. Ćorić,Roma,76,CAM,14000000.0,38000.0,44422.12221917591,-14.457036040488044,Normal Market
T. Gebre Selassie,SV Werder Bremen,76,RB,5000000.0,24000.0,20760.410648348814,15.604649669628994,Normal Market
C. Nkunku,Paris Saint-Germain,76,CM,11500000.0,46000.0,38413.413338757826,19.74983736628155,Normal Market
M. Topal,Fenerbahçe SK,76,RDM,4400000.0,51000.0,18889.452238672216,169.99194765207713,Avoid (Overpaid)
F. Kainz,SV Werder Bremen,76,LW,9000000.0,28000.0,32050.365348957537,-12.637501335345242,Normal Market
B. Henrichs,AS Monaco,76,LB,9500000.0,36000.0,33356.53848238384,7.924867620818084,Normal Market
Victildinho,Vitória,76,RB,2200000.0,13000.0,11319.216785692519,14.84893562982193,Normal Market
D. Praet,Sampdoria,76,RCM,10000000.0,28000.0,34644.86923626099,-19.179951844950676,Normal Market
A. Umar,Çaykur Rizespor,76,RM,10500000.0,13000.0,35916.47638100917,-63.80491264762891,Target (Underpaid)
J. Orozco,Santos Laguna,76,GK,4400000.0,16000.0,18889.452238672216,-15.296643873858159,Normal Market
N. El Zhar,CD Leganés,76,RM,7000000.0,28000.0,26619.28070364867,5.186914371289065,Normal Market
O. Colley,Sampdoria,76,LCB,8500000.0,28000.0,30725.089298527844,-8.869264046885663,Normal Market
J. Aholou,AS Monaco,76,LDM,9500000.0,44000.0,33356.53848238384,31.908171536555436,Avoid (Overpaid)
G. Clichy,Medipol Başakşehir FK,76,LB,4300000.0,23000.0,18571.32775646113,23.846826148432466,Normal Market
Rubén Sobrino,Deportivo Alavés,76,RS,9500000.0,25000.0,33356.53848238384,-25.052175263320777,Normal Market
J. Iturbe,U.N.A.M.,76,RW,9500000.0,23000.0,33356.53848238384,-31.048001242255115,Target (Underpaid)
H. Soudani,Nottingham Forest,76,ST,7500000.0,51000.0,28011.30530207255,82.06934468072262,Avoid (Overpaid)
M. Bradley,Toronto FC,76,CDM,5500000.0,8000.0,22274.97032447727,-64.08524957176239,Target (Underpaid)
Z. Labyad,Ajax,76,CAM,9500000.0,17000.0,33356.53848238384,-49.03547917905813,Target (Underpaid)
D. Mbokani,Royal Antwerp FC,76,ST,6000000.0,15000.0,23753.935737680138,-36.852569756657374,Target (Underpaid)
T. Mangani,Angers SCO,76,CM,6500000.0,23000.0,25201.016301615186,-8.733839442316926,Normal Market
A. Lunin,CD Leganés,76,GK,10500000.0,24000.0,35916.47638100917,-33.17830027254568,Target (Underpaid)
E. Insúa,VfB Stuttgart,76,LWB,6000000.0,31000.0,23753.935737680138,30.50468916957476,Avoid (Overpaid)
N. Domingo,Independiente,76,LDM,3100000.0,19000.0,14583.223197940628,30.28669822925763,Avoid (Overpaid)
D. Yedlin,Newcastle United,76,RB,8500000.0,34000.0,30725.089298527844,10.658750800210267,Normal Market
D. González,Club Tijuana,76,LCM,7000000.0,22000.0,26619.28070364867,-17.353138708272876,Normal Market
T. Kraft,Hertha BSC,76,GK,5000000.0,21000.0,20760.410648348814,1.154068460925371,Normal Market
M. Simon,Levante UD,76,LM,10500000.0,20000.0,35916.47638100917,-44.315250227121396,Target (Underpaid)
Davi Parrela,Sport Club do Recife,76,RCB,5500000.0,16000.0,22274.97032447727,-28.17049914352479,Normal Market
N. Domínguez,Racing Club,76,CDM,7000000.0,12000.0,26619.28070364867,-54.919893840876114,Target (Underpaid)
C. Dawson,West Bromwich Albion,76,RCB,6000000.0,32000.0,23753.935737680138,34.71451785246427,Avoid (Overpaid)
A. Rusnák,Real Salt Lake,76,CAM,10000000.0,8000.0,34644.86923626099,-76.90855766998591,Target (Underpaid)
Paulo Oliveira,SD Eibar,76,RCB,7500000.0,21000.0,28011.30530207255,-25.03026983734951,Normal Market
A. Gomis,SPAL,76,GK,7500000.0,9000.0,28011.30530207255,-67.87011564457836,Target (Underpaid)
H. Tekin,Fenerbahçe SK,76,GK,6000000.0,44000.0,23753.935737680138,85.23246204713837,Avoid (Overpaid)
Tozé,Vitória Guimarães,76,RM,10000000.0,11000.0,34644.86923626099,-68.24926679623063,Target (Underpaid)
R. Ruidíaz,Seattle Sounders FC,76,ST,8000000.0,10000.0,29379.28056560728,-65.96240681364249,Target (Underpaid)
J. Hogg,Huddersfield Town,76,CM,6000000.0,42000.0,23753.935737680138,76.81280468135935,Avoid (Overpaid)
L. Holtby,Hamburger SV,76,LCM,8000000.0,16000.0,29379.28056560728,-45.53985090182798,Target (Underpaid)
A. Djiku,Stade Malherbe Caen,76,LCB,9000000.0,18000.0,32050.365348957537,-43.83839371557908,Target (Underpaid)
O. Alonso,Seattle Sounders FC,76,RDM,4400000.0,8000.0,18889.452238672216,-57.64832193692908,Target (Underpaid)
S. Berge,KRC Genk,76,RCM,11500000.0,11000.0,38413.413338757826,-71.36416932545441,Target (Underpaid)
C. Zambrano,FC Basel 1893,76,CB,7000000.0,25000.0,26619.28070364867,-6.0831121684919065,Normal Market
M. Antonio,West Ham United,76,RM,8000000.0,69000.0,29379.28056560728,134.85939298586683,Avoid (Overpaid)
J. Clasie,Feyenoord,76,RCM,8500000.0,44000.0,30725.089298527844,43.205442212036814,Avoid (Overpaid)
Diego Rico,Bournemouth,76,LB,8000000.0,49000.0,29379.28056560728,66.7842066131518,Avoid (Overpaid)
Mossoró,Medipol Başakşehir FK,76,CAM,3900000.0,25000.0,17278.84488957022,44.68559767609459,Avoid (Overpaid)
G. Donsah,Bologna,76,CM,10500000.0,27000.0,35916.47638100917,-24.825587806613886,Normal Market
